date,SlowD,SlowK
2020-01-13 09:39:00,56.2081,76.6841
2020-01-13 09:40:00,75.682,87.7251
2020-01-13 09:41:00,74.8897,60.2599
2020-01-13 09:42:00,60.1831,32.5644
2020-01-13 09:43:00,36.4787,16.6117
2020-01-13 09:44:00,22.751,19.0768
2020-01-13 09:45:00,29.3662,52.4102
2020-01-13 09:46:00,46.1391,66.9303
2020-01-13 09:47:00,70.0478,90.8029
2020-01-13 09:48:00,79.0709,79.4794
2020-01-13 09:49:00,82.6243,77.5905
2020-01-13 09:50:00,75.0244,68.0032
2020-01-13 09:51:00,69.3305,62.3976
2020-01-13 09:52:00,62.8236,58.0699
2020-01-13 09:53:00,56.2939,48.4143
2020-01-13 09:54:00,47.8919,37.1914
2020-01-13 09:55:00,45.6944,51.4775
2020-01-13 09:56:00,53.5056,71.8479
2020-01-13 09:57:00,72.9747,95.5986
2020-01-13 09:58:00,85.9225,90.321
2020-01-13 09:59:00,89.1486,81.526
2020-01-13 10:00:00,80.8163,70.6019
2020-01-13 10:01:00,76.0025,75.8795
2020-01-13 10:02:00,75.9937,81.4998
2020-01-13 10:03:00,81.298,86.5147
2020-01-13 10:04:00,80.3204,72.9468
2020-01-13 10:05:00,75.2105,66.1699
2020-01-13 10:06:00,63.2897,50.7523
2020-01-13 10:07:00,50.8735,35.6983
2020-01-13 10:08:00,35.7001,20.6498
2020-01-13 10:09:00,26.3055,22.5684
2020-01-13 10:10:00,27.1124,38.1189
2020-01-13 10:11:00,37.0459,50.4505
2020-01-13 10:12:00,47.3302,53.4211
2020-01-13 10:13:00,47.8368,39.6388
2020-01-13 10:14:00,40.6764,28.9692
2020-01-13 10:15:00,30.4433,22.722
2020-01-13 10:16:00,28.8177,34.7619
2020-01-13 10:17:00,35.1531,47.9755
2020-01-13 10:18:00,46.4333,56.5624
2020-01-13 10:19:00,47.5269,38.0428
2020-01-13 10:20:00,38.8606,21.9767
2020-01-13 10:21:00,24.0136,12.0213
2020-01-13 10:22:00,16.8551,16.5672
2020-01-13 10:23:00,17.4286,23.6973
2020-01-13 10:24:00,26.0437,37.8667
2020-01-13 10:25:00,42.0711,64.6495
2020-01-13 10:26:00,61.3811,81.6271
2020-01-13 10:27:00,80.7035,95.8338
2020-01-13 10:28:00,89.9961,92.5275
2020-01-13 10:29:00,93.8489,93.1854
2020-01-13 10:30:00,84.6591,68.2644
2020-01-13 10:31:00,72.7864,56.9095
2020-01-13 10:32:00,50.8522,27.3827
2020-01-13 10:33:00,38.4152,30.9536
2020-01-13 10:34:00,27.1314,23.058
2020-01-13 10:35:00,25.9064,23.7075
2020-01-13 10:36:00,24.2012,25.8381
2020-01-13 10:37:00,27.3317,32.4496
2020-01-13 10:38:00,36.8742,52.3349
2020-01-13 10:39:00,42.1394,41.6336
2020-01-13 10:40:00,41.9248,31.8058
2020-01-13 10:41:00,29.7838,15.9119
2020-01-13 10:42:00,20.9355,15.0888
2020-01-13 10:43:00,14.7916,13.3742
2020-01-13 10:44:00,15.3089,17.4635
2020-01-13 10:45:00,18.6738,25.1838
2020-01-13 10:46:00,22.1849,23.9073
2020-01-13 10:47:00,28.7804,37.25
2020-01-13 10:48:00,36.4631,48.232
2020-01-13 10:49:00,54.8276,79.0008
2020-01-13 10:50:00,69.9947,82.7515
2020-01-13 10:51:00,84.8007,92.6499
2020-01-13 10:52:00,87.9558,88.466
2020-01-13 10:53:00,87.2966,80.774
2020-01-13 10:54:00,82.7038,78.8713
2020-01-13 10:55:00,77.4278,72.6382
2020-01-13 10:56:00,70.2673,59.2923
2020-01-13 10:57:00,58.9493,44.9176
2020-01-13 10:58:00,50.4037,47.0013
2020-01-13 10:59:00,46.6954,48.1674
2020-01-13 11:01:00,44.4578,38.2047
2020-01-13 11:02:00,33.6755,14.6543
2020-01-13 11:03:00,20.5984,8.9363
2020-01-13 11:04:00,10.8851,9.0646
2020-01-13 11:05:00,10.7055,14.1157
2020-01-13 11:06:00,14.5232,20.3893
2020-01-13 11:07:00,22.5429,33.1236
2020-01-13 11:08:00,32.6379,44.4009
2020-01-13 11:09:00,46.9381,63.2897
2020-01-13 11:10:00,55.2489,58.056
2020-01-13 11:11:00,54.7915,43.0288
2020-01-13 11:12:00,41.5474,23.5573
2020-01-13 11:13:00,26.7606,13.6956
2020-01-13 11:14:00,16.3576,11.8198
2020-01-13 11:15:00,11.954,10.3466
2020-01-13 11:16:00,17.3656,29.9303
2020-01-13 11:17:00,33.0314,58.8173
2020-01-13 11:18:00,53.7482,72.497
2020-01-13 11:19:00,67.7947,72.0699
2020-01-13 11:20:00,73.4027,75.6412
2020-01-13 11:21:00,77.0561,83.4571
2020-01-13 11:22:00,79.1382,78.3165
2020-01-13 11:23:00,70.7734,50.5466
2020-01-13 11:24:00,50.3603,22.2179
2020-01-13 11:25:00,30.5775,18.9681
2020-01-13 11:26:00,20.5394,20.4321
2020-01-13 11:27:00,24.3819,33.7457
2020-01-13 11:28:00,28.9923,32.799
2020-01-13 11:29:00,31.3926,27.6331
2020-01-13 11:30:00,30.3713,30.6818
2020-01-13 11:31:00,33.1571,41.1564
2020-01-13 11:32:00,47.5946,70.9457
2020-01-13 11:33:00,64.9904,82.869
2020-01-13 11:34:00,78.7159,82.333
2020-01-13 11:35:00,78.134,69.2
2020-01-13 11:36:00,68.3628,53.5554
2020-01-13 11:37:00,56.7614,47.5288
2020-01-13 11:38:00,51.6489,53.8624
2020-01-13 11:39:00,58.6486,74.5547
2020-01-13 11:40:00,72.5145,89.1265
2020-01-13 11:41:00,80.2962,77.2074
2020-01-13 11:42:00,73.244,53.3982
2020-01-13 11:43:00,53.4016,29.5992
2020-01-13 11:44:00,38.188,31.5665
2020-01-13 11:45:00,29.2695,26.6429
2020-01-13 11:46:00,33.2365,41.5
2020-01-13 11:47:00,37.1369,43.2678
2020-01-13 11:48:00,48.2341,59.9343
2020-01-13 11:49:00,58.1567,71.268
2020-01-13 11:50:00,69.4532,77.1573
2020-01-13 11:51:00,69.1848,59.1293
2020-01-13 11:52:00,54.0432,25.8432
2020-01-13 11:53:00,29.4471,3.3688
2020-01-13 11:54:00,10.2437,1.5191
2020-01-13 11:55:00,4.6839,9.1638
2020-01-13 11:56:00,11.0101,22.3476
2020-01-13 11:57:00,20.9985,31.4841
2020-01-13 11:58:00,30.5044,37.6816
2020-01-13 11:59:00,40.4525,52.1919
2020-01-13 12:00:00,53.8466,71.6662
2020-01-13 12:01:00,71.6561,91.1101
2020-01-13 12:02:00,86.0024,95.2308
2020-01-13 12:03:00,93.1164,93.0084
2020-01-13 12:04:00,91.5714,86.4751
2020-01-13 12:05:00,83.5763,71.2453
2020-01-13 12:06:00,71.2242,55.9521
2020-01-13 12:07:00,59.1872,50.364
2020-01-13 12:08:00,56.226,62.3618
2020-01-13 12:09:00,63.9395,79.0926
2020-01-13 12:10:00,74.377,81.6765
2020-01-13 12:11:00,82.3711,86.3443
2020-01-13 12:12:00,86.1611,90.4624
2020-01-13 12:13:00,89.0945,90.4768
2020-01-13 12:14:00,87.0534,80.221
2020-01-13 12:15:00,81.5548,73.9665
2020-01-13 12:16:00,79.2257,83.4897
2020-01-13 12:17:00,75.709,69.6706
2020-01-13 12:18:00,71.3619,60.9254
2020-01-13 12:19:00,56.0549,37.5687
2020-01-13 12:20:00,45.0374,36.6182
2020-01-13 12:21:00,35.8746,33.4368
2020-01-13 12:22:00,36.2225,38.6126
2020-01-13 12:23:00,41.2612,51.7343
2020-01-13 12:24:00,48.131,54.0462
2020-01-13 12:25:00,53.215,53.8645
2020-01-13 12:26:00,54.6261,55.9675
2020-01-13 12:27:00,59.4448,68.5025
2020-01-13 12:28:00,69.5196,84.0888
2020-01-13 12:29:00,82.1419,93.8344
2020-01-13 12:30:00,91.6972,97.1685
2020-01-13 12:31:00,96.3025,97.9045
2020-01-13 12:32:00,94.0305,87.0186
2020-01-13 12:33:00,85.6968,72.1675
2020-01-13 12:34:00,76.2109,69.4468
2020-01-13 12:35:00,68.4456,63.7224
2020-01-13 12:36:00,62.6445,54.7642
2020-01-13 12:37:00,49.3549,29.5782
2020-01-13 12:38:00,34.2071,18.2788
2020-01-13 12:39:00,24.7184,26.2981
2020-01-13 12:40:00,25.9687,33.329
2020-01-13 12:41:00,32.8812,39.0164
2020-01-13 12:42:00,34.74,31.8746
2020-01-13 12:43:00,36.3389,38.1255
2020-01-13 12:44:00,36.9752,40.9255
2020-01-13 12:45:00,38.8935,37.6294
2020-01-13 12:46:00,38.7184,37.6005
2020-01-13 12:47:00,40.3932,45.9497
2020-01-13 12:48:00,48.1999,61.0495
2020-01-13 12:49:00,55.3949,59.1853
2020-01-13 12:50:00,53.4153,40.011
2020-01-13 12:51:00,41.2234,24.4738
2020-01-13 12:52:00,29.1727,23.0333
2020-01-13 12:53:00,27.281,34.3358
2020-01-13 12:54:00,35.2663,48.4296
2020-01-13 12:55:00,45.7827,54.5828
2020-01-13 12:56:00,51.4296,51.2763
2020-01-13 12:57:00,48.488,39.605
2020-01-13 12:58:00,39.9237,28.8898
2020-01-13 12:59:00,30.5285,23.0907
2020-01-13 13:00:00,25.3236,23.9904
2020-01-13 13:01:00,23.7664,24.2181
2020-01-13 13:02:00,24.8688,26.398
2020-01-13 13:03:00,27.8969,33.0747
2020-01-13 13:04:00,36.8861,51.1856
2020-01-13 13:05:00,47.618,58.5936
2020-01-13 13:06:00,56.7666,60.5206
2020-01-13 13:07:00,50.8413,33.4096
2020-01-13 13:08:00,45.2859,41.9275
2020-01-13 13:09:00,41.2237,48.3341
2020-01-13 13:10:00,53.606,70.5563
2020-01-13 13:11:00,64.63,74.9995
2020-01-13 13:12:00,74.709,78.5711
2020-01-13 13:13:00,74.14,68.8493
2020-01-13 13:14:00,68.3861,57.7377
2020-01-13 13:15:00,55.6207,40.2752
2020-01-13 13:16:00,44.4933,35.4669
2020-01-13 13:17:00,42.0863,50.5167
2020-01-13 13:18:00,49.8778,63.6498
2020-01-13 13:19:00,62.8497,74.3825
2020-01-13 13:20:00,68.3143,66.9106
2020-01-13 13:21:00,71.5768,73.4374
2020-01-13 13:22:00,71.0462,72.7905
2020-01-13 13:23:00,68.6291,59.6594
2020-01-13 13:24:00,56.1607,36.0323
2020-01-13 13:25:00,40.2041,24.9206
2020-01-13 13:26:00,25.6609,16.0299
2020-01-13 13:27:00,19.6428,17.9778
2020-01-13 13:28:00,21.4378,30.3058
2020-01-13 13:29:00,31.7876,47.0791
2020-01-13 13:30:00,47.1001,63.9155
2020-01-13 13:31:00,58.2257,63.6825
2020-01-13 13:32:00,62.0296,58.4907
2020-01-13 13:33:00,57.0082,48.8514
2020-01-13 13:34:00,46.754,32.92
2020-01-13 13:35:00,36.8933,28.9084
2020-01-13 13:36:00,30.7187,30.3277
2020-01-13 13:37:00,36.0545,48.9273
2020-01-13 13:38:00,48.9879,67.7087
2020-01-13 13:39:00,64.2762,76.1926
2020-01-13 13:40:00,73.1661,75.5971
2020-01-13 13:41:00,67.7444,51.4435
2020-01-13 13:42:00,51.6899,28.0291
2020-01-13 13:43:00,31.4532,14.8871
2020-01-13 13:44:00,27.1969,38.6744
2020-01-13 13:45:00,32.3839,43.5902
2020-01-13 13:46:00,41.9516,43.5902
2020-01-13 13:47:00,36.7523,23.0765
2020-01-13 13:48:00,32.9059,32.051
2020-01-13 13:49:00,27.1895,26.4411
2020-01-13 13:50:00,29.5005,30.0093
2020-01-13 13:51:00,23.2643,13.3426
2020-01-13 13:52:00,19.5933,15.4279
2020-01-13 13:53:00,13.7571,12.5008
2020-01-13 13:54:00,18.3822,27.218
2020-01-13 13:55:00,30.7749,52.6061
2020-01-13 13:56:00,49.7127,69.3141
2020-01-13 13:57:00,69.1563,85.5487
2020-01-13 13:58:00,75.441,71.4603
2020-01-13 13:59:00,69.6616,51.9756
2020-01-13 14:00:00,53.2367,36.2742
2020-01-13 14:01:00,44.4298,45.0396
2020-01-13 14:02:00,45.3494,54.7345
2020-01-13 14:03:00,51.0492,53.3734
2020-01-13 14:04:00,48.5272,37.4737
2020-01-13 14:05:00,41.3935,33.3333
2020-01-13 14:06:00,31.9353,24.9988
2020-01-13 14:07:00,27.7318,24.8633
2020-01-13 14:08:00,25.3454,26.1742
2020-01-13 14:09:00,29.3925,37.14
2020-01-13 14:10:00,36.2869,45.5464
2020-01-13 14:11:00,47.323,59.2828
2020-01-13 14:12:00,56.8892,65.8385
2020-01-13 14:13:00,68.3828,80.0271
2020-01-13 14:14:00,76.8446,84.6681
2020-01-13 14:15:00,84.1592,87.7823
2020-01-13 14:16:00,84.9589,82.4264
2020-01-13 14:17:00,79.5004,68.2926
2020-01-13 14:18:00,65.2261,44.9592
2020-01-13 14:19:00,49.02,33.8082
2020-01-13 14:20:00,39.3772,39.3641
2020-01-13 14:21:00,39.3375,44.84
2020-01-13 14:22:00,44.9195,50.5543
2020-01-13 14:23:00,44.0758,36.833
2020-01-13 14:24:00,46.3117,51.5479
2020-01-13 14:25:00,49.4054,59.8354
2020-01-13 14:26:00,65.3506,84.6685
2020-01-13 14:27:00,77.4377,87.8093
2020-01-13 14:28:00,86.6549,87.487
2020-01-13 14:29:00,85.7422,81.9304
2020-01-13 14:30:00,84.6086,84.4085
2020-01-13 14:31:00,81.7176,78.8138
2020-01-13 14:32:00,78.8267,73.2579
2020-01-13 14:33:00,65.7025,45.0359
2020-01-13 14:34:00,52.5414,39.3304
2020-01-13 14:35:00,44.9364,50.4429
2020-01-13 14:36:00,55.8867,77.8869
2020-01-13 14:37:00,72.4437,89.0012
2020-01-13 14:38:00,85.2964,89.0012
2020-01-13 14:39:00,88.0382,86.1122
2020-01-13 14:40:00,87.8072,88.3082
2020-01-13 14:41:00,79.7983,64.9746
2020-01-13 14:42:00,66.53,46.3071
2020-01-13 14:43:00,42.538,16.3322
2020-01-13 14:44:00,24.5777,11.0936
2020-01-13 14:45:00,13.1099,11.9037
2020-01-13 14:46:00,12.278,13.8365
2020-01-13 14:47:00,11.9665,10.1594
2020-01-13 14:48:00,12.9728,14.9223
2020-01-13 14:49:00,14.8018,19.3238
2020-01-13 14:50:00,22.106,32.072
2020-01-13 14:51:00,26.7651,28.8997
2020-01-13 14:52:00,34.8992,43.7258
2020-01-13 14:53:00,41.5804,52.1158
2020-01-13 14:54:00,57.5034,76.6687
2020-01-13 14:55:00,71.8337,86.7166
2020-01-13 14:56:00,85.5745,93.3383
2020-01-13 14:57:00,86.943,80.774
2020-01-13 14:58:00,85.1565,81.3573
2020-01-13 14:59:00,78.7192,74.0262
2020-01-13 15:00:00,80.6737,86.6377
2020-01-13 15:01:00,78.7646,75.6298
2020-01-13 15:02:00,75.1591,63.2096
2020-01-13 15:03:00,62.9049,49.8754
2020-01-13 15:04:00,57.0366,58.0247
2020-01-13 15:05:00,63.3048,82.0143
2020-01-13 15:06:00,75.2878,85.8245
2020-01-13 15:07:00,83.4566,82.5311
2020-01-13 15:08:00,79.0828,68.8929
2020-01-13 15:09:00,73.8353,70.082
2020-01-13 15:10:00,66.6946,61.109
2020-01-13 15:11:00,66.9707,69.7212
2020-01-13 15:12:00,65.9251,66.945
2020-01-13 15:13:00,69.7223,72.5006
2020-01-13 15:14:00,66.7857,60.9115
2020-01-13 15:15:00,65.9842,64.5405
2020-01-13 15:16:00,61.4794,58.9862
2020-01-13 15:17:00,59.7932,55.853
2020-01-13 15:18:00,53.8363,46.6697
2020-01-13 15:19:00,44.1748,30.0018
2020-01-13 15:20:00,32.5156,20.8753
2020-01-13 15:21:00,25.7694,26.431
2020-01-13 15:22:00,33.8386,54.2095
2020-01-13 15:23:00,53.27,79.1694
2020-01-13 15:24:00,70.3861,77.7793
2020-01-13 15:25:00,80.0805,83.2928
2020-01-13 15:26:00,77.2775,70.7604
2020-01-13 15:27:00,69.3816,54.0915
2020-01-13 15:28:00,50.0611,25.3315
2020-01-13 15:29:00,34.5586,24.2528
2020-01-13 15:30:00,30.3944,41.5988
2020-01-13 15:31:00,41.3773,58.2802
2020-01-13 15:32:00,58.3377,75.134
2020-01-13 15:33:00,71.6048,81.4001
2020-01-13 15:34:00,77.7958,76.8533
2020-01-13 15:35:00,70.3232,52.7162
2020-01-13 15:36:00,56.9691,41.3378
2020-01-13 15:37:00,47.3529,48.0047
2020-01-13 15:38:00,51.9132,66.3971
2020-01-13 15:39:00,62.578,73.3323
2020-01-13 15:40:00,69.9092,69.9982
2020-01-13 15:41:00,68.5706,62.3812
2020-01-13 15:42:00,67.3992,69.8182
2020-01-13 15:43:00,71.6945,82.8842
2020-01-13 15:44:00,80.3665,88.397
2020-01-13 15:45:00,84.9279,83.5026
2020-01-13 15:46:00,81.5195,72.6588
2020-01-13 15:47:00,77.7309,77.0315
2020-01-13 15:48:00,75.9203,78.0706
2020-01-13 15:49:00,78.6508,80.8505
2020-01-13 15:50:00,77.224,72.751
2020-01-13 15:51:00,74.8129,70.8373
2020-01-13 15:52:00,65.0119,51.4474
2020-01-13 15:53:00,54.6697,41.7244
2020-01-13 15:54:00,42.1875,33.3906
2020-01-13 15:55:00,40.7792,47.2228
2020-01-13 15:56:00,47.2416,61.1116
2020-01-13 15:57:00,57.1762,63.1943
2020-01-13 15:58:00,59.7225,54.8615
2020-01-13 15:59:00,53.0095,40.9726
2020-01-13 16:00:00,46.0186,42.2217
2020-01-14 09:31:00,46.064,54.9977
2020-01-14 09:32:00,53.5548,63.4451
2020-01-14 09:33:00,63.5255,72.1338
2020-01-14 09:34:00,71.5175,78.9737
2020-01-14 09:35:00,81.0415,92.017
2020-01-14 09:36:00,84.2442,81.7418
2020-01-14 09:37:00,76.7306,56.433
2020-01-14 09:38:00,54.002,23.8312
2020-01-14 09:39:00,31.1896,13.3045
2020-01-14 09:40:00,16.9044,13.5774
2020-01-14 09:41:00,13.4864,13.5774
2020-01-14 09:42:00,10.9486,5.6911
2020-01-14 09:43:00,7.2158,2.3791
2020-01-14 09:44:00,3.4831,2.3791
2020-01-14 09:45:00,5.2638,11.0333
2020-01-14 09:46:00,14.864,31.1795
2020-01-14 09:47:00,33.5784,58.5223
2020-01-14 09:48:00,51.9445,66.1318
2020-01-14 09:49:00,56.0869,43.6066
2020-01-14 09:50:00,44.4215,23.526
2020-01-14 09:51:00,25.1009,8.1702
2020-01-14 09:52:00,13.2888,8.1702
2020-01-14 09:53:00,7.0316,4.7544
2020-01-14 09:54:00,6.0752,5.3009
2020-01-14 09:55:00,5.1188,5.3009
2020-01-14 09:56:00,4.7434,3.6284
2020-01-14 09:57:00,3.7011,2.1739
2020-01-14 09:58:00,2.6588,2.1739
2020-01-14 09:59:00,1.502,0.158
2020-01-14 10:00:00,3.565,8.3631
2020-01-14 10:01:00,14.9312,36.2725
2020-01-14 10:02:00,35.2742,61.187
2020-01-14 10:03:00,58.9306,79.3324
2020-01-14 10:04:00,72.8783,78.1155
2020-01-14 10:05:00,76.5745,72.2757
2020-01-14 10:06:00,72.2732,66.4284
2020-01-14 10:07:00,66.7948,61.6804
2020-01-14 10:08:00,62.6018,59.6966
2020-01-14 10:09:00,60.5782,60.3577
2020-01-14 10:10:00,60.8148,62.3903
2020-01-14 10:11:00,66.346,76.29
2020-01-14 10:12:00,72.8006,79.7214
2020-01-14 10:13:00,74.9851,68.9439
2020-01-14 10:14:00,63.2202,40.9954
2020-01-14 10:15:00,43.4094,20.2889
2020-01-14 10:16:00,24.3467,11.7559
2020-01-14 10:17:00,21.6041,32.7675
2020-01-14 10:18:00,33.8347,56.9806
2020-01-14 10:19:00,57.9953,84.2377
2020-01-14 10:20:00,76.6052,88.5974
2020-01-14 10:21:00,81.7528,72.4233
2020-01-14 10:22:00,69.9513,48.8332
2020-01-14 10:23:00,56.323,47.7124
2020-01-14 10:24:00,51.6263,58.3333
2020-01-14 10:25:00,62.466,81.3523
2020-01-14 10:26:00,74.3988,83.5109
2020-01-14 10:27:00,83.0527,84.295
2020-01-14 10:28:00,80.8048,74.6086
2020-01-14 10:29:00,73.9163,62.8453
2020-01-14 10:30:00,60.2602,43.3268
2020-01-14 10:31:00,51.2528,47.5862
2020-01-14 10:32:00,46.9403,49.9078
2020-01-14 10:33:00,51.1956,56.0929
2020-01-14 10:34:00,48.5782,39.7339
2020-01-14 10:35:00,40.2048,24.7876
2020-01-14 10:36:00,28.3972,20.6701
2020-01-14 10:37:00,19.5071,13.0637
2020-01-14 10:38:00,14.941,11.0893
2020-01-14 10:39:00,11.7984,11.2423
2020-01-14 10:40:00,16.6426,27.5964
2020-01-14 10:41:00,26.0133,39.2014
2020-01-14 10:42:00,34.698,37.2961
2020-01-14 10:43:00,34.0372,25.614
2020-01-14 10:44:00,28.0353,21.1958
2020-01-14 10:45:00,26.8474,33.7324
2020-01-14 10:46:00,29.1946,32.6555
2020-01-14 10:47:00,31.1173,26.9639
2020-01-14 10:48:00,24.8543,14.9435
2020-01-14 10:49:00,17.1392,9.5102
2020-01-14 10:50:00,11.2875,9.4086
2020-01-14 10:51:00,7.9875,5.0435
2020-01-14 10:52:00,8.797,11.9388
2020-01-14 10:53:00,12.0151,19.0629
2020-01-14 10:54:00,23.2613,38.7823
2020-01-14 10:55:00,34.0365,44.2644
2020-01-14 10:56:00,38.5293,32.5413
2020-01-14 10:57:00,33.2766,23.0242
2020-01-14 10:58:00,31.207,38.0555
2020-01-14 10:59:00,39.317,56.8713
2020-01-14 11:00:00,54.348,68.117
2020-01-14 11:01:00,64.8681,69.6161
2020-01-14 11:02:00,70.6637,74.2579
2020-01-14 11:03:00,74.6413,80.0499
2020-01-14 11:04:00,77.3315,77.6869
2020-01-14 11:06:00,79.3315,80.2577
2020-01-14 11:07:00,80.8331,84.5548
2020-01-14 11:08:00,81.9256,80.9644
2020-01-14 11:09:00,78.8665,71.0802
2020-01-14 11:10:00,68.7006,54.0571
2020-01-14 11:11:00,58.0212,48.9263
2020-01-14 11:12:00,48.143,41.4458
2020-01-14 11:13:00,39.0187,26.6841
2020-01-14 11:14:00,25.6315,8.7646
2020-01-14 11:15:00,14.238,7.2653
2020-01-14 11:16:00,11.1729,17.4888
2020-01-14 11:17:00,18.7387,31.462
2020-01-14 11:18:00,33.5178,51.6028
2020-01-14 11:19:00,50.7481,69.1796
2020-01-14 11:20:00,64.6497,73.1667
2020-01-14 11:21:00,62.7221,45.8201
2020-01-14 11:22:00,47.2564,22.7825
2020-01-14 11:23:00,30.0304,21.4884
2020-01-14 11:24:00,29.8124,45.1662
2020-01-14 11:25:00,46.3745,72.4689
2020-01-14 11:26:00,67.4334,84.6651
2020-01-14 11:27:00,82.1088,89.1924
2020-01-14 11:28:00,87.3235,88.113
2020-01-14 11:29:00,88.9225,89.4622
2020-01-14 11:30:00,87.0299,83.5146
2020-01-14 11:32:00,78.4906,62.4951
2020-01-14 11:33:00,63.3801,44.1305
2020-01-14 11:34:00,45.9963,31.3633
2020-01-14 11:35:00,37.8335,38.0066
2020-01-14 11:36:00,34.9979,35.6236
2020-01-14 11:37:00,41.1864,49.9291
2020-01-14 11:38:00,46.0124,52.4844
2020-01-14 11:39:00,57.3576,69.6593
2020-01-14 11:40:00,63.7803,69.1971
2020-01-14 11:41:00,68.4958,66.631
2020-01-14 11:42:00,60.8868,46.8324
2020-01-14 11:43:00,45.9133,24.2766
2020-01-14 11:44:00,26.2511,7.6444
2020-01-14 11:45:00,13.211,7.712
2020-01-14 11:46:00,15.5783,31.3785
2020-01-14 11:47:00,26.0542,39.0722
2020-01-14 11:48:00,35.5992,36.3468
2020-01-14 11:49:00,31.8849,20.2358
2020-01-14 11:50:00,26.9446,24.2514
2020-01-14 11:51:00,27.0658,36.7103
2020-01-14 11:52:00,35.3355,45.0447
2020-01-14 11:53:00,49.4746,66.6688
2020-01-14 11:54:00,64.4765,81.7159
2020-01-14 11:55:00,79.8745,91.2389
2020-01-14 11:56:00,88.0645,91.2389
2020-01-14 11:57:00,90.1219,87.8879
2020-01-14 11:58:00,91.3858,95.0305
2020-01-14 11:59:00,90.5802,88.8222
2020-01-14 12:00:00,91.0666,89.3472
2020-01-14 12:01:00,86.1027,80.1388
2020-01-14 12:02:00,81.574,75.2359
2020-01-14 12:03:00,76.7647,74.9193
2020-01-14 12:04:00,76.5073,79.3666
2020-01-14 12:05:00,76.8262,76.1926
2020-01-14 12:06:00,68.8379,50.9544
2020-01-14 12:07:00,51.6947,27.9371
2020-01-14 12:08:00,38.5197,36.6674
2020-01-14 12:09:00,43.2805,65.2371
2020-01-14 12:10:00,63.7385,89.3111
2020-01-14 12:11:00,82.2834,92.3022
2020-01-14 12:12:00,90.5912,90.1605
2020-01-14 12:13:00,89.6371,86.4485
2020-01-14 12:14:00,85.7627,80.6792
2020-01-14 12:15:00,82.6814,80.9165
2020-01-14 12:16:00,76.1663,66.9034
2020-01-14 12:17:00,67.1459,53.6179
2020-01-14 12:18:00,54.396,42.6667
2020-01-14 12:19:00,49.4918,52.1907
2020-01-14 12:20:00,49.9627,55.0308
2020-01-14 12:21:00,58.8238,69.25
2020-01-14 12:22:00,63.4288,66.0055
2020-01-14 12:23:00,71.9573,80.6165
2020-01-14 12:24:00,69.1466,60.8178
2020-01-14 12:25:00,66.9118,59.3012
2020-01-14 12:26:00,59.0666,57.0809
2020-01-14 12:27:00,61.6648,68.6122
2020-01-14 12:28:00,68.4724,79.7241
2020-01-14 12:29:00,71.5942,66.4463
2020-01-14 12:30:00,68.0948,58.1142
2020-01-14 12:31:00,57.1881,47.004
2020-01-14 12:32:00,57.2626,66.6695
2020-01-14 12:33:00,62.0399,72.4461
2020-01-14 12:34:00,73.9571,82.7558
2020-01-14 12:35:00,76.98,75.7382
2020-01-14 12:36:00,80.5372,83.1175
2020-01-14 12:37:00,79.0725,78.3618
2020-01-14 12:38:00,82.2862,85.3794
2020-01-14 12:39:00,84.21,88.8889
2020-01-14 12:40:00,87.7191,88.8889
2020-01-14 12:41:00,81.4812,66.6657
2020-01-14 12:42:00,64.3515,37.4999
2020-01-14 12:43:00,43.1617,25.3196
2020-01-14 12:44:00,27.0654,18.3769
2020-01-14 12:45:00,24.8575,30.8761
2020-01-14 12:46:00,30.7698,43.0564
2020-01-14 12:47:00,38.5332,41.6672
2020-01-14 12:48:00,36.8244,25.7497
2020-01-14 12:49:00,27.6388,15.4994
2020-01-14 12:50:00,19.842,18.2768
2020-01-14 12:51:00,18.2917,21.0989
2020-01-14 12:52:00,17.4019,12.8301
2020-01-14 12:53:00,13.7345,7.2744
2020-01-14 12:54:00,11.7848,15.2498
2020-01-14 12:55:00,13.0661,16.6742
2020-01-14 12:56:00,22.8659,36.6737
2020-01-14 12:57:00,35.0246,51.726
2020-01-14 12:58:00,53.9768,73.5307
2020-01-14 12:59:00,69.7703,84.0544
2020-01-14 13:00:00,81.2039,86.0267
2020-01-14 13:01:00,85.2811,85.7622
2020-01-14 13:02:00,84.2241,80.8835
2020-01-14 13:03:00,82.5094,80.8825
2020-01-14 13:04:00,79.9458,78.0714
2020-01-14 13:05:00,79.7191,80.2035
2020-01-14 13:06:00,76.3023,70.6322
2020-01-14 13:07:00,71.8535,64.7247
2020-01-14 13:08:00,68.5461,70.2814
2020-01-14 13:09:00,70.4295,76.2824
2020-01-14 13:10:00,71.7714,68.7504
2020-01-14 13:11:00,61.8591,40.5445
2020-01-14 13:12:00,44.6909,24.7778
2020-01-14 13:13:00,29.0479,21.8214
2020-01-14 13:14:00,27.815,36.8458
2020-01-14 13:15:00,39.871,60.9459
2020-01-14 13:16:00,60.6623,84.1953
2020-01-14 13:17:00,79.7273,94.0407
2020-01-14 13:18:00,89.7925,91.1416
2020-01-14 13:19:00,91.7475,90.0603
2020-01-14 13:20:00,84.588,72.5623
2020-01-14 13:21:00,73.6424,58.3048
2020-01-14 13:22:00,60.6031,50.9423
2020-01-14 13:23:00,57.1853,62.3089
2020-01-14 13:24:00,58.8164,63.198
2020-01-14 13:25:00,57.7242,47.6655
2020-01-14 13:26:00,51.9584,45.0116
2020-01-14 13:27:00,45.2576,43.0958
2020-01-14 13:28:00,42.7241,40.065
2020-01-14 13:29:00,39.5599,35.519
2020-01-14 13:30:00,36.1509,32.8687
2020-01-14 13:31:00,38.8666,48.212
2020-01-14 13:32:00,46.9549,59.7841
2020-01-14 13:33:00,62.8712,80.6176
2020-01-14 13:34:00,76.9592,90.4759
2020-01-14 13:35:00,87.6657,91.9035
2020-01-14 13:36:00,85.445,73.9556
2020-01-14 13:37:00,70.7148,46.2853
2020-01-14 13:38:00,46.6297,19.6481
2020-01-14 13:39:00,28.7848,20.421
2020-01-14 13:40:00,27.342,41.957
2020-01-14 13:41:00,38.51,53.152
2020-01-14 13:42:00,48.6256,50.768
2020-01-14 13:43:00,47.2974,37.9724
2020-01-14 13:44:00,37.6585,24.2351
2020-01-14 13:45:00,24.9581,12.6669
2020-01-14 13:46:00,14.1244,5.4711
2020-01-14 13:47:00,7.7077,4.985
2020-01-14 13:48:00,4.5506,3.1956
2020-01-14 13:49:00,3.7377,3.0323
2020-01-14 13:50:00,7.8831,17.4214
2020-01-14 13:51:00,21.0332,42.6459
2020-01-14 13:52:00,40.2443,60.6655
2020-01-14 13:53:00,57.2701,68.4987
2020-01-14 13:54:00,65.8062,68.2543
2020-01-14 13:55:00,65.4912,59.7207
2020-01-14 13:56:00,55.1578,37.4985
2020-01-14 13:57:00,44.5208,36.3432
2020-01-14 13:58:00,42.2901,53.0286
2020-01-14 13:59:00,54.487,74.0891
2020-01-14 14:00:00,59.9984,52.8775
2020-01-14 14:01:00,54.3928,36.212
2020-01-14 14:02:00,38.6359,26.8183
2020-01-14 14:03:00,31.5038,31.4811
2020-01-14 14:04:00,25.8864,19.3597
2020-01-14 14:05:00,21.9231,14.9285
2020-01-14 14:06:00,17.6353,18.6178
2020-01-14 14:07:00,23.7717,37.769
2020-01-14 14:08:00,36.2452,52.349
2020-01-14 14:09:00,47.5598,52.5615
2020-01-14 14:10:00,46.9958,36.077
2020-01-14 14:11:00,34.3078,14.285
2020-01-14 14:12:00,19.6165,8.4875
2020-01-14 14:13:00,11.3805,11.3691
2020-01-14 14:14:00,11.4343,14.4463
2020-01-14 14:15:00,17.8428,27.713
2020-01-14 14:16:00,31.8678,53.4442
2020-01-14 14:17:00,51.0867,72.103
2020-01-14 14:18:00,66.6913,74.5269
2020-01-14 14:19:00,72.1323,69.767
2020-01-14 14:20:00,69.8692,65.3138
2020-01-14 14:21:00,61.345,48.9543
2020-01-14 14:22:00,48.1316,30.1267
2020-01-14 14:23:00,36.6166,30.7687
2020-01-14 14:24:00,35.9159,46.8523
2020-01-14 14:25:00,45.503,58.8881
2020-01-14 14:26:00,57.4026,66.4675
2020-01-14 14:27:00,66.2136,73.2853
2020-01-14 14:28:00,73.3259,80.2249
2020-01-14 14:29:00,79.1667,83.9898
2020-01-14 14:30:00,83.1559,85.253
2020-01-14 14:31:00,83.4454,81.0935
2020-01-14 14:32:00,81.2608,77.436
2020-01-14 14:33:00,78.9608,78.353
2020-01-14 14:34:00,78.4811,79.6544
2020-01-14 14:35:00,78.5962,77.7812
2020-01-14 14:36:00,77.193,74.1435
2020-01-14 14:37:00,78.5307,83.6676
2020-01-14 14:38:00,78.5086,77.7148
2020-01-14 14:39:00,74.0163,60.6667
2020-01-14 14:40:00,58.9563,38.4874
2020-01-14 14:41:00,42.7218,29.0114
2020-01-14 14:42:00,37.3287,44.4874
2020-01-14 14:43:00,38.7854,42.8574
2020-01-14 14:44:00,48.4964,58.1444
2020-01-14 14:45:00,54.7152,63.1438
2020-01-14 14:46:00,68.928,85.4957
2020-01-14 14:47:00,80.3474,92.4028
2020-01-14 14:48:00,89.9155,91.848
2020-01-14 14:49:00,86.3455,74.7857
2020-01-14 14:50:00,73.6597,54.3455
2020-01-14 14:51:00,52.5655,28.5651
2020-01-14 14:52:00,32.8532,15.649
2020-01-14 14:53:00,17.9808,9.7283
2020-01-14 14:54:00,13.511,15.1557
2020-01-14 14:55:00,16.4181,24.3702
2020-01-14 14:56:00,24.688,34.5379
2020-01-14 14:57:00,31.2928,34.9704
2020-01-14 14:58:00,38.521,46.0546
2020-01-14 14:59:00,38.2764,33.8041
2020-01-14 15:00:00,40.5608,41.8236
2020-01-14 15:01:00,41.108,47.6964
2020-01-14 15:02:00,50.3071,61.4014
2020-01-14 15:03:00,56.5406,60.5238
2020-01-14 15:04:00,56.3984,47.2699
2020-01-14 15:05:00,48.4388,37.5226
2020-01-14 15:06:00,37.9943,29.1903
2020-01-14 15:07:00,33.6957,34.3741
2020-01-14 15:08:00,36.5584,46.1107
2020-01-14 15:09:00,42.3836,46.666
2020-01-14 15:10:00,41.8978,32.9166
2020-01-14 15:11:00,32.9624,19.3045
2020-01-14 15:12:00,21.8975,13.4714
2020-01-14 15:13:00,14.3334,10.2242
2020-01-14 15:14:00,11.6723,11.3212
2020-01-14 15:15:00,11.7965,13.844
2020-01-14 15:16:00,16.0996,23.1336
2020-01-14 15:17:00,22.8113,31.4564
2020-01-14 15:18:00,34.767,49.7111
2020-01-14 15:19:00,48.0409,62.9552
2020-01-14 15:20:00,61.2012,70.9375
2020-01-14 15:21:00,69.5734,74.8275
2020-01-14 15:22:00,73.3521,74.2914
2020-01-14 15:23:00,78.3919,86.0567
2020-01-14 15:24:00,81.2271,83.3333
2020-01-14 15:25:00,85.5377,87.223
2020-01-14 15:26:00,81.1647,72.9378
2020-01-14 15:27:00,72.2073,56.461
2020-01-14 15:28:00,57.6623,43.5881
2020-01-14 15:29:00,42.6407,27.8728
2020-01-14 15:30:00,33.0478,27.6824
2020-01-14 15:31:00,27.1619,25.9306
2020-01-14 15:32:00,33.3557,46.4542
2020-01-14 15:33:00,47.9466,71.4549
2020-01-14 15:34:00,67.3417,84.1159
2020-01-14 15:35:00,78.6624,80.4165
2020-01-14 15:36:00,75.0618,60.6531
2020-01-14 15:37:00,61.4884,43.3954
2020-01-14 15:38:00,49.0958,43.2388
2020-01-14 15:39:00,48.8693,59.9736
2020-01-14 15:40:00,61.1723,80.3046
2020-01-14 15:41:00,77.9719,93.6374
2020-01-14 15:42:00,86.8692,86.6657
2020-01-14 15:43:00,88.7993,86.0949
2020-01-14 15:44:00,84.8877,81.9024
2020-01-14 15:45:00,81.695,77.0876
2020-01-14 15:46:00,75.3643,67.1029
2020-01-14 15:47:00,68.1249,60.1843
2020-01-14 15:48:00,58.1693,47.2206
2020-01-14 15:49:00,46.1186,30.9508
2020-01-14 15:50:00,29.8554,11.3948
2020-01-14 15:51:00,16.2676,6.4572
2020-01-14 15:52:00,7.045,3.2831
2020-01-14 15:53:00,8.5871,16.0209
2020-01-14 15:54:00,17.6634,33.6863
2020-01-14 15:55:00,35.8619,57.8785
2020-01-14 15:56:00,53.8022,69.8419
2020-01-14 15:57:00,68.2394,76.998
2020-01-14 15:58:00,71.85,68.7101
2020-01-14 15:59:00,66.5828,54.0402
2020-01-14 16:00:00,53.4136,37.4906
2020-01-15 09:31:00,44.7814,42.8133
2020-01-15 09:32:00,44.3137,52.6371
2020-01-15 09:33:00,53.7571,65.821
2020-01-15 09:34:00,61.6833,66.5917
2020-01-15 09:35:00,61.2745,51.4107
2020-01-15 09:36:00,51.5083,36.5223
2020-01-15 09:37:00,38.191,26.6401
2020-01-15 09:38:00,34.2736,39.6585
2020-01-15 09:39:00,35.392,39.8775
2020-01-15 09:40:00,39.8065,39.8835
2020-01-15 09:41:00,36.27,29.0488
2020-01-15 09:42:00,30.9944,24.051
2020-01-15 09:43:00,21.6764,11.9296
2020-01-15 09:44:00,15.7208,11.1819
2020-01-15 09:45:00,19.8324,36.3858
2020-01-15 09:46:00,35.1353,57.8382
2020-01-15 09:47:00,58.873,82.3951
2020-01-15 09:48:00,73.7285,80.9523
2020-01-15 09:49:00,84.9195,91.411
2020-01-15 09:50:00,87.9248,91.411
2020-01-15 09:51:00,87.5499,79.8276
2020-01-15 09:52:00,76.0919,57.0372
2020-01-15 09:53:00,64.1288,55.5217
2020-01-15 09:54:00,59.8616,67.0259
2020-01-15 09:55:00,68.8468,83.9928
2020-01-15 09:56:00,74.3012,71.8849
2020-01-15 09:57:00,67.225,45.7974
2020-01-15 09:58:00,45.7974,19.7099
2020-01-15 09:59:00,25.358,10.5667
2020-01-15 10:00:00,22.7053,37.8394
2020-01-15 10:01:00,33.7042,52.7064
2020-01-15 10:02:00,50.8033,61.8639
2020-01-15 10:03:00,60.3301,66.42
2020-01-15 10:04:00,69.6678,80.7196
2020-01-15 10:05:00,75.9828,80.8089
2020-01-15 10:06:00,80.6799,80.5113
2020-01-15 10:07:00,81.7031,83.7892
2020-01-15 10:08:00,86.0457,93.8365
2020-01-15 10:09:00,90.3934,93.5546
2020-01-15 10:10:00,92.353,89.6679
2020-01-15 10:11:00,83.1315,66.1721
2020-01-15 10:12:00,71.908,59.884
2020-01-15 10:13:00,59.4932,52.4234
2020-01-15 10:14:00,55.957,55.5636
2020-01-15 10:15:00,51.2926,45.8908
2020-01-15 10:16:00,47.409,40.7727
2020-01-15 10:17:00,45.6068,50.1568
2020-01-15 10:18:00,49.4723,57.4874
2020-01-15 10:19:00,60.4011,73.5592
2020-01-15 10:20:00,68.5721,74.6697
2020-01-15 10:21:00,69.9821,61.7175
2020-01-15 10:22:00,56.3316,32.6075
2020-01-15 10:23:00,37.3108,17.6075
2020-01-15 10:24:00,21.8852,15.4405
2020-01-15 10:25:00,19.0953,24.2379
2020-01-15 10:26:00,24.9999,35.3214
2020-01-15 10:27:00,38.5202,56.0014
2020-01-15 10:28:00,51.6582,63.6518
2020-01-15 10:29:00,66.8516,80.9018
2020-01-15 10:30:00,76.7418,85.6719
2020-01-15 10:31:00,85.7459,90.6641
2020-01-15 10:32:00,83.4446,73.9977
2020-01-15 10:33:00,72.4307,52.6304
2020-01-15 10:34:00,55.1345,38.7754
2020-01-15 10:35:00,39.8849,28.2488
2020-01-15 10:36:00,32.6527,30.9338
2020-01-15 10:37:00,37.2711,52.6307
2020-01-15 10:38:00,52.9697,75.3445
2020-01-15 10:39:00,69.7603,81.3057
2020-01-15 10:40:00,73.202,62.9556
2020-01-15 10:41:00,70.465,67.1337
2020-01-15 10:42:00,68.5589,75.5873
2020-01-15 10:43:00,77.9644,91.1723
2020-01-15 10:44:00,83.4983,83.7351
2020-01-15 10:45:00,84.7962,79.4811
2020-01-15 10:46:00,76.7674,67.0859
2020-01-15 10:47:00,63.8767,45.063
2020-01-15 10:48:00,45.75,25.1011
2020-01-15 10:49:00,27.2536,11.5966
2020-01-15 10:50:00,17.1454,14.7383
2020-01-15 10:51:00,12.5013,11.169
2020-01-15 10:52:00,11.3549,8.1575
2020-01-15 10:53:00,9.1467,8.1138
2020-01-15 10:54:00,11.2347,17.4329
2020-01-15 10:55:00,19.6846,33.5071
2020-01-15 10:56:00,32.3323,46.057
2020-01-15 10:57:00,43.0076,49.4587
2020-01-15 10:58:00,47.6455,47.4209
2020-01-15 10:59:00,49.7074,52.2425
2020-01-15 11:00:00,57.2071,71.9578
2020-01-15 11:01:00,68.9909,82.7724
2020-01-15 11:02:00,73.2702,65.0802
2020-01-15 11:03:00,63.5916,42.9222
2020-01-15 11:04:00,48.1917,36.5728
2020-01-15 11:05:00,41.8638,46.0963
2020-01-15 11:06:00,39.1967,34.921
2020-01-15 11:07:00,33.0449,18.1176
2020-01-15 11:08:00,21.487,11.4225
2020-01-15 11:09:00,17.5859,23.2176
2020-01-15 11:10:00,18.5377,20.9729
2020-01-15 11:11:00,20.5371,17.4206
2020-01-15 11:12:00,16.4224,10.8736
2020-01-15 11:13:00,16.7653,22.0015
2020-01-15 11:14:00,22.3999,34.3247
2020-01-15 11:15:00,36.3672,52.7754
2020-01-15 11:16:00,51.178,66.4338
2020-01-15 11:17:00,59.7176,59.9436
2020-01-15 11:18:00,56.4611,43.0059
2020-01-15 11:19:00,46.0325,35.148
2020-01-15 11:20:00,36.3287,30.8322
2020-01-15 11:21:00,35.9727,41.938
2020-01-15 11:22:00,40.5567,48.8998
2020-01-15 11:23:00,48.2374,53.8744
2020-01-15 11:24:00,56.5778,66.9592
2020-01-15 11:25:00,56.2212,47.8302
2020-01-15 11:26:00,50.707,37.3315
2020-01-15 11:27:00,40.8311,37.3315
2020-01-15 11:28:00,44.731,59.5298
2020-01-15 11:29:00,60.7674,85.4407
2020-01-15 11:30:00,77.5976,87.8222
2020-01-15 11:31:00,83.7687,78.0433
2020-01-15 11:32:00,77.0228,65.203
2020-01-15 11:33:00,64.8878,51.4171
2020-01-15 11:34:00,58.4927,58.858
2020-01-15 11:35:00,59.5535,68.3854
2020-01-15 11:36:00,61.7239,57.9284
2020-01-15 11:37:00,59.8736,53.3069
2020-01-15 11:38:00,55.1086,54.0905
2020-01-15 11:39:00,60.5211,74.1659
2020-01-15 11:40:00,70.5294,83.3317
2020-01-15 11:41:00,83.0542,91.6651
2020-01-15 11:42:00,87.1024,86.3103
2020-01-15 11:43:00,82.893,70.7037
2020-01-15 11:44:00,67.2057,44.6032
2020-01-15 11:45:00,47.7773,28.0249
2020-01-15 11:46:00,29.6486,16.3178
2020-01-15 11:47:00,18.3937,10.8385
2020-01-15 11:48:00,13.9575,14.7164
2020-01-15 11:49:00,23.9174,46.1974
2020-01-15 11:50:00,41.3275,63.0688
2020-01-15 11:51:00,57.075,61.9588
2020-01-15 11:52:00,58.1756,49.4993
2020-01-15 11:53:00,58.5553,64.2078
2020-01-15 11:54:00,66.1568,84.7632
2020-01-15 11:55:00,76.4119,80.2647
2020-01-15 11:56:00,73.3321,54.9685
2020-01-15 11:57:00,54.0976,27.0597
2020-01-15 11:58:00,33.5517,18.6268
2020-01-15 11:59:00,19.7008,13.4158
2020-01-15 12:00:00,19.2087,25.5834
2020-01-15 12:01:00,25.22,36.6607
2020-01-15 12:02:00,39.9117,57.4909
2020-01-15 12:03:00,51.5352,60.4541
2020-01-15 12:04:00,55.9043,49.7681
2020-01-15 12:05:00,50.5372,41.3894
2020-01-15 12:06:00,44.0711,41.0558
2020-01-15 12:07:00,48.574,63.277
2020-01-15 12:08:00,58.8971,72.3585
2020-01-15 12:09:00,69.998,74.3586
2020-01-15 12:10:00,67.2105,54.9143
2020-01-15 12:11:00,60.0662,50.9256
2020-01-15 12:12:00,49.465,42.555
2020-01-15 12:13:00,47.4515,48.874
2020-01-15 12:14:00,41.3662,32.6696
2020-01-15 12:15:00,39.3181,36.4108
2020-01-15 12:16:00,33.0579,30.0933
2020-01-15 12:17:00,41.9215,59.2605
2020-01-15 12:18:00,52.0069,66.667
2020-01-15 12:19:00,61.8833,59.7225
2020-01-15 12:20:00,51.1957,27.1975
2020-01-15 12:21:00,34.2983,15.9748
2020-01-15 12:22:00,26.3511,35.8809
2020-01-15 12:23:00,36.3832,57.2938
2020-01-15 12:24:00,51.3786,60.961
2020-01-15 12:25:00,62.8252,70.2208
2020-01-15 12:26:00,65.9,66.5183
2020-01-15 12:27:00,71.1966,76.8506
2020-01-15 12:28:00,62.2954,43.5172
2020-01-15 12:29:00,52.4212,36.8959
2020-01-15 12:30:00,32.1456,16.0236
2020-01-15 12:31:00,27.2924,28.9578
2020-01-15 12:32:00,20.7409,17.2411
2020-01-15 12:33:00,23.0395,22.9194
2020-01-15 12:34:00,18.2054,14.4558
2020-01-15 12:35:00,18.4295,17.9134
2020-01-15 12:36:00,18.2466,22.3706
2020-01-15 12:37:00,29.1028,47.0245
2020-01-15 12:38:00,48.7048,76.7195
2020-01-15 12:39:00,69.7595,85.5347
2020-01-15 12:40:00,79.7258,76.9232
2020-01-15 12:41:00,77.3245,69.5157
2020-01-15 12:42:00,72.0873,69.8231
2020-01-15 12:43:00,65.6605,57.6428
2020-01-15 12:44:00,54.9499,37.3839
2020-01-15 12:45:00,36.3421,13.9997
2020-01-15 12:46:00,23.134,18.0184
2020-01-15 12:47:00,19.9405,27.8034
2020-01-15 12:48:00,29.8922,43.8548
2020-01-15 12:49:00,35.9748,36.2663
2020-01-15 12:50:00,33.9969,21.8698
2020-01-15 12:51:00,24.7368,16.0742
2020-01-15 12:52:00,21.974,27.978
2020-01-15 12:53:00,25.3677,32.0508
2020-01-15 12:54:00,32.3254,36.9473
2020-01-15 12:55:00,32.7151,29.1471
2020-01-15 12:56:00,30.8312,26.3993
2020-01-15 12:57:00,24.1162,16.8023
2020-01-15 12:58:00,20.7569,19.069
2020-01-15 12:59:00,21.5941,28.9109
2020-01-15 13:00:00,29.8391,41.5372
2020-01-15 13:01:00,37.3211,41.5152
2020-01-15 13:02:00,48.5437,62.5787
2020-01-15 13:03:00,60.2845,76.7597
2020-01-15 13:04:00,77.5869,93.4223
2020-01-15 13:05:00,83.4363,80.1269
2020-01-15 13:06:00,83.6919,77.5264
2020-01-15 13:07:00,75.6713,69.3605
2020-01-15 13:08:00,67.8205,56.5747
2020-01-15 13:09:00,53.0377,33.1779
2020-01-15 13:10:00,38.018,24.3014
2020-01-15 13:11:00,31.3103,36.4516
2020-01-15 13:12:00,34.3396,42.2658
2020-01-15 13:13:00,41.791,46.6557
2020-01-15 13:14:00,49.8519,60.634
2020-01-15 13:15:00,62.6185,80.5657
2020-01-15 13:16:00,75.8114,86.2344
2020-01-15 13:17:00,83.1333,82.5997
2020-01-15 13:18:00,82.3667,78.2661
2020-01-15 13:19:00,79.7529,78.393
2020-01-15 13:20:00,78.9176,80.0937
2020-01-15 13:21:00,78.7643,77.806
2020-01-15 13:22:00,80.9478,84.9436
2020-01-15 13:23:00,77.6532,70.2099
2020-01-15 13:24:00,70.3282,55.8311
2020-01-15 13:25:00,54.9761,38.8874
2020-01-15 13:26:00,43.9184,37.0369
2020-01-15 13:27:00,41.6411,48.999
2020-01-15 13:28:00,46.8634,54.5543
2020-01-15 13:29:00,55.2951,62.332
2020-01-15 13:30:00,60.2985,64.0093
2020-01-15 13:31:00,66.2284,72.3439
2020-01-15 13:32:00,71.9115,79.3812
2020-01-15 13:33:00,77.1185,79.6304
2020-01-15 13:34:00,72.5211,58.5516
2020-01-15 13:35:00,58.3153,36.764
2020-01-15 13:36:00,39.1899,22.2541
2020-01-15 13:37:00,32.3194,37.9402
2020-01-15 13:38:00,35.326,45.7836
2020-01-15 13:39:00,47.0801,57.5165
2020-01-15 13:40:00,56.9027,67.408
2020-01-15 13:41:00,69.1995,82.6738
2020-01-15 13:42:00,78.8196,86.3769
2020-01-15 13:43:00,85.1735,86.4697
2020-01-15 13:44:00,85.7508,84.4059
2020-01-15 13:45:00,81.2116,72.7593
2020-01-15 13:46:00,76.9625,73.7222
2020-01-15 13:47:00,69.9447,63.3524
2020-01-15 13:48:00,66.9877,63.8884
2020-01-15 13:49:00,59.8577,52.3324
2020-01-15 13:50:00,50.0117,33.8142
2020-01-15 13:51:00,39.8103,33.2843
2020-01-15 13:52:00,27.1279,14.2852
2020-01-15 13:53:00,23.7048,23.545
2020-01-15 13:54:00,18.2525,16.9273
2020-01-15 13:55:00,19.8738,19.1492
2020-01-15 13:56:00,16.0739,12.1451
2020-01-15 13:57:00,13.4976,9.1984
2020-01-15 13:58:00,11.6622,13.643
2020-01-15 13:59:00,15.2588,22.9349
2020-01-15 14:00:00,28.4492,48.7697
2020-01-15 14:01:00,49.047,75.4364
2020-01-15 14:02:00,73.5802,96.5346
2020-01-15 14:03:00,89.6872,97.0905
2020-01-15 14:04:00,95.9795,94.3133
2020-01-15 14:05:00,94.8528,93.1547
2020-01-15 14:06:00,88.9801,79.4723
2020-01-15 14:07:00,77.8882,61.0377
2020-01-15 14:08:00,65.5758,56.2174
2020-01-15 14:09:00,60.3479,63.7887
2020-01-15 14:10:00,66.8541,80.5561
2020-01-15 14:11:00,75.8002,83.0557
2020-01-15 14:12:00,83.4128,86.6267
2020-01-15 14:13:00,85.0644,85.5109
2020-01-15 14:14:00,82.8521,76.4189
2020-01-15 14:15:00,79.5008,76.5727
2020-01-15 14:16:00,70.9678,59.9117
2020-01-15 14:17:00,61.8605,49.097
2020-01-15 14:18:00,44.2378,23.7047
2020-01-15 14:19:00,35.8724,34.8156
2020-01-15 14:20:00,38.766,57.7777
2020-01-15 14:21:00,56.1312,75.8002
2020-01-15 14:22:00,69.074,73.6441
2020-01-15 14:23:00,71.7703,65.8664
2020-01-15 14:24:00,65.6142,57.3319
2020-01-15 14:25:00,57.9213,50.5654
2020-01-15 14:26:00,48.1452,36.5382
2020-01-15 14:27:00,43.1904,42.4677
2020-01-15 14:28:00,45.0857,56.2512
2020-01-15 14:29:00,55.3276,67.2637
2020-01-15 14:30:00,64.7499,70.7349
2020-01-15 14:31:00,70.5499,73.6511
2020-01-15 14:32:00,74.6979,79.7078
2020-01-15 14:33:00,73.5953,67.4269
2020-01-15 14:34:00,65.6872,49.9267
2020-01-15 14:35:00,51.4593,37.0241
2020-01-15 14:36:00,44.2613,45.8331
2020-01-15 14:37:00,44.2855,49.9992
2020-01-15 14:38:00,50.2731,54.9869
2020-01-15 14:39:00,57.9185,68.7694
2020-01-15 14:40:00,65.1017,71.5487
2020-01-15 14:41:00,64.0985,51.9774
2020-01-15 14:42:00,47.6708,19.4865
2020-01-15 14:43:00,27.3071,10.4573
2020-01-15 14:44:00,16.939,20.8733
2020-01-15 14:45:00,21.0914,31.9438
2020-01-15 14:46:00,27.615,30.028
2020-01-15 14:47:00,36.4535,47.3888
2020-01-15 14:48:00,42.5828,50.3317
2020-01-15 14:49:00,49.2949,50.1642
2020-01-15 14:50:00,43.8592,31.0817
2020-01-15 14:51:00,35.8776,26.3867
2020-01-15 14:52:00,27.8089,25.9583
2020-01-15 14:53:00,25.1652,23.1506
2020-01-15 14:54:00,24.419,24.1482
2020-01-15 14:55:00,29.0529,39.8599
2020-01-15 14:56:00,41.3668,60.0922
2020-01-15 14:57:00,55.5072,66.5694
2020-01-15 14:58:00,59.713,52.4774
2020-01-15 14:59:00,50.1969,31.5438
2020-01-15 15:00:00,33.9202,17.7395
2020-01-15 15:01:00,19.6939,9.7985
2020-01-15 15:02:00,10.7171,4.6134
2020-01-15 15:03:00,9.2366,13.2979
2020-01-15 15:04:00,13.5785,22.8243
2020-01-15 15:05:00,22.582,31.6237
2020-01-15 15:06:00,28.4397,30.8712
2020-01-15 15:07:00,33.8756,39.1318
2020-01-15 15:08:00,40.8522,52.5537
2020-01-15 15:09:00,54.3019,71.2203
2020-01-15 15:10:00,59.788,55.5899
2020-01-15 15:11:00,61.7263,58.3687
2020-01-15 15:12:00,48.6775,32.0738
2020-01-15 15:13:00,39.5921,28.334
2020-01-15 15:14:00,26.5115,19.1269
2020-01-15 15:15:00,29.7265,41.7187
2020-01-15 15:16:00,38.3412,54.1781
2020-01-15 15:17:00,47.7237,47.2742
2020-01-15 15:18:00,48.3414,43.5718
2020-01-15 15:19:00,40.8548,31.7184
2020-01-15 15:20:00,35.5926,31.4877
2020-01-15 15:21:00,27.0429,17.9225
2020-01-15 15:22:00,23.6855,21.6464
2020-01-15 15:23:00,17.5191,12.9882
2020-01-15 15:24:00,15.2214,11.0297
2020-01-15 15:25:00,13.5727,16.7004
2020-01-15 15:26:00,18.6989,28.3667
2020-01-15 15:27:00,26.4427,34.2611
2020-01-15 15:28:00,30.1041,27.6844
2020-01-15 15:29:00,28.0017,22.0596
2020-01-15 15:30:00,24.5976,24.0488
2020-01-15 15:31:00,22.2444,20.6248
2020-01-15 15:32:00,21.5301,19.9167
2020-01-15 15:33:00,17.3658,11.5557
2020-01-15 15:34:00,15.5773,15.2595
2020-01-15 15:35:00,14.208,15.8089
2020-01-15 15:36:00,22.433,36.2307
2020-01-15 15:37:00,35.5962,54.7491
2020-01-15 15:38:00,52.1709,65.533
2020-01-15 15:39:00,60.4644,61.1111
2020-01-15 15:40:00,59.2181,51.0103
2020-01-15 15:41:00,50.056,38.0467
2020-01-15 15:42:00,36.0189,18.9997
2020-01-15 15:43:00,26.8638,23.5449
2020-01-15 15:44:00,27.7402,40.676
2020-01-15 15:45:00,38.0742,50.0016
2020-01-15 15:46:00,51.2142,62.9652
2020-01-15 15:47:00,61.0561,70.2015
2020-01-15 15:48:00,72.8817,85.4785
2020-01-15 15:49:00,80.6102,86.1506
2020-01-15 15:50:00,86.6229,88.2394
2020-01-15 15:51:00,87.2584,87.3852
2020-01-15 15:52:00,87.6222,87.242
2020-01-15 15:53:00,85.3176,81.3256
2020-01-15 15:54:00,75.5581,58.1066
2020-01-15 15:55:00,62.5833,48.3178
2020-01-15 15:56:00,52.1417,50.0007
2020-01-15 15:57:00,56.5011,71.185
2020-01-15 15:58:00,68.4445,84.1478
2020-01-15 15:59:00,79.8269,84.1478
2020-01-15 16:00:00,86.9627,92.5924
2020-01-16 09:31:00,88.2336,87.9605
2020-01-16 09:32:00,90.0362,89.5558
2020-01-16 09:33:00,87.0399,83.6033
2020-01-16 09:34:00,84.8827,81.4891
2020-01-16 09:35:00,81.5457,79.5446
2020-01-16 09:36:00,78.9018,75.6718
2020-01-16 09:37:00,78.062,78.9697
2020-01-16 09:38:00,80.456,86.7266
2020-01-16 09:39:00,87.4161,96.5519
2020-01-16 09:40:00,92.2888,93.588
2020-01-16 09:41:00,94.576,93.588
2020-01-16 09:42:00,92.5998,90.6234
2020-01-16 09:43:00,93.7489,97.0354
2020-01-16 09:44:00,93.7287,93.5272
2020-01-16 09:45:00,94.4152,92.6829
2020-01-16 09:46:00,92.9643,92.6829
2020-01-16 09:47:00,89.4248,82.9088
2020-01-16 09:48:00,82.9097,73.1376
2020-01-16 09:49:00,68.7569,50.2243
2020-01-16 09:50:00,51.1784,30.1733
2020-01-16 09:51:00,32.3571,16.6737
2020-01-16 09:52:00,17.7002,6.2536
2020-01-16 09:53:00,10.8915,9.7473
2020-01-16 09:54:00,6.4982,3.4936
2020-01-16 09:55:00,16.6893,36.827
2020-01-16 09:56:00,35.6624,66.6667
2020-01-16 09:57:00,64.5632,90.196
2020-01-16 09:58:00,81.6992,88.2348
2020-01-16 09:59:00,86.9594,82.4474
2020-01-16 10:00:00,81.6256,74.1947
2020-01-16 10:01:00,75.0376,68.4708
2020-01-16 10:02:00,69.6412,66.258
2020-01-16 10:03:00,70.5611,76.9546
2020-01-16 10:04:00,74.1505,79.2389
2020-01-16 10:05:00,80.661,85.7895
2020-01-16 10:06:00,84.8247,89.4456
2020-01-16 10:07:00,87.7402,87.9854
2020-01-16 10:08:00,88.0634,86.7591
2020-01-16 10:09:00,83.3514,75.3096
2020-01-16 10:10:00,76.6693,67.9391
2020-01-16 10:11:00,61.3277,40.7346
2020-01-16 10:12:00,45.3324,27.3236
2020-01-16 10:13:00,25.4267,8.2219
2020-01-16 10:14:00,14.2925,7.3319
2020-01-16 10:15:00,7.3874,6.6083
2020-01-16 10:16:00,14.5334,29.66
2020-01-16 10:17:00,25.7212,40.8952
2020-01-16 10:18:00,36.2091,38.0721
2020-01-16 10:19:00,32.354,18.0945
2020-01-16 10:20:00,20.1542,4.2961
2020-01-16 10:21:00,8.8467,4.1495
2020-01-16 10:22:00,5.0462,6.6931
2020-01-16 10:23:00,6.5444,8.7906
2020-01-16 10:24:00,8.1297,8.9054
2020-01-16 10:25:00,6.9946,3.2877
2020-01-16 10:26:00,9.3703,15.9178
2020-01-16 10:27:00,18.109,35.1216
2020-01-16 10:28:00,34.6825,53.008
2020-01-16 10:29:00,50.1923,62.4472
2020-01-16 10:30:00,58.4857,60.0018
2020-01-16 10:31:00,59.1282,54.9355
2020-01-16 10:32:00,50.9079,37.7865
2020-01-16 10:33:00,41.147,30.7188
2020-01-16 10:34:00,29.8171,20.9459
2020-01-16 10:35:00,26.626,28.2134
2020-01-16 10:36:00,27.3226,32.8084
2020-01-16 10:37:00,36.2722,47.7947
2020-01-16 10:38:00,39.6249,38.2716
2020-01-16 10:39:00,36.9603,24.8145
2020-01-16 10:40:00,26.1753,15.4397
2020-01-16 10:41:00,23.5582,30.4205
2020-01-16 10:42:00,32.43,51.4299
2020-01-16 10:43:00,48.8114,64.5837
2020-01-16 10:44:00,58.2847,58.8406
2020-01-16 10:45:00,56.4977,46.0689
2020-01-16 10:46:00,49.893,44.7695
2020-01-16 10:47:00,48.5547,54.8255
2020-01-16 10:48:00,58.8061,76.8233
2020-01-16 10:49:00,72.6066,86.1711
2020-01-16 10:50:00,83.502,87.5117
2020-01-16 10:51:00,77.4214,58.5813
2020-01-16 10:52:00,60.6186,35.7627
2020-01-16 10:53:00,35.5057,12.1732
2020-01-16 10:54:00,19.4433,10.394
2020-01-16 10:55:00,9.3062,5.3516
2020-01-16 10:56:00,6.7391,4.4718
2020-01-16 10:57:00,6.6014,9.9809
2020-01-16 10:58:00,9.5547,14.2114
2020-01-16 10:59:00,21.1753,39.3335
2020-01-16 11:00:00,34.3303,49.446
2020-01-16 11:02:00,50.0959,61.5082
2020-01-16 11:03:00,59.2209,66.7085
2020-01-16 11:04:00,67.5784,74.5186
2020-01-16 11:05:00,76.625,88.648
2020-01-16 11:06:00,83.4992,87.331
2020-01-16 11:07:00,90.5521,95.6773
2020-01-16 11:08:00,91.0826,90.2396
2020-01-16 11:09:00,88.3673,79.1848
2020-01-16 11:10:00,78.5147,66.1195
2020-01-16 11:11:00,62.2205,41.357
2020-01-16 11:12:00,44.2446,25.2572
2020-01-16 11:13:00,25.1578,8.8592
2020-01-16 11:14:00,14.748,10.1276
2020-01-16 11:15:00,9.6677,10.0164
2020-01-16 11:16:00,9.8305,9.3474
2020-01-16 11:17:00,8.8514,7.1903
2020-01-16 11:18:00,7.3806,5.604
2020-01-16 11:19:00,6.9211,7.969
2020-01-16 11:20:00,12.2917,23.3022
2020-01-16 11:21:00,22.7286,36.9146
2020-01-16 11:22:00,38.2176,54.4359
2020-01-16 11:23:00,44.7494,42.8978
2020-01-16 11:24:00,45.2651,38.4616
2020-01-16 11:25:00,37.8035,32.051
2020-01-16 11:26:00,36.7551,39.7527
2020-01-16 11:27:00,36.776,38.5244
2020-01-16 11:28:00,43.8509,53.2757
2020-01-16 11:29:00,54.5395,71.8185
2020-01-16 11:30:00,72.4518,92.2611
2020-01-16 11:31:00,84.7785,90.256
2020-01-16 11:32:00,89.4614,85.8671
2020-01-16 11:33:00,80.4916,65.3517
2020-01-16 11:34:00,66.0897,47.0504
2020-01-16 11:35:00,46.3784,26.733
2020-01-16 11:36:00,32.9827,25.1647
2020-01-16 11:37:00,27.8343,31.6052
2020-01-16 11:38:00,34.1099,45.5597
2020-01-16 11:39:00,47.6433,65.7649
2020-01-16 11:40:00,58.4321,63.9716
2020-01-16 11:41:00,67.0739,71.4852
2020-01-16 11:42:00,69.2177,72.1962
2020-01-16 11:43:00,74.0952,78.6041
2020-01-16 11:44:00,73.3799,69.3392
2020-01-16 11:45:00,68.5386,57.6725
2020-01-16 11:46:00,60.654,54.9503
2020-01-16 11:47:00,53.2898,47.2467
2020-01-16 11:48:00,47.6023,40.6099
2020-01-16 11:49:00,39.5155,30.69
2020-01-16 11:50:00,31.8622,24.2868
2020-01-16 11:51:00,23.9426,16.8511
2020-01-16 11:52:00,18.142,13.2881
2020-01-16 11:53:00,15.8618,17.4463
2020-01-16 11:54:00,18.882,25.9117
2020-01-16 11:55:00,24.1037,28.953
2020-01-16 11:56:00,27.0816,26.38
2020-01-16 11:57:00,24.5176,18.2198
2020-01-16 11:58:00,18.865,11.9952
2020-01-16 11:59:00,17.8686,23.3909
2020-01-16 12:00:00,23.7475,35.8564
2020-01-16 12:01:00,36.3307,49.7447
2020-01-16 12:02:00,44.1897,46.968
2020-01-16 12:03:00,52.7145,61.4308
2020-01-16 12:04:00,57.1496,63.0499
2020-01-16 12:05:00,61.4896,59.9883
2020-01-16 12:06:00,55.838,44.4759
2020-01-16 12:07:00,47.7182,38.6905
2020-01-16 12:08:00,37.3446,28.8672
2020-01-16 12:09:00,32.8797,31.0813
2020-01-16 12:10:00,32.8618,38.637
2020-01-16 12:11:00,40.5539,51.9435
2020-01-16 12:12:00,47.5638,52.1109
2020-01-16 12:13:00,46.7586,36.2214
2020-01-16 12:14:00,36.3884,20.8327
2020-01-16 12:15:00,22.427,10.2268
2020-01-16 12:16:00,17.4338,21.242
2020-01-16 12:17:00,24.3604,41.6124
2020-01-16 12:18:00,35.5799,43.8854
2020-01-16 12:19:00,39.2155,32.1487
2020-01-16 12:20:00,31.7277,19.1491
2020-01-16 12:21:00,22.4139,15.9438
2020-01-16 12:22:00,16.6277,14.7904
2020-01-16 12:23:00,15.9151,17.011
2020-01-16 12:24:00,19.3477,26.2416
2020-01-16 12:25:00,27.8153,40.1933
2020-01-16 12:26:00,42.8576,62.1378
2020-01-16 12:27:00,58.7298,73.8581
2020-01-16 12:28:00,73.6875,85.0666
2020-01-16 12:29:00,78.4574,76.4474
2020-01-16 12:30:00,77.294,70.3679
2020-01-16 12:31:00,68.6745,59.2082
2020-01-16 12:32:00,65.8925,68.1013
2020-01-16 12:33:00,67.9353,76.4965
2020-01-16 12:34:00,78.6125,91.2398
2020-01-16 12:35:00,86.4964,91.7529
2020-01-16 12:36:00,91.6249,91.882
2020-01-16 12:37:00,89.4304,84.6564
2020-01-16 12:38:00,83.6976,74.5546
2020-01-16 12:39:00,76.3503,69.8398
2020-01-16 12:40:00,67.1785,57.1412
2020-01-16 12:41:00,55.634,39.9209
2020-01-16 12:42:00,37.7245,16.1116
2020-01-16 12:43:00,21.7333,9.1675
2020-01-16 12:44:00,10.3204,5.682
2020-01-16 12:45:00,10.1616,15.6354
2020-01-16 12:46:00,20.6615,40.6672
2020-01-16 12:47:00,42.8515,72.2519
2020-01-16 12:48:00,66.9229,87.8496
2020-01-16 12:49:00,81.8019,85.3044
2020-01-16 12:50:00,86.2305,85.5375
2020-01-16 12:51:00,83.9387,80.9742
2020-01-16 12:52:00,80.4486,74.8341
2020-01-16 12:53:00,75.103,69.5007
2020-01-16 12:54:00,72.4518,73.0206
2020-01-16 12:55:00,65.8771,55.1099
2020-01-16 12:56:00,58.4223,47.1365
2020-01-16 12:57:00,49.0425,44.8811
2020-01-16 12:58:00,50.3367,58.9926
2020-01-16 12:59:00,51.8865,51.7857
2020-01-16 13:00:00,49.9452,39.0574
2020-01-16 13:01:00,45.586,45.9148
2020-01-16 13:02:00,44.1338,47.4293
2020-01-16 13:03:00,53.0088,65.6822
2020-01-16 13:04:00,61.9258,72.6659
2020-01-16 13:05:00,74.4134,84.892
2020-01-16 13:06:00,81.2797,86.2812
2020-01-16 13:07:00,85.3551,84.892
2020-01-16 13:08:00,81.2634,72.6169
2020-01-16 13:09:00,78.0978,76.7844
2020-01-16 13:10:00,65.6733,47.6185
2020-01-16 13:11:00,53.3196,35.556
2020-01-16 13:12:00,31.4287,11.1117
2020-01-16 13:13:00,19.2703,11.1432
2020-01-16 13:14:00,12.5368,15.3556
2020-01-16 13:15:00,12.0998,9.8006
2020-01-16 13:16:00,16.4041,24.0561
2020-01-16 13:17:00,22.2807,32.9854
2020-01-16 13:18:00,39.234,60.6604
2020-01-16 13:19:00,46.6731,46.3734
2020-01-16 13:20:00,46.0143,31.009
2020-01-16 13:21:00,29.5013,11.1216
2020-01-16 13:22:00,18.7716,14.1843
2020-01-16 13:23:00,14.0186,16.75
2020-01-16 13:24:00,17.2075,20.6883
2020-01-16 13:25:00,25.7625,39.8493
2020-01-16 13:26:00,40.0149,59.5072
2020-01-16 13:27:00,54.293,63.5224
2020-01-16 13:28:00,65.8873,74.6321
2020-01-16 13:29:00,69.5015,70.35
2020-01-16 13:30:00,73.9662,76.9164
2020-01-16 13:31:00,67.3202,54.6942
2020-01-16 13:32:00,64.9731,63.3088
2020-01-16 13:33:00,60.7037,64.1079
2020-01-16 13:34:00,68.6449,78.5179
2020-01-16 13:35:00,75.4351,83.6794
2020-01-16 13:36:00,84.2464,90.5419
2020-01-16 13:37:00,90.8585,98.3541
2020-01-16 13:38:00,95.5943,97.887
2020-01-16 13:39:00,96.2926,92.6366
2020-01-16 13:40:00,93.0788,88.7127
2020-01-16 13:41:00,89.5454,87.2869
2020-01-16 13:42:00,87.5876,86.763
2020-01-16 13:43:00,84.0753,78.1759
2020-01-16 13:44:00,74.7941,59.4434
2020-01-16 13:45:00,63.4554,52.7469
2020-01-16 13:46:00,52.8993,46.5075
2020-01-16 13:47:00,50.6998,52.8451
2020-01-16 13:48:00,48.5507,46.2996
2020-01-16 13:49:00,46.3432,39.885
2020-01-16 13:50:00,38.2339,28.5172
2020-01-16 13:51:00,31.9888,27.5641
2020-01-16 13:52:00,28.863,30.5078
2020-01-16 13:53:00,33.8392,43.4458
2020-01-16 13:54:00,44.3554,59.1126
2020-01-16 13:55:00,55.3714,63.5558
2020-01-16 13:56:00,66.7569,77.6022
2020-01-16 13:57:00,74.3644,81.935
2020-01-16 13:58:00,86.4057,99.6799
2020-01-16 13:59:00,91.6383,93.3
2020-01-16 14:00:00,94.5007,90.5222
2020-01-16 14:01:00,88.4289,81.4645
2020-01-16 14:02:00,84.0921,80.2895
2020-01-16 14:03:00,80.0559,78.4138
2020-01-16 14:04:00,75.4027,67.5047
2020-01-16 14:05:00,64.2316,46.7762
2020-01-16 14:06:00,49.6813,34.763
2020-01-16 14:07:00,45.2017,54.0659
2020-01-16 14:08:00,55.0339,76.2727
2020-01-16 14:09:00,74.4165,92.9108
2020-01-16 14:10:00,86.5868,90.5769
2020-01-16 14:11:00,91.0068,89.5329
2020-01-16 14:12:00,88.596,85.6781
2020-01-16 14:13:00,80.0369,64.8998
2020-01-16 14:14:00,66.2141,48.0645
2020-01-16 14:15:00,53.9608,48.9181
2020-01-16 14:16:00,53.3956,63.2042
2020-01-16 14:17:00,64.3007,80.7799
2020-01-16 14:18:00,75.5755,82.7424
2020-01-16 14:19:00,82.4637,83.8687
2020-01-16 14:20:00,80.2625,74.1763
2020-01-16 14:21:00,70.3555,53.0214
2020-01-16 14:22:00,55.4646,39.196
2020-01-16 14:23:00,42.5908,35.5549
2020-01-16 14:24:00,38.1157,39.5961
2020-01-16 14:25:00,35.5556,31.5159
2020-01-16 14:26:00,36.1145,37.2314
2020-01-16 14:27:00,37.6643,44.2455
2020-01-16 14:28:00,51.9526,74.381
2020-01-16 14:29:00,67.3881,83.5379
2020-01-16 14:30:00,81.9683,87.9861
2020-01-16 14:31:00,81.9099,74.2057
2020-01-16 14:32:00,74.8911,62.4815
2020-01-16 14:33:00,59.1056,40.6296
2020-01-16 14:34:00,48.8485,43.4343
2020-01-16 14:35:00,41.7675,41.2386
2020-01-16 14:36:00,42.8011,43.7304
2020-01-16 14:37:00,38.0562,29.1998
2020-01-16 14:38:00,32.4893,24.5378
2020-01-16 14:39:00,26.9418,27.088
2020-01-16 14:40:00,27.6843,31.4271
2020-01-16 14:41:00,37.8841,55.1372
2020-01-16 14:42:00,51.2486,67.1817
2020-01-16 14:43:00,67.1041,78.9935
2020-01-16 14:44:00,63.9451,45.6602
2020-01-16 14:45:00,50.4049,26.5609
2020-01-16 14:46:00,26.3239,6.7506
2020-01-16 14:47:00,13.9712,8.6022
2020-01-16 14:48:00,10.9922,17.6237
2020-01-16 14:49:00,21.6013,38.5781
2020-01-16 14:50:00,40.2353,64.5041
2020-01-16 14:51:00,61.4621,81.3042
2020-01-16 14:52:00,76.4391,83.5091
2020-01-16 14:53:00,78.5378,70.8001
2020-01-16 14:54:00,71.0678,58.8944
2020-01-16 14:55:00,63.0501,59.4558
2020-01-16 14:56:00,63.4863,72.1088
2020-01-16 14:57:00,70.9096,81.1643
2020-01-16 14:58:00,80.0164,86.776
2020-01-16 14:59:00,84.6594,86.0378
2020-01-16 15:00:00,86.7048,87.3007
2020-01-16 15:01:00,84.8162,81.1102
2020-01-16 15:02:00,81.5865,76.3484
2020-01-16 15:03:00,72.9089,61.2682
2020-01-16 15:04:00,61.2153,46.0293
2020-01-16 15:05:00,45.5534,29.3626
2020-01-16 15:06:00,30.9502,17.4587
2020-01-16 15:07:00,18.6286,9.0643
2020-01-16 15:08:00,11.3053,7.3929
2020-01-16 15:09:00,11.6536,18.5035
2020-01-16 15:10:00,18.5685,29.8091
2020-01-16 15:11:00,25.709,28.8143
2020-01-16 15:12:00,25.4424,17.7036
2020-01-16 15:13:00,17.3413,5.5061
2020-01-16 15:14:00,12.577,14.5213
2020-01-16 15:15:00,16.278,28.8065
2020-01-16 15:16:00,31.8146,52.1158
2020-01-16 15:17:00,51.4892,73.5454
2020-01-16 15:18:00,63.2275,64.0213
2020-01-16 15:19:00,66.4901,61.9037
2020-01-16 15:20:00,60.2946,54.9588
2020-01-16 15:21:00,66.7978,83.531
2020-01-16 15:22:00,73.626,82.3882
2020-01-16 15:23:00,84.6452,88.0163
2020-01-16 15:24:00,84.3361,82.6039
2020-01-16 15:25:00,81.818,74.834
2020-01-16 15:26:00,68.3549,47.6268
2020-01-16 15:27:00,48.2826,22.3872
2020-01-16 15:28:00,27.2959,11.8738
2020-01-16 15:29:00,17.3211,17.7023
2020-01-16 15:30:00,16.9822,21.3704
2020-01-16 15:31:00,22.7101,29.0576
2020-01-16 15:32:00,26.9178,30.3253
2020-01-16 15:33:00,30.1671,31.1185
2020-01-16 15:34:00,30.0053,28.5722
2020-01-16 15:35:00,35.2673,46.1113
2020-01-16 15:36:00,48.3783,70.4512
2020-01-16 15:37:00,69.3483,91.4822
2020-01-16 15:38:00,84.6661,92.0649
2020-01-16 15:39:00,90.1727,86.971
2020-01-16 15:40:00,80.3231,61.9335
2020-01-16 15:41:00,61.064,34.2875
2020-01-16 15:42:00,39.4684,22.1841
2020-01-16 15:43:00,27.0729,24.747
2020-01-16 15:44:00,23.8921,24.7453
2020-01-16 15:45:00,27.373,32.6265
2020-01-16 15:46:00,36.8452,53.1637
2020-01-16 15:47:00,53.6733,75.2296
2020-01-16 15:48:00,70.1153,81.9526
2020-01-16 15:49:00,79.0613,80.0017
2020-01-16 15:50:00,77.5543,70.7085
2020-01-16 15:51:00,68.2169,53.9404
2020-01-16 15:52:00,55.555,42.0161
2020-01-16 15:53:00,43.4089,34.2702
2020-01-16 15:54:00,35.151,29.1666
2020-01-16 15:55:00,30.0474,26.7053
2020-01-16 15:56:00,33.3902,44.2985
2020-01-16 15:57:00,40.1351,49.4016
2020-01-16 15:58:00,49.6673,55.3019
2020-01-16 15:59:00,53.0264,54.3758
2020-01-16 16:00:00,60.6441,72.2548
2020-01-17 09:31:00,67.4851,75.8248
2020-01-17 09:32:00,73.8506,73.4722
2020-01-17 09:33:00,68.4115,55.9375
2020-01-17 09:34:00,60.8138,53.0318
2020-01-17 09:35:00,48.8395,37.5492
2020-01-17 09:36:00,42.799,37.816
2020-01-17 09:37:00,31.7537,19.8958
2020-01-17 09:38:00,32.6402,40.2089
2020-01-17 09:39:00,34.2405,42.6169
2020-01-17 09:40:00,46.5862,56.9328
2020-01-17 09:41:00,51.4854,54.9065
2020-01-17 09:42:00,55.9985,56.1563
2020-01-17 09:43:00,56.0748,57.1617
2020-01-17 09:44:00,59.7627,65.97
2020-01-17 09:45:00,64.7619,71.154
2020-01-17 09:46:00,75.1216,88.2407
2020-01-17 09:47:00,82.5451,88.2407
2020-01-17 09:48:00,87.3987,85.7148
2020-01-17 09:49:00,82.7242,74.217
2020-01-17 09:50:00,78.0496,74.217
2020-01-17 09:51:00,78.9787,88.5022
2020-01-17 09:52:00,87.3961,99.4691
2020-01-17 09:53:00,93.2754,91.855
2020-01-17 09:54:00,91.9468,84.5164
2020-01-17 09:55:00,78.3077,58.5517
2020-01-17 09:56:00,61.8929,42.6106
2020-01-17 09:57:00,39.2594,16.6159
2020-01-17 09:58:00,24.2393,13.4914
2020-01-17 09:59:00,12.0023,5.8995
2020-01-17 10:00:00,12.0274,16.6913
2020-01-17 10:01:00,19.1072,34.7307
2020-01-17 10:02:00,33.4489,48.9246
2020-01-17 10:03:00,45.5809,53.0875
2020-01-17 10:04:00,50.4549,49.3526
2020-01-17 10:05:00,48.6521,43.5162
2020-01-17 10:06:00,46.8232,47.6007
2020-01-17 10:07:00,48.7041,54.9954
2020-01-17 10:08:00,54.5712,61.1176
2020-01-17 10:09:00,62.5779,71.6207
2020-01-17 10:10:00,65.6573,64.2336
2020-01-17 10:11:00,67.6222,67.0122
2020-01-17 10:12:00,64.9688,63.6606
2020-01-17 10:13:00,61.5471,53.9683
2020-01-17 10:14:00,61.8287,67.8571
2020-01-17 10:15:00,62.7863,66.5335
2020-01-17 10:16:00,72.5303,83.2003
2020-01-17 10:17:00,76.5335,79.8669
2020-01-17 10:18:00,83.1876,86.4958
2020-01-17 10:19:00,83.9391,85.4547
2020-01-17 10:20:00,81.3573,72.1214
2020-01-17 10:21:00,71.1598,55.9034
2020-01-17 10:22:00,57.3634,44.0654
2020-01-17 10:23:00,48.5163,45.5803
2020-01-17 10:24:00,43.6739,41.3762
2020-01-17 10:25:00,43.6752,44.0692
2020-01-17 10:26:00,46.3826,53.7024
2020-01-17 10:27:00,57.4481,74.5726
2020-01-17 10:28:00,73.7891,93.0922
2020-01-17 10:29:00,86.6302,92.2256
2020-01-17 10:30:00,89.644,83.6142
2020-01-17 10:31:00,76.326,53.1383
2020-01-17 10:32:00,58.203,37.8564
2020-01-17 10:33:00,40.7286,31.1911
2020-01-17 10:34:00,37.3988,43.1488
2020-01-17 10:35:00,35.2741,31.4824
2020-01-17 10:36:00,32.0378,21.482
2020-01-17 10:37:00,20.0367,7.1456
2020-01-17 10:38:00,15.433,17.6715
2020-01-17 10:39:00,13.1334,14.5831
2020-01-17 10:40:00,17.0873,19.0073
2020-01-17 10:41:00,16.972,17.3256
2020-01-17 10:42:00,19.4154,21.9133
2020-01-17 10:43:00,19.5826,19.5088
2020-01-17 10:44:00,20.7397,20.7969
2020-01-17 10:45:00,24.4,32.8943
2020-01-17 10:46:00,37.4736,58.7296
2020-01-17 10:47:00,57.424,80.6482
2020-01-17 10:48:00,77.6912,93.696
2020-01-17 10:49:00,89.133,93.0548
2020-01-17 10:50:00,83.6152,64.0949
2020-01-17 10:51:00,64.0193,34.9082
2020-01-17 10:52:00,37.5954,13.7832
2020-01-17 10:53:00,21.97,17.2186
2020-01-17 10:54:00,17.8877,22.6614
2020-01-17 10:55:00,21.6302,25.0106
2020-01-17 10:56:00,25.7046,29.4419
2020-01-17 10:57:00,34.6633,49.5374
2020-01-17 10:58:00,49.0856,68.2774
2020-01-17 10:59:00,65.7054,79.3014
2020-01-17 11:00:00,76.85,82.9711
2020-01-17 11:01:00,83.0341,86.8298
2020-01-17 11:02:00,88.3172,95.1506
2020-01-17 11:03:00,92.3772,95.1512
2020-01-17 11:04:00,95.6767,96.7282
2020-01-17 11:05:00,95.9056,95.8375
2020-01-17 11:06:00,89.7241,76.6067
2020-01-17 11:07:00,74.7641,51.8481
2020-01-17 11:08:00,56.3474,40.5873
2020-01-17 11:09:00,47.7206,50.7265
2020-01-17 11:10:00,49.6192,57.5438
2020-01-17 11:11:00,53.6657,52.7267
2020-01-17 11:12:00,50.6965,41.8189
2020-01-17 11:13:00,43.5405,36.0758
2020-01-17 11:14:00,34.6566,26.0752
2020-01-17 11:15:00,26.353,16.9081
2020-01-17 11:16:00,21.1594,20.4948
2020-01-17 11:17:00,23.8106,34.0288
2020-01-17 11:18:00,33.2606,45.2581
2020-01-17 11:19:00,40.5166,42.263
2020-01-17 11:20:00,43.1945,42.0625
2020-01-17 11:21:00,44.9479,50.5181
2020-01-17 11:22:00,52.6995,65.518
2020-01-17 11:23:00,63.6044,74.7771
2020-01-17 11:24:00,70.4191,70.9624
2020-01-17 11:25:00,72.9281,73.0449
2020-01-17 11:26:00,74.3572,79.0644
2020-01-17 11:27:00,80.9662,90.7894
2020-01-17 11:28:00,85.3964,86.3354
2020-01-17 11:29:00,84.0729,75.0939
2020-01-17 11:30:00,74.9099,63.3005
2020-01-17 11:31:00,62.0578,47.779
2020-01-17 11:32:00,50.4767,40.3505
2020-01-17 11:33:00,43.7876,43.2333
2020-01-17 11:34:00,50.4874,67.8783
2020-01-17 11:35:00,64.414,82.1305
2020-01-17 11:36:00,78.7593,86.2691
2020-01-17 11:37:00,82.6528,79.5587
2020-01-17 11:38:00,76.2764,63.0014
2020-01-17 11:39:00,61.7457,42.6771
2020-01-17 11:40:00,42.6918,22.3969
2020-01-17 11:41:00,29.4687,23.3323
2020-01-17 11:42:00,23.0207,23.333
2020-01-17 11:43:00,21.7457,18.5719
2020-01-17 11:44:00,17.4124,10.3323
2020-01-17 11:45:00,19.4038,29.3072
2020-01-17 11:46:00,31.5293,54.9483
2020-01-17 11:47:00,46.8884,56.4098
2020-01-17 11:48:00,50.7939,41.0235
2020-01-17 11:49:00,41.0066,25.5864
2020-01-17 11:50:00,32.7698,31.6996
2020-01-17 11:52:00,32.91,41.4441
2020-01-17 11:53:00,37.4501,39.2066
2020-01-17 11:54:00,45.0944,54.6324
2020-01-17 11:55:00,49.0089,53.1878
2020-01-17 11:56:00,57.9274,65.962
2020-01-17 11:57:00,59.0509,58.003
2020-01-17 11:58:00,60.8201,58.4952
2020-01-17 11:59:00,57.7666,56.8017
2020-01-17 12:00:00,55.8923,52.3801
2020-01-17 12:01:00,53.8539,52.3801
2020-01-17 12:02:00,48.1142,39.5826
2020-01-17 12:03:00,44.0244,40.1104
2020-01-17 12:04:00,35.1725,25.8244
2020-01-17 12:05:00,33.265,33.86
2020-01-17 12:06:00,32.8246,38.7893
2020-01-17 12:07:00,45.0826,62.5985
2020-01-17 12:08:00,59.1592,76.0899
2020-01-17 12:09:00,70.5674,73.0137
2020-01-17 12:10:00,70.9969,63.8872
2020-01-17 12:11:00,66.0033,61.109
2020-01-17 12:12:00,64.813,69.4429
2020-01-17 12:13:00,67.591,72.2212
2020-01-17 12:14:00,74.0734,80.5561
2020-01-17 12:15:00,79.5442,85.8552
2020-01-17 12:16:00,87.2469,95.3295
2020-01-17 12:17:00,90.3555,89.8818
2020-01-17 12:18:00,91.9848,90.7432
2020-01-17 12:19:00,87.9153,83.1209
2020-01-17 12:20:00,85.6348,83.0404
2020-01-17 12:21:00,81.9396,79.6574
2020-01-17 12:22:00,82.4995,84.8006
2020-01-17 12:23:00,75.67,62.552
2020-01-17 12:24:00,68.1163,56.9962
2020-01-17 12:25:00,54.6649,44.4466
2020-01-17 12:26:00,51.4074,52.7794
2020-01-17 12:27:00,51.854,58.336
2020-01-17 12:28:00,61.4541,73.2469
2020-01-17 12:29:00,74.7579,92.6908
2020-01-17 12:30:00,88.061,98.2453
2020-01-17 12:31:00,93.873,90.6828
2020-01-17 12:32:00,91.1907,84.644
2020-01-17 12:33:00,84.7698,78.9827
2020-01-17 12:34:00,80.5862,78.1319
2020-01-17 12:35:00,79.9047,82.5994
2020-01-17 12:36:00,80.8947,81.9529
2020-01-17 12:37:00,83.0946,84.7316
2020-01-17 12:38:00,84.3236,86.2864
2020-01-17 12:39:00,86.3557,88.049
2020-01-17 12:40:00,88.9436,92.4954
2020-01-17 12:41:00,90.3132,90.3951
2020-01-17 12:42:00,91.6003,91.9105
2020-01-17 12:43:00,84.4864,71.1535
2020-01-17 12:44:00,68.4899,42.4057
2020-01-17 12:45:00,43.8999,18.1405
2020-01-17 12:46:00,24.98,14.3936
2020-01-17 12:47:00,18.9902,24.4365
2020-01-17 12:48:00,22.3531,28.2292
2020-01-17 12:49:00,28.954,34.1962
2020-01-17 12:50:00,35.4535,43.9349
2020-01-17 12:51:00,47.1336,63.2698
2020-01-17 12:52:00,54.1085,55.1207
2020-01-17 12:53:00,52.2722,38.4261
2020-01-17 12:54:00,37.0467,17.5933
2020-01-17 12:55:00,24.6916,18.0553
2020-01-17 12:56:00,16.9043,15.0642
2020-01-17 12:57:00,13.2836,6.7312
2020-01-17 12:58:00,12.1529,14.6634
2020-01-17 12:59:00,16.4273,27.8874
2020-01-17 13:00:00,31.8128,52.8877
2020-01-17 13:01:00,40.5214,40.789
2020-01-17 13:02:00,45.7808,43.6658
2020-01-17 13:03:00,34.3736,18.6661
2020-01-17 13:04:00,29.7771,26.9992
2020-01-17 13:05:00,22.1663,20.8334
2020-01-17 13:06:00,24.7404,26.3884
2020-01-17 13:07:00,26.3887,31.9442
2020-01-17 13:08:00,35.4492,48.0149
2020-01-17 13:09:00,51.9172,75.7925
2020-01-17 13:10:00,71.5703,90.9034
2020-01-17 13:11:00,86.486,92.7621
2020-01-17 13:12:00,89.5282,84.919
2020-01-17 13:13:00,83.8075,73.7415
2020-01-17 13:14:00,71.7685,56.645
2020-01-17 13:15:00,60.5134,51.1537
2020-01-17 13:16:00,50.2182,42.8557
2020-01-17 13:17:00,43.3839,36.1421
2020-01-17 13:18:00,38.0627,35.1902
2020-01-17 13:19:00,33.1109,28.0003
2020-01-17 13:20:00,31.8941,32.4919
2020-01-17 13:21:00,30.9944,32.4911
2020-01-17 13:22:00,33.38,35.157
2020-01-17 13:23:00,37.9719,46.2677
2020-01-17 13:24:00,45.1042,53.888
2020-01-17 13:25:00,60.7923,82.2213
2020-01-17 13:26:00,73.9168,85.6412
2020-01-17 13:27:00,83.1681,81.6419
2020-01-17 13:28:00,81.8641,78.3091
2020-01-17 13:29:00,81.2696,83.8578
2020-01-17 13:30:00,82.0912,84.1066
2020-01-17 13:31:00,82.3569,79.1064
2020-01-17 13:32:00,79.5632,75.4765
2020-01-17 13:33:00,79.5544,84.0804
2020-01-17 13:34:00,82.4344,87.7462
2020-01-17 13:35:00,88.4262,93.4522
2020-01-17 13:36:00,87.5248,81.376
2020-01-17 13:37:00,77.6982,58.2665
2020-01-17 13:38:00,61.45,44.7076
2020-01-17 13:39:00,44.4914,30.5002
2020-01-17 13:40:00,37.0875,36.0547
2020-01-17 13:41:00,32.0788,29.6815
2020-01-17 13:42:00,30.0604,24.445
2020-01-17 13:43:00,23.4122,16.1102
2020-01-17 13:44:00,24.6289,33.3314
2020-01-17 13:45:00,38.0075,64.581
2020-01-17 13:46:00,63.4107,92.3197
2020-01-17 13:47:00,83.5365,93.7089
2020-01-17 13:48:00,90.9575,86.8438
2020-01-17 13:49:00,86.8217,79.9125
2020-01-17 13:50:00,81.7599,78.5234
2020-01-17 13:51:00,81.2748,85.3885
2020-01-17 13:52:00,81.2995,79.9868
2020-01-17 13:53:00,75.1376,60.0377
2020-01-17 13:54:00,57.5057,32.4926
2020-01-17 13:55:00,36.8484,18.0149
2020-01-17 13:56:00,20.5403,11.1135
2020-01-17 13:57:00,15.9108,18.604
2020-01-17 13:58:00,19.8619,29.8683
2020-01-17 13:59:00,27.9089,35.2543
2020-01-17 14:00:00,34.7775,39.2099
2020-01-17 14:01:00,36.8701,36.146
2020-01-17 14:02:00,41.5445,49.2777
2020-01-17 14:03:00,45.4613,50.9601
2020-01-17 14:04:00,47.3571,41.8336
2020-01-17 14:05:00,37.9735,21.1268
2020-01-17 14:06:00,26.7658,17.337
2020-01-17 14:07:00,20.0894,21.8045
2020-01-17 14:08:00,22.3949,28.0431
2020-01-17 14:09:00,24.5784,23.8877
2020-01-17 14:10:00,27.1308,29.4615
2020-01-17 14:11:00,35.9632,54.5406
2020-01-17 14:12:00,51.3454,70.0343
2020-01-17 14:13:00,71.7076,90.548
2020-01-17 14:14:00,79.1151,76.7629
2020-01-17 14:15:00,80.374,73.8111
2020-01-17 14:16:00,69.2395,57.1444
2020-01-17 14:17:00,64.3821,62.1907
2020-01-17 14:18:00,62.9052,69.3806
2020-01-17 14:19:00,70.9525,81.2861
2020-01-17 14:20:00,78.0163,83.3824
2020-01-17 14:21:00,73.2231,55.0009
2020-01-17 14:22:00,56.5407,31.2389
2020-01-17 14:23:00,34.8669,18.3609
2020-01-17 14:24:00,25.1601,25.8805
2020-01-17 14:25:00,22.7809,24.1013
2020-01-17 14:26:00,23.0346,19.1219
2020-01-17 14:27:00,18.8133,13.2165
2020-01-17 14:28:00,18.1193,22.0195
2020-01-17 14:29:00,18.6883,20.8288
2020-01-17 14:30:00,20.6083,18.9765
2020-01-17 14:31:00,17.038,11.3087
2020-01-17 14:32:00,12.456,7.0828
2020-01-17 14:33:00,10.0788,11.8448
2020-01-17 14:34:00,10.2206,11.734
2020-01-17 14:35:00,15.3209,22.3838
2020-01-17 14:36:00,20.0279,25.9659
2020-01-17 14:37:00,25.0117,26.6853
2020-01-17 14:38:00,29.3307,35.341
2020-01-17 14:39:00,34.7244,42.1469
2020-01-17 14:40:00,45.3774,58.6443
2020-01-17 14:41:00,51.2929,53.0875
2020-01-17 14:42:00,58.1788,62.8045
2020-01-17 14:43:00,57.6548,57.0724
2020-01-17 14:44:00,53.428,40.407
2020-01-17 14:45:00,45.081,37.7635
2020-01-17 14:46:00,43.8866,53.4894
2020-01-17 14:47:00,58.644,84.6792
2020-01-17 14:48:00,76.5971,91.6228
2020-01-17 14:49:00,88.0497,87.8471
2020-01-17 14:50:00,87.3899,82.6996
2020-01-17 14:51:00,81.1748,72.9775
2020-01-17 14:52:00,70.3881,55.4872
2020-01-17 14:53:00,56.3405,40.5567
2020-01-17 14:54:00,42.7558,32.2234
2020-01-17 14:55:00,37.224,38.8919
2020-01-17 14:56:00,39.9094,48.613
2020-01-17 14:57:00,48.9744,59.4182
2020-01-17 14:58:00,53.9269,53.7495
2020-01-17 14:59:00,55.6354,53.7385
2020-01-17 15:00:00,54.3731,55.6313
2020-01-17 15:01:00,56.3182,59.5849
2020-01-17 15:02:00,62.437,72.0948
2020-01-17 15:03:00,71.0748,81.5448
2020-01-17 15:04:00,78.9282,83.145
2020-01-17 15:05:00,75.2042,60.9228
2020-01-17 15:06:00,58.3541,30.9945
2020-01-17 15:07:00,36.675,18.1076
2020-01-17 15:08:00,19.1445,8.3315
2020-01-17 15:09:00,10.5909,5.3336
2020-01-17 15:10:00,5.6505,3.2862
2020-01-17 15:11:00,3.5761,2.1085
2020-01-17 15:12:00,3.3948,4.7896
2020-01-17 15:13:00,4.6635,7.0923
2020-01-17 15:14:00,11.8205,23.5796
2020-01-17 15:15:00,25.7209,46.4906
2020-01-17 15:16:00,48.6575,75.9022
2020-01-17 15:17:00,70.5651,89.3026
2020-01-17 15:18:00,86.2947,93.6792
2020-01-17 15:19:00,86.6646,77.0121
2020-01-17 15:20:00,76.8742,59.9315
2020-01-17 15:21:00,61.7743,48.3795
2020-01-17 15:22:00,55.0081,56.7133
2020-01-17 15:23:00,59.3363,72.9163
2020-01-17 15:24:00,68.6727,76.3886
2020-01-17 15:25:00,78.0089,84.7219
2020-01-17 15:26:00,82.944,87.7217
2020-01-17 15:27:00,89.8079,96.9801
2020-01-17 15:28:00,90.8073,87.7203
2020-01-17 15:29:00,85.6403,72.2206
2020-01-17 15:30:00,67.6873,43.121
2020-01-17 15:31:00,47.5741,27.3808
2020-01-17 15:32:00,34.0238,31.5697
2020-01-17 15:33:00,38.1098,55.379
2020-01-17 15:34:00,53.395,73.2364
2020-01-17 15:35:00,63.507,61.9055
2020-01-17 15:36:00,58.1748,39.3826
2020-01-17 15:37:00,38.7774,15.0441
2020-01-17 15:38:00,24.3036,18.4843
2020-01-17 15:39:00,22.3887,33.6378
2020-01-17 15:40:00,29.5563,36.5467
2020-01-17 15:41:00,32.8427,28.3435
2020-01-17 15:42:00,32.7406,33.3315
2020-01-17 15:43:00,38.6678,54.3284
2020-01-17 15:44:00,54.3284,75.3254
2020-01-17 15:45:00,66.9557,71.2132
2020-01-17 15:46:00,73.5939,74.2431
2020-01-17 15:47:00,70.5163,66.0927
2020-01-17 15:48:00,62.2438,46.3956
2020-01-17 15:49:00,50.3098,38.4412
2020-01-17 15:50:00,40.1403,35.5841
2020-01-17 15:51:00,45.7958,63.3621
2020-01-17 15:52:00,55.8001,68.4543
2020-01-17 15:53:00,72.4881,85.6479
2020-01-17 15:54:00,80.4553,87.2637
2020-01-17 15:55:00,88.6776,93.1211
2020-01-17 15:56:00,90.5735,91.3356
2020-01-17 15:57:00,92.4107,92.7753
2020-01-17 15:58:00,90.361,86.9721
2020-01-17 15:59:00,86.37,79.3626
2020-01-17 16:00:00,77.9703,67.5763
