date,CCI
2020-01-13 10:30:00,-96.5926
2020-01-13 10:31:00,-104.3123
2020-01-13 10:32:00,-143.8681
2020-01-13 10:33:00,-144.2191
2020-01-13 10:34:00,-123.9486
2020-01-13 10:35:00,-132.8501
2020-01-13 10:36:00,-147.4191
2020-01-13 10:37:00,-119.7319
2020-01-13 10:38:00,-87.9029
2020-01-13 10:39:00,-99.8493
2020-01-13 10:40:00,-126.789
2020-01-13 10:41:00,-125.1833
2020-01-13 10:42:00,-118.1668
2020-01-13 10:43:00,-142.5613
2020-01-13 10:44:00,-139.1725
2020-01-13 10:45:00,-175.6835
2020-01-13 10:46:00,-186.9724
2020-01-13 10:47:00,-155.861
2020-01-13 10:48:00,-135.1311
2020-01-13 10:49:00,-110.7101
2020-01-13 10:50:00,-68.5733
2020-01-13 10:51:00,-74.7521
2020-01-13 10:52:00,-42.7469
2020-01-13 10:53:00,-22.4724
2020-01-13 10:54:00,-7.9161
2020-01-13 10:55:00,-14.793
2020-01-13 10:56:00,-8.6082
2020-01-13 10:57:00,-7.6121
2020-01-13 10:58:00,19.4086
2020-01-13 10:59:00,23.4259
2020-01-13 11:04:00,-47.7248
2020-01-13 11:05:00,-32.0144
2020-01-13 11:06:00,-46.7968
2020-01-13 11:07:00,-56.6153
2020-01-13 11:08:00,-61.4221
2020-01-13 11:09:00,-97.2602
2020-01-13 11:10:00,-69.6152
2020-01-13 11:11:00,-44.064
2020-01-13 11:12:00,-36.2971
2020-01-13 11:13:00,-14.2938
2020-01-13 11:14:00,-30.2745
2020-01-13 11:15:00,-42.3314
2020-01-13 11:16:00,9.4062
2020-01-13 11:17:00,35.7937
2020-01-13 11:18:00,56.4647
2020-01-13 11:19:00,23.7602
2020-01-13 11:20:00,11.4644
2020-01-13 11:21:00,38.2131
2020-01-13 11:22:00,50.978
2020-01-13 11:23:00,42.9608
2020-01-13 11:24:00,42.732
2020-01-13 11:25:00,43.933
2020-01-13 11:26:00,-19.3172
2020-01-13 11:27:00,-25.9347
2020-01-13 11:28:00,55.1932
2020-01-13 11:29:00,53.9486
2020-01-13 11:30:00,144.4927
2020-01-13 11:31:00,247.8248
2020-01-13 11:32:00,314.4723
2020-01-13 11:33:00,282.4069
2020-01-13 11:34:00,212.0107
2020-01-13 11:35:00,179.4792
2020-01-13 11:36:00,207.1707
2020-01-13 11:37:00,184.2247
2020-01-13 11:38:00,178.3433
2020-01-13 11:39:00,155.7812
2020-01-13 11:40:00,146.1732
2020-01-13 11:41:00,124.526
2020-01-13 11:42:00,114.0276
2020-01-13 11:43:00,107.9137
2020-01-13 11:44:00,123.4622
2020-01-13 11:45:00,128.6004
2020-01-13 11:46:00,126.0587
2020-01-13 11:47:00,141.1489
2020-01-13 11:48:00,148.7747
2020-01-13 11:49:00,219.4062
2020-01-13 11:50:00,174.2931
2020-01-13 11:51:00,137.8419
2020-01-13 11:52:00,128.5799
2020-01-13 11:53:00,129.0987
2020-01-13 11:54:00,96.7929
2020-01-13 11:57:00,69.5832
2020-01-13 11:58:00,78.7904
2020-01-13 11:59:00,98.2858
2020-01-13 12:00:00,125.8822
2020-01-13 12:01:00,141.1715
2020-01-13 12:02:00,145.2223
2020-01-13 12:03:00,124.7762
2020-01-13 12:04:00,111.3189
2020-01-13 12:05:00,108.5654
2020-01-13 12:06:00,92.0539
2020-01-13 12:07:00,87.4036
2020-01-13 12:08:00,82.483
2020-01-13 12:09:00,79.6137
2020-01-13 12:10:00,87.1638
2020-01-13 12:11:00,97.4368
2020-01-13 12:12:00,86.7771
2020-01-13 12:13:00,80.6614
2020-01-13 12:14:00,61.4721
2020-01-13 12:15:00,76.2178
2020-01-13 12:16:00,53.6036
2020-01-13 12:17:00,41.341
2020-01-13 12:18:00,51.5726
2020-01-13 12:19:00,39.2889
2020-01-13 12:20:00,25.6768
2020-01-13 12:21:00,37.7742
2020-01-13 12:22:00,36.6072
2020-01-13 12:23:00,22.0619
2020-01-13 12:24:00,3.3656
2020-01-13 12:25:00,6.9047
2020-01-13 12:26:00,11.0606
2020-01-13 12:27:00,-2.1145
2020-01-13 12:28:00,-15.7127
2020-01-13 12:29:00,8.479
2020-01-13 12:30:00,22.1709
2020-01-13 12:31:00,66.3242
2020-01-13 12:32:00,101.6767
2020-01-13 12:33:00,96.6018
2020-01-13 12:34:00,132.412
2020-01-13 12:35:00,162.1265
2020-01-13 12:36:00,131.8701
2020-01-13 12:37:00,171.8946
2020-01-13 12:38:00,184.0412
2020-01-13 12:39:00,186.5953
2020-01-13 12:40:00,165.2968
2020-01-13 12:41:00,142.91
2020-01-13 12:42:00,131.8893
2020-01-13 12:43:00,140.2917
2020-01-13 12:44:00,151.1989
2020-01-13 12:45:00,166.2969
2020-01-13 12:46:00,179.8989
2020-01-13 12:47:00,194.9378
2020-01-13 12:48:00,187.9128
2020-01-13 12:49:00,157.1616
2020-01-13 12:50:00,109.2553
2020-01-13 12:51:00,141.4558
2020-01-13 12:52:00,155.6789
2020-01-13 12:53:00,153.1184
2020-01-13 12:54:00,150.8776
2020-01-13 12:55:00,141.6853
2020-01-13 12:56:00,130.6634
2020-01-13 12:57:00,136.7419
2020-01-13 12:58:00,131.9261
2020-01-13 12:59:00,121.2095
2020-01-13 13:00:00,92.6007
2020-01-13 13:01:00,83.1399
2020-01-13 13:02:00,87.0415
2020-01-13 13:03:00,62.8621
2020-01-13 13:04:00,49.632
2020-01-13 13:05:00,31.0275
2020-01-13 13:06:00,25.7706
2020-01-13 13:07:00,35.6672
2020-01-13 13:08:00,57.116
2020-01-13 13:09:00,82.6794
2020-01-13 13:10:00,91.4111
2020-01-13 13:11:00,72.4305
2020-01-13 13:12:00,79.9187
2020-01-13 13:13:00,94.2971
2020-01-13 13:14:00,90.6618
2020-01-13 13:15:00,80.0473
2020-01-13 13:16:00,71.3698
2020-01-13 13:17:00,70.6246
2020-01-13 13:18:00,87.8113
2020-01-13 13:19:00,93.7326
2020-01-13 13:20:00,101.8597
2020-01-13 13:21:00,113.2324
2020-01-13 13:22:00,153.3783
2020-01-13 13:23:00,207.8205
2020-01-13 13:24:00,208.6616
2020-01-13 13:25:00,199.9515
2020-01-13 13:26:00,163.4245
2020-01-13 13:27:00,148.1887
2020-01-13 13:28:00,152.3718
2020-01-13 13:29:00,163.4847
2020-01-13 13:30:00,159.5277
2020-01-13 13:31:00,134.1129
2020-01-13 13:32:00,140.013
2020-01-13 13:33:00,106.8225
2020-01-13 13:34:00,87.7954
2020-01-13 13:35:00,97.8192
2020-01-13 13:36:00,97.4148
2020-01-13 13:37:00,102.7268
2020-01-13 13:38:00,83.2168
2020-01-13 13:39:00,81.043
2020-01-13 13:40:00,91.7391
2020-01-13 13:41:00,105.6723
2020-01-13 13:42:00,118.0446
2020-01-13 13:43:00,84.5657
2020-01-13 13:44:00,52.6926
2020-01-13 13:45:00,58.6001
2020-01-13 13:46:00,76.3303
2020-01-13 13:47:00,75.3606
2020-01-13 13:48:00,102.5825
2020-01-13 13:49:00,103.491
2020-01-13 13:50:00,113.6093
2020-01-13 13:51:00,99.5922
2020-01-13 13:52:00,101.8887
2020-01-13 13:53:00,95.9188
2020-01-13 13:54:00,90.0531
2020-01-13 13:55:00,86.0303
2020-01-13 13:56:00,106.7678
2020-01-13 13:57:00,119.5177
2020-01-13 13:58:00,106.3659
2020-01-13 13:59:00,82.0608
2020-01-13 14:00:00,71.13
2020-01-13 14:01:00,38.6328
2020-01-13 14:02:00,-7.2999
2020-01-13 14:03:00,-20.705
2020-01-13 14:04:00,-35.8242
2020-01-13 14:05:00,2.8021
2020-01-13 14:06:00,41.9767
2020-01-13 14:07:00,95.8173
2020-01-13 14:08:00,160.1155
2020-01-13 14:09:00,180.8156
2020-01-13 14:10:00,180.9847
2020-01-13 14:11:00,185.9009
2020-01-13 14:12:00,176.4731
2020-01-13 14:13:00,168.0757
2020-01-13 14:14:00,176.768
2020-01-13 14:15:00,286.3137
2020-01-13 14:16:00,140.003
2020-01-13 14:17:00,194.7245
2020-01-13 14:18:00,225.9886
2020-01-13 14:19:00,299.6154
2020-01-13 14:20:00,294.8141
2020-01-13 14:21:00,257.8056
2020-01-13 14:22:00,222.0059
2020-01-13 14:23:00,229.013
2020-01-13 14:24:00,235.7162
2020-01-13 14:25:00,226.898
2020-01-13 14:26:00,188.2364
2020-01-13 14:27:00,184.5726
2020-01-13 14:28:00,185.3845
2020-01-13 14:29:00,199.5315
2020-01-13 14:30:00,196.2671
2020-01-13 14:31:00,192.5754
2020-01-13 14:32:00,200.5123
2020-01-13 14:33:00,189.5563
2020-01-13 14:34:00,180.1372
2020-01-13 14:35:00,154.226
2020-01-13 14:36:00,142.8603
2020-01-13 14:37:00,122.1425
2020-01-13 14:38:00,98.9704
2020-01-13 14:39:00,99.1566
2020-01-13 14:40:00,101.6351
2020-01-13 14:41:00,89.4929
2020-01-13 14:42:00,76.9889
2020-01-13 14:43:00,75.0542
2020-01-13 14:44:00,57.0901
2020-01-13 14:45:00,61.7442
2020-01-13 14:46:00,67.6221
2020-01-13 14:47:00,56.2116
2020-01-13 14:48:00,60.5339
2020-01-13 14:49:00,61.3886
2020-01-13 14:50:00,75.4838
2020-01-13 14:51:00,88.9781
2020-01-13 14:52:00,76.8169
2020-01-13 14:53:00,74.0449
2020-01-13 14:54:00,74.9802
2020-01-13 14:55:00,86.1504
2020-01-13 14:56:00,96.7252
2020-01-13 14:57:00,104.5688
2020-01-13 14:58:00,110.6843
2020-01-13 14:59:00,101.6731
2020-01-13 15:00:00,107.7285
2020-01-13 15:01:00,102.6662
2020-01-13 15:02:00,101.3724
2020-01-13 15:03:00,108.0907
2020-01-13 15:04:00,112.6089
2020-01-13 15:05:00,113.6779
2020-01-13 15:06:00,96.826
2020-01-13 15:07:00,90.7221
2020-01-13 15:08:00,102.0271
2020-01-13 15:09:00,107.3514
2020-01-13 15:10:00,94.9986
2020-01-13 15:11:00,78.0371
2020-01-13 15:12:00,63.5718
2020-01-13 15:13:00,32.8787
2020-01-13 15:14:00,22.3851
2020-01-13 15:15:00,16.4312
2020-01-13 15:16:00,37.8154
2020-01-13 15:17:00,7.479
2020-01-13 15:18:00,25.0007
2020-01-13 15:19:00,30.287
2020-01-13 15:20:00,25.1074
2020-01-13 15:21:00,65.1394
2020-01-13 15:22:00,88.9924
2020-01-13 15:23:00,104.8012
2020-01-13 15:24:00,166.9022
2020-01-13 15:25:00,195.6435
2020-01-13 15:26:00,165.6223
2020-01-13 15:27:00,145.0659
2020-01-13 15:28:00,94.113
2020-01-13 15:29:00,103.6421
2020-01-13 15:30:00,158.353
2020-01-13 15:31:00,168.0472
2020-01-13 15:32:00,171.0073
2020-01-13 15:33:00,206.7152
2020-01-13 15:34:00,208.1043
2020-01-13 15:35:00,208.3105
2020-01-13 15:36:00,197.0193
2020-01-13 15:37:00,180.1732
2020-01-13 15:38:00,169.665
2020-01-13 15:39:00,170.4166
2020-01-13 15:40:00,172.934
2020-01-13 15:41:00,166.9096
2020-01-13 15:42:00,133.7292
2020-01-13 15:43:00,117.2511
2020-01-13 15:44:00,185.0192
2020-01-13 15:45:00,228.4851
2020-01-13 15:46:00,193.7045
2020-01-13 15:47:00,205.9885
2020-01-13 15:48:00,189.5552
2020-01-13 15:49:00,177.9411
2020-01-13 15:50:00,176.4062
2020-01-13 15:51:00,186.65
2020-01-13 15:52:00,182.5262
2020-01-13 15:53:00,199.0411
2020-01-13 15:54:00,231.9179
2020-01-13 15:55:00,262.3791
2020-01-13 15:56:00,253.3656
2020-01-13 15:57:00,241.0846
2020-01-13 15:58:00,236.3624
2020-01-13 15:59:00,224.7341
2020-01-13 16:00:00,215.4337
2020-01-14 09:31:00,189.6567
2020-01-14 09:32:00,138.4772
2020-01-14 09:33:00,95.8046
2020-01-14 09:34:00,71.7075
2020-01-14 09:35:00,91.7417
2020-01-14 09:36:00,94.8357
2020-01-14 09:37:00,62.5874
2020-01-14 09:38:00,86.3792
2020-01-14 09:39:00,129.2615
2020-01-14 09:40:00,139.0935
2020-01-14 09:41:00,123.564
2020-01-14 09:42:00,79.2546
2020-01-14 09:43:00,54.8706
2020-01-14 09:44:00,39.3132
2020-01-14 09:45:00,52.0148
2020-01-14 09:46:00,44.4578
2020-01-14 09:47:00,46.9079
2020-01-14 09:48:00,24.7491
2020-01-14 09:49:00,-11.6403
2020-01-14 09:50:00,-45.4681
2020-01-14 09:51:00,-70.6884
2020-01-14 09:52:00,-115.1411
2020-01-14 09:53:00,-109.1856
2020-01-14 09:54:00,-110.1249
2020-01-14 09:55:00,-80.0363
2020-01-14 09:56:00,-118.3855
2020-01-14 09:57:00,-185.5805
2020-01-14 09:58:00,-214.6205
2020-01-14 09:59:00,-247.5636
2020-01-14 10:00:00,-234.0119
2020-01-14 10:01:00,-184.4126
2020-01-14 10:02:00,-149.0821
2020-01-14 10:03:00,-108.6404
2020-01-14 10:04:00,-79.3203
2020-01-14 10:05:00,-74.1603
2020-01-14 10:06:00,-50.9719
2020-01-14 10:07:00,-72.1208
2020-01-14 10:08:00,-69.6559
2020-01-14 10:09:00,-35.6219
2020-01-14 10:10:00,-5.994
2020-01-14 10:11:00,-8.199
2020-01-14 10:12:00,-9.4741
2020-01-14 10:13:00,-14.1793
2020-01-14 10:14:00,-14.3008
2020-01-14 10:15:00,31.0848
2020-01-14 10:16:00,10.8304
2020-01-14 10:17:00,13.0718
2020-01-14 10:18:00,58.7867
2020-01-14 10:19:00,75.8063
2020-01-14 10:20:00,58.8001
2020-01-14 10:21:00,33.0097
2020-01-14 10:22:00,41.0745
2020-01-14 10:23:00,48.717
2020-01-14 10:24:00,31.7657
2020-01-14 10:25:00,44.9523
2020-01-14 10:26:00,68.3667
2020-01-14 10:27:00,68.9475
2020-01-14 10:28:00,71.5863
2020-01-14 10:29:00,89.101
2020-01-14 10:30:00,89.8893
2020-01-14 10:31:00,103.7745
2020-01-14 10:32:00,122.0611
2020-01-14 10:33:00,142.7011
2020-01-14 10:34:00,140.5794
2020-01-14 10:35:00,136.5918
2020-01-14 10:36:00,125.3907
2020-01-14 10:37:00,111.6109
2020-01-14 10:38:00,98.1629
2020-01-14 10:39:00,89.5181
2020-01-14 10:40:00,100.1149
2020-01-14 10:41:00,87.764
2020-01-14 10:42:00,67.6951
2020-01-14 10:43:00,62.8219
2020-01-14 10:44:00,65.9608
2020-01-14 10:45:00,68.1758
2020-01-14 10:46:00,53.4131
2020-01-14 10:47:00,34.7541
2020-01-14 10:48:00,22.2895
2020-01-14 10:49:00,21.6457
2020-01-14 10:50:00,-10.3418
2020-01-14 10:51:00,-33.8874
2020-01-14 10:52:00,-42.8187
2020-01-14 10:53:00,-66.5569
2020-01-14 10:54:00,-74.0324
2020-01-14 10:55:00,-63.4877
2020-01-14 10:56:00,-81.1453
2020-01-14 10:57:00,-63.4816
2020-01-14 10:58:00,-33.5741
2020-01-14 10:59:00,-29.4163
2020-01-14 11:00:00,-30.1074
2020-01-14 11:01:00,-26.0255
2020-01-14 11:02:00,-8.6957
2020-01-14 11:03:00,-33.101
2020-01-14 11:04:00,-27.2713
2020-01-14 11:06:00,-41.0926
2020-01-14 11:07:00,-15.5357
2020-01-14 11:08:00,-16.2976
2020-01-14 11:09:00,-26.6678
2020-01-14 11:10:00,-39.6492
2020-01-14 11:11:00,-58.5288
2020-01-14 11:12:00,-61.9404
2020-01-14 11:13:00,-68.7294
2020-01-14 11:14:00,-76.073
2020-01-14 11:15:00,-89.3046
2020-01-14 11:16:00,-83.6476
2020-01-14 11:17:00,-89.8539
2020-01-14 11:18:00,-77.2838
2020-01-14 11:19:00,-71.4534
2020-01-14 11:20:00,-64.193
2020-01-14 11:21:00,-63.2161
2020-01-14 11:22:00,-110.9814
2020-01-14 11:23:00,-110.9691
2020-01-14 11:24:00,-71.0348
2020-01-14 11:25:00,-72.3427
2020-01-14 11:26:00,-56.6999
2020-01-14 11:27:00,-81.1353
2020-01-14 11:28:00,-78.0623
2020-01-14 11:29:00,-81.9518
2020-01-14 11:30:00,-86.1944
2020-01-14 11:31:00,-92.1091
2020-01-14 11:32:00,-90.5145
2020-01-14 11:33:00,-94.3002
2020-01-14 11:34:00,-103.4245
2020-01-14 11:35:00,-93.2418
2020-01-14 11:36:00,-75.9499
2020-01-14 11:37:00,-58.1366
2020-01-14 11:38:00,-54.0927
2020-01-14 11:39:00,-43.5846
2020-01-14 11:40:00,-24.3254
2020-01-14 11:41:00,-47.6448
2020-01-14 11:42:00,-92.744
2020-01-14 11:43:00,-138.1662
2020-01-14 11:44:00,-154.6078
2020-01-14 11:45:00,-168.1358
2020-01-14 11:46:00,-125.979
2020-01-14 11:47:00,-68.6177
2020-01-14 11:48:00,-54.2606
2020-01-14 11:49:00,-46.4665
2020-01-14 11:50:00,-43.4559
2020-01-14 11:51:00,17.293
2020-01-14 11:52:00,64.8191
2020-01-14 11:53:00,59.663
2020-01-14 11:54:00,41.2936
2020-01-14 11:55:00,63.8312
2020-01-14 11:56:00,114.0732
2020-01-14 11:57:00,112.1942
2020-01-14 11:58:00,132.492
2020-01-14 11:59:00,171.7122
2020-01-14 12:00:00,225.5541
2020-01-14 12:01:00,187.1536
2020-01-14 12:02:00,178.2079
2020-01-14 12:03:00,183.4287
2020-01-14 12:04:00,168.8033
2020-01-14 12:05:00,139.6919
2020-01-14 12:06:00,132.2351
2020-01-14 12:07:00,101.1771
2020-01-14 12:08:00,69.5337
2020-01-14 12:09:00,93.0435
2020-01-14 12:10:00,93.4443
2020-01-14 12:11:00,73.0384
2020-01-14 12:12:00,70.1229
2020-01-14 12:13:00,77.5502
2020-01-14 12:14:00,42.9424
2020-01-14 12:15:00,27.3774
2020-01-14 12:16:00,11.2841
2020-01-14 12:17:00,-10.792
2020-01-14 12:18:00,-25.8545
2020-01-14 12:19:00,-21.6648
2020-01-14 12:20:00,-15.8726
2020-01-14 12:21:00,-12.2898
2020-01-14 12:22:00,-16.6223
2020-01-14 12:23:00,-2.9794
2020-01-14 12:24:00,4.7431
2020-01-14 12:25:00,4.4558
2020-01-14 12:26:00,5.0332
2020-01-14 12:27:00,-13.5663
2020-01-14 12:28:00,-44.0621
2020-01-14 12:29:00,-57.9629
2020-01-14 12:30:00,-75.9866
2020-01-14 12:31:00,-67.442
2020-01-14 12:32:00,-78.4886
2020-01-14 12:33:00,-88.9524
2020-01-14 12:34:00,-77.8418
2020-01-14 12:35:00,-94.5287
2020-01-14 12:36:00,-101.0772
2020-01-14 12:37:00,-78.8312
2020-01-14 12:38:00,-54.541
2020-01-14 12:39:00,-41.3405
2020-01-14 12:40:00,-38.7494
2020-01-14 12:41:00,-50.9528
2020-01-14 12:42:00,-79.0837
2020-01-14 12:43:00,-101.2909
2020-01-14 12:44:00,-105.2417
2020-01-14 12:45:00,-99.337
2020-01-14 12:46:00,-97.403
2020-01-14 12:47:00,-100.4461
2020-01-14 12:48:00,-121.2572
2020-01-14 12:49:00,-124.0025
2020-01-14 12:50:00,-141.5807
2020-01-14 12:51:00,-157.3043
2020-01-14 12:52:00,-135.5911
2020-01-14 12:53:00,-121.5979
2020-01-14 12:54:00,-122.8698
2020-01-14 12:55:00,-119.2999
2020-01-14 12:56:00,-118.0613
2020-01-14 12:57:00,-117.7738
2020-01-14 12:58:00,-136.4971
2020-01-14 12:59:00,-123.9689
2020-01-14 13:00:00,-117.776
2020-01-14 13:01:00,-83.396
2020-01-14 13:02:00,-41.29
2020-01-14 13:03:00,-15.3784
2020-01-14 13:04:00,-12.4718
2020-01-14 13:05:00,-34.9085
2020-01-14 13:06:00,-47.1527
2020-01-14 13:07:00,-31.7087
2020-01-14 13:08:00,18.4118
2020-01-14 13:09:00,53.4222
2020-01-14 13:10:00,33.7002
2020-01-14 13:11:00,34.788
2020-01-14 13:12:00,-6.0861
2020-01-14 13:13:00,-16.2465
2020-01-14 13:14:00,-26.0432
2020-01-14 13:15:00,-38.3132
2020-01-14 13:16:00,-19.4057
2020-01-14 13:17:00,38.8677
2020-01-14 13:18:00,44.8931
2020-01-14 13:19:00,41.2222
2020-01-14 13:20:00,24.5252
2020-01-14 13:21:00,39.1946
2020-01-14 13:22:00,32.2911
2020-01-14 13:23:00,23.012
2020-01-14 13:24:00,35.5225
2020-01-14 13:25:00,18.2571
2020-01-14 13:26:00,24.1103
2020-01-14 13:27:00,58.0416
2020-01-14 13:28:00,90.0954
2020-01-14 13:29:00,152.8781
2020-01-14 13:30:00,153.6128
2020-01-14 13:31:00,200.6713
2020-01-14 13:32:00,218.4476
2020-01-14 13:33:00,226.7355
2020-01-14 13:34:00,191.77
2020-01-14 13:35:00,205.1844
2020-01-14 13:36:00,180.4822
2020-01-14 13:37:00,-80.3545
2020-01-14 13:38:00,-213.852
2020-01-14 13:39:00,-128.8361
2020-01-14 13:44:00,-335.8471
2020-01-14 13:45:00,-296.7166
2020-01-14 13:46:00,-279.2288
2020-01-14 13:47:00,-238.4783
2020-01-14 13:48:00,-222.5549
2020-01-14 13:49:00,-225.2266
2020-01-14 13:50:00,-166.4443
2020-01-14 13:51:00,-133.5013
2020-01-14 13:52:00,-144.7975
2020-01-14 13:53:00,-187.2821
2020-01-14 13:54:00,-184.5043
2020-01-14 13:55:00,-214.1954
2020-01-14 13:56:00,-257.6195
2020-01-14 13:57:00,-172.6445
2020-01-14 13:58:00,-145.6583
2020-01-14 13:59:00,-142.5162
2020-01-14 14:00:00,-146.5718
2020-01-14 14:01:00,-125.8689
2020-01-14 14:02:00,-110.7453
2020-01-14 14:03:00,-128.6405
2020-01-14 14:04:00,-158.5493
2020-01-14 14:05:00,-155.4077
2020-01-14 14:06:00,-140.4011
2020-01-14 14:07:00,-136.2749
2020-01-14 14:08:00,-110.3449
2020-01-14 14:09:00,-134.9366
2020-01-14 14:10:00,-124.5504
2020-01-14 14:11:00,-122.0285
2020-01-14 14:12:00,-125.4029
2020-01-14 14:13:00,-133.3589
2020-01-14 14:14:00,-141.4439
2020-01-14 14:15:00,-123.4664
2020-01-14 14:16:00,-81.3427
2020-01-14 14:17:00,-84.5109
2020-01-14 14:18:00,-86.714
2020-01-14 14:19:00,-81.951
2020-01-14 14:20:00,-83.397
2020-01-14 14:21:00,-84.8246
2020-01-14 14:22:00,-88.6918
2020-01-14 14:23:00,-68.4654
2020-01-14 14:24:00,-60.4525
2020-01-14 14:25:00,-43.6703
2020-01-14 14:26:00,-29.7384
2020-01-14 14:27:00,-10.2729
2020-01-14 14:28:00,1.7228
2020-01-14 14:29:00,42.4314
2020-01-14 14:30:00,28.0239
2020-01-14 14:31:00,20.2084
2020-01-14 14:32:00,18.5778
2020-01-14 14:33:00,54.5037
2020-01-14 14:34:00,59.7038
2020-01-14 14:35:00,57.566
2020-01-14 14:36:00,53.3714
2020-01-14 14:37:00,67.8093
2020-01-14 14:38:00,73.4808
2020-01-14 14:39:00,101.5355
2020-01-14 14:40:00,102.7381
2020-01-14 14:41:00,99.7442
2020-01-14 14:42:00,107.0963
2020-01-14 14:43:00,97.9959
2020-01-14 14:44:00,118.5572
2020-01-14 14:45:00,131.8048
2020-01-14 14:46:00,119.2858
2020-01-14 14:47:00,126.1609
2020-01-14 14:48:00,127.2
2020-01-14 14:49:00,108.324
2020-01-14 14:50:00,85.675
2020-01-14 14:51:00,72.6037
2020-01-14 14:52:00,58.3226
2020-01-14 14:53:00,63.0143
2020-01-14 14:54:00,66.9226
2020-01-14 14:55:00,58.4165
2020-01-14 14:56:00,47.0458
2020-01-14 14:57:00,44.7355
2020-01-14 14:58:00,23.0341
2020-01-14 14:59:00,-16.0986
2020-01-14 15:00:00,-25.5672
2020-01-14 15:01:00,-6.1637
2020-01-14 15:02:00,-24.0229
2020-01-14 15:03:00,-20.1071
2020-01-14 15:04:00,-15.6668
2020-01-14 15:05:00,-21.4407
2020-01-14 15:06:00,-25.8634
2020-01-14 15:07:00,-9.6415
2020-01-14 15:08:00,-13.6641
2020-01-14 15:09:00,-31.3444
2020-01-14 15:10:00,-50.9428
2020-01-14 15:11:00,-51.427
2020-01-14 15:12:00,-77.7365
2020-01-14 15:13:00,-90.3515
2020-01-14 15:14:00,-99.8372
2020-01-14 15:15:00,-94.2233
2020-01-14 15:16:00,-94.7317
2020-01-14 15:17:00,-70.045
2020-01-14 15:18:00,-64.5755
2020-01-14 15:19:00,-55.302
2020-01-14 15:20:00,-71.6184
2020-01-14 15:21:00,-67.2873
2020-01-14 15:22:00,-60.0571
2020-01-14 15:23:00,-66.6096
2020-01-14 15:24:00,-67.0822
2020-01-14 15:25:00,-72.2978
2020-01-14 15:26:00,-85.4496
2020-01-14 15:27:00,-115.9359
2020-01-14 15:28:00,-93.7755
2020-01-14 15:29:00,-115.6453
2020-01-14 15:30:00,-118.1872
2020-01-14 15:31:00,-116.4794
2020-01-14 15:32:00,-93.5471
2020-01-14 15:33:00,-83.3491
2020-01-14 15:34:00,-77.8044
2020-01-14 15:35:00,-93.3148
2020-01-14 15:36:00,-87.9492
2020-01-14 15:37:00,-64.0752
2020-01-14 15:38:00,-47.3743
2020-01-14 15:39:00,-42.753
2020-01-14 15:40:00,-53.38
2020-01-14 15:41:00,-21.9565
2020-01-14 15:42:00,1.4007
2020-01-14 15:43:00,31.8221
2020-01-14 15:44:00,48.4793
2020-01-14 15:45:00,61.8226
2020-01-14 15:46:00,56.2114
2020-01-14 15:47:00,96.6615
2020-01-14 15:48:00,102.2633
2020-01-14 15:49:00,81.298
2020-01-14 15:50:00,16.0106
2020-01-14 15:51:00,-107.035
2020-01-14 15:52:00,-183.6363
2020-01-14 15:53:00,-180.7879
2020-01-14 15:54:00,-174.1219
2020-01-14 15:55:00,-196.0322
2020-01-14 15:56:00,-173.1095
2020-01-14 15:57:00,-179.7429
2020-01-14 15:58:00,-186.407
2020-01-14 15:59:00,-171.3232
2020-01-14 16:00:00,-133.6964
2020-01-15 09:31:00,-180.7877
2020-01-15 09:32:00,-66.5411
2020-01-15 09:33:00,-44.3244
2020-01-15 09:34:00,-35.7805
2020-01-15 09:35:00,-17.585
2020-01-15 09:36:00,74.2559
2020-01-15 09:37:00,143.507
2020-01-15 09:38:00,140.4603
2020-01-15 09:39:00,96.0315
2020-01-15 09:40:00,133.093
2020-01-15 09:41:00,131.9781
2020-01-15 09:42:00,111.3149
2020-01-15 09:43:00,60.0902
2020-01-15 09:44:00,79.0524
2020-01-15 09:45:00,81.0106
2020-01-15 09:46:00,21.9553
2020-01-15 09:47:00,33.2715
2020-01-15 09:48:00,57.5985
2020-01-15 09:49:00,36.2096
2020-01-15 09:50:00,92.6805
2020-01-15 09:51:00,108.0006
2020-01-15 09:52:00,136.5592
2020-01-15 09:53:00,153.0296
2020-01-15 09:54:00,161.7556
2020-01-15 09:55:00,176.9013
2020-01-15 09:56:00,196.9716
2020-01-15 09:57:00,199.0968
2020-01-15 09:58:00,197.1275
2020-01-15 09:59:00,202.2336
2020-01-15 10:00:00,209.1529
2020-01-15 10:01:00,182.9051
2020-01-15 10:02:00,151.7816
2020-01-15 10:03:00,134.0155
2020-01-15 10:04:00,132.1351
2020-01-15 10:05:00,136.3416
2020-01-15 10:06:00,115.9743
2020-01-15 10:07:00,104.9574
2020-01-15 10:08:00,113.4358
2020-01-15 10:09:00,127.8151
2020-01-15 10:10:00,130.8857
2020-01-15 10:11:00,123.6304
2020-01-15 10:12:00,100.2165
2020-01-15 10:13:00,86.5889
2020-01-15 10:14:00,85.4344
2020-01-15 10:15:00,83.2356
2020-01-15 10:16:00,68.5149
2020-01-15 10:17:00,62.9256
2020-01-15 10:18:00,76.9917
2020-01-15 10:19:00,93.1866
2020-01-15 10:20:00,89.3877
2020-01-15 10:21:00,63.4624
2020-01-15 10:22:00,59.4218
2020-01-15 10:23:00,47.302
2020-01-15 10:24:00,27.271
2020-01-15 10:25:00,8.4635
2020-01-15 10:26:00,-5.328
2020-01-15 10:27:00,-0.3134
2020-01-15 10:28:00,-0.3693
2020-01-15 10:29:00,-12.141
2020-01-15 10:30:00,-15.4402
2020-01-15 10:31:00,-31.4766
2020-01-15 10:32:00,-53.124
2020-01-15 10:33:00,-39.3993
2020-01-15 10:34:00,-43.64
2020-01-15 10:35:00,-61.8224
2020-01-15 10:36:00,-24.5829
2020-01-15 10:37:00,0.3602
2020-01-15 10:38:00,12.1275
2020-01-15 10:39:00,0.2873
2020-01-15 10:40:00,-47.9484
2020-01-15 10:41:00,-47.8027
2020-01-15 10:42:00,-26.9278
2020-01-15 10:43:00,-40.5635
2020-01-15 10:44:00,-27.2293
2020-01-15 10:45:00,-36.5518
2020-01-15 10:46:00,-29.92
2020-01-15 10:47:00,-17.9224
2020-01-15 10:48:00,-46.5516
2020-01-15 10:49:00,-39.0378
2020-01-15 10:50:00,-50.4272
2020-01-15 10:51:00,-55.4379
2020-01-15 10:52:00,-35.9966
2020-01-15 10:53:00,-39.8224
2020-01-15 10:54:00,-42.3002
2020-01-15 10:55:00,-66.4892
2020-01-15 10:56:00,-70.9477
2020-01-15 10:57:00,-56.5722
2020-01-15 10:58:00,-44.3218
2020-01-15 10:59:00,-40.0076
2020-01-15 11:00:00,-17.4582
2020-01-15 11:01:00,12.7083
2020-01-15 11:02:00,-22.5215
2020-01-15 11:03:00,-100.5896
2020-01-15 11:04:00,-112.9324
2020-01-15 11:05:00,-87.6087
2020-01-15 11:06:00,-104.9316
2020-01-15 11:07:00,-148.2838
2020-01-15 11:08:00,-119.4315
2020-01-15 11:09:00,-116.8295
2020-01-15 11:10:00,-135.5288
2020-01-15 11:11:00,-154.8459
2020-01-15 11:12:00,-197.9045
2020-01-15 11:13:00,-204.8843
2020-01-15 11:14:00,-93.7427
2020-01-15 11:15:00,-61.8044
2020-01-15 11:16:00,-12.7165
2020-01-15 11:17:00,21.0126
2020-01-15 11:18:00,7.1193
2020-01-15 11:19:00,-8.7205
2020-01-15 11:20:00,11.6754
2020-01-15 11:21:00,-10.2908
2020-01-15 11:22:00,-49.8979
2020-01-15 11:23:00,-74.7769
2020-01-15 11:24:00,-64.1476
2020-01-15 11:25:00,-82.4134
2020-01-15 11:26:00,-81.761
2020-01-15 11:27:00,-68.8088
2020-01-15 11:28:00,-48.044
2020-01-15 11:29:00,-77.8918
2020-01-15 11:30:00,-166.8001
2020-01-15 11:31:00,-205.0399
2020-01-15 11:32:00,-169.3267
2020-01-15 11:33:00,-157.3853
2020-01-15 11:34:00,-118.1455
2020-01-15 11:35:00,-94.6376
2020-01-15 11:36:00,-45.1369
2020-01-15 11:37:00,-47.6617
2020-01-15 11:38:00,-61.2695
2020-01-15 11:39:00,-20.5048
2020-01-15 11:40:00,15.7766
2020-01-15 11:41:00,59.8414
2020-01-15 11:42:00,69.0044
2020-01-15 11:43:00,75.6407
2020-01-15 11:44:00,52.6718
2020-01-15 11:45:00,40.0349
2020-01-15 11:46:00,28.6269
2020-01-15 11:47:00,35.7071
2020-01-15 11:48:00,74.0894
2020-01-15 11:49:00,89.9361
2020-01-15 11:50:00,69.1633
2020-01-15 11:51:00,-1.1925
2020-01-15 11:52:00,26.0723
2020-01-15 11:53:00,48.3701
2020-01-15 11:54:00,45.4301
2020-01-15 11:55:00,-21.2012
2020-01-15 11:56:00,17.4426
2020-01-15 11:57:00,13.9266
2020-01-15 11:58:00,14.4414
2020-01-15 11:59:00,-80.2954
2020-01-15 12:00:00,-59.0159
2020-01-15 12:01:00,-74.3535
2020-01-15 12:02:00,-68.2075
2020-01-15 12:03:00,-48.2341
2020-01-15 12:04:00,-63.8621
2020-01-15 12:05:00,-84.1296
2020-01-15 12:06:00,-24.2876
2020-01-15 12:07:00,67.3378
2020-01-15 12:08:00,44.1178
2020-01-15 12:09:00,4.3446
2020-01-15 12:10:00,-58.8878
2020-01-15 12:11:00,-45.4448
2020-01-15 12:12:00,20.4046
2020-01-15 12:13:00,48.5706
2020-01-15 12:14:00,40.8627
2020-01-15 12:15:00,96.4834
2020-01-15 12:16:00,107.3736
2020-01-15 12:17:00,75.563
2020-01-15 12:18:00,69.7432
2020-01-15 12:19:00,75.5493
2020-01-15 12:20:00,17.0457
2020-01-15 12:21:00,13.64
2020-01-15 12:22:00,59.1463
2020-01-15 12:23:00,89.673
2020-01-15 12:24:00,64.8115
2020-01-15 12:25:00,63.7568
2020-01-15 12:26:00,123.4911
2020-01-15 12:27:00,126.0572
2020-01-15 12:28:00,75.5546
2020-01-15 12:29:00,98.8848
2020-01-15 12:30:00,95.858
2020-01-15 12:31:00,85.3064
2020-01-15 12:32:00,12.6142
2020-01-15 12:33:00,21.6802
2020-01-15 12:34:00,43.0535
2020-01-15 12:35:00,-6.0082
2020-01-15 12:36:00,-49.3773
2020-01-15 12:37:00,41.1479
2020-01-15 12:38:00,73.5861
2020-01-15 12:39:00,29.6878
2020-01-15 12:40:00,82.7174
2020-01-15 12:41:00,106.0665
2020-01-15 12:42:00,144.8818
2020-01-15 12:43:00,131.3406
2020-01-15 12:44:00,97.1931
2020-01-15 12:45:00,65.2563
2020-01-15 12:46:00,83.1965
2020-01-15 12:47:00,118.1904
2020-01-15 12:48:00,111.6008
2020-01-15 12:49:00,95.4517
2020-01-15 12:50:00,-0.2135
2020-01-15 12:51:00,-23.56
2020-01-15 12:52:00,-61.0615
2020-01-15 12:53:00,-162.0611
2020-01-15 12:54:00,-144.935
2020-01-15 12:55:00,-123.8349
2020-01-15 12:56:00,-114.0406
2020-01-15 12:57:00,-130.969
2020-01-15 12:58:00,-94.8407
2020-01-15 12:59:00,-95.1331
2020-01-15 13:00:00,-97.1472
2020-01-15 13:01:00,-174.6546
2020-01-15 13:02:00,-139.7674
2020-01-15 13:03:00,-106.4433
2020-01-15 13:04:00,-41.1943
2020-01-15 13:05:00,-90.8063
2020-01-15 13:06:00,-24.4063
2020-01-15 13:07:00,-26.1709
2020-01-15 13:08:00,-103.2771
2020-01-15 13:09:00,-134.5559
2020-01-15 13:10:00,-141.9436
2020-01-15 13:11:00,-81.1229
2020-01-15 13:12:00,-121.6823
2020-01-15 13:13:00,-98.1028
2020-01-15 13:14:00,-7.1848
2020-01-15 13:15:00,10.4187
2020-01-15 13:16:00,2.576
2020-01-15 13:17:00,44.4498
2020-01-15 13:18:00,61.7054
2020-01-15 13:19:00,61.1091
2020-01-15 13:20:00,85.1242
2020-01-15 13:21:00,64.8032
2020-01-15 13:22:00,42.4954
2020-01-15 13:23:00,-9.1119
2020-01-15 13:24:00,-29.9632
2020-01-15 13:25:00,-66.2995
2020-01-15 13:26:00,-72.4717
2020-01-15 13:27:00,-71.471
2020-01-15 13:28:00,-67.4385
2020-01-15 13:29:00,-63.8987
2020-01-15 13:30:00,-57.8362
2020-01-15 13:31:00,-11.0596
2020-01-15 13:32:00,20.7068
2020-01-15 13:33:00,20.063
2020-01-15 13:34:00,-145.9912
2020-01-15 13:35:00,-168.92
2020-01-15 13:36:00,-149.8937
2020-01-15 13:37:00,-112.4008
2020-01-15 13:38:00,-91.629
2020-01-15 13:39:00,-100.3087
2020-01-15 13:40:00,-98.1071
2020-01-15 13:41:00,-94.9124
2020-01-15 13:42:00,-108.1843
2020-01-15 13:43:00,-112.5172
2020-01-15 13:44:00,-137.8465
2020-01-15 13:45:00,-216.3737
2020-01-15 13:46:00,-254.0398
2020-01-15 13:47:00,-227.1374
2020-01-15 13:48:00,-211.4826
2020-01-15 13:49:00,-201.7172
2020-01-15 13:50:00,-201.016
2020-01-15 13:51:00,-190.4699
2020-01-15 13:52:00,-258.2017
2020-01-15 13:53:00,-298.9624
2020-01-15 13:54:00,-333.2235
2020-01-15 13:55:00,-319.4155
2020-01-15 13:56:00,-294.303
2020-01-15 13:57:00,-238.9661
2020-01-15 13:58:00,-230.6019
2020-01-15 13:59:00,-214.1512
2020-01-15 14:00:00,-165.721
2020-01-15 14:01:00,-140.181
2020-01-15 14:02:00,-129.1448
2020-01-15 14:03:00,-100.4794
2020-01-15 14:04:00,-82.7728
2020-01-15 14:05:00,-73.3221
2020-01-15 14:06:00,-71.5086
2020-01-15 14:07:00,-73.8218
2020-01-15 14:08:00,-58.1608
2020-01-15 14:09:00,-49.7064
2020-01-15 14:10:00,-22.7131
2020-01-15 14:11:00,-18.2494
2020-01-15 14:12:00,-19.3906
2020-01-15 14:13:00,-22.3253
2020-01-15 14:14:00,-22.243
2020-01-15 14:15:00,-21.9157
2020-01-15 14:16:00,-24.5801
2020-01-15 14:17:00,-28.7604
2020-01-15 14:18:00,-38.5904
2020-01-15 14:19:00,-39.5532
2020-01-15 14:20:00,-29.8615
2020-01-15 14:21:00,-18.9212
2020-01-15 14:22:00,-27.9964
2020-01-15 14:23:00,-24.7313
2020-01-15 14:24:00,-21.5071
2020-01-15 14:25:00,-39.8651
2020-01-15 14:26:00,-27.7936
2020-01-15 14:27:00,-16.318
2020-01-15 14:28:00,-2.9514
2020-01-15 14:29:00,0.7518
2020-01-15 14:30:00,21.3336
2020-01-15 14:31:00,26.731
2020-01-15 14:32:00,23.0011
2020-01-15 14:33:00,22.0488
2020-01-15 14:34:00,32.2183
2020-01-15 14:35:00,75.1453
2020-01-15 14:36:00,89.2002
2020-01-15 14:37:00,82.245
2020-01-15 14:38:00,107.4242
2020-01-15 14:39:00,150.8578
2020-01-15 14:40:00,139.7188
2020-01-15 14:41:00,123.3571
2020-01-15 14:42:00,105.771
2020-01-15 14:43:00,109.0534
2020-01-15 14:44:00,112.7184
2020-01-15 14:45:00,114.5021
2020-01-15 14:46:00,118.0984
2020-01-15 14:47:00,118.3145
2020-01-15 14:48:00,85.6377
2020-01-15 14:49:00,73.1041
2020-01-15 14:50:00,57.9852
2020-01-15 14:51:00,36.8227
2020-01-15 14:52:00,29.2806
2020-01-15 14:53:00,38.1288
2020-01-15 14:54:00,56.1718
2020-01-15 14:55:00,72.6292
2020-01-15 14:56:00,80.7636
2020-01-15 14:57:00,44.5704
2020-01-15 14:58:00,3.0732
2020-01-15 14:59:00,-55.0269
2020-01-15 15:00:00,-102.6607
2020-01-15 15:01:00,-146.0947
2020-01-15 15:02:00,-154.9528
2020-01-15 15:03:00,-179.397
2020-01-15 15:04:00,-158.3992
2020-01-15 15:05:00,-171.4965
2020-01-15 15:06:00,-207.0738
2020-01-15 15:07:00,-197.464
2020-01-15 15:08:00,-181.3137
2020-01-15 15:09:00,-176.9972
2020-01-15 15:10:00,-230.445
2020-01-15 15:11:00,-205.1672
2020-01-15 15:12:00,-211.2851
2020-01-15 15:13:00,-255.0224
2020-01-15 15:14:00,-233.9201
2020-01-15 15:15:00,-196.8484
2020-01-15 15:16:00,-207.5149
2020-01-15 15:17:00,-228.9673
2020-01-15 15:18:00,-198.4593
2020-01-15 15:19:00,-210.8701
2020-01-15 15:20:00,-193.0499
2020-01-15 15:21:00,-174.7335
2020-01-15 15:22:00,-174.3225
2020-01-15 15:23:00,-180.6486
2020-01-15 15:24:00,-188.6732
2020-01-15 15:25:00,-178.0788
2020-01-15 15:26:00,-162.8035
2020-01-15 15:27:00,-169.9715
2020-01-15 15:28:00,-189.6634
2020-01-15 15:29:00,-187.6798
2020-01-15 15:30:00,-162.3893
2020-01-15 15:31:00,-186.5748
2020-01-15 15:32:00,-176.1142
2020-01-15 15:33:00,-204.4581
2020-01-15 15:34:00,-232.3939
2020-01-15 15:35:00,-198.1574
2020-01-15 15:36:00,-157.6767
2020-01-15 15:37:00,-134.5313
2020-01-15 15:38:00,-136.6029
2020-01-15 15:39:00,-119.4457
2020-01-15 15:40:00,-106.3048
2020-01-15 15:41:00,-109.7249
2020-01-15 15:42:00,-131.0959
2020-01-15 15:43:00,-132.4803
2020-01-15 15:44:00,-115.9756
2020-01-15 15:45:00,-130.0667
2020-01-15 15:46:00,-122.1157
2020-01-15 15:47:00,-129.0349
2020-01-15 15:48:00,-106.864
2020-01-15 15:49:00,-82.5681
2020-01-15 15:50:00,-77.9193
2020-01-15 15:51:00,-61.925
2020-01-15 15:52:00,-54.7193
2020-01-15 15:53:00,-56.9087
2020-01-15 15:54:00,-55.4016
2020-01-15 15:55:00,-49.3674
2020-01-15 15:56:00,-51.2676
2020-01-15 15:57:00,-43.4252
2020-01-15 15:58:00,-34.2983
2020-01-15 15:59:00,-24.0492
2020-01-15 16:00:00,1.4702
2020-01-16 09:31:00,204.7293
2020-01-16 09:32:00,195.8706
2020-01-16 09:33:00,217.1198
2020-01-16 09:34:00,245.1005
2020-01-16 09:35:00,232.9283
2020-01-16 09:36:00,216.8879
2020-01-16 09:37:00,198.6983
2020-01-16 09:38:00,185.5019
2020-01-16 09:39:00,193.1382
2020-01-16 09:40:00,183.9956
2020-01-16 09:41:00,184.5128
2020-01-16 09:42:00,175.361
2020-01-16 09:43:00,171.1132
2020-01-16 09:44:00,151.4799
2020-01-16 09:45:00,137.1729
2020-01-16 09:46:00,130.9969
2020-01-16 09:47:00,113.7152
2020-01-16 09:48:00,100.7175
2020-01-16 09:49:00,101.4128
2020-01-16 09:50:00,93.7695
2020-01-16 09:51:00,95.0179
2020-01-16 09:52:00,87.853
2020-01-16 09:53:00,76.8647
2020-01-16 09:54:00,82.4264
2020-01-16 09:55:00,83.3646
2020-01-16 09:56:00,74.1922
2020-01-16 09:57:00,74.38
2020-01-16 09:58:00,74.3774
2020-01-16 09:59:00,68.774
2020-01-16 10:00:00,64.6566
2020-01-16 10:01:00,66.1169
2020-01-16 10:02:00,67.0615
2020-01-16 10:03:00,64.5183
2020-01-16 10:04:00,59.3749
2020-01-16 10:05:00,57.8066
2020-01-16 10:06:00,65.2833
2020-01-16 10:07:00,68.8089
2020-01-16 10:08:00,75.8512
2020-01-16 10:09:00,78.3681
2020-01-16 10:10:00,79.288
2020-01-16 10:11:00,81.0973
2020-01-16 10:12:00,69.8763
2020-01-16 10:13:00,70.7613
2020-01-16 10:14:00,72.8963
2020-01-16 10:15:00,69.3104
2020-01-16 10:16:00,69.4559
2020-01-16 10:17:00,67.3416
2020-01-16 10:18:00,61.5019
2020-01-16 10:19:00,62.9744
2020-01-16 10:20:00,57.9565
2020-01-16 10:21:00,38.3696
2020-01-16 10:22:00,39.0482
2020-01-16 10:23:00,53.4094
2020-01-16 10:24:00,38.3897
2020-01-16 10:25:00,29.115
2020-01-16 10:26:00,17.6091
2020-01-16 10:27:00,-9.7399
2020-01-16 10:28:00,-46.6917
2020-01-16 10:29:00,-36.306
2020-01-16 10:30:00,-33.1345
2020-01-16 10:31:00,-36.2146
2020-01-16 10:32:00,-70.9586
2020-01-16 10:33:00,-56.1281
2020-01-16 10:34:00,-51.7934
2020-01-16 10:35:00,-55.7452
2020-01-16 10:36:00,-91.2556
2020-01-16 10:37:00,-138.5993
2020-01-16 10:38:00,-144.7541
2020-01-16 10:39:00,-194.2296
2020-01-16 10:40:00,-173.863
2020-01-16 10:41:00,-132.29
2020-01-16 10:42:00,-99.7812
2020-01-16 10:43:00,-115.4679
2020-01-16 10:44:00,-177.3203
2020-01-16 10:45:00,-146.5335
2020-01-16 10:46:00,-142.6812
2020-01-16 10:47:00,-142.4378
2020-01-16 10:48:00,-135.4645
2020-01-16 10:49:00,-104.653
2020-01-16 10:50:00,-99.5096
2020-01-16 10:51:00,-124.5878
2020-01-16 10:52:00,-122.75
2020-01-16 10:53:00,-132.2775
2020-01-16 10:54:00,-157.1849
2020-01-16 10:55:00,-182.0163
2020-01-16 10:56:00,-185.3685
2020-01-16 10:57:00,-199.3908
2020-01-16 10:58:00,-212.7488
2020-01-16 10:59:00,-215.6694
2020-01-16 11:00:00,-214.1564
2020-01-16 11:01:00,-175.8821
2020-01-16 11:02:00,-178.4973
2020-01-16 11:03:00,-158.8159
2020-01-16 11:04:00,-143.1453
2020-01-16 11:05:00,-112.5034
2020-01-16 11:06:00,-92.3643
2020-01-16 11:07:00,-69.2937
2020-01-16 11:08:00,-69.1544
2020-01-16 11:09:00,-80.6833
2020-01-16 11:10:00,-93.7479
2020-01-16 11:11:00,-103.0749
2020-01-16 11:12:00,-128.2392
2020-01-16 11:13:00,-147.4141
2020-01-16 11:14:00,-152.3947
2020-01-16 11:15:00,-163.1588
2020-01-16 11:16:00,-167.7612
2020-01-16 11:17:00,-169.532
2020-01-16 11:18:00,-141.8514
2020-01-16 11:19:00,-118.8442
2020-01-16 11:20:00,-120.3074
2020-01-16 11:21:00,-115.2083
2020-01-16 11:22:00,-99.1632
2020-01-16 11:23:00,-119.4072
2020-01-16 11:24:00,-135.6865
2020-01-16 11:25:00,-119.4861
2020-01-16 11:26:00,-115.9021
2020-01-16 11:27:00,-78.6835
2020-01-16 11:28:00,-55.3613
2020-01-16 11:29:00,-35.5641
2020-01-16 11:30:00,-32.3123
2020-01-16 11:31:00,-28.5892
2020-01-16 11:32:00,-25.9197
2020-01-16 11:33:00,-35.4456
2020-01-16 11:34:00,-23.513
2020-01-16 11:35:00,-38.0959
2020-01-16 11:36:00,-24.3619
2020-01-16 11:37:00,-3.9726
2020-01-16 11:38:00,-6.5193
2020-01-16 11:39:00,-13.8504
2020-01-16 11:40:00,-26.8003
2020-01-16 11:41:00,-18.0994
2020-01-16 11:42:00,-4.5796
2020-01-16 11:43:00,2.1093
2020-01-16 11:44:00,23.356
2020-01-16 11:45:00,41.351
2020-01-16 11:46:00,49.3111
2020-01-16 11:47:00,54.9562
2020-01-16 11:48:00,65.2451
2020-01-16 11:49:00,71.3267
2020-01-16 11:50:00,55.9366
2020-01-16 11:51:00,32.323
2020-01-16 11:52:00,40.8197
2020-01-16 11:53:00,54.8614
2020-01-16 11:54:00,81.93
2020-01-16 11:55:00,79.6181
2020-01-16 11:56:00,81.0575
2020-01-16 11:57:00,65.8549
2020-01-16 11:58:00,74.2652
2020-01-16 11:59:00,62.8805
2020-01-16 12:00:00,60.7681
2020-01-16 12:01:00,65.3986
2020-01-16 12:02:00,68.4803
2020-01-16 12:03:00,66.0441
2020-01-16 12:04:00,68.779
2020-01-16 12:05:00,64.5098
2020-01-16 12:06:00,63.4235
2020-01-16 12:07:00,59.8386
2020-01-16 12:08:00,38.069
2020-01-16 12:09:00,25.4703
2020-01-16 12:10:00,10.0188
2020-01-16 12:11:00,-30.2021
2020-01-16 12:12:00,-27.0387
2020-01-16 12:13:00,-19.9451
2020-01-16 12:14:00,-55.402
2020-01-16 12:15:00,-37.596
2020-01-16 12:16:00,-88.2079
2020-01-16 12:17:00,-102.8695
2020-01-16 12:18:00,-86.2374
2020-01-16 12:19:00,-74.3791
2020-01-16 12:20:00,-59.2284
2020-01-16 12:21:00,-102.1905
2020-01-16 12:22:00,-142.7764
2020-01-16 12:23:00,-161.7455
2020-01-16 12:24:00,-143.6255
2020-01-16 12:25:00,-156.8983
2020-01-16 12:26:00,-151.7445
2020-01-16 12:27:00,-137.781
2020-01-16 12:28:00,-106.8118
2020-01-16 12:29:00,-113.6127
2020-01-16 12:30:00,-114.8138
2020-01-16 12:31:00,-110.2206
2020-01-16 12:32:00,-84.7084
2020-01-16 12:33:00,-56.3332
2020-01-16 12:34:00,-39.8635
2020-01-16 12:35:00,3.5918
2020-01-16 12:36:00,4.3013
2020-01-16 12:37:00,5.1044
2020-01-16 12:38:00,-16.4011
2020-01-16 12:39:00,-16.6214
2020-01-16 12:40:00,-51.9479
2020-01-16 12:41:00,-59.4487
2020-01-16 12:42:00,-24.316
2020-01-16 12:43:00,-43.326
2020-01-16 12:44:00,-40.0767
2020-01-16 12:45:00,-43.1912
2020-01-16 12:46:00,-20.2737
2020-01-16 12:47:00,-26.2836
2020-01-16 12:48:00,-30.5612
2020-01-16 12:49:00,-36.5303
2020-01-16 12:50:00,-20.6675
2020-01-16 12:51:00,-30.9045
2020-01-16 12:52:00,-71.18
2020-01-16 12:53:00,-47.9502
2020-01-16 12:54:00,-39.8792
2020-01-16 12:55:00,-45.1376
2020-01-16 12:56:00,-23.2025
2020-01-16 12:57:00,-9.0003
2020-01-16 12:58:00,18.847
2020-01-16 12:59:00,-5.838
2020-01-16 13:00:00,-25.9259
2020-01-16 13:01:00,-6.4424
2020-01-16 13:02:00,-12.2937
2020-01-16 13:03:00,-34.7876
2020-01-16 13:04:00,-9.8346
2020-01-16 13:05:00,-13.7976
2020-01-16 13:06:00,2.9164
2020-01-16 13:07:00,42.4994
2020-01-16 13:08:00,53.0819
2020-01-16 13:09:00,77.406
2020-01-16 13:10:00,73.6958
2020-01-16 13:11:00,88.6923
2020-01-16 13:12:00,6.7616
2020-01-16 13:13:00,-37.8838
2020-01-16 13:14:00,-42.8231
2020-01-16 13:15:00,-37.4819
2020-01-16 13:16:00,-11.1802
2020-01-16 13:17:00,20.1858
2020-01-16 13:18:00,46.8071
2020-01-16 13:19:00,22.8029
2020-01-16 13:20:00,20.457
2020-01-16 13:21:00,41.2357
2020-01-16 13:22:00,44.62
2020-01-16 13:23:00,80.9952
2020-01-16 13:24:00,62.7822
2020-01-16 13:25:00,-6.39
2020-01-16 13:26:00,31.2379
2020-01-16 13:27:00,201.0415
2020-01-16 13:28:00,193.649
2020-01-16 13:29:00,133.4817
2020-01-16 13:30:00,106.4289
2020-01-16 13:31:00,-3.0979
2020-01-16 13:32:00,44.7103
2020-01-16 13:33:00,155.1948
2020-01-16 13:34:00,260.1899
2020-01-16 13:35:00,378.2827
2020-01-16 13:36:00,389.0675
2020-01-16 13:37:00,445.4942
2020-01-16 13:38:00,347.3849
2020-01-16 13:39:00,289.7804
2020-01-16 13:40:00,228.6576
2020-01-16 13:41:00,237.516
2020-01-16 13:42:00,209.0217
2020-01-16 13:43:00,200.9046
2020-01-16 13:44:00,257.8004
2020-01-16 13:45:00,263.5371
2020-01-16 13:46:00,227.7749
2020-01-16 13:47:00,215.8268
2020-01-16 13:48:00,204.0416
2020-01-16 13:49:00,183.6986
2020-01-16 13:50:00,157.9128
2020-01-16 13:51:00,146.3805
2020-01-16 13:52:00,135.1928
2020-01-16 13:53:00,129.1346
2020-01-16 13:54:00,132.1439
2020-01-16 13:55:00,150.5087
2020-01-16 13:56:00,138.8947
2020-01-16 13:57:00,118.5668
2020-01-16 13:58:00,121.5107
2020-01-16 13:59:00,104.2098
2020-01-16 14:00:00,97.5559
2020-01-16 14:01:00,85.5951
2020-01-16 14:02:00,66.219
2020-01-16 14:03:00,68.5529
2020-01-16 14:04:00,77.282
2020-01-16 14:05:00,66.1174
2020-01-16 14:06:00,58.7576
2020-01-16 14:07:00,66.0909
2020-01-16 14:08:00,61.6066
2020-01-16 14:09:00,76.0418
2020-01-16 14:10:00,75.7235
2020-01-16 14:11:00,68.1162
2020-01-16 14:12:00,72.0947
2020-01-16 14:13:00,68.1299
2020-01-16 14:14:00,66.6265
2020-01-16 14:15:00,67.5081
2020-01-16 14:16:00,95.1263
2020-01-16 14:17:00,122.2283
2020-01-16 14:18:00,124.2845
2020-01-16 14:19:00,101.5369
2020-01-16 14:20:00,98.5974
2020-01-16 14:21:00,97.2565
2020-01-16 14:22:00,99.4918
2020-01-16 14:23:00,91.8272
2020-01-16 14:24:00,69.772
2020-01-16 14:25:00,59.8612
2020-01-16 14:26:00,51.0308
2020-01-16 14:27:00,82.6501
2020-01-16 14:28:00,108.367
2020-01-16 14:29:00,103.3422
2020-01-16 14:30:00,104.1088
2020-01-16 14:31:00,103.3994
2020-01-16 14:32:00,74.9729
2020-01-16 14:33:00,68.4056
2020-01-16 14:34:00,100.4521
2020-01-16 14:35:00,122.7057
2020-01-16 14:36:00,97.8825
2020-01-16 14:37:00,101.4385
2020-01-16 14:38:00,97.8495
2020-01-16 14:39:00,139.4115
2020-01-16 14:40:00,200.243
2020-01-16 14:41:00,229.6432
2020-01-16 14:42:00,244.6675
2020-01-16 14:43:00,238.3888
2020-01-16 14:44:00,209.1856
2020-01-16 14:45:00,173.945
2020-01-16 14:46:00,142.4758
2020-01-16 14:47:00,110.224
2020-01-16 14:48:00,72.5891
2020-01-16 14:49:00,69.6071
2020-01-16 14:50:00,67.2302
2020-01-16 14:51:00,68.6594
2020-01-16 14:52:00,70.9083
2020-01-16 14:53:00,74.0128
2020-01-16 14:54:00,73.2256
2020-01-16 14:55:00,97.9777
2020-01-16 14:56:00,58.1489
2020-01-16 14:57:00,69.7112
2020-01-16 14:58:00,61.8826
2020-01-16 14:59:00,67.4712
2020-01-16 15:00:00,7.6763
2020-01-16 15:01:00,-30.9783
2020-01-16 15:02:00,-50.7075
2020-01-16 15:03:00,-122.7696
2020-01-16 15:06:00,-116.2869
2020-01-16 15:07:00,-97.08
2020-01-16 15:08:00,-70.4168
2020-01-16 15:09:00,-68.124
2020-01-16 15:10:00,-33.721
2020-01-16 15:11:00,-8.0147
2020-01-16 15:12:00,-37.93
2020-01-16 15:13:00,-65.2332
2020-01-16 15:14:00,-23.3655
2020-01-16 15:15:00,47.6959
2020-01-16 15:16:00,6.1819
2020-01-16 15:17:00,88.4033
2020-01-16 15:18:00,127.6613
2020-01-16 15:19:00,130.8965
2020-01-16 15:20:00,148.4382
2020-01-16 15:21:00,166.9682
2020-01-16 15:22:00,142.0432
2020-01-16 15:23:00,189.8174
2020-01-16 15:24:00,234.5515
2020-01-16 15:25:00,177.8317
2020-01-16 15:26:00,192.6846
2020-01-16 15:27:00,141.2424
2020-01-16 15:28:00,84.3899
2020-01-16 15:29:00,47.759
2020-01-16 15:30:00,30.3307
2020-01-16 15:31:00,74.5422
2020-01-16 15:32:00,119.5565
2020-01-16 15:33:00,144.1125
2020-01-16 15:34:00,118.4757
2020-01-16 15:35:00,97.4659
2020-01-16 15:36:00,118.4895
2020-01-16 15:37:00,120.1131
2020-01-16 15:38:00,90.9858
2020-01-16 15:39:00,57.4778
2020-01-16 15:40:00,49.4637
2020-01-16 15:41:00,86.103
2020-01-16 15:42:00,90.3492
2020-01-16 15:43:00,85.4231
2020-01-16 15:44:00,109.2358
2020-01-16 15:45:00,162.3445
2020-01-16 15:46:00,142.14
2020-01-16 15:47:00,181.738
2020-01-16 15:48:00,201.9755
2020-01-16 15:49:00,167.8342
2020-01-16 15:50:00,157.7998
2020-01-16 15:51:00,194.8125
2020-01-16 15:52:00,190.7935
2020-01-16 15:53:00,200.4264
2020-01-16 15:54:00,183.7025
2020-01-16 15:55:00,204.0437
2020-01-16 15:56:00,191.7047
2020-01-16 15:57:00,163.2642
2020-01-16 15:58:00,171.7675
2020-01-16 15:59:00,188.4365
2020-01-16 16:00:00,208.5803
2020-01-17 09:31:00,290.5045
2020-01-17 09:32:00,313.9886
2020-01-17 09:33:00,287.9991
2020-01-17 09:34:00,260.1987
2020-01-17 09:35:00,244.4769
2020-01-17 09:36:00,269.7976
2020-01-17 09:37:00,200.686
2020-01-17 09:38:00,173.7287
2020-01-17 09:39:00,149.7309
2020-01-17 09:40:00,141.6044
2020-01-17 09:41:00,153.7281
2020-01-17 09:42:00,170.126
2020-01-17 09:43:00,166.6239
2020-01-17 09:44:00,160.1925
2020-01-17 09:45:00,150.3004
2020-01-17 09:46:00,129.6099
2020-01-17 09:47:00,111.788
2020-01-17 09:48:00,94.2412
2020-01-17 09:49:00,93.6313
2020-01-17 09:50:00,108.5688
2020-01-17 09:51:00,100.0523
2020-01-17 09:52:00,95.3985
2020-01-17 09:53:00,98.7485
2020-01-17 09:54:00,97.1973
2020-01-17 09:55:00,85.0706
2020-01-17 09:56:00,97.9266
2020-01-17 09:57:00,106.9682
2020-01-17 09:58:00,117.667
2020-01-17 09:59:00,125.8484
2020-01-17 10:00:00,121.5955
2020-01-17 10:01:00,113.1738
2020-01-17 10:02:00,123.548
2020-01-17 10:03:00,120.5462
2020-01-17 10:04:00,125.3342
2020-01-17 10:05:00,116.6136
2020-01-17 10:06:00,102.2857
2020-01-17 10:07:00,103.2757
2020-01-17 10:08:00,98.7383
2020-01-17 10:09:00,93.748
2020-01-17 10:10:00,92.1545
2020-01-17 10:11:00,77.4211
2020-01-17 10:12:00,64.5546
2020-01-17 10:13:00,35.2692
2020-01-17 10:14:00,10.6508
2020-01-17 10:15:00,19.9359
2020-01-17 10:16:00,-2.1752
2020-01-17 10:17:00,-2.7384
2020-01-17 10:18:00,18.7775
2020-01-17 10:19:00,22.7719
2020-01-17 10:20:00,6.5104
2020-01-17 10:21:00,1.3613
2020-01-17 10:22:00,16.3215
2020-01-17 10:23:00,30.6807
2020-01-17 10:24:00,41.6908
2020-01-17 10:25:00,52.8606
2020-01-17 10:26:00,28.0215
2020-01-17 10:27:00,6.7241
2020-01-17 10:28:00,15.5373
2020-01-17 10:29:00,15.1008
2020-01-17 10:30:00,41.021
2020-01-17 10:31:00,35.9812
2020-01-17 10:32:00,14.2939
2020-01-17 10:33:00,40.3395
2020-01-17 10:34:00,37.2064
2020-01-17 10:35:00,37.1079
2020-01-17 10:36:00,32.8469
2020-01-17 10:37:00,-2.2681
2020-01-17 10:38:00,-22.6787
2020-01-17 10:39:00,-29.549
2020-01-17 10:40:00,-21.2454
2020-01-17 10:41:00,-8.986
2020-01-17 10:42:00,-0.9456
2020-01-17 10:43:00,-12.1359
2020-01-17 10:44:00,3.6982
2020-01-17 10:45:00,9.513
2020-01-17 10:46:00,52.0543
2020-01-17 10:47:00,40.9028
2020-01-17 10:48:00,33.916
2020-01-17 10:49:00,-22.4678
2020-01-17 10:50:00,-43.1631
2020-01-17 10:51:00,-78.4851
2020-01-17 10:52:00,-95.895
2020-01-17 10:53:00,-81.8067
2020-01-17 10:54:00,-83.1883
2020-01-17 10:55:00,-105.2976
2020-01-17 10:57:00,-110.5738
2020-01-17 10:58:00,-91.1499
2020-01-17 10:59:00,-89.5555
2020-01-17 11:00:00,-65.2407
2020-01-17 11:01:00,-58.5573
2020-01-17 11:02:00,-58.2624
2020-01-17 11:03:00,-79.6692
2020-01-17 11:04:00,-116.6803
2020-01-17 11:05:00,-131.9488
2020-01-17 11:06:00,-191.5157
2020-01-17 11:07:00,-232.744
2020-01-17 11:08:00,-256.6418
2020-01-17 11:09:00,-188.3076
2020-01-17 11:10:00,-195.1561
2020-01-17 11:11:00,-220.8229
2020-01-17 11:12:00,-191.1862
2020-01-17 11:13:00,-193.5554
2020-01-17 11:14:00,-235.4439
2020-01-17 11:15:00,-291.4777
2020-01-17 11:16:00,-215.6473
2020-01-17 11:17:00,-174.5725
2020-01-17 11:18:00,-143.4775
2020-01-17 11:19:00,-159.7668
2020-01-17 11:20:00,-141.392
2020-01-17 11:21:00,-106.4243
2020-01-17 11:22:00,-99.7738
2020-01-17 11:25:00,-136.4156
2020-01-17 11:26:00,-113.7625
2020-01-17 11:27:00,-71.3409
2020-01-17 11:28:00,-55.8354
2020-01-17 11:29:00,-55.1407
2020-01-17 11:30:00,-44.4557
2020-01-17 11:31:00,-52.6754
2020-01-17 11:32:00,-47.3993
2020-01-17 11:33:00,-56.9523
2020-01-17 11:34:00,-42.9205
2020-01-17 11:35:00,-43.0523
2020-01-17 11:36:00,-42.9841
2020-01-17 11:37:00,-31.1573
2020-01-17 11:38:00,-18.9704
2020-01-17 11:39:00,-17.2108
2020-01-17 11:40:00,-10.6715
2020-01-17 11:41:00,-16.655
2020-01-17 11:42:00,-22.0674
2020-01-17 11:43:00,-41.7749
2020-01-17 11:44:00,-33.1354
2020-01-17 11:45:00,-13.2843
2020-01-17 11:46:00,-13.9488
2020-01-17 11:47:00,-12.7255
2020-01-17 11:48:00,1.0033
2020-01-17 11:49:00,-12.6666
2020-01-17 11:50:00,7.3353
2020-01-17 11:51:00,21.9867
2020-01-17 11:52:00,4.0207
2020-01-17 11:53:00,-5.1339
2020-01-17 11:54:00,35.228
2020-01-17 11:55:00,20.6356
2020-01-17 11:56:00,10.6211
2020-01-17 11:57:00,41.5919
2020-01-17 11:58:00,80.5152
2020-01-17 11:59:00,158.642
2020-01-17 12:00:00,197.8267
2020-01-17 12:01:00,191.131
2020-01-17 12:02:00,194.1027
2020-01-17 12:03:00,239.1576
2020-01-17 12:04:00,244.1167
2020-01-17 12:05:00,247.7727
2020-01-17 12:06:00,265.6473
2020-01-17 12:07:00,249.8474
2020-01-17 12:08:00,240.9815
2020-01-17 12:09:00,228.0398
2020-01-17 12:10:00,186.6412
2020-01-17 12:11:00,191.0462
2020-01-17 12:12:00,195.1245
2020-01-17 12:13:00,176.0559
2020-01-17 12:14:00,166.3735
2020-01-17 12:15:00,147.9419
2020-01-17 12:16:00,122.2394
2020-01-17 12:17:00,121.1031
2020-01-17 12:18:00,122.4882
2020-01-17 12:19:00,137.3952
2020-01-17 12:20:00,142.0354
2020-01-17 12:21:00,143.2506
2020-01-17 12:22:00,129.97
2020-01-17 12:23:00,108.6432
2020-01-17 12:24:00,103.2338
2020-01-17 12:25:00,91.787
2020-01-17 12:26:00,85.8836
2020-01-17 12:27:00,93.1236
2020-01-17 12:28:00,88.8176
2020-01-17 12:29:00,63.324
2020-01-17 12:30:00,27.8596
2020-01-17 12:31:00,16.604
2020-01-17 12:32:00,17.1143
2020-01-17 12:33:00,17.0974
2020-01-17 12:34:00,14.7439
2020-01-17 12:35:00,-6.3321
2020-01-17 12:36:00,-1.078
2020-01-17 12:37:00,9.3634
2020-01-17 12:38:00,35.7145
2020-01-17 12:39:00,43.6382
2020-01-17 12:40:00,38.2158
2020-01-17 12:41:00,67.2326
2020-01-17 12:42:00,15.9565
2020-01-17 12:43:00,-34.535
2020-01-17 12:44:00,-22.5525
2020-01-17 12:45:00,-17.4636
2020-01-17 12:46:00,-3.9816
2020-01-17 12:47:00,-1.2016
2020-01-17 12:48:00,-15.6929
2020-01-17 12:49:00,-36.9792
2020-01-17 12:50:00,-112.9878
2020-01-17 12:51:00,-132.1908
2020-01-17 12:52:00,-110.8757
2020-01-17 12:53:00,-109.2961
2020-01-17 12:54:00,-100.2094
2020-01-17 12:55:00,-96.9481
2020-01-17 12:56:00,-101.5569
2020-01-17 12:57:00,-87.0872
2020-01-17 12:58:00,-142.439
2020-01-17 12:59:00,-169.3921
2020-01-17 13:00:00,-201.5634
2020-01-17 13:01:00,-213.3516
2020-01-17 13:02:00,-197.0774
2020-01-17 13:03:00,-207.2208
2020-01-17 13:04:00,-227.0844
2020-01-17 13:05:00,-229.3531
2020-01-17 13:06:00,-205.2045
2020-01-17 13:07:00,-179.78
2020-01-17 13:08:00,-125.2438
2020-01-17 13:09:00,-117.1666
2020-01-17 13:10:00,-102.7274
2020-01-17 13:11:00,-67.4491
2020-01-17 13:12:00,-61.5333
2020-01-17 13:13:00,-46.4399
2020-01-17 13:14:00,-42.2267
2020-01-17 13:15:00,-45.2809
2020-01-17 13:16:00,-52.3211
2020-01-17 13:17:00,-44.6195
2020-01-17 13:18:00,-32.9461
2020-01-17 13:19:00,-16.068
2020-01-17 13:20:00,9.4628
2020-01-17 13:21:00,32.5106
2020-01-17 13:22:00,13.2246
2020-01-17 13:23:00,15.8369
2020-01-17 13:24:00,12.1453
2020-01-17 13:25:00,7.1186
2020-01-17 13:26:00,30.9898
2020-01-17 13:27:00,19.632
2020-01-17 13:28:00,26.3054
2020-01-17 13:29:00,56.5068
2020-01-17 13:30:00,82.5478
2020-01-17 13:31:00,43.0441
2020-01-17 13:32:00,63.2986
2020-01-17 13:33:00,64.0235
2020-01-17 13:34:00,59.2544
2020-01-17 13:35:00,54.7578
2020-01-17 13:36:00,69.1395
2020-01-17 13:37:00,94.1166
2020-01-17 13:38:00,79.8301
2020-01-17 13:39:00,79.0441
2020-01-17 13:40:00,103.0365
2020-01-17 13:41:00,121.9159
2020-01-17 13:42:00,86.0716
2020-01-17 13:43:00,73.3006
2020-01-17 13:44:00,70.0082
2020-01-17 13:45:00,75.8981
2020-01-17 13:46:00,118.2113
2020-01-17 13:47:00,135.1309
2020-01-17 13:48:00,135.1525
2020-01-17 13:49:00,121.0966
2020-01-17 13:50:00,114.5428
2020-01-17 13:51:00,132.7683
2020-01-17 13:52:00,138.6742
2020-01-17 13:53:00,141.3306
2020-01-17 13:54:00,157.0451
2020-01-17 13:55:00,149.607
2020-01-17 13:56:00,129.1167
2020-01-17 13:57:00,127.7612
2020-01-17 13:58:00,130.4926
2020-01-17 13:59:00,131.0289
2020-01-17 14:00:00,128.4102
2020-01-17 14:01:00,117.1922
2020-01-17 14:02:00,120.0119
2020-01-17 14:03:00,100.914
2020-01-17 14:04:00,93.7467
2020-01-17 14:05:00,102.7724
2020-01-17 14:06:00,109.5626
2020-01-17 14:07:00,120.7129
2020-01-17 14:08:00,115.0058
2020-01-17 14:09:00,112.3612
2020-01-17 14:10:00,128.8285
2020-01-17 14:11:00,137.7901
2020-01-17 14:12:00,136.6809
2020-01-17 14:13:00,141.7702
2020-01-17 14:14:00,126.6005
2020-01-17 14:15:00,113.3469
2020-01-17 14:16:00,125.9185
2020-01-17 14:17:00,130.5831
2020-01-17 14:18:00,124.3165
2020-01-17 14:19:00,108.8566
2020-01-17 14:20:00,106.2911
2020-01-17 14:21:00,81.752
2020-01-17 14:22:00,46.4245
2020-01-17 14:23:00,20.1197
2020-01-17 14:24:00,9.5598
2020-01-17 14:25:00,-23.238
2020-01-17 14:26:00,-8.8672
2020-01-17 14:27:00,21.1777
2020-01-17 14:28:00,52.0993
2020-01-17 14:29:00,67.474
2020-01-17 14:30:00,63.1331
2020-01-17 14:31:00,75.441
2020-01-17 14:32:00,69.4301
2020-01-17 14:33:00,72.1324
2020-01-17 14:34:00,104.7107
2020-01-17 14:35:00,105.8802
2020-01-17 14:36:00,75.8174
2020-01-17 14:37:00,22.2347
2020-01-17 14:38:00,-26.1018
2020-01-17 14:39:00,-55.9532
2020-01-17 14:40:00,-107.8441
2020-01-17 14:41:00,-128.4664
2020-01-17 14:42:00,-113.876
2020-01-17 14:43:00,-82.8524
2020-01-17 14:44:00,-116.8612
2020-01-17 14:45:00,-94.4162
2020-01-17 14:46:00,-117.5571
2020-01-17 14:47:00,-127.3861
2020-01-17 14:48:00,-93.0858
2020-01-17 14:49:00,-75.6724
2020-01-17 14:50:00,-69.4566
2020-01-17 14:51:00,-63.6086
2020-01-17 14:52:00,-72.7267
2020-01-17 14:53:00,-42.2539
2020-01-17 14:54:00,-8.9996
2020-01-17 14:55:00,13.6454
2020-01-17 14:56:00,74.7026
2020-01-17 14:57:00,134.0116
2020-01-17 14:58:00,107.5167
2020-01-17 14:59:00,101.1517
2020-01-17 15:00:00,148.7143
2020-01-17 15:01:00,184.0587
2020-01-17 15:02:00,242.3328
2020-01-17 15:03:00,194.3933
2020-01-17 15:04:00,141.1307
2020-01-17 15:05:00,155.217
2020-01-17 15:06:00,130.1792
2020-01-17 15:07:00,97.7017
2020-01-17 15:08:00,26.772
2020-01-17 15:09:00,-27.059
2020-01-17 15:10:00,-15.1318
2020-01-17 15:11:00,20.7608
2020-01-17 15:12:00,-36.4037
2020-01-17 15:13:00,-66.9408
2020-01-17 15:14:00,-30.9332
2020-01-17 15:15:00,1.921
2020-01-17 15:16:00,45.8986
2020-01-17 15:17:00,93.9059
2020-01-17 15:18:00,134.4765
2020-01-17 15:19:00,118.0123
2020-01-17 15:20:00,101.7902
2020-01-17 15:21:00,97.3379
2020-01-17 15:22:00,84.8848
2020-01-17 15:23:00,96.7132
2020-01-17 15:24:00,123.0722
2020-01-17 15:25:00,113.815
2020-01-17 15:26:00,135.0841
2020-01-17 15:27:00,139.7339
2020-01-17 15:28:00,129.8322
2020-01-17 15:29:00,113.2756
2020-01-17 15:30:00,115.2054
2020-01-17 15:31:00,126.2054
2020-01-17 15:32:00,153.9128
2020-01-17 15:33:00,172.5116
2020-01-17 15:34:00,168.8655
2020-01-17 15:35:00,141.4117
2020-01-17 15:36:00,141.1332
2020-01-17 15:37:00,145.0019
2020-01-17 15:38:00,132.3702
2020-01-17 15:39:00,130.2147
2020-01-17 15:40:00,114.5983
2020-01-17 15:41:00,131.8595
2020-01-17 15:42:00,172.4331
2020-01-17 15:43:00,200.0034
2020-01-17 15:44:00,180.1928
2020-01-17 15:45:00,171.9957
2020-01-17 15:46:00,180.9906
2020-01-17 15:47:00,190.3021
2020-01-17 15:48:00,178.1057
2020-01-17 15:49:00,170.6806
2020-01-17 15:50:00,150.3724
2020-01-17 15:51:00,147.7783
2020-01-17 15:52:00,155.9117
2020-01-17 15:53:00,157.2224
2020-01-17 15:54:00,150.2628
2020-01-17 15:55:00,192.6932
2020-01-17 15:56:00,219.642
2020-01-17 15:57:00,230.9036
2020-01-17 15:58:00,230.6163
2020-01-17 15:59:00,206.8348
2020-01-17 16:00:00,197.055
