date,SlowK,SlowD
2020-01-13 09:39:00,59.2686,81.2842
2020-01-13 09:40:00,27.925,57.9224
2020-01-13 09:41:00,6.0282,31.0739
2020-01-13 09:42:00,6.8504,13.6012
2020-01-13 09:43:00,10.3195,7.7327
2020-01-13 09:44:00,26.2516,14.4738
2020-01-13 09:45:00,42.542,26.371
2020-01-13 09:46:00,72.4063,47.0666
2020-01-13 09:47:00,88.8542,67.9342
2020-01-13 09:48:00,95.2364,85.499
2020-01-13 09:49:00,73.0152,85.702
2020-01-13 09:50:00,66.3118,78.1878
2020-01-13 09:51:00,48.0803,62.4691
2020-01-13 09:52:00,40.3579,51.5833
2020-01-13 09:53:00,28.8057,39.0813
2020-01-13 09:54:00,23.4111,30.8582
2020-01-13 09:55:00,26.4962,26.2377
2020-01-13 09:56:00,37.2876,29.065
2020-01-13 09:57:00,64.7239,42.8359
2020-01-13 09:58:00,91.5672,64.5262
2020-01-13 09:59:00,96.1256,84.1389
2020-01-13 10:00:00,87.5986,91.7638
2020-01-13 10:01:00,75.4511,86.3918
2020-01-13 10:02:00,56.669,73.2396
2020-01-13 10:03:00,35.3107,55.8103
2020-01-13 10:04:00,21.8932,37.9576
2020-01-13 10:05:00,21.5904,26.2648
2020-01-13 10:06:00,25.6518,23.0451
2020-01-13 10:07:00,21.8721,23.0381
2020-01-13 10:08:00,22.7038,23.4092
2020-01-13 10:09:00,24.8726,23.1495
2020-01-13 10:10:00,29.1246,25.567
2020-01-13 10:11:00,36.7452,30.2475
2020-01-13 10:12:00,47.9967,37.9555
2020-01-13 10:13:00,69.3476,51.3632
2020-01-13 10:14:00,72.6289,63.3244
2020-01-13 10:15:00,65.1834,69.0533
2020-01-13 10:16:00,60.8101,66.2075
2020-01-13 10:17:00,63.6877,63.2271
2020-01-13 10:18:00,78.7476,67.7485
2020-01-13 10:19:00,63.0691,68.5015
2020-01-13 10:20:00,40.5978,60.8048
2020-01-13 10:21:00,16.4561,40.041
2020-01-13 10:22:00,15.2654,24.1064
2020-01-13 10:23:00,29.1302,20.2839
2020-01-13 10:24:00,55.2257,33.2071
2020-01-13 10:25:00,75.9702,53.4421
2020-01-13 10:26:00,79.8631,70.353
2020-01-13 10:27:00,61.5861,72.4731
2020-01-13 10:28:00,38.4625,59.9706
2020-01-13 10:29:00,25.4286,41.8258
2020-01-13 10:30:00,13.2075,25.6996
2020-01-13 10:31:00,8.5324,15.7229
2020-01-13 10:32:00,3.8028,8.5142
2020-01-13 10:33:00,20.4634,10.9329
2020-01-13 10:34:00,34.4376,19.5679
2020-01-13 10:35:00,42.0324,32.3112
2020-01-13 10:36:00,36.4829,37.651
2020-01-13 10:37:00,43.4505,40.6553
2020-01-13 10:38:00,56.4619,45.4651
2020-01-13 10:39:00,62.8479,54.2535
2020-01-13 10:40:00,50.1516,56.4871
2020-01-13 10:41:00,37.1683,50.0559
2020-01-13 10:42:00,26.6859,38.0019
2020-01-13 10:43:00,21.7284,28.5275
2020-01-13 10:44:00,14.6649,21.0264
2020-01-13 10:45:00,17.6497,18.0143
2020-01-13 10:46:00,16.9715,16.4287
2020-01-13 10:47:00,31.8239,22.1483
2020-01-13 10:48:00,37.5567,28.784
2020-01-13 10:49:00,66.3592,45.2466
2020-01-13 10:50:00,80.1446,61.3535
2020-01-13 10:51:00,90.4023,78.9687
2020-01-13 10:52:00,88.8573,86.468
2020-01-13 10:53:00,89.3493,89.5363
2020-01-13 10:54:00,95.7908,91.3325
2020-01-13 10:55:00,94.7362,93.2921
2020-01-13 10:56:00,89.9748,93.5006
2020-01-13 10:57:00,85.5602,90.0904
2020-01-13 10:58:00,76.6782,84.0711
2020-01-13 10:59:00,68.3165,76.8517
2020-01-13 11:04:00,48.1,64.3649
2020-01-13 11:05:00,39.6552,52.0239
2020-01-13 11:06:00,21.9834,36.5795
2020-01-13 11:07:00,23.813,28.4839
2020-01-13 11:08:00,15.9865,20.5943
2020-01-13 11:09:00,15.4442,18.4146
2020-01-13 11:10:00,30.6199,20.6835
2020-01-13 11:11:00,45.4086,30.4909
2020-01-13 11:12:00,72.3279,49.4521
2020-01-13 11:13:00,77.4532,65.0632
2020-01-13 11:14:00,82.2154,77.3322
2020-01-13 11:15:00,67.3841,75.6843
2020-01-13 11:16:00,70.5793,73.393
2020-01-13 11:17:00,76.3804,71.4479
2020-01-13 11:18:00,85.7455,77.5684
2020-01-13 11:19:00,67.9382,76.688
2020-01-13 11:20:00,53.1028,68.9288
2020-01-13 11:21:00,51.3364,57.4591
2020-01-13 11:22:00,47.9235,50.7875
2020-01-13 11:23:00,48.4236,49.2278
2020-01-13 11:24:00,42.1265,46.1579
2020-01-13 11:25:00,43.0598,44.5366
2020-01-13 11:26:00,28.9531,38.0465
2020-01-13 11:27:00,20.639,30.884
2020-01-13 11:28:00,32.7989,27.4637
2020-01-13 11:29:00,38.5018,30.6466
2020-01-13 11:30:00,62.436,44.5789
2020-01-13 11:31:00,66.5465,55.8281
2020-01-13 11:32:00,92.3281,73.7702
2020-01-13 11:33:00,88.4203,82.4316
2020-01-13 11:34:00,81.9736,87.574
2020-01-13 11:35:00,59.4847,76.6262
2020-01-13 11:36:00,50.428,63.9621
2020-01-13 11:37:00,39.27,49.7276
2020-01-13 11:38:00,52.8733,47.5238
2020-01-13 11:39:00,49.9241,47.3558
2020-01-13 11:40:00,45.5644,49.4539
2020-01-13 11:41:00,24.8201,40.1028
2020-01-13 11:42:00,19.4727,29.9524
2020-01-13 11:43:00,26.4432,23.5787
2020-01-13 11:44:00,52.3052,32.7404
2020-01-13 11:45:00,71.4581,50.0688
2020-01-13 11:46:00,87.2751,70.3461
2020-01-13 11:47:00,84.7388,81.1573
2020-01-13 11:48:00,87.6388,86.5509
2020-01-13 11:49:00,71.9457,81.4411
2020-01-13 11:50:00,56.6207,72.0684
2020-01-13 11:51:00,32.4371,53.6678
2020-01-13 11:52:00,23.2729,37.4436
2020-01-13 11:53:00,14.8283,23.5128
2020-01-13 11:54:00,17.1584,18.4199
2020-01-13 11:57:00,12.0831,14.69
2020-01-13 11:58:00,16.9743,15.4053
2020-01-13 11:59:00,30.525,19.8608
2020-01-13 12:00:00,62.3578,36.619
2020-01-13 12:01:00,83.2522,58.7117
2020-01-13 12:02:00,89.2362,78.2821
2020-01-13 12:03:00,80.8714,84.4532
2020-01-13 12:04:00,71.2276,80.445
2020-01-13 12:05:00,55.537,69.212
2020-01-13 12:06:00,35.4352,54.0666
2020-01-13 12:07:00,25.3684,38.7802
2020-01-13 12:08:00,20.3219,27.0419
2020-01-13 12:09:00,23.2316,22.974
2020-01-13 12:10:00,32.7959,25.4498
2020-01-13 12:11:00,53.8576,36.6284
2020-01-13 12:12:00,65.0402,50.5646
2020-01-13 12:13:00,60.9569,59.9516
2020-01-13 12:14:00,33.4053,53.1341
2020-01-13 12:15:00,37.2804,43.8809
2020-01-13 12:16:00,25.5022,32.0626
2020-01-13 12:17:00,37.4911,33.4246
2020-01-13 12:18:00,33.3279,32.1071
2020-01-13 12:19:00,36.0769,35.632
2020-01-13 12:20:00,27.5525,32.3191
2020-01-13 12:21:00,31.4652,31.6982
2020-01-13 12:22:00,35.8244,31.614
2020-01-13 12:23:00,39.2029,35.4975
2020-01-13 12:24:00,20.6161,31.8812
2020-01-13 12:25:00,21.5803,27.1331
2020-01-13 12:26:00,28.1875,23.4613
2020-01-13 12:27:00,31.5736,27.1138
2020-01-13 12:28:00,33.7973,31.1861
2020-01-13 12:29:00,51.4461,38.939
2020-01-13 12:30:00,71.2543,52.1659
2020-01-13 12:31:00,91.1543,71.2849
2020-01-13 12:32:00,85.5784,82.6623
2020-01-13 12:33:00,86.7413,87.8247
2020-01-13 12:34:00,85.644,85.9879
2020-01-13 12:35:00,85.3785,85.9213
2020-01-13 12:36:00,79.1489,83.3905
2020-01-13 12:37:00,80.3366,81.6213
2020-01-13 12:38:00,86.3308,81.9388
2020-01-13 12:39:00,94.4765,87.048
2020-01-13 12:40:00,83.9806,88.2626
2020-01-13 12:41:00,71.3094,83.2555
2020-01-13 12:42:00,54.408,69.8993
2020-01-13 12:43:00,48.2467,57.988
2020-01-13 12:44:00,54.0228,52.2258
2020-01-13 12:45:00,70.9379,57.7358
2020-01-13 12:46:00,87.6045,70.8551
2020-01-13 12:47:00,85.0618,81.2014
2020-01-13 12:48:00,83.7037,85.4567
2020-01-13 12:49:00,61.4801,76.7485
2020-01-13 12:50:00,44.0997,63.0945
2020-01-13 12:51:00,41.1199,48.8999
2020-01-13 12:52:00,59.7577,48.3257
2020-01-13 12:53:00,82.4367,61.1048
2020-01-13 12:54:00,80.5385,74.2443
2020-01-13 12:55:00,78.3753,80.4502
2020-01-13 12:56:00,68.6464,75.8534
2020-01-13 12:57:00,75.4465,74.156
2020-01-13 12:58:00,68.5692,70.8873
2020-01-13 12:59:00,70.8885,71.6347
2020-01-13 13:00:00,43.2093,60.889
2020-01-13 13:01:00,29.17,47.7559
2020-01-13 13:02:00,22.4766,31.6186
2020-01-13 13:03:00,33.0295,28.2253
2020-01-13 13:04:00,36.6735,30.7265
2020-01-13 13:05:00,22.5441,30.749
2020-01-13 13:06:00,27.6014,28.9397
2020-01-13 13:07:00,35.5076,28.5511
2020-01-13 13:08:00,68.8297,43.9796
2020-01-13 13:09:00,84.1236,62.8203
2020-01-13 13:10:00,91.6078,81.5204
2020-01-13 13:11:00,77.773,84.5015
2020-01-13 13:12:00,68.0526,79.1445
2020-01-13 13:13:00,64.8345,70.22
2020-01-13 13:14:00,65.337,66.0747
2020-01-13 13:15:00,60.8176,63.6631
2020-01-13 13:16:00,52.0619,59.4055
2020-01-13 13:17:00,46.8795,53.253
2020-01-13 13:18:00,56.8446,51.9287
2020-01-13 13:19:00,73.5051,59.0764
2020-01-13 13:20:00,88.5208,72.9568
2020-01-13 13:21:00,84.9556,82.3272
2020-01-13 13:22:00,87.9001,87.1255
2020-01-13 13:23:00,90.0394,87.6317
2020-01-13 13:24:00,96.7795,91.573
2020-01-13 13:25:00,89.1482,91.989
2020-01-13 13:26:00,70.1367,85.3548
2020-01-13 13:27:00,42.5825,67.2891
2020-01-13 13:28:00,29.1105,47.2766
2020-01-13 13:29:00,30.1374,33.9435
2020-01-13 13:30:00,45.3843,34.8774
2020-01-13 13:31:00,43.3384,39.62
2020-01-13 13:32:00,53.4199,47.3809
2020-01-13 13:33:00,44.7627,47.1737
2020-01-13 13:34:00,41.8272,46.6699
2020-01-13 13:35:00,28.0616,38.2171
2020-01-13 13:36:00,31.5913,33.8267
2020-01-13 13:37:00,48.6869,36.1132
2020-01-13 13:38:00,56.451,45.5764
2020-01-13 13:39:00,55.9723,53.7034
2020-01-13 13:40:00,59.3067,57.2433
2020-01-13 13:41:00,70.6051,61.9614
2020-01-13 13:42:00,86.8397,72.2505
2020-01-13 13:43:00,69.1661,75.537
2020-01-13 13:44:00,41.1897,65.7318
2020-01-13 13:45:00,23.8456,44.7338
2020-01-13 13:46:00,33.2909,32.7754
2020-01-13 13:47:00,55.0879,37.4081
2020-01-13 13:48:00,75.6402,54.673
2020-01-13 13:49:00,85.5233,72.0838
2020-01-13 13:50:00,92.7852,84.6496
2020-01-13 13:51:00,83.6964,87.335
2020-01-13 13:52:00,73.6061,83.3626
2020-01-13 13:53:00,63.9904,73.7643
2020-01-13 13:54:00,45.0191,60.8719
2020-01-13 13:55:00,41.817,50.2755
2020-01-13 13:56:00,46.765,44.5337
2020-01-13 13:57:00,75.1565,54.5795
2020-01-13 13:58:00,79.553,67.1581
2020-01-13 13:59:00,64.9907,73.2334
2020-01-13 14:00:00,41.1817,61.9085
2020-01-13 14:01:00,20.7441,42.3055
2020-01-13 14:02:00,10.3799,24.1019
2020-01-13 14:03:00,8.286,13.1367
2020-01-13 14:04:00,14.3101,10.992
2020-01-13 14:05:00,32.5783,18.3915
2020-01-13 14:06:00,58.4811,35.1232
2020-01-13 14:07:00,85.7904,58.9499
2020-01-13 14:08:00,98.636,80.9692
2020-01-13 14:09:00,93.4833,92.6365
2020-01-13 14:10:00,89.5024,93.8739
2020-01-13 14:11:00,87.968,90.3179
2020-01-13 14:12:00,80.4239,85.9648
2020-01-13 14:13:00,76.0714,81.4878
2020-01-13 14:14:00,61.0199,72.5051
2020-01-13 14:15:00,42.0537,59.715
2020-01-13 14:16:00,17.7701,40.2813
2020-01-13 14:17:00,9.5546,23.1261
2020-01-13 14:18:00,19.2482,15.5243
2020-01-13 14:19:00,36.4828,21.7619
2020-01-13 14:20:00,62.1082,39.2797
2020-01-13 14:21:00,77.4117,58.6676
2020-01-13 14:22:00,83.5738,74.3646
2020-01-13 14:23:00,78.1966,79.7274
2020-01-13 14:24:00,81.4642,81.0782
2020-01-13 14:25:00,85.342,81.6676
2020-01-13 14:26:00,77.6214,81.4759
2020-01-13 14:27:00,68.0343,76.9993
2020-01-13 14:28:00,68.1823,71.2793
2020-01-13 14:29:00,81.8202,72.6789
2020-01-13 14:30:00,86.4734,78.8253
2020-01-13 14:31:00,90.8725,86.3887
2020-01-13 14:32:00,87.5348,88.2936
2020-01-13 14:33:00,87.3505,88.5859
2020-01-13 14:34:00,83.3095,86.0649
2020-01-13 14:35:00,68.5521,79.7374
2020-01-13 14:36:00,55.859,69.2402
2020-01-13 14:37:00,27.3619,50.591
2020-01-13 14:38:00,16.0535,33.0915
2020-01-13 14:39:00,14.0886,19.168
2020-01-13 14:40:00,30.0765,20.0729
2020-01-13 14:41:00,28.4443,24.2031
2020-01-13 14:42:00,25.8593,28.1267
2020-01-13 14:43:00,18.2788,24.1941
2020-01-13 14:44:00,17.0239,20.3874
2020-01-13 14:45:00,25.8048,20.3692
2020-01-13 14:46:00,35.3987,26.0758
2020-01-13 14:47:00,47.7187,36.3074
2020-01-13 14:48:00,48.6979,43.9384
2020-01-13 14:49:00,52.0304,49.4823
2020-01-13 14:50:00,70.8717,57.2
2020-01-13 14:51:00,81.7428,68.215
2020-01-13 14:52:00,80.2023,77.6056
2020-01-13 14:53:00,64.6636,75.5362
2020-01-13 14:54:00,55.1145,66.6601
2020-01-13 14:55:00,68.6545,62.8109
2020-01-13 14:56:00,82.6647,68.8112
2020-01-13 14:57:00,90.6441,80.6544
2020-01-13 14:58:00,86.013,86.4406
2020-01-13 14:59:00,78.57,85.0757
2020-01-13 15:00:00,77.3304,80.6378
2020-01-13 15:01:00,64.2405,73.3803
2020-01-13 15:02:00,49.0771,63.5493
2020-01-13 15:03:00,51.725,55.0142
2020-01-13 15:04:00,60.5345,53.7789
2020-01-13 15:05:00,76.9078,63.0557
2020-01-13 15:06:00,51.197,62.8797
2020-01-13 15:07:00,43.4418,57.1822
2020-01-13 15:08:00,42.451,45.6966
2020-01-13 15:09:00,66.7836,50.8922
2020-01-13 15:10:00,63.4523,57.5623
2020-01-13 15:11:00,53.3364,61.1908
2020-01-13 15:12:00,30.3734,49.0541
2020-01-13 15:13:00,19.8158,34.5086
2020-01-13 15:14:00,14.0742,21.4212
2020-01-13 15:15:00,17.5141,17.1347
2020-01-13 15:16:00,27.9053,19.8312
2020-01-13 15:17:00,23.3402,22.9199
2020-01-13 15:18:00,35.048,28.7645
2020-01-13 15:19:00,40.7294,33.0392
2020-01-13 15:20:00,53.8808,43.2194
2020-01-13 15:21:00,67.7835,54.1312
2020-01-13 15:22:00,75.6005,65.755
2020-01-13 15:23:00,86.9029,76.7623
2020-01-13 15:24:00,81.0611,81.1882
2020-01-13 15:25:00,82.3926,83.4522
2020-01-13 15:26:00,77.6043,80.3527
2020-01-13 15:27:00,70.2993,76.7654
2020-01-13 15:28:00,42.3004,63.4013
2020-01-13 15:29:00,33.1538,48.5845
2020-01-13 15:30:00,36.4141,37.2894
2020-01-13 15:31:00,64.0446,44.5375
2020-01-13 15:32:00,83.0575,61.172
2020-01-13 15:33:00,90.3204,79.1408
2020-01-13 15:34:00,86.9328,86.7702
2020-01-13 15:35:00,83.8954,87.0495
2020-01-13 15:36:00,79.2573,83.3618
2020-01-13 15:37:00,82.7942,81.9823
2020-01-13 15:38:00,66.9994,76.3503
2020-01-13 15:39:00,63.7821,71.1919
2020-01-13 15:40:00,67.482,66.0878
2020-01-13 15:41:00,79.6777,70.3139
2020-01-13 15:42:00,60.0378,69.0658
2020-01-13 15:43:00,36.894,58.8698
2020-01-13 15:44:00,43.5619,46.8312
2020-01-13 15:45:00,73.0868,51.1809
2020-01-13 15:46:00,88.7274,68.4587
2020-01-13 15:47:00,82.5381,81.4508
2020-01-13 15:48:00,77.9048,83.0568
2020-01-13 15:49:00,69.4827,76.6418
2020-01-13 15:50:00,64.1891,70.5255
2020-01-13 15:51:00,61.9168,65.1962
2020-01-13 15:52:00,75.4068,67.1709
2020-01-13 15:53:00,86.7537,74.6925
2020-01-13 15:54:00,93.9331,85.3645
2020-01-13 15:55:00,96.3224,92.3364
2020-01-13 15:56:00,95.4263,95.2272
2020-01-13 15:57:00,93.9459,95.2315
2020-01-13 15:58:00,90.8644,93.4122
2020-01-13 15:59:00,87.6332,90.8145
2020-01-13 16:00:00,81.5036,86.6671
2020-01-14 09:31:00,58.5348,75.8905
2020-01-14 09:32:00,33.6903,57.9095
2020-01-14 09:33:00,9.8058,34.0103
2020-01-14 09:34:00,6.5993,16.6985
2020-01-14 09:35:00,13.7257,10.0436
2020-01-14 09:36:00,24.7083,15.0111
2020-01-14 09:37:00,27.318,21.9173
2020-01-14 09:38:00,50.0409,34.0224
2020-01-14 09:39:00,68.1705,48.5098
2020-01-14 09:40:00,91.923,70.0448
2020-01-14 09:41:00,78.9967,79.6968
2020-01-14 09:42:00,59.3366,76.7521
2020-01-14 09:43:00,31.7699,56.7011
2020-01-14 09:44:00,12.6258,34.5774
2020-01-14 09:45:00,9.0896,17.8284
2020-01-14 09:46:00,13.2895,11.6683
2020-01-14 09:47:00,36.0373,19.4721
2020-01-14 09:48:00,29.1831,26.17
2020-01-14 09:49:00,24.0107,29.7437
2020-01-14 09:50:00,0.0,17.7313
2020-01-14 09:51:00,0.0,8.0036
2020-01-14 09:52:00,0.0,-0.0
2020-01-14 09:53:00,9.512,3.1707
2020-01-14 09:54:00,12.4607,7.3243
2020-01-14 09:55:00,39.2105,20.3944
2020-01-14 09:56:00,29.6985,27.1232
2020-01-14 09:57:00,26.7498,31.8862
2020-01-14 09:58:00,3.5024,19.9836
2020-01-14 09:59:00,3.5024,11.2515
2020-01-14 10:00:00,8.8914,5.2988
2020-01-14 10:01:00,21.5074,11.3004
2020-01-14 10:02:00,54.3642,28.2543
2020-01-14 10:03:00,82.0566,52.6428
2020-01-14 10:04:00,95.9689,77.4632
2020-01-14 10:05:00,93.1061,90.3772
2020-01-14 10:06:00,91.889,93.6546
2020-01-14 10:07:00,76.615,87.2034
2020-01-14 10:08:00,70.7239,79.7426
2020-01-14 10:09:00,65.1049,70.8146
2020-01-14 10:10:00,81.83,72.5529
2020-01-14 10:11:00,84.1042,77.0131
2020-01-14 10:12:00,85.6133,83.8492
2020-01-14 10:13:00,74.3412,81.3529
2020-01-14 10:14:00,69.7337,76.5627
2020-01-14 10:15:00,71.143,71.7393
2020-01-14 10:16:00,61.5396,67.4721
2020-01-14 10:17:00,59.0879,63.9235
2020-01-14 10:18:00,55.4293,58.6856
2020-01-14 10:19:00,75.0417,63.1863
2020-01-14 10:20:00,76.2841,68.9183
2020-01-14 10:21:00,61.3711,70.899
2020-01-14 10:22:00,43.2003,60.2852
2020-01-14 10:23:00,36.2815,46.951
2020-01-14 10:24:00,30.2452,36.5756
2020-01-14 10:25:00,45.8704,37.4657
2020-01-14 10:26:00,61.2766,45.7974
2020-01-14 10:27:00,77.5533,61.5668
2020-01-14 10:28:00,77.7457,72.1919
2020-01-14 10:29:00,77.5603,77.6198
2020-01-14 10:30:00,76.6072,77.3044
2020-01-14 10:31:00,80.8833,78.3503
2020-01-14 10:32:00,83.7777,80.4228
2020-01-14 10:33:00,85.5655,83.4089
2020-01-14 10:34:00,79.0271,82.7901
2020-01-14 10:35:00,70.6915,78.428
2020-01-14 10:36:00,65.9135,71.8773
2020-01-14 10:37:00,44.2637,60.2895
2020-01-14 10:38:00,23.2674,44.4815
2020-01-14 10:39:00,8.0176,25.1829
2020-01-14 10:40:00,16.1208,15.802
2020-01-14 10:41:00,16.8453,13.6612
2020-01-14 10:42:00,25.2742,19.4134
2020-01-14 10:43:00,20.8745,20.998
2020-01-14 10:44:00,31.9367,26.0284
2020-01-14 10:45:00,34.8314,29.2142
2020-01-14 10:46:00,31.341,32.703
2020-01-14 10:47:00,25.6038,30.5921
2020-01-14 10:48:00,15.0227,23.9892
2020-01-14 10:49:00,12.209,17.6119
2020-01-14 10:50:00,8.1588,11.7968
2020-01-14 10:51:00,6.7339,9.0339
2020-01-14 10:52:00,6.6511,7.1813
2020-01-14 10:53:00,3.0988,5.4946
2020-01-14 10:54:00,7.7272,5.8257
2020-01-14 10:55:00,18.1461,9.6574
2020-01-14 10:56:00,21.0393,15.6375
2020-01-14 10:57:00,47.7463,28.9772
2020-01-14 10:58:00,68.9122,45.8993
2020-01-14 10:59:00,97.8106,71.4897
2020-01-14 11:00:00,96.336,87.6863
2020-01-14 11:01:00,96.3106,96.819
2020-01-14 11:02:00,88.6167,93.7544
2020-01-14 11:03:00,70.5095,85.1456
2020-01-14 11:04:00,56.4686,71.8649
2020-01-14 11:06:00,43.6041,56.8607
2020-01-14 11:07:00,60.7491,53.6072
2020-01-14 11:08:00,61.6027,55.3186
2020-01-14 11:09:00,69.1398,63.8305
2020-01-14 11:10:00,51.7838,60.8421
2020-01-14 11:11:00,34.7566,51.8934
2020-01-14 11:12:00,20.2987,35.613
2020-01-14 11:13:00,17.6413,24.2322
2020-01-14 11:14:00,17.9638,18.6346
2020-01-14 11:15:00,17.392,17.6657
2020-01-14 11:16:00,14.3782,16.578
2020-01-14 11:17:00,13.3907,15.0536
2020-01-14 11:18:00,30.8222,19.5304
2020-01-14 11:19:00,53.418,32.5436
2020-01-14 11:20:00,76.892,53.7107
2020-01-14 11:21:00,63.555,64.6217
2020-01-14 11:22:00,40.4803,60.3091
2020-01-14 11:23:00,24.1839,42.7397
2020-01-14 11:24:00,38.8895,34.5179
2020-01-14 11:25:00,51.5883,38.2205
2020-01-14 11:26:00,67.2353,52.571
2020-01-14 11:27:00,54.6072,57.8103
2020-01-14 11:28:00,43.2945,55.0457
2020-01-14 11:29:00,20.5607,39.4874
2020-01-14 11:30:00,9.7762,24.5438
2020-01-14 11:31:00,2.6079,10.9816
2020-01-14 11:32:00,10.044,7.476
2020-01-14 11:33:00,11.7023,8.1181
2020-01-14 11:34:00,12.4657,11.404
2020-01-14 11:35:00,23.8222,15.9968
2020-01-14 11:36:00,38.8306,25.0395
2020-01-14 11:37:00,69.3322,43.995
2020-01-14 11:38:00,74.2685,60.8104
2020-01-14 11:39:00,90.0324,77.8777
2020-01-14 11:40:00,87.6138,83.9716
2020-01-14 11:41:00,74.2454,83.9639
2020-01-14 11:42:00,44.3953,68.7515
2020-01-14 11:43:00,21.7995,46.8134
2020-01-14 11:44:00,12.4281,26.2076
2020-01-14 11:45:00,18.7937,17.6738
2020-01-14 11:46:00,28.4265,19.8828
2020-01-14 11:47:00,57.3467,34.8556
2020-01-14 11:48:00,77.0455,54.2729
2020-01-14 11:49:00,93.9282,76.1068
2020-01-14 11:50:00,89.4521,86.8086
2020-01-14 11:51:00,93.0385,92.1396
2020-01-14 11:52:00,86.3615,89.6174
2020-01-14 11:53:00,84.7995,88.0665
2020-01-14 11:54:00,73.2457,81.4689
2020-01-14 11:55:00,76.8428,78.296
2020-01-14 11:56:00,82.355,77.4812
2020-01-14 11:57:00,90.166,83.1212
2020-01-14 11:58:00,92.6009,88.374
2020-01-14 11:59:00,93.061,91.9426
2020-01-14 12:00:00,95.5558,93.7392
2020-01-14 12:01:00,76.3558,88.3242
2020-01-14 12:02:00,61.3495,77.7537
2020-01-14 12:03:00,49.1159,62.2737
2020-01-14 12:04:00,44.4335,51.633
2020-01-14 12:05:00,33.9893,42.5129
2020-01-14 12:06:00,26.0569,34.8266
2020-01-14 12:07:00,24.0974,28.0479
2020-01-14 12:08:00,23.8125,24.6556
2020-01-14 12:09:00,29.1597,25.6899
2020-01-14 12:10:00,38.2858,30.4193
2020-01-14 12:11:00,41.8814,36.4423
2020-01-14 12:12:00,41.1764,40.4479
2020-01-14 12:13:00,37.9038,40.3205
2020-01-14 12:14:00,31.6263,36.9022
2020-01-14 12:15:00,29.6447,33.0583
2020-01-14 12:16:00,18.2933,26.5214
2020-01-14 12:17:00,15.9958,21.3113
2020-01-14 12:18:00,10.5985,14.9625
2020-01-14 12:19:00,17.251,14.6151
2020-01-14 12:20:00,25.435,17.7615
2020-01-14 12:21:00,38.0969,26.9276
2020-01-14 12:22:00,52.7601,38.764
2020-01-14 12:23:00,72.5736,54.4769
2020-01-14 12:24:00,74.7847,66.7061
2020-01-14 12:25:00,79.0486,75.469
2020-01-14 12:26:00,74.881,76.2381
2020-01-14 12:27:00,54.6384,69.5227
2020-01-14 12:28:00,34.4132,54.6442
2020-01-14 12:29:00,15.3412,34.7976
2020-01-14 12:30:00,16.5502,22.1015
2020-01-14 12:31:00,17.037,16.3095
2020-01-14 12:32:00,17.0553,16.8809
2020-01-14 12:33:00,27.2047,20.4323
2020-01-14 12:34:00,36.6796,26.9799
2020-01-14 12:35:00,32.5436,32.1426
2020-01-14 12:36:00,28.3565,32.5266
2020-01-14 12:37:00,33.4874,31.4625
2020-01-14 12:38:00,64.0495,41.9645
2020-01-14 12:39:00,85.2327,60.9232
2020-01-14 12:40:00,94.3314,81.2045
2020-01-14 12:41:00,79.7679,86.444
2020-01-14 12:42:00,55.9625,76.6873
2020-01-14 12:43:00,28.0967,54.609
2020-01-14 12:44:00,20.9557,35.005
2020-01-14 12:45:00,21.681,23.5778
2020-01-14 12:46:00,32.6887,25.1085
2020-01-14 12:47:00,46.3141,33.5612
2020-01-14 12:48:00,38.493,39.1653
2020-01-14 12:49:00,38.2353,41.0141
2020-01-14 12:50:00,14.7772,30.5018
2020-01-14 12:51:00,20.6694,24.5606
2020-01-14 12:52:00,21.0771,18.8413
2020-01-14 12:53:00,34.8722,25.5396
2020-01-14 12:54:00,46.1228,34.024
2020-01-14 12:55:00,45.6551,42.2167
2020-01-14 12:56:00,41.331,44.3696
2020-01-14 12:57:00,24.0239,37.0033
2020-01-14 12:58:00,14.6738,26.6762
2020-01-14 12:59:00,16.0811,18.2596
2020-01-14 13:00:00,28.9875,19.9141
2020-01-14 13:01:00,56.8421,33.9702
2020-01-14 13:02:00,73.35,53.0599
2020-01-14 13:03:00,90.9825,73.7249
2020-01-14 13:04:00,85.9019,83.4115
2020-01-14 13:05:00,78.9945,85.293
2020-01-14 13:06:00,53.095,72.6638
2020-01-14 13:07:00,34.5531,55.5475
2020-01-14 13:08:00,42.675,43.441
2020-01-14 13:09:00,65.5993,47.6091
2020-01-14 13:10:00,80.3377,62.8706
2020-01-14 13:11:00,67.9374,71.2915
2020-01-14 13:12:00,43.087,63.7873
2020-01-14 13:13:00,27.7179,46.2474
2020-01-14 13:14:00,11.8495,27.5515
2020-01-14 13:15:00,12.1142,17.2272
2020-01-14 13:16:00,17.9618,13.9752
2020-01-14 13:17:00,48.3371,26.1377
2020-01-14 13:18:00,67.5837,44.6275
2020-01-14 13:19:00,77.6988,64.5399
2020-01-14 13:20:00,61.3524,68.8783
2020-01-14 13:21:00,53.9558,64.3357
2020-01-14 13:22:00,35.1039,50.1374
2020-01-14 13:23:00,29.2973,39.4523
2020-01-14 13:24:00,24.8639,29.755
2020-01-14 13:25:00,19.783,24.6481
2020-01-14 13:26:00,16.7638,20.4703
2020-01-14 13:27:00,39.7024,25.4164
2020-01-14 13:28:00,64.4648,40.3103
2020-01-14 13:29:00,90.095,64.754
2020-01-14 13:30:00,84.1012,79.5536
2020-01-14 13:31:00,90.6817,88.2926
2020-01-14 13:32:00,91.1176,88.6335
2020-01-14 13:33:00,95.8049,92.5348
2020-01-14 13:34:00,87.5389,91.4872
2020-01-14 13:35:00,85.7345,89.6928
2020-01-14 13:36:00,69.707,80.9935
2020-01-14 13:37:00,47.8553,67.7656
2020-01-14 13:38:00,27.0157,48.1927
2020-01-14 13:39:00,25.063,33.3113
2020-01-14 13:44:00,23.8378,25.3055
2020-01-14 13:45:00,16.1814,21.6941
2020-01-14 13:46:00,5.0387,15.0193
2020-01-14 13:47:00,10.651,10.6237
2020-01-14 13:48:00,25.6559,13.7819
2020-01-14 13:49:00,31.0458,22.4509
2020-01-14 13:50:00,51.5259,36.0759
2020-01-14 13:51:00,60.117,47.5629
2020-01-14 13:52:00,68.0508,59.8979
2020-01-14 13:53:00,42.3974,56.8551
2020-01-14 13:54:00,18.8604,43.1029
2020-01-14 13:55:00,5.4819,22.2466
2020-01-14 13:56:00,5.2451,9.8625
2020-01-14 13:57:00,24.7798,11.8356
2020-01-14 13:58:00,43.1647,24.3965
2020-01-14 13:59:00,65.9252,44.6232
2020-01-14 14:00:00,59.9992,56.363
2020-01-14 14:01:00,61.2373,62.3872
2020-01-14 14:02:00,68.346,63.1942
2020-01-14 14:03:00,56.1961,61.9265
2020-01-14 14:04:00,33.7238,52.7553
2020-01-14 14:05:00,14.4133,34.7777
2020-01-14 14:06:00,19.6315,22.5895
2020-01-14 14:07:00,29.3119,21.1189
2020-01-14 14:08:00,46.8609,31.9348
2020-01-14 14:09:00,40.733,38.9686
2020-01-14 14:10:00,42.4493,43.3477
2020-01-14 14:11:00,22.5777,35.2533
2020-01-14 14:12:00,21.8245,28.9505
2020-01-14 14:13:00,17.261,20.5544
2020-01-14 14:14:00,8.8649,15.9835
2020-01-14 14:15:00,25.655,17.2603
2020-01-14 14:16:00,51.0154,28.5118
2020-01-14 14:17:00,72.6253,49.7652
2020-01-14 14:18:00,76.1046,66.5818
2020-01-14 14:19:00,65.652,71.4607
2020-01-14 14:20:00,59.6867,67.1478
2020-01-14 14:21:00,42.0043,55.781
2020-01-14 14:22:00,26.9291,42.8733
2020-01-14 14:23:00,41.3083,36.7472
2020-01-14 14:24:00,67.452,45.2298
2020-01-14 14:25:00,93.9671,67.5758
2020-01-14 14:26:00,95.9379,85.7856
2020-01-14 14:27:00,97.1345,95.6798
2020-01-14 14:28:00,96.7429,96.6051
2020-01-14 14:29:00,81.811,91.8961
2020-01-14 14:30:00,66.752,81.7686
2020-01-14 14:31:00,43.3236,63.9622
2020-01-14 14:32:00,34.7147,48.2635
2020-01-14 14:33:00,34.3933,37.4772
2020-01-14 14:34:00,48.1262,39.0781
2020-01-14 14:35:00,58.2517,46.9237
2020-01-14 14:36:00,58.3791,54.919
2020-01-14 14:37:00,49.4833,55.3714
2020-01-14 14:38:00,50.6994,52.854
2020-01-14 14:39:00,57.1075,52.4301
2020-01-14 14:40:00,63.5975,57.1348
2020-01-14 14:41:00,56.4246,59.0432
2020-01-14 14:42:00,56.6845,58.9022
2020-01-14 14:43:00,37.7999,50.303
2020-01-14 14:44:00,58.4685,50.9843
2020-01-14 14:45:00,60.9863,52.4183
2020-01-14 14:46:00,81.9951,67.15
2020-01-14 14:47:00,80.5077,74.4964
2020-01-14 14:48:00,86.4226,82.9751
2020-01-14 14:49:00,70.6525,79.1943
2020-01-14 14:50:00,41.5556,66.2103
2020-01-14 14:51:00,16.6328,42.947
2020-01-14 14:52:00,12.9243,23.7042
2020-01-14 14:53:00,17.141,15.566
2020-01-14 14:54:00,23.448,17.8377
2020-01-14 14:55:00,31.2199,23.9363
2020-01-14 14:56:00,35.7139,30.1272
2020-01-14 14:57:00,24.1291,30.3543
2020-01-14 14:58:00,13.9095,24.5842
2020-01-14 14:59:00,6.0941,14.7109
2020-01-14 15:00:00,11.2677,10.4238
2020-01-14 15:01:00,26.6331,14.665
2020-01-14 15:02:00,22.9888,20.2965
2020-01-14 15:03:00,34.8877,28.1698
2020-01-14 15:04:00,34.3652,30.7472
2020-01-14 15:05:00,44.4318,37.8949
2020-01-14 15:06:00,41.2918,40.0296
2020-01-14 15:07:00,56.6238,47.4491
2020-01-14 15:08:00,68.289,55.4015
2020-01-14 15:09:00,58.7821,61.2316
2020-01-14 15:10:00,29.627,52.2327
2020-01-14 15:11:00,12.5623,33.6571
2020-01-14 15:12:00,9.5094,17.2329
2020-01-14 15:13:00,8.127,10.0662
2020-01-14 15:14:00,10.8048,9.4804
2020-01-14 15:15:00,21.7598,13.5639
2020-01-14 15:16:00,40.8906,24.4851
2020-01-14 15:17:00,64.3958,42.3487
2020-01-14 15:18:00,83.8375,63.0413
2020-01-14 15:19:00,91.6024,79.9452
2020-01-14 15:20:00,78.5686,84.6695
2020-01-14 15:21:00,72.8791,81.0167
2020-01-14 15:22:00,70.3217,73.9231
2020-01-14 15:23:00,73.8035,72.3348
2020-01-14 15:24:00,68.0333,70.7195
2020-01-14 15:25:00,65.0454,68.9607
2020-01-14 15:26:00,43.7472,58.942
2020-01-14 15:27:00,27.0247,45.2724
2020-01-14 15:28:00,25.5392,32.1037
2020-01-14 15:29:00,26.2329,26.2656
2020-01-14 15:30:00,26.1965,25.9895
2020-01-14 15:31:00,20.1282,24.1859
2020-01-14 15:32:00,40.283,28.8692
2020-01-14 15:33:00,61.6266,40.6793
2020-01-14 15:34:00,71.6422,57.8506
2020-01-14 15:35:00,69.5598,67.6095
2020-01-14 15:36:00,59.2899,66.8306
2020-01-14 15:37:00,61.6224,63.4907
2020-01-14 15:38:00,72.3435,64.4186
2020-01-14 15:39:00,83.0071,72.3243
2020-01-14 15:40:00,79.0058,78.1188
2020-01-14 15:41:00,81.7237,81.2455
2020-01-14 15:42:00,82.9828,81.2375
2020-01-14 15:43:00,93.6498,86.1188
2020-01-14 15:44:00,90.6109,89.0812
2020-01-14 15:45:00,95.5447,93.2684
2020-01-14 15:46:00,80.2159,88.7905
2020-01-14 15:47:00,83.6428,86.4678
2020-01-14 15:48:00,74.4752,79.4446
2020-01-14 15:49:00,65.3141,74.4774
2020-01-14 15:50:00,32.7209,57.5034
2020-01-14 15:51:00,10.9977,36.3443
2020-01-14 15:52:00,2.4841,15.4009
2020-01-14 15:53:00,5.401,6.2943
2020-01-14 15:54:00,4.8215,4.2355
2020-01-14 15:55:00,10.3746,6.8657
2020-01-14 15:56:00,25.1773,13.4578
2020-01-14 15:57:00,36.2213,23.9244
2020-01-14 15:58:00,37.8562,33.0849
2020-01-14 15:59:00,29.661,34.5795
2020-01-14 16:00:00,41.6032,36.3735
2020-01-15 09:31:00,45.9727,39.079
2020-01-15 09:32:00,65.0801,50.8853
2020-01-15 09:33:00,69.3756,60.1428
2020-01-15 09:34:00,87.9465,74.1341
2020-01-15 09:35:00,91.147,82.823
2020-01-15 09:36:00,95.6238,91.5724
2020-01-15 09:37:00,98.4989,95.0899
2020-01-15 09:38:00,99.3943,97.839
2020-01-15 09:39:00,85.8284,94.5739
2020-01-15 09:40:00,84.7592,89.994
2020-01-15 09:41:00,70.7119,80.4332
2020-01-15 09:42:00,67.285,74.252
2020-01-15 09:43:00,35.0208,57.6726
2020-01-15 09:44:00,34.3305,45.5454
2020-01-15 09:45:00,26.1919,31.8477
2020-01-15 09:46:00,26.1919,28.9047
2020-01-15 09:47:00,23.9425,25.4421
2020-01-15 09:48:00,32.2864,27.4736
2020-01-15 09:49:00,43.3038,33.1776
2020-01-15 09:50:00,60.8966,45.4956
2020-01-15 09:51:00,77.6841,60.6282
2020-01-15 09:52:00,100.0,79.5269
2020-01-15 09:53:00,98.4541,92.046
2020-01-15 09:54:00,96.5445,98.3329
2020-01-15 09:55:00,96.5445,97.181
2020-01-15 09:56:00,98.0904,97.0598
2020-01-15 09:57:00,98.9905,97.8751
2020-01-15 09:58:00,96.5067,97.8625
2020-01-15 09:59:00,92.4487,95.982
2020-01-15 10:00:00,89.3737,92.7764
2020-01-15 10:01:00,65.6667,82.4964
2020-01-15 10:02:00,44.897,66.6458
2020-01-15 10:03:00,22.09,44.2179
2020-01-15 10:04:00,22.7394,29.9088
2020-01-15 10:05:00,27.8877,24.239
2020-01-15 10:06:00,27.6931,26.1067
2020-01-15 10:07:00,24.5521,26.7109
2020-01-15 10:08:00,35.0998,29.115
2020-01-15 10:09:00,57.5807,39.0775
2020-01-15 10:10:00,83.6831,58.7879
2020-01-15 10:11:00,79.0874,73.4504
2020-01-15 10:12:00,59.8827,74.2177
2020-01-15 10:13:00,37.3189,58.763
2020-01-15 10:14:00,25.6491,40.9502
2020-01-15 10:15:00,24.0619,29.01
2020-01-15 10:16:00,17.6943,22.4684
2020-01-15 10:17:00,23.2509,21.669
2020-01-15 10:18:00,43.3446,28.0966
2020-01-15 10:19:00,73.851,46.8155
2020-01-15 10:20:00,84.5821,67.2592
2020-01-15 10:21:00,66.6251,75.0194
2020-01-15 10:22:00,43.9565,65.0545
2020-01-15 10:23:00,20.8954,43.8256
2020-01-15 10:24:00,15.2794,26.7104
2020-01-15 10:25:00,11.3429,15.8392
2020-01-15 10:26:00,13.7996,13.474
2020-01-15 10:27:00,22.1082,15.7502
2020-01-15 10:28:00,31.8103,22.5727
2020-01-15 10:29:00,44.4878,32.8021
2020-01-15 10:30:00,51.3974,42.5652
2020-01-15 10:31:00,35.972,43.9524
2020-01-15 10:32:00,30.6043,39.3246
2020-01-15 10:33:00,30.0549,32.2104
2020-01-15 10:34:00,43.7157,34.7916
2020-01-15 10:35:00,44.2177,39.3294
2020-01-15 10:36:00,56.7538,48.2291
2020-01-15 10:37:00,75.1238,58.6984
2020-01-15 10:38:00,97.0259,76.3012
2020-01-15 10:39:00,88.05,86.7332
2020-01-15 10:40:00,57.5815,80.8858
2020-01-15 10:41:00,38.0521,61.2278
2020-01-15 10:42:00,32.8046,42.8127
2020-01-15 10:43:00,44.5752,38.4773
2020-01-15 10:44:00,61.1814,46.1871
2020-01-15 10:45:00,63.155,56.3039
2020-01-15 10:46:00,79.2328,67.8564
2020-01-15 10:47:00,79.1364,73.8414
2020-01-15 10:48:00,71.9479,76.7724
2020-01-15 10:49:00,61.4262,70.8368
2020-01-15 10:50:00,43.824,59.066
2020-01-15 10:51:00,42.2656,49.1719
2020-01-15 10:52:00,42.9161,43.0019
2020-01-15 10:53:00,49.7444,44.9754
2020-01-15 10:54:00,48.274,46.9782
2020-01-15 10:55:00,38.1351,45.3845
2020-01-15 10:56:00,21.1595,35.8562
2020-01-15 10:57:00,23.6772,27.6573
2020-01-15 10:58:00,31.394,25.4102
2020-01-15 10:59:00,55.0206,36.6973
2020-01-15 11:00:00,75.6883,54.0343
2020-01-15 11:01:00,88.6866,73.1319
2020-01-15 11:02:00,70.1773,78.1841
2020-01-15 11:03:00,38.39,65.7513
2020-01-15 11:04:00,13.537,40.7015
2020-01-15 11:05:00,16.3814,22.7695
2020-01-15 11:06:00,20.2935,16.7373
2020-01-15 11:07:00,22.5999,19.7583
2020-01-15 11:08:00,34.4294,25.7743
2020-01-15 11:09:00,45.2913,34.1069
2020-01-15 11:10:00,49.9976,43.2394
2020-01-15 11:11:00,36.7386,44.0092
2020-01-15 11:12:00,22.1426,36.293
2020-01-15 11:13:00,11.8669,23.5827
2020-01-15 11:14:00,36.104,23.3712
2020-01-15 11:15:00,62.8844,36.9518
2020-01-15 11:16:00,92.8929,63.9604
2020-01-15 11:17:00,90.019,81.9321
2020-01-15 11:18:00,89.1337,90.6819
2020-01-15 11:19:00,74.5817,84.5781
2020-01-15 11:20:00,64.9203,76.2119
2020-01-15 11:21:00,38.2544,59.2522
2020-01-15 11:22:00,27.4653,43.5467
2020-01-15 11:23:00,12.9841,26.2346
2020-01-15 11:24:00,22.898,21.1158
2020-01-15 11:25:00,26.3055,20.7292
2020-01-15 11:26:00,28.7614,25.9883
2020-01-15 11:27:00,43.2027,32.7566
2020-01-15 11:28:00,58.7669,43.577
2020-01-15 11:29:00,56.397,52.7889
2020-01-15 11:30:00,37.3314,50.8318
2020-01-15 11:31:00,20.3686,38.0323
2020-01-15 11:32:00,27.9972,28.5657
2020-01-15 11:33:00,33.6657,27.3438
2020-01-15 11:34:00,49.9059,37.1896
2020-01-15 11:35:00,62.2885,48.62
2020-01-15 11:36:00,83.0452,65.0799
2020-01-15 11:37:00,84.5458,76.6265
2020-01-15 11:38:00,78.7036,82.0982
2020-01-15 11:39:00,75.685,79.6448
2020-01-15 11:40:00,79.4685,77.9524
2020-01-15 11:41:00,89.6595,81.6044
2020-01-15 11:42:00,91.1662,86.7647
2020-01-15 11:43:00,93.5213,91.449
2020-01-15 11:44:00,82.4632,89.0502
2020-01-15 11:45:00,63.3477,79.7774
2020-01-15 11:46:00,36.2779,60.6962
2020-01-15 11:47:00,30.1819,43.2692
2020-01-15 11:48:00,48.7247,38.3948
2020-01-15 11:49:00,54.0929,44.3332
2020-01-15 11:50:00,51.0826,51.3001
2020-01-15 11:51:00,30.9945,45.39
2020-01-15 11:52:00,35.3928,39.1567
2020-01-15 11:53:00,42.7618,36.3831
2020-01-15 11:54:00,55.0483,44.401
2020-01-15 11:55:00,50.2696,49.3599
2020-01-15 11:56:00,54.2722,53.1967
2020-01-15 11:57:00,46.5187,50.3535
2020-01-15 11:58:00,57.528,52.773
2020-01-15 11:59:00,41.1545,48.4004
2020-01-15 12:00:00,41.8951,46.8592
2020-01-15 12:01:00,27.819,36.9562
2020-01-15 12:02:00,36.1607,35.2916
2020-01-15 12:03:00,37.3228,33.7675
2020-01-15 12:04:00,49.6135,41.0323
2020-01-15 12:05:00,39.3418,42.0927
2020-01-15 12:06:00,52.4483,47.1345
2020-01-15 12:07:00,66.084,52.6247
2020-01-15 12:08:00,82.0593,66.8638
2020-01-15 12:09:00,70.2361,72.7931
2020-01-15 12:10:00,39.6705,63.9887
2020-01-15 12:11:00,33.2354,47.714
2020-01-15 12:12:00,39.2392,37.3817
2020-01-15 12:13:00,65.3996,45.9581
2020-01-15 12:14:00,82.6266,62.4218
2020-01-15 12:15:00,90.912,79.6461
2020-01-15 12:16:00,85.4977,86.3454
2020-01-15 12:17:00,74.8804,83.7634
2020-01-15 12:18:00,58.6402,73.0061
2020-01-15 12:19:00,48.2313,60.584
2020-01-15 12:20:00,36.7466,47.8727
2020-01-15 12:21:00,29.3388,38.1056
2020-01-15 12:22:00,44.527,36.8708
2020-01-15 12:23:00,65.7179,46.5279
2020-01-15 12:24:00,77.1029,62.4493
2020-01-15 12:25:00,72.5228,71.7812
2020-01-15 12:26:00,76.3067,75.3108
2020-01-15 12:27:00,72.6416,73.8237
2020-01-15 12:28:00,56.8747,68.6077
2020-01-15 12:29:00,43.2654,57.5939
2020-01-15 12:30:00,39.0475,46.3958
2020-01-15 12:31:00,39.3116,40.5415
2020-01-15 12:32:00,27.9485,35.4358
2020-01-15 12:33:00,32.5085,33.2562
2020-01-15 12:34:00,40.965,33.8073
2020-01-15 12:35:00,40.4088,37.9608
2020-01-15 12:36:00,41.5753,40.983
2020-01-15 12:37:00,55.7097,45.8979
2020-01-15 12:38:00,76.9265,58.0705
2020-01-15 12:39:00,85.1768,72.6043
2020-01-15 12:40:00,78.4657,80.1897
2020-01-15 12:41:00,79.9055,81.1827
2020-01-15 12:42:00,83.1839,80.5184
2020-01-15 12:43:00,86.2885,83.126
2020-01-15 12:44:00,69.4326,79.635
2020-01-15 12:45:00,44.6656,66.7956
2020-01-15 12:46:00,36.0734,50.0572
2020-01-15 12:47:00,46.1815,42.3068
2020-01-15 12:48:00,68.3871,50.214
2020-01-15 12:49:00,68.6467,61.0718
2020-01-15 12:50:00,44.9597,60.6645
2020-01-15 12:51:00,23.506,45.7041
2020-01-15 12:52:00,9.3111,25.9256
2020-01-15 12:53:00,11.5328,14.7833
2020-01-15 12:54:00,17.0783,12.6407
2020-01-15 12:55:00,23.5216,17.3776
2020-01-15 12:56:00,39.9042,26.8347
2020-01-15 12:57:00,39.2772,34.2343
2020-01-15 12:58:00,57.6106,45.5973
2020-01-15 12:59:00,67.9204,54.936
2020-01-15 13:00:00,74.8419,66.791
2020-01-15 13:01:00,49.0188,63.927
2020-01-15 13:02:00,45.3823,56.4143
2020-01-15 13:03:00,55.139,49.8467
2020-01-15 13:04:00,79.9321,60.1511
2020-01-15 13:05:00,76.4349,70.502
2020-01-15 13:06:00,79.116,78.4943
2020-01-15 13:07:00,71.1579,75.5696
2020-01-15 13:08:00,58.9026,69.7255
2020-01-15 13:09:00,37.0648,55.7084
2020-01-15 13:10:00,25.62,40.5291
2020-01-15 13:11:00,37.4349,33.3732
2020-01-15 13:12:00,41.5558,34.8702
2020-01-15 13:13:00,48.4169,42.4692
2020-01-15 13:14:00,60.4103,50.1277
2020-01-15 13:15:00,76.6449,61.824
2020-01-15 13:16:00,86.576,74.5437
2020-01-15 13:17:00,82.2048,81.8086
2020-01-15 13:18:00,81.3088,83.3632
2020-01-15 13:19:00,83.0564,82.19
2020-01-15 13:20:00,82.1494,82.1715
2020-01-15 13:21:00,73.5274,79.5777
2020-01-15 13:22:00,45.9765,67.2177
2020-01-15 13:23:00,20.6574,46.7204
2020-01-15 13:24:00,3.124,23.2526
2020-01-15 13:25:00,7.5751,10.4522
2020-01-15 13:26:00,21.2166,10.6386
2020-01-15 13:27:00,32.3944,20.3954
2020-01-15 13:28:00,40.2444,31.2851
2020-01-15 13:29:00,42.758,38.4656
2020-01-15 13:30:00,54.2481,45.7502
2020-01-15 13:31:00,74.0888,57.0317
2020-01-15 13:32:00,88.0504,72.1291
2020-01-15 13:33:00,91.8509,84.6634
2020-01-15 13:34:00,66.7281,82.2098
2020-01-15 13:35:00,42.8471,67.142
2020-01-15 13:36:00,27.5504,45.7085
2020-01-15 13:37:00,36.2198,35.5391
2020-01-15 13:38:00,45.0492,36.2731
2020-01-15 13:39:00,55.0675,45.4455
2020-01-15 13:40:00,63.0354,54.384
2020-01-15 13:41:00,61.171,59.7579
2020-01-15 13:42:00,46.6221,56.9428
2020-01-15 13:43:00,30.1063,45.9664
2020-01-15 13:44:00,16.3845,31.0376
2020-01-15 13:45:00,9.3554,18.6154
2020-01-15 13:46:00,6.3169,10.6856
2020-01-15 13:47:00,11.7279,9.1334
2020-01-15 13:48:00,22.2542,13.433
2020-01-15 13:49:00,31.1955,21.7259
2020-01-15 13:50:00,42.5114,31.987
2020-01-15 13:51:00,37.248,36.985
2020-01-15 13:52:00,29.4695,36.4096
2020-01-15 13:53:00,13.951,26.8895
2020-01-15 13:54:00,13.3666,18.929
2020-01-15 13:55:00,10.5812,12.633
2020-01-15 13:56:00,11.1703,11.7061
2020-01-15 13:57:00,21.1579,14.3031
2020-01-15 13:58:00,31.2504,21.1929
2020-01-15 13:59:00,42.4987,31.6357
2020-01-15 14:00:00,57.3924,43.7138
2020-01-15 14:01:00,71.7883,57.2265
2020-01-15 14:02:00,89.8607,73.0138
2020-01-15 14:03:00,90.114,83.921
2020-01-15 14:04:00,89.9864,89.9871
2020-01-15 14:05:00,86.7078,88.9361
2020-01-15 14:06:00,81.9448,86.213
2020-01-15 14:07:00,78.4883,82.3803
2020-01-15 14:08:00,76.0336,78.8222
2020-01-15 14:09:00,81.0912,78.5377
2020-01-15 14:10:00,84.9014,80.6754
2020-01-15 14:11:00,82.8302,82.9409
2020-01-15 14:12:00,77.0204,81.584
2020-01-15 14:13:00,72.9831,77.6113
2020-01-15 14:14:00,62.1334,70.7123
2020-01-15 14:15:00,44.2657,59.7941
2020-01-15 14:16:00,22.8046,43.0679
2020-01-15 14:17:00,9.5238,25.5314
2020-01-15 14:18:00,13.6584,15.3289
2020-01-15 14:19:00,21.1199,14.7674
2020-01-15 14:20:00,37.7601,24.1795
2020-01-15 14:21:00,45.5073,34.7958
2020-01-15 14:22:00,55.8902,46.3858
2020-01-15 14:23:00,55.1285,52.1753
2020-01-15 14:24:00,51.4732,54.1639
2020-01-15 14:25:00,42.3494,49.6503
2020-01-15 14:26:00,43.2957,45.7061
2020-01-15 14:27:00,54.2172,46.6208
2020-01-15 14:28:00,69.1551,55.556
2020-01-15 14:29:00,78.3143,67.2289
2020-01-15 14:30:00,79.012,75.4938
2020-01-15 14:31:00,80.5481,79.2915
2020-01-15 14:32:00,72.1578,77.2393
2020-01-15 14:33:00,55.4098,69.3719
2020-01-15 14:34:00,53.5327,60.3668
2020-01-15 14:35:00,62.4688,57.1371
2020-01-15 14:36:00,86.2576,67.4197
2020-01-15 14:37:00,86.3879,78.3714
2020-01-15 14:38:00,88.2457,86.9638
2020-01-15 14:39:00,88.2622,87.632
2020-01-15 14:40:00,80.6214,85.7098
2020-01-15 14:41:00,66.6692,78.5176
2020-01-15 14:42:00,39.5014,62.264
2020-01-15 14:43:00,28.4507,44.8738
2020-01-15 14:44:00,14.7696,27.5739
2020-01-15 14:45:00,21.7794,21.6666
2020-01-15 14:46:00,44.0188,26.8559
2020-01-15 14:47:00,48.5353,38.1112
2020-01-15 14:48:00,42.0248,44.8596
2020-01-15 14:49:00,13.334,34.6314
2020-01-15 14:50:00,16.2892,23.8827
2020-01-15 14:51:00,10.8834,13.5022
2020-01-15 14:52:00,21.8543,16.3423
2020-01-15 14:53:00,27.1457,19.9611
2020-01-15 14:54:00,56.9989,35.333
2020-01-15 14:55:00,78.9759,54.3735
2020-01-15 14:56:00,91.5805,75.8518
2020-01-15 14:57:00,76.5644,82.3736
2020-01-15 14:58:00,43.6164,70.5871
2020-01-15 14:59:00,20.4997,46.8935
2020-01-15 15:00:00,6.4558,23.524
2020-01-15 15:01:00,9.3928,12.1161
2020-01-15 15:02:00,8.3639,8.0709
2020-01-15 15:03:00,10.5798,9.4455
2020-01-15 15:04:00,19.4135,12.7858
2020-01-15 15:05:00,19.8847,16.626
2020-01-15 15:06:00,21.859,20.3857
2020-01-15 15:07:00,17.5342,19.7593
2020-01-15 15:08:00,25.9116,21.7683
2020-01-15 15:09:00,28.8662,24.104
2020-01-15 15:10:00,26.2822,27.02
2020-01-15 15:11:00,32.4613,29.2032
2020-01-15 15:12:00,25.7468,28.1634
2020-01-15 15:13:00,20.8932,26.3671
2020-01-15 15:14:00,13.7426,20.1275
2020-01-15 15:15:00,27.9066,20.8475
2020-01-15 15:16:00,32.9237,24.8577
2020-01-15 15:17:00,23.7697,28.2
2020-01-15 15:18:00,20.3175,25.6703
2020-01-15 15:19:00,15.8391,19.9754
2020-01-15 15:20:00,22.0755,19.4107
2020-01-15 15:21:00,27.8008,21.9051
2020-01-15 15:22:00,28.1908,26.0224
2020-01-15 15:23:00,20.5819,25.5245
2020-01-15 15:24:00,7.3124,18.695
2020-01-15 15:25:00,12.4273,13.4405
2020-01-15 15:26:00,19.6124,13.1174
2020-01-15 15:27:00,17.2314,16.4237
2020-01-15 15:28:00,20.3261,19.0566
2020-01-15 15:29:00,17.9038,18.4871
2020-01-15 15:30:00,28.4555,22.2285
2020-01-15 15:31:00,25.1802,23.8465
2020-01-15 15:32:00,22.1069,25.2475
2020-01-15 15:33:00,8.5688,18.6186
2020-01-15 15:34:00,5.1598,11.9451
2020-01-15 15:35:00,17.1639,10.2975
2020-01-15 15:36:00,42.4134,21.5791
2020-01-15 15:37:00,68.87,42.8158
2020-01-15 15:38:00,78.1181,63.1338
2020-01-15 15:39:00,82.0936,76.3606
2020-01-15 15:40:00,86.1375,82.1164
2020-01-15 15:41:00,75.2997,81.1769
2020-01-15 15:42:00,46.401,69.2794
2020-01-15 15:43:00,25.3342,49.0116
2020-01-15 15:44:00,25.5274,32.4209
2020-01-15 15:45:00,28.5486,26.47
2020-01-15 15:46:00,29.6374,27.9045
2020-01-15 15:47:00,19.2939,25.8266
2020-01-15 15:48:00,40.387,29.7728
2020-01-15 15:49:00,58.7706,39.4838
2020-01-15 15:50:00,87.0722,62.0766
2020-01-15 15:51:00,93.6363,79.8264
2020-01-15 15:52:00,94.6923,91.8002
2020-01-15 15:53:00,84.586,90.9715
2020-01-15 15:54:00,76.2151,85.1645
2020-01-15 15:55:00,59.1929,73.3313
2020-01-15 15:56:00,59.1603,64.8561
2020-01-15 15:57:00,59.0688,59.1407
2020-01-15 15:58:00,74.1648,64.1313
2020-01-15 15:59:00,81.1919,71.4752
2020-01-15 16:00:00,89.5948,81.6505
2020-01-16 09:31:00,87.2366,86.0078
2020-01-16 09:32:00,88.2952,88.3755
2020-01-16 09:33:00,89.8841,88.472
2020-01-16 09:34:00,93.7478,90.6424
2020-01-16 09:35:00,95.2897,92.9739
2020-01-16 09:36:00,89.5301,92.8559
2020-01-16 09:37:00,81.1633,88.661
2020-01-16 09:38:00,50.6942,73.7959
2020-01-16 09:39:00,51.7575,61.205
2020-01-16 09:40:00,58.6515,53.7011
2020-01-16 09:41:00,91.9848,67.4646
2020-01-16 09:42:00,95.1868,81.941
2020-01-16 09:43:00,97.9893,95.0536
2020-01-16 09:44:00,64.656,85.944
2020-01-16 09:45:00,33.3333,65.3262
2020-01-16 09:46:00,5.6417,34.5437
2020-01-16 09:47:00,5.6417,14.8722
2020-01-16 09:48:00,9.7337,7.0057
2020-01-16 09:49:00,14.195,9.8568
2020-01-16 09:50:00,23.3697,15.7661
2020-01-16 09:51:00,52.6109,30.0585
2020-01-16 09:52:00,48.5538,41.5115
2020-01-16 09:53:00,45.5523,48.9057
2020-01-16 09:54:00,30.9587,41.6883
2020-01-16 09:55:00,52.0787,42.8633
2020-01-16 09:56:00,59.1768,47.4048
2020-01-16 09:57:00,69.1842,60.1466
2020-01-16 09:58:00,69.4847,65.9486
2020-01-16 09:59:00,70.282,69.6503
2020-01-16 10:00:00,59.3131,66.36
2020-01-16 10:01:00,57.7737,62.4563
2020-01-16 10:02:00,68.3093,61.7987
2020-01-16 10:03:00,80.6914,68.9248
2020-01-16 10:04:00,67.584,72.1949
2020-01-16 10:05:00,61.6137,69.963
2020-01-16 10:06:00,61.7098,63.6359
2020-01-16 10:07:00,79.9718,67.7651
2020-01-16 10:08:00,90.2073,77.2963
2020-01-16 10:09:00,87.3104,85.8298
2020-01-16 10:10:00,88.4511,88.6563
2020-01-16 10:11:00,85.1222,86.9612
2020-01-16 10:12:00,66.1291,79.9008
2020-01-16 10:13:00,45.0947,65.4487
2020-01-16 10:14:00,36.6289,49.2842
2020-01-16 10:15:00,33.293,38.3389
2020-01-16 10:16:00,40.5133,36.8118
2020-01-16 10:17:00,33.3244,35.7103
2020-01-16 10:18:00,35.7009,36.5129
2020-01-16 10:19:00,30.8737,33.2997
2020-01-16 10:20:00,20.9881,29.1876
2020-01-16 10:21:00,14.6979,22.1866
2020-01-16 10:22:00,16.141,17.2757
2020-01-16 10:23:00,40.8878,23.9089
2020-01-16 10:24:00,49.6685,35.5657
2020-01-16 10:25:00,43.9788,44.845
2020-01-16 10:26:00,25.2317,39.6263
2020-01-16 10:27:00,19.3136,29.508
2020-01-16 10:28:00,10.8613,18.4689
2020-01-16 10:29:00,23.1109,17.7619
2020-01-16 10:30:00,42.7508,25.5743
2020-01-16 10:31:00,66.6713,44.1777
2020-01-16 10:32:00,67.6479,59.0233
2020-01-16 10:33:00,65.1648,66.4947
2020-01-16 10:34:00,60.9136,64.5755
2020-01-16 10:35:00,57.7774,61.2853
2020-01-16 10:36:00,39.205,52.632
2020-01-16 10:37:00,32.2002,43.0609
2020-01-16 10:38:00,16.1168,29.174
2020-01-16 10:39:00,14.3654,20.8941
2020-01-16 10:40:00,9.6312,13.3712
2020-01-16 10:41:00,27.4708,17.1558
2020-01-16 10:42:00,50.1317,29.0779
2020-01-16 10:43:00,61.3229,46.3085
2020-01-16 10:44:00,52.1736,54.5427
2020-01-16 10:45:00,46.3348,53.2771
2020-01-16 10:46:00,39.8151,46.1078
2020-01-16 10:47:00,44.7216,43.6238
2020-01-16 10:48:00,48.002,44.1796
2020-01-16 10:49:00,66.4388,53.0541
2020-01-16 10:50:00,77.1452,63.862
2020-01-16 10:51:00,56.23,66.6047
2020-01-16 10:52:00,25.2352,52.8701
2020-01-16 10:53:00,5.4271,28.9641
2020-01-16 10:54:00,9.9514,13.5379
2020-01-16 10:55:00,10.535,8.6378
2020-01-16 10:56:00,7.9714,9.4859
2020-01-16 10:57:00,3.4471,7.3178
2020-01-16 10:58:00,3.2268,4.8818
2020-01-16 10:59:00,1.2893,2.6544
2020-01-16 11:00:00,4.2856,2.9339
2020-01-16 11:01:00,16.0046,7.1932
2020-01-16 11:02:00,23.8425,14.7109
2020-01-16 11:03:00,43.4474,27.7649
2020-01-16 11:04:00,56.182,41.1573
2020-01-16 11:05:00,79.0519,59.5604
2020-01-16 11:06:00,87.0995,74.1111
2020-01-16 11:07:00,90.1587,85.4367
2020-01-16 11:08:00,83.5881,86.9487
2020-01-16 11:09:00,69.1432,80.9633
2020-01-16 11:10:00,45.2221,65.9844
2020-01-16 11:11:00,21.8534,45.4062
2020-01-16 11:12:00,9.9061,25.6605
2020-01-16 11:13:00,11.1202,14.2932
2020-01-16 11:14:00,15.4805,12.1689
2020-01-16 11:15:00,16.6291,14.4099
2020-01-16 11:16:00,12.3066,14.8054
2020-01-16 11:17:00,16.1067,15.0141
2020-01-16 11:18:00,29.9507,19.4547
2020-01-16 11:19:00,52.9526,33.0034
2020-01-16 11:20:00,65.1953,49.3662
2020-01-16 11:21:00,70.8333,62.9938
2020-01-16 11:22:00,68.8797,68.3028
2020-01-16 11:23:00,51.5824,63.7651
2020-01-16 11:24:00,34.2004,51.5542
2020-01-16 11:25:00,19.21,34.9976
2020-01-16 11:26:00,33.8684,29.0929
2020-01-16 11:27:00,54.5776,35.8853
2020-01-16 11:28:00,78.3993,55.6151
2020-01-16 11:29:00,90.0931,74.3567
2020-01-16 11:30:00,90.9748,86.4891
2020-01-16 11:31:00,87.6336,89.5671
2020-01-16 11:32:00,79.9701,86.1928
2020-01-16 11:33:00,60.307,75.9702
2020-01-16 11:34:00,41.753,60.6767
2020-01-16 11:35:00,25.8079,42.6226
2020-01-16 11:36:00,34.2579,33.9396
2020-01-16 11:37:00,54.6499,38.2386
2020-01-16 11:38:00,69.0255,52.6444
2020-01-16 11:39:00,66.4613,63.3789
2020-01-16 11:40:00,39.8216,58.4361
2020-01-16 11:41:00,32.8635,46.3821
2020-01-16 11:42:00,40.7922,37.8258
2020-01-16 11:43:00,60.2719,44.6425
2020-01-16 11:44:00,77.859,59.641
2020-01-16 11:45:00,79.1008,72.4106
2020-01-16 11:46:00,86.3458,81.1019
2020-01-16 11:47:00,80.651,82.0326
2020-01-16 11:48:00,89.495,85.4973
2020-01-16 11:49:00,72.4713,80.8724
2020-01-16 11:50:00,49.9813,70.6492
2020-01-16 11:51:00,18.2367,46.8964
2020-01-16 11:52:00,10.5823,26.2668
2020-01-16 11:53:00,19.8431,16.2207
2020-01-16 11:54:00,46.4245,25.6166
2020-01-16 11:55:00,60.6696,42.3124
2020-01-16 11:56:00,74.8117,60.6353
2020-01-16 11:57:00,59.3082,64.9298
2020-01-16 11:58:00,65.2667,66.4622
2020-01-16 11:59:00,52.3936,58.9895
2020-01-16 12:00:00,53.1597,56.94
2020-01-16 12:01:00,53.2733,52.9422
2020-01-16 12:02:00,61.0288,55.8206
2020-01-16 12:03:00,74.299,62.8671
2020-01-16 12:04:00,64.2957,66.5412
2020-01-16 12:05:00,61.6205,66.7384
2020-01-16 12:06:00,47.9408,57.9524
2020-01-16 12:07:00,32.071,47.2108
2020-01-16 12:08:00,23.6803,34.5641
2020-01-16 12:09:00,13.1173,22.9562
2020-01-16 12:10:00,14.47,17.0892
2020-01-16 12:11:00,6.4632,11.3502
2020-01-16 12:12:00,11.487,10.8067
2020-01-16 12:13:00,20.5521,12.8341
2020-01-16 12:14:00,23.766,18.6017
2020-01-16 12:15:00,39.1659,27.828
2020-01-16 12:16:00,29.6013,30.8444
2020-01-16 12:17:00,30.1104,32.9592
2020-01-16 12:18:00,22.4642,27.392
2020-01-16 12:19:00,44.1395,32.238
2020-01-16 12:20:00,64.4265,43.6767
2020-01-16 12:21:00,54.5601,54.3753
2020-01-16 12:22:00,34.0015,50.996
2020-01-16 12:23:00,15.49,34.6839
2020-01-16 12:24:00,19.9402,23.1439
2020-01-16 12:25:00,27.3341,20.9214
2020-01-16 12:26:00,33.4626,26.9123
2020-01-16 12:27:00,52.0232,37.6066
2020-01-16 12:28:00,71.2284,52.2381
2020-01-16 12:29:00,69.9185,64.3901
2020-01-16 12:30:00,52.8239,64.6569
2020-01-16 12:31:00,40.0167,54.253
2020-01-16 12:32:00,54.3358,49.0588
2020-01-16 12:33:00,73.9366,56.0964
2020-01-16 12:34:00,89.6045,72.6256
2020-01-16 12:35:00,94.4618,86.001
2020-01-16 12:36:00,91.5183,91.8616
2020-01-16 12:37:00,88.4221,91.4674
2020-01-16 12:38:00,67.2777,82.4061
2020-01-16 12:39:00,43.3324,66.3441
2020-01-16 12:40:00,16.6895,42.4332
2020-01-16 12:41:00,11.5652,23.8624
2020-01-16 12:42:00,27.7664,18.6737
2020-01-16 12:43:00,31.2847,23.5388
2020-01-16 12:44:00,38.1477,32.3996
2020-01-16 12:45:00,33.9483,34.4602
2020-01-16 12:46:00,53.1113,41.7358
2020-01-16 12:47:00,57.861,48.3069
2020-01-16 12:48:00,54.8894,55.2872
2020-01-16 12:49:00,39.6079,50.7861
2020-01-16 12:50:00,44.3946,46.2973
2020-01-16 12:51:00,41.7986,41.9337
2020-01-16 12:52:00,43.0087,43.0673
2020-01-16 12:53:00,41.6334,42.1469
2020-01-16 12:54:00,53.2589,45.967
2020-01-16 12:55:00,58.7589,51.2171
2020-01-16 12:56:00,65.6362,59.218
2020-01-16 12:57:00,70.066,64.8204
2020-01-16 12:58:00,81.4271,72.3764
2020-01-16 12:59:00,65.998,72.497
2020-01-16 13:00:00,44.8436,64.0896
2020-01-16 13:01:00,36.3505,49.064
2020-01-16 13:02:00,30.6727,37.289
2020-01-16 13:03:00,33.4338,33.4857
2020-01-16 13:04:00,35.1393,33.0819
2020-01-16 13:05:00,46.3407,38.3046
2020-01-16 13:06:00,66.3151,49.265
2020-01-16 13:07:00,67.4694,60.0417
2020-01-16 13:08:00,73.2086,68.9977
2020-01-16 13:09:00,65.8286,68.8355
2020-01-16 13:10:00,69.5895,69.5422
2020-01-16 13:11:00,56.5055,63.9745
2020-01-16 13:12:00,48.8113,58.3021
2020-01-16 13:13:00,25.5439,43.6202
2020-01-16 13:14:00,30.2545,34.8699
2020-01-16 13:15:00,25.4782,27.0922
2020-01-16 13:16:00,48.9926,34.9084
2020-01-16 13:17:00,59.6822,44.7177
2020-01-16 13:18:00,73.0314,60.5688
2020-01-16 13:19:00,59.4944,64.0694
2020-01-16 13:20:00,52.2371,61.5876
2020-01-16 13:21:00,52.2382,54.6566
2020-01-16 13:22:00,53.9645,52.8133
2020-01-16 13:23:00,59.4373,55.2133
2020-01-16 13:24:00,51.9213,55.1077
2020-01-16 13:25:00,42.2697,51.2094
2020-01-16 13:26:00,45.6672,46.6194
2020-01-16 13:27:00,58.1098,48.6823
2020-01-16 13:28:00,80.5321,61.4364
2020-01-16 13:29:00,74.3616,71.0012
2020-01-16 13:30:00,65.8137,73.5691
2020-01-16 13:31:00,40.4176,60.1976
2020-01-16 13:32:00,35.7141,47.3151
2020-01-16 13:33:00,49.3458,41.8258
2020-01-16 13:34:00,81.5315,55.5305
2020-01-16 13:35:00,96.0785,75.652
2020-01-16 13:36:00,97.5561,91.7221
2020-01-16 13:37:00,94.8847,96.1731
2020-01-16 13:38:00,85.1041,92.515
2020-01-16 13:39:00,68.1384,82.7091
2020-01-16 13:40:00,40.5514,64.598
2020-01-16 13:41:00,28.998,45.8959
2020-01-16 13:42:00,24.9093,31.4862
2020-01-16 13:43:00,44.1056,32.671
2020-01-16 13:44:00,57.6706,42.2285
2020-01-16 13:45:00,73.9655,58.5806
2020-01-16 13:46:00,75.7721,69.136
2020-01-16 13:47:00,82.0983,77.2786
2020-01-16 13:48:00,79.5149,79.1284
2020-01-16 13:49:00,71.042,77.5517
2020-01-16 13:50:00,52.1657,67.5742
2020-01-16 13:51:00,29.3867,50.8648
2020-01-16 13:52:00,32.6717,38.0747
2020-01-16 13:53:00,41.4691,34.5092
2020-01-16 13:54:00,70.8264,48.3224
2020-01-16 13:55:00,84.2406,65.512
2020-01-16 13:56:00,89.1419,81.403
2020-01-16 13:57:00,75.2391,82.8739
2020-01-16 13:58:00,66.0366,76.8059
2020-01-16 13:59:00,48.5658,63.2805
2020-01-16 14:00:00,36.679,50.4272
2020-01-16 14:01:00,16.523,33.9226
2020-01-16 14:02:00,19.0724,24.0915
2020-01-16 14:03:00,27.0146,20.87
2020-01-16 14:04:00,41.3704,29.1524
2020-01-16 14:05:00,44.3454,37.5768
2020-01-16 14:06:00,38.7397,41.4852
2020-01-16 14:07:00,49.4816,44.1889
2020-01-16 14:08:00,51.5501,46.5905
2020-01-16 14:09:00,70.1074,57.0464
2020-01-16 14:10:00,66.4623,62.7066
2020-01-16 14:11:00,72.9143,69.828
2020-01-16 14:12:00,65.0202,68.1322
2020-01-16 14:13:00,60.0234,65.986
2020-01-16 14:14:00,49.6079,58.2172
2020-01-16 14:15:00,49.9705,53.2006
2020-01-16 14:16:00,62.6167,54.065
2020-01-16 14:17:00,73.7188,62.102
2020-01-16 14:18:00,82.1068,72.8141
2020-01-16 14:19:00,66.3673,74.0643
2020-01-16 14:20:00,60.3489,69.6077
2020-01-16 14:21:00,41.6261,56.1141
2020-01-16 14:22:00,44.5217,48.8322
2020-01-16 14:23:00,45.9626,44.0368
2020-01-16 14:24:00,40.3016,43.5953
2020-01-16 14:25:00,21.5946,35.9529
2020-01-16 14:26:00,15.432,25.776
2020-01-16 14:27:00,38.5514,25.1926
2020-01-16 14:28:00,71.4351,41.8062
2020-01-16 14:29:00,88.4825,66.1564
2020-01-16 14:30:00,91.9534,83.957
2020-01-16 14:31:00,82.1527,87.5295
2020-01-16 14:32:00,59.6414,77.9158
2020-01-16 14:33:00,32.1247,57.9729
2020-01-16 14:34:00,39.654,43.8067
2020-01-16 14:35:00,66.4123,46.0636
2020-01-16 14:36:00,81.9857,62.684
2020-01-16 14:37:00,74.4505,74.2828
2020-01-16 14:38:00,69.3171,75.2511
2020-01-16 14:39:00,82.4757,75.4144
2020-01-16 14:40:00,90.3796,80.7242
2020-01-16 14:41:00,93.8758,88.9104
2020-01-16 14:42:00,92.64,92.2985
2020-01-16 14:43:00,88.7267,91.7475
2020-01-16 14:44:00,79.2077,86.8582
2020-01-16 14:45:00,61.8522,76.5956
2020-01-16 14:46:00,39.5878,60.2159
2020-01-16 14:47:00,18.3373,39.9258
2020-01-16 14:48:00,11.3294,23.0848
2020-01-16 14:49:00,14.1205,14.5958
2020-01-16 14:50:00,17.6918,14.3806
2020-01-16 14:51:00,26.5419,19.4514
2020-01-16 14:52:00,37.5483,27.2607
2020-01-16 14:53:00,64.5298,42.8733
2020-01-16 14:54:00,76.8708,59.6496
2020-01-16 14:55:00,75.2814,72.2273
2020-01-16 14:56:00,51.3964,67.8495
2020-01-16 14:57:00,34.5803,53.7527
2020-01-16 14:58:00,28.9848,38.3205
2020-01-16 14:59:00,28.9848,30.85
2020-01-16 15:00:00,18.5332,25.501
2020-01-16 15:01:00,15.8116,21.1099
2020-01-16 15:02:00,10.4608,14.9352
2020-01-16 15:03:00,11.4152,12.5625
2020-01-16 15:06:00,7.5747,9.8169
2020-01-16 15:07:00,24.6486,14.5461
2020-01-16 15:08:00,45.1232,25.7821
2020-01-16 15:09:00,67.1554,45.6424
2020-01-16 15:10:00,77.6529,63.3105
2020-01-16 15:11:00,82.7475,75.8519
2020-01-16 15:12:00,74.4793,78.2932
2020-01-16 15:13:00,60.2558,72.4942
2020-01-16 15:14:00,59.8841,64.873
2020-01-16 15:15:00,70.9421,63.694
2020-01-16 15:16:00,78.8739,69.9
2020-01-16 15:17:00,85.3427,78.3863
2020-01-16 15:18:00,83.5413,82.586
2020-01-16 15:19:00,89.5876,86.1572
2020-01-16 15:20:00,88.7542,87.2944
2020-01-16 15:21:00,92.7678,90.3699
2020-01-16 15:22:00,85.8418,89.1213
2020-01-16 15:23:00,85.0045,87.8714
2020-01-16 15:24:00,82.3333,84.3932
2020-01-16 15:25:00,74.8013,80.713
2020-01-16 15:26:00,69.9275,75.6874
2020-01-16 15:27:00,46.152,63.6269
2020-01-16 15:28:00,33.4938,49.8578
2020-01-16 15:29:00,11.5858,30.4105
2020-01-16 15:30:00,10.0442,18.3746
2020-01-16 15:31:00,23.5262,15.0521
2020-01-16 15:32:00,42.7807,25.4504
2020-01-16 15:33:00,67.7975,44.7015
2020-01-16 15:34:00,74.9013,61.8265
2020-01-16 15:35:00,69.8554,70.8514
2020-01-16 15:36:00,60.4884,68.415
2020-01-16 15:37:00,54.3387,61.5608
2020-01-16 15:38:00,46.51,53.779
2020-01-16 15:39:00,30.6498,43.8329
2020-01-16 15:40:00,21.3537,32.8378
2020-01-16 15:41:00,33.0268,28.3435
2020-01-16 15:42:00,55.8814,36.754
2020-01-16 15:43:00,71.5511,53.4864
2020-01-16 15:44:00,82.6634,70.032
2020-01-16 15:45:00,89.0031,81.0725
2020-01-16 15:46:00,91.805,87.8238
2020-01-16 15:47:00,88.9293,89.9125
2020-01-16 15:48:00,83.2691,88.0011
2020-01-16 15:49:00,80.3537,84.184
2020-01-16 15:50:00,72.1677,78.5968
2020-01-16 15:51:00,67.7815,73.4343
2020-01-16 15:52:00,69.1362,69.6951
2020-01-16 15:53:00,74.5884,70.502
2020-01-16 15:54:00,74.8865,72.8704
2020-01-16 15:55:00,84.6421,78.039
2020-01-16 15:56:00,73.5852,77.7046
2020-01-16 15:57:00,60.1011,72.7761
2020-01-16 15:58:00,52.019,61.9018
2020-01-16 15:59:00,65.6548,59.2583
2020-01-16 16:00:00,85.0402,67.5713
2020-01-17 09:31:00,93.1223,81.2725
2020-01-17 09:32:00,86.4311,88.1979
2020-01-17 09:33:00,80.1903,86.5813
2020-01-17 09:34:00,69.0012,78.5409
2020-01-17 09:35:00,65.7412,71.6443
2020-01-17 09:36:00,75.8288,70.1904
2020-01-17 09:37:00,53.8326,65.1342
2020-01-17 09:38:00,38.016,55.8925
2020-01-17 09:39:00,4.6827,32.1771
2020-01-17 09:40:00,7.747,16.8153
2020-01-17 09:41:00,17.4577,9.9625
2020-01-17 09:42:00,50.791,25.3319
2020-01-17 09:43:00,77.9313,48.7267
2020-01-17 09:44:00,93.3944,74.0389
2020-01-17 09:45:00,91.822,87.7159
2020-01-17 09:46:00,66.1143,83.7769
2020-01-17 09:47:00,36.4059,64.7808
2020-01-17 09:48:00,4.645,35.7218
2020-01-17 09:49:00,8.5103,16.5204
2020-01-17 09:50:00,39.7344,17.6299
2020-01-17 09:51:00,57.7196,35.3214
2020-01-17 09:52:00,77.0845,58.1795
2020-01-17 09:53:00,78.2306,71.0116
2020-01-17 09:54:00,85.2308,80.182
2020-01-17 09:55:00,70.4571,77.9728
2020-01-17 09:56:00,71.4203,75.7027
2020-01-17 09:57:00,79.7681,73.8818
2020-01-17 09:58:00,100.0,83.7295
2020-01-17 09:59:00,96.1084,91.9588
2020-01-17 10:00:00,91.4076,95.8386
2020-01-17 10:01:00,83.5315,90.3491
2020-01-17 10:02:00,79.7571,84.8987
2020-01-17 10:03:00,76.9882,80.0923
2020-01-17 10:04:00,83.02,79.9218
2020-01-17 10:05:00,76.7456,78.9179
2020-01-17 10:06:00,67.8527,75.8728
2020-01-17 10:07:00,49.839,64.8125
2020-01-17 10:08:00,45.0772,54.2563
2020-01-17 10:09:00,38.2205,44.3789
2020-01-17 10:10:00,45.0858,42.7945
2020-01-17 10:11:00,33.5904,38.9655
2020-01-17 10:12:00,23.4763,34.0508
2020-01-17 10:13:00,3.9685,20.3451
2020-01-17 10:14:00,6.8049,11.4166
2020-01-17 10:15:00,18.3592,9.7109
2020-01-17 10:16:00,17.5263,14.2302
2020-01-17 10:17:00,21.7104,19.1987
2020-01-17 10:18:00,42.7503,27.329
2020-01-17 10:19:00,66.2783,43.5796
2020-01-17 10:20:00,72.9842,60.6709
2020-01-17 10:21:00,61.3511,66.8712
2020-01-17 10:22:00,66.4757,66.937
2020-01-17 10:23:00,79.9581,69.2616
2020-01-17 10:24:00,90.6742,79.036
2020-01-17 10:25:00,95.3549,88.6624
2020-01-17 10:26:00,77.1083,87.7125
2020-01-17 10:27:00,49.1355,73.8663
2020-01-17 10:28:00,32.4674,52.9037
2020-01-17 10:29:00,35.0749,38.8926
2020-01-17 10:30:00,62.7442,43.4288
2020-01-17 10:31:00,68.8479,55.5557
2020-01-17 10:32:00,74.3435,68.6452
2020-01-17 10:33:00,73.3569,72.1828
2020-01-17 10:34:00,79.1584,75.6196
2020-01-17 10:35:00,74.5724,75.6959
2020-01-17 10:36:00,63.301,72.3439
2020-01-17 10:37:00,39.7326,59.202
2020-01-17 10:38:00,25.5889,42.8742
2020-01-17 10:39:00,16.6599,27.3271
2020-01-17 10:40:00,29.8979,24.0489
2020-01-17 10:41:00,46.744,31.1006
2020-01-17 10:42:00,55.7015,44.1145
2020-01-17 10:43:00,62.5841,55.0099
2020-01-17 10:44:00,67.7954,62.027
2020-01-17 10:45:00,74.4569,68.2788
2020-01-17 10:46:00,76.9398,73.064
2020-01-17 10:47:00,79.2623,76.8863
2020-01-17 10:48:00,72.9011,76.3677
2020-01-17 10:49:00,46.0701,66.0778
2020-01-17 10:50:00,28.6601,49.2104
2020-01-17 10:51:00,10.8722,28.5342
2020-01-17 10:52:00,18.8847,19.4723
2020-01-17 10:53:00,21.6333,17.1301
2020-01-17 10:54:00,36.1925,25.5702
2020-01-17 10:55:00,35.4854,31.1037
2020-01-17 10:57:00,45.5088,39.0622
2020-01-17 10:58:00,51.5142,44.1695
2020-01-17 10:59:00,70.8168,55.9466
2020-01-17 11:00:00,73.0273,65.1194
2020-01-17 11:01:00,76.2451,73.3631
2020-01-17 11:02:00,73.4897,74.254
2020-01-17 11:03:00,58.0657,69.2668
2020-01-17 11:04:00,34.6594,55.405
2020-01-17 11:05:00,11.8085,34.8446
2020-01-17 11:06:00,9.1856,18.5512
2020-01-17 11:07:00,8.5054,9.8332
2020-01-17 11:08:00,14.6347,10.7752
2020-01-17 11:09:00,27.2913,16.8105
2020-01-17 11:10:00,38.7361,26.8873
2020-01-17 11:11:00,44.8969,36.9747
2020-01-17 11:12:00,47.0183,43.5504
2020-01-17 11:13:00,42.3403,44.7518
2020-01-17 11:14:00,30.235,39.8645
2020-01-17 11:15:00,18.4142,30.3298
2020-01-17 11:16:00,30.4367,26.3619
2020-01-17 11:17:00,55.6239,34.8249
2020-01-17 11:18:00,73.2646,53.1084
2020-01-17 11:19:00,72.1747,67.0211
2020-01-17 11:20:00,70.7392,72.0595
2020-01-17 11:21:00,67.6877,70.2005
2020-01-17 11:22:00,72.6864,70.3711
2020-01-17 11:25:00,55.7709,65.3816
2020-01-17 11:26:00,51.0337,59.8303
2020-01-17 11:27:00,58.2756,55.0267
2020-01-17 11:28:00,74.9718,61.427
2020-01-17 11:29:00,84.7603,72.6692
2020-01-17 11:30:00,84.0795,81.2705
2020-01-17 11:31:00,78.3171,82.3857
2020-01-17 11:32:00,59.6184,74.005
2020-01-17 11:33:00,30.7627,56.2328
2020-01-17 11:34:00,37.4743,42.6185
2020-01-17 11:35:00,38.454,35.5637
2020-01-17 11:36:00,51.2259,42.3847
2020-01-17 11:37:00,56.4058,48.6953
2020-01-17 11:38:00,69.028,58.8866
2020-01-17 11:39:00,80.2596,68.5645
2020-01-17 11:40:00,76.1793,75.1556
2020-01-17 11:41:00,75.4161,77.285
2020-01-17 11:42:00,60.9353,70.8436
2020-01-17 11:43:00,42.281,59.5442
2020-01-17 11:44:00,32.3875,45.2013
2020-01-17 11:45:00,54.4422,43.0369
2020-01-17 11:46:00,67.3954,51.4084
2020-01-17 11:47:00,80.348,67.3952
2020-01-17 11:48:00,73.405,73.7161
2020-01-17 11:49:00,65.8993,73.2174
2020-01-17 11:50:00,71.7227,70.3423
2020-01-17 11:51:00,72.6042,70.0754
2020-01-17 11:52:00,68.4623,70.9298
2020-01-17 11:53:00,54.1319,65.0661
2020-01-17 11:54:00,59.3594,60.6512
2020-01-17 11:55:00,69.052,60.8478
2020-01-17 11:56:00,69.052,65.8211
2020-01-17 11:57:00,63.9355,67.3465
2020-01-17 11:58:00,75.8714,69.6196
2020-01-17 11:59:00,91.8149,77.2073
2020-01-17 12:00:00,94.8415,87.5093
2020-01-17 12:01:00,89.7796,92.1454
2020-01-17 12:02:00,87.8357,90.819
2020-01-17 12:03:00,85.9981,87.8712
2020-01-17 12:04:00,85.905,86.5796
2020-01-17 12:05:00,85.8954,85.9328
2020-01-17 12:06:00,86.6399,86.1468
2020-01-17 12:07:00,86.4103,86.3152
2020-01-17 12:08:00,88.7572,87.2691
2020-01-17 12:09:00,78.3286,84.4987
2020-01-17 12:10:00,73.3404,80.1421
2020-01-17 12:11:00,65.8262,72.4984
2020-01-17 12:12:00,80.2717,73.1461
2020-01-17 12:13:00,86.1645,77.4208
2020-01-17 12:14:00,92.0482,86.1615
2020-01-17 12:15:00,69.8274,82.6801
2020-01-17 12:16:00,49.9675,70.6144
2020-01-17 12:17:00,30.7554,50.1834
2020-01-17 12:18:00,38.8788,39.8672
2020-01-17 12:19:00,58.3466,42.6603
2020-01-17 12:20:00,76.7414,57.9889
2020-01-17 12:21:00,90.8388,75.3089
2020-01-17 12:22:00,84.2809,83.9537
2020-01-17 12:23:00,64.677,79.9322
2020-01-17 12:24:00,40.0432,63.0004
2020-01-17 12:25:00,25.5242,43.4148
2020-01-17 12:26:00,23.0551,29.5408
2020-01-17 12:27:00,35.4777,28.019
2020-01-17 12:28:00,46.8973,35.1434
2020-01-17 12:29:00,42.5041,41.6264
2020-01-17 12:30:00,29.3059,39.5691
2020-01-17 12:31:00,16.5473,29.4525
2020-01-17 12:32:00,18.9368,21.5967
2020-01-17 12:33:00,19.7423,18.4088
2020-01-17 12:34:00,22.1054,20.2615
2020-01-17 12:35:00,19.7928,20.5468
2020-01-17 12:36:00,20.1258,20.6747
2020-01-17 12:37:00,39.0222,26.3136
2020-01-17 12:38:00,67.1125,42.0868
2020-01-17 12:39:00,87.9586,64.6978
2020-01-17 12:40:00,87.6569,80.9093
2020-01-17 12:41:00,83.4008,86.3388
2020-01-17 12:42:00,56.6918,75.9165
2020-01-17 12:43:00,35.1556,58.4161
2020-01-17 12:44:00,16.6963,36.1812
2020-01-17 12:45:00,19.1469,23.6663
2020-01-17 12:46:00,33.0931,22.9788
2020-01-17 12:47:00,48.2841,33.508
2020-01-17 12:48:00,56.0965,45.8246
2020-01-17 12:49:00,43.9931,49.4579
2020-01-17 12:50:00,24.3486,41.4794
2020-01-17 12:51:00,19.0208,29.1208
2020-01-17 12:52:00,23.7577,22.3757
2020-01-17 12:53:00,30.0166,24.265
2020-01-17 12:54:00,45.273,33.0158
2020-01-17 12:55:00,61.4746,45.588
2020-01-17 12:56:00,78.1018,61.6164
2020-01-17 12:57:00,82.6259,74.0674
2020-01-17 12:58:00,58.3053,73.011
2020-01-17 12:59:00,40.354,60.4284
2020-01-17 13:00:00,15.734,38.1311
2020-01-17 13:01:00,22.5019,26.1966
2020-01-17 13:02:00,20.6656,19.6338
2020-01-17 13:03:00,21.4847,21.5507
2020-01-17 13:04:00,14.2237,18.7913
2020-01-17 13:05:00,13.3694,16.3593
2020-01-17 13:06:00,21.515,16.3694
2020-01-17 13:07:00,44.5009,26.4618
2020-01-17 13:08:00,68.5413,44.8524
2020-01-17 13:09:00,87.9811,67.0078
2020-01-17 13:10:00,93.1994,83.2406
2020-01-17 13:11:00,94.3934,91.858
2020-01-17 13:12:00,89.8862,92.493
2020-01-17 13:13:00,88.7555,91.0117
2020-01-17 13:14:00,83.2157,87.2858
2020-01-17 13:15:00,79.4787,83.8166
2020-01-17 13:16:00,50.8573,71.1839
2020-01-17 13:17:00,34.2444,54.8601
2020-01-17 13:18:00,44.1223,43.0747
2020-01-17 13:19:00,65.8508,48.0725
2020-01-17 13:20:00,88.7702,66.2478
2020-01-17 13:21:00,84.768,79.7963
2020-01-17 13:22:00,80.311,84.6164
2020-01-17 13:23:00,65.8654,76.9814
2020-01-17 13:24:00,47.1414,64.4392
2020-01-17 13:25:00,39.6373,50.8814
2020-01-17 13:26:00,35.0353,40.6047
2020-01-17 13:27:00,30.7741,35.1489
2020-01-17 13:28:00,31.8704,32.5599
2020-01-17 13:29:00,46.57,36.4048
2020-01-17 13:30:00,63.9384,47.4596
2020-01-17 13:31:00,63.3826,57.9637
2020-01-17 13:32:00,54.1273,60.4828
2020-01-17 13:33:00,50.8391,56.1163
2020-01-17 13:34:00,59.3046,54.757
2020-01-17 13:35:00,62.3821,57.5086
2020-01-17 13:36:00,67.7188,63.1352
2020-01-17 13:37:00,79.007,69.7026
2020-01-17 13:38:00,70.6923,72.4727
2020-01-17 13:39:00,69.3512,73.0168
2020-01-17 13:40:00,63.6871,67.9102
2020-01-17 13:41:00,71.8136,68.284
2020-01-17 13:42:00,52.1512,62.5507
2020-01-17 13:43:00,33.3079,52.4242
2020-01-17 13:44:00,23.1877,36.2156
2020-01-17 13:45:00,29.8881,28.7946
2020-01-17 13:46:00,57.2923,36.7893
2020-01-17 13:47:00,76.4384,54.5396
2020-01-17 13:48:00,95.2817,76.3375
2020-01-17 13:49:00,85.0262,85.5821
2020-01-17 13:50:00,77.8247,86.0442
2020-01-17 13:51:00,78.6373,80.4961
2020-01-17 13:52:00,88.8928,81.7849
2020-01-17 13:53:00,93.4515,86.9939
2020-01-17 13:54:00,95.0974,92.4806
2020-01-17 13:55:00,83.1955,90.5815
2020-01-17 13:56:00,67.3835,81.8921
2020-01-17 13:57:00,50.2883,66.9557
2020-01-17 13:58:00,42.6419,53.4379
2020-01-17 13:59:00,46.2034,46.3779
2020-01-17 14:00:00,56.2282,48.3578
2020-01-17 14:01:00,57.8302,53.4206
2020-01-17 14:02:00,64.4094,59.4893
2020-01-17 14:03:00,48.5208,56.9201
2020-01-17 14:04:00,45.8202,52.9168
2020-01-17 14:05:00,43.664,46.0017
2020-01-17 14:06:00,65.2323,51.5722
2020-01-17 14:07:00,75.864,61.5868
2020-01-17 14:08:00,81.0402,74.0455
2020-01-17 14:09:00,76.7138,77.8727
2020-01-17 14:10:00,84.7408,80.8316
2020-01-17 14:11:00,91.7228,84.3925
2020-01-17 14:12:00,96.2764,90.9133
2020-01-17 14:13:00,96.7863,94.9285
2020-01-17 14:14:00,77.7387,90.2671
2020-01-17 14:15:00,65.6343,80.0531
2020-01-17 14:16:00,51.4326,64.9352
2020-01-17 14:17:00,68.812,61.9596
2020-01-17 14:18:00,75.9841,65.4096
2020-01-17 14:19:00,81.6651,75.4871
2020-01-17 14:20:00,70.0031,75.8841
2020-01-17 14:21:00,43.3374,65.0019
2020-01-17 14:22:00,26.4545,46.5983
2020-01-17 14:23:00,12.0548,27.2822
2020-01-17 14:24:00,12.9431,17.1508
2020-01-17 14:25:00,7.2149,10.7376
2020-01-17 14:26:00,16.4504,12.2028
2020-01-17 14:27:00,44.5474,22.7376
2020-01-17 14:28:00,71.2755,44.0911
2020-01-17 14:29:00,86.8287,67.5505
2020-01-17 14:30:00,87.2543,81.7862
2020-01-17 14:31:00,87.0325,87.0385
2020-01-17 14:32:00,87.0885,87.1251
2020-01-17 14:33:00,88.1259,87.4156
2020-01-17 14:34:00,93.0317,89.4154
2020-01-17 14:35:00,88.1413,89.7663
2020-01-17 14:36:00,71.0263,84.0664
2020-01-17 14:37:00,43.8307,67.6661
2020-01-17 14:38:00,18.2729,44.3766
2020-01-17 14:39:00,8.2736,23.4591
2020-01-17 14:40:00,8.6026,11.7164
2020-01-17 14:41:00,12.8752,9.9172
2020-01-17 14:42:00,19.6971,13.725
2020-01-17 14:43:00,38.0473,23.5399
2020-01-17 14:44:00,51.8343,36.5263
2020-01-17 14:45:00,63.5141,51.1319
2020-01-17 14:46:00,56.5672,57.3052
2020-01-17 14:47:00,54.3038,58.1284
2020-01-17 14:48:00,52.8387,54.5699
2020-01-17 14:49:00,69.5003,58.8809
2020-01-17 14:50:00,85.2866,69.2085
2020-01-17 14:51:00,92.5972,82.4613
2020-01-17 14:52:00,80.0469,85.9769
2020-01-17 14:53:00,73.1136,81.9192
2020-01-17 14:54:00,68.2594,73.8066
2020-01-17 14:55:00,74.3973,71.9234
2020-01-17 14:56:00,82.9046,75.1871
2020-01-17 14:57:00,91.8933,83.0651
2020-01-17 14:58:00,84.0295,86.2758
2020-01-17 14:59:00,75.5474,83.8234
2020-01-17 15:00:00,77.0651,78.8807
2020-01-17 15:01:00,83.2592,78.6239
2020-01-17 15:02:00,88.88,83.0681
2020-01-17 15:03:00,78.2752,83.4715
2020-01-17 15:04:00,68.2606,78.4719
2020-01-17 15:05:00,53.4812,66.6723
2020-01-17 15:06:00,38.7966,53.5128
2020-01-17 15:07:00,24.8069,39.0282
2020-01-17 15:08:00,9.2909,24.2981
2020-01-17 15:09:00,8.7122,14.27
2020-01-17 15:10:00,18.025,12.0094
2020-01-17 15:11:00,34.3367,20.358
2020-01-17 15:12:00,29.5741,27.312
2020-01-17 15:13:00,19.0252,27.6454
2020-01-17 15:14:00,12.0469,20.2154
2020-01-17 15:15:00,33.1553,21.4091
2020-01-17 15:16:00,63.4477,36.2166
2020-01-17 15:17:00,82.2179,59.607
2020-01-17 15:18:00,88.5471,78.0709
2020-01-17 15:19:00,86.8149,85.86
2020-01-17 15:20:00,80.0723,85.1448
2020-01-17 15:21:00,69.4406,78.7759
2020-01-17 15:22:00,44.6522,64.7217
2020-01-17 15:23:00,43.4362,52.5097
2020-01-17 15:24:00,50.6004,46.2296
2020-01-17 15:25:00,73.4833,55.84
2020-01-17 15:26:00,84.0065,69.3634
2020-01-17 15:27:00,88.6652,82.0517
2020-01-17 15:28:00,91.826,88.1659
2020-01-17 15:29:00,79.5807,86.6906
2020-01-17 15:30:00,75.6593,82.3553
2020-01-17 15:31:00,76.9484,77.3961
2020-01-17 15:32:00,87.4139,80.0072
2020-01-17 15:33:00,91.6311,85.3311
2020-01-17 15:34:00,92.3768,90.4739
2020-01-17 15:35:00,84.9954,89.6678
2020-01-17 15:36:00,83.2469,86.873
2020-01-17 15:37:00,80.3174,82.8533
2020-01-17 15:38:00,85.4773,83.0139
2020-01-17 15:39:00,84.4897,83.4281
2020-01-17 15:40:00,68.8911,79.6194
2020-01-17 15:41:00,75.5433,76.308
2020-01-17 15:42:00,79.5684,74.6676
2020-01-17 15:43:00,94.9381,83.3499
2020-01-17 15:44:00,84.4713,86.3259
2020-01-17 15:45:00,75.4534,84.9543
2020-01-17 15:46:00,78.2045,79.3764
2020-01-17 15:47:00,86.6961,80.118
2020-01-17 15:48:00,92.1312,85.6773
2020-01-17 15:49:00,90.0076,89.6116
2020-01-17 15:50:00,71.9795,84.7061
2020-01-17 15:51:00,64.0127,75.3333
2020-01-17 15:52:00,66.3045,67.4322
2020-01-17 15:53:00,84.9605,71.7592
2020-01-17 15:54:00,92.8455,81.3702
2020-01-17 15:55:00,90.9385,89.5815
2020-01-17 15:56:00,89.713,91.1657
2020-01-17 15:57:00,92.6407,91.0974
2020-01-17 15:58:00,94.9344,92.4294
2020-01-17 15:59:00,91.1616,92.9123
2020-01-17 16:00:00,86.3324,90.8095
