date,Real Lower Band,Real Upper Band,Real Middle Band
2020-01-08 10:30:00,297.8975,298.7663,298.3319
2020-01-08 10:31:00,297.9851,298.7122,298.3486
2020-01-08 10:32:00,297.9893,298.7147,298.352
2020-01-08 10:33:00,298.004,298.6871,298.3455
2020-01-08 10:34:00,298.0044,298.6807,298.3425
2020-01-08 10:35:00,298.0032,298.6756,298.3394
2020-01-08 10:36:00,297.9954,298.6713,298.3333
2020-01-08 10:37:00,298.0054,298.6665,298.3359
2020-01-08 10:38:00,297.9993,298.6676,298.3334
2020-01-08 10:39:00,297.9907,298.6659,298.3283
2020-01-08 10:40:00,297.9955,298.6637,298.3296
2020-01-08 10:41:00,297.9895,298.6631,298.3263
2020-01-08 10:42:00,297.9755,298.6637,298.3196
2020-01-08 10:43:00,297.9682,298.6566,298.3124
2020-01-08 10:44:00,297.9555,298.656,298.3058
2020-01-08 10:45:00,297.9355,298.647,298.2913
2020-01-08 10:46:00,297.9134,298.6554,298.2844
2020-01-08 10:47:00,297.9125,298.656,298.2843
2020-01-08 10:48:00,297.8947,298.6624,298.2785
2020-01-08 10:49:00,297.8473,298.6894,298.2683
2020-01-08 10:50:00,297.8129,298.7096,298.2613
2020-01-08 10:51:00,297.7746,298.7299,298.2523
2020-01-08 10:52:00,297.7527,298.7415,298.2471
2020-01-08 10:53:00,297.7349,298.7503,298.2426
2020-01-08 10:54:00,297.7288,298.7527,298.2408
2020-01-08 10:55:00,297.7125,298.7557,298.2341
2020-01-08 10:56:00,297.6914,298.7551,298.2233
2020-01-08 10:57:00,297.6647,298.7571,298.2109
2020-01-08 10:58:00,297.6516,298.7576,298.2046
2020-01-08 10:59:00,297.6394,298.7575,298.1984
2020-01-08 11:00:00,297.6179,298.7576,298.1878
2020-01-08 11:01:00,297.5985,298.7523,298.1754
2020-01-08 11:02:00,297.5685,298.754,298.1613
2020-01-08 11:03:00,297.5504,298.7417,298.1461
2020-01-08 11:04:00,297.5305,298.7357,298.1331
2020-01-08 11:05:00,297.5211,298.7255,298.1233
2020-01-08 11:06:00,297.5147,298.7239,298.1193
2020-01-08 11:07:00,297.509,298.7166,298.1128
2020-01-08 11:08:00,297.5065,298.7054,298.106
2020-01-08 11:09:00,297.5081,298.6914,298.0998
2020-01-08 11:10:00,297.5074,298.6875,298.0974
2020-01-08 11:11:00,297.5061,298.6831,298.0946
2020-01-08 11:12:00,297.5056,298.6815,298.0936
2020-01-08 11:13:00,297.5086,298.6655,298.0871
2020-01-08 11:14:00,297.5098,298.6553,298.0825
2020-01-08 11:17:00,297.5144,298.645,298.0797
2020-01-08 11:18:00,297.5259,298.624,298.075
2020-01-08 11:19:00,297.5249,298.6263,298.0756
2020-01-08 11:21:00,297.5265,298.6231,298.0748
2020-01-08 11:22:00,297.5286,298.6174,298.073
2020-01-08 11:23:00,297.5378,298.5976,298.0677
2020-01-08 11:24:00,297.5391,298.5943,298.0667
2020-01-08 11:25:00,297.5378,298.6015,298.0696
2020-01-08 11:26:00,297.5378,298.6018,298.0698
2020-01-08 11:27:00,297.5389,298.5983,298.0686
2020-01-08 11:28:00,297.5391,298.5938,298.0664
2020-01-08 11:29:00,297.5309,298.612,298.0715
2020-01-08 11:30:00,297.498,298.6663,298.0821
2020-01-08 11:31:00,297.4635,298.7238,298.0936
2020-01-08 11:32:00,297.4566,298.7387,298.0976
2020-01-08 11:33:00,297.4559,298.7404,298.0981
2020-01-08 11:34:00,297.4483,298.7566,298.1024
2020-01-08 11:35:00,297.4453,298.764,298.1046
2020-01-08 11:36:00,297.4307,298.7918,298.1113
2020-01-08 11:37:00,297.4079,298.8359,298.1219
2020-01-08 11:38:00,297.374,298.8991,298.1365
2020-01-08 11:41:00,297.2821,299.0493,298.1657
2020-01-08 11:42:00,297.1953,299.1969,298.1961
2020-01-08 11:43:00,297.1218,299.3337,298.2277
2020-01-08 11:44:00,297.0681,299.4483,298.2582
2020-01-08 11:45:00,297.0236,299.5522,298.2879
2020-01-08 11:46:00,296.993,299.6378,298.3154
2020-01-08 11:47:00,296.979,299.7056,298.3423
2020-01-08 11:48:00,296.9647,299.7727,298.3687
2020-01-08 11:49:00,296.9492,299.8479,298.3985
2020-01-08 11:50:00,296.9424,299.923,298.4327
2020-01-08 11:51:00,296.9371,299.9954,298.4662
2020-01-08 11:52:00,296.9294,300.0747,298.5021
2020-01-08 11:53:00,296.9248,300.15,298.5374
2020-01-08 11:54:00,296.9397,300.2162,298.5779
2020-01-08 11:55:00,296.95,300.291,298.6205
2020-01-08 11:56:00,296.9704,300.3536,298.662
2020-01-08 11:57:00,296.9949,300.4044,298.6997
2020-01-08 11:58:00,297.0186,300.4568,298.7377
2020-01-08 11:59:00,297.0367,300.5106,298.7737
2020-01-08 12:00:00,297.0588,300.5632,298.811
2020-01-08 12:01:00,297.0797,300.6274,298.8535
2020-01-08 12:02:00,297.1057,300.6935,298.8996
2020-01-08 12:03:00,297.1231,300.7644,298.9438
2020-01-08 12:04:00,297.1426,300.8346,298.9886
2020-01-08 12:05:00,297.1727,300.9018,299.0373
2020-01-08 12:06:00,297.1991,300.9798,299.0894
2020-01-08 12:07:00,297.2456,301.0395,299.1426
2020-01-08 12:08:00,297.2868,301.1057,299.1963
2020-01-08 12:09:00,297.3258,301.1803,299.2531
2020-01-08 12:10:00,297.3611,301.2521,299.3066
2020-01-08 12:11:00,297.3899,301.3338,299.3619
2020-01-08 12:12:00,297.4301,301.3976,299.4139
2020-01-08 12:13:00,297.4731,301.4554,299.4643
2020-01-08 12:14:00,297.5139,301.5124,299.5132
2020-01-08 12:15:00,297.5522,301.5765,299.5643
2020-01-08 12:16:00,297.5963,301.638,299.6171
2020-01-08 12:17:00,297.643,301.695,299.669
2020-01-08 12:18:00,297.692,301.7553,299.7237
2020-01-08 12:19:00,297.7421,301.817,299.7795
2020-01-08 12:20:00,297.7743,301.8947,299.8345
2020-01-08 12:21:00,297.8073,301.9718,299.8896
2020-01-08 12:22:00,297.8409,302.0508,299.9458
2020-01-08 12:23:00,297.872,302.139,300.0055
2020-01-08 12:24:00,297.9165,302.2201,300.0683
2020-01-08 12:25:00,297.9818,302.2715,300.1267
2020-01-08 12:26:00,298.047,302.3233,300.1852
2020-01-08 12:27:00,298.1165,302.3723,300.2444
2020-01-08 12:28:00,298.1872,302.4315,300.3093
2020-01-08 12:29:00,298.2643,302.4846,300.3745
2020-01-08 12:30:00,298.3539,302.5364,300.4451
2020-01-08 12:31:00,298.4049,302.6212,300.5131
2020-01-08 12:32:00,298.4268,302.7276,300.5772
2020-01-08 12:33:00,298.4463,302.8381,300.6422
2020-01-08 12:34:00,298.5103,302.9118,300.7111
2020-01-08 12:35:00,298.6082,302.9459,300.7771
2020-01-08 12:36:00,298.7043,302.9705,300.8374
2020-01-08 12:37:00,298.8248,302.966,300.8954
2020-01-08 12:38:00,298.931,302.9615,300.9463
2020-01-08 12:39:00,299.0328,302.9522,300.9925
2020-01-08 12:40:00,299.1222,302.9545,301.0383
2020-01-08 12:41:00,299.1677,302.9756,301.0717
2020-01-08 12:42:00,299.2079,303.0002,301.104
2020-01-08 12:43:00,299.2436,303.0378,301.1407
2020-01-08 12:44:00,299.288,303.0681,301.178
2020-01-08 12:45:00,299.3342,303.1013,301.2177
2020-01-08 12:46:00,299.3889,303.1338,301.2614
2020-01-08 12:47:00,299.4586,303.1587,301.3086
2020-01-08 12:48:00,299.5292,303.1835,301.3563
2020-01-08 12:49:00,299.5925,303.2132,301.4028
2020-01-08 12:50:00,299.6597,303.232,301.4458
2020-01-08 12:51:00,299.7304,303.2472,301.4888
2020-01-08 12:52:00,299.7921,303.2715,301.5318
2020-01-08 12:53:00,299.8579,303.2924,301.5751
2020-01-08 12:54:00,299.929,303.3069,301.618
2020-01-08 12:55:00,299.9916,303.326,301.6588
2020-01-08 12:56:00,300.0668,303.3335,301.7002
2020-01-08 12:57:00,300.1585,303.3312,301.7449
2020-01-08 12:58:00,300.2502,303.3281,301.7892
2020-01-08 12:59:00,300.3445,303.3233,301.8339
2020-01-08 13:00:00,300.4442,303.3083,301.8763
2020-01-08 13:01:00,300.5247,303.3088,301.9168
2020-01-08 13:02:00,300.6019,303.3054,301.9537
2020-01-08 13:03:00,300.6804,303.294,301.9872
2020-01-08 13:04:00,300.7591,303.2806,302.0198
2020-01-08 13:05:00,300.835,303.269,302.052
2020-01-08 13:06:00,300.896,303.2672,302.0816
2020-01-08 13:07:00,300.9677,303.2608,302.1143
2020-01-08 13:08:00,301.0339,303.2543,302.1441
2020-01-08 13:09:00,301.0838,303.264,302.1739
2020-01-08 13:10:00,301.1408,303.2665,302.2036
2020-01-08 13:11:00,301.1882,303.2698,302.229
2020-01-08 13:12:00,301.2545,303.2579,302.2562
2020-01-08 13:13:00,301.3276,303.2435,302.2856
2020-01-08 13:14:00,301.4021,303.2318,302.3169
2020-01-08 13:15:00,301.4608,303.2353,302.3481
2020-01-08 13:16:00,301.5232,303.2284,302.3758
2020-01-08 13:17:00,301.5955,303.2044,302.4
2020-01-08 13:18:00,301.6586,303.1827,302.4207
2020-01-08 13:19:00,301.7165,303.1626,302.4396
2020-01-08 13:20:00,301.7595,303.1521,302.4558
2020-01-08 13:21:00,301.7993,303.1385,302.4689
2020-01-08 13:22:00,301.8319,303.1274,302.4796
2020-01-08 13:23:00,301.8519,303.126,302.489
2020-01-08 13:24:00,301.8689,303.1252,302.4971
2020-01-08 13:25:00,301.9096,303.1099,302.5098
2020-01-08 13:26:00,301.9468,303.1027,302.5247
2020-01-08 13:27:00,301.979,303.1038,302.5414
2020-01-08 13:28:00,301.991,303.1169,302.554
2020-01-08 13:29:00,302.003,303.1292,302.5661
2020-01-08 13:30:00,302.0065,303.1433,302.5749
2020-01-08 13:31:00,302.0043,303.155,302.5797
2020-01-08 13:32:00,302.0007,303.1642,302.5825
2020-01-08 13:33:00,301.9959,303.1741,302.585
2020-01-08 13:34:00,301.9846,303.199,302.5918
2020-01-08 13:35:00,301.9865,303.2141,302.6003
2020-01-08 13:36:00,301.9953,303.228,302.6116
2020-01-08 13:37:00,302.0215,303.2341,302.6278
2020-01-08 13:38:00,302.0623,303.2323,302.6473
2020-01-08 13:39:00,302.1252,303.2079,302.6666
2020-01-08 13:40:00,302.1713,303.1979,302.6846
2020-01-08 13:41:00,302.229,303.1763,302.7027
2020-01-08 13:42:00,302.2831,303.1581,302.7206
2020-01-08 13:43:00,302.3068,303.1622,302.7345
2020-01-08 13:44:00,302.3355,303.1641,302.7498
2020-01-08 13:45:00,302.3563,303.1687,302.7625
2020-01-08 13:46:00,302.3718,303.1698,302.7708
2020-01-08 13:47:00,302.384,303.1735,302.7788
2020-01-08 13:48:00,302.3937,303.1751,302.7844
2020-01-08 13:49:00,302.3998,303.1763,302.7881
2020-01-08 13:50:00,302.4148,303.1723,302.7935
2020-01-08 13:51:00,302.4301,303.1688,302.7995
2020-01-08 13:52:00,302.4373,303.1698,302.8036
2020-01-08 13:53:00,302.4425,303.1696,302.8061
2020-01-08 13:54:00,302.4487,303.1684,302.8086
2020-01-08 13:55:00,302.4536,303.1682,302.8109
2020-01-08 13:56:00,302.4626,303.1674,302.815
2020-01-08 13:57:00,302.4678,303.1669,302.8174
2020-01-08 13:58:00,302.4696,303.1666,302.8181
2020-01-08 13:59:00,302.4617,303.169,302.8153
2020-01-08 14:00:00,302.4605,303.1694,302.815
2020-01-08 14:01:00,302.4542,303.1706,302.8124
2020-01-08 14:02:00,302.4478,303.1731,302.8104
2020-01-08 14:03:00,302.4542,303.1703,302.8122
2020-01-08 14:04:00,302.4636,303.1667,302.8152
2020-01-08 14:05:00,302.4679,303.1651,302.8165
2020-01-08 14:06:00,302.4726,303.1643,302.8184
2020-01-08 14:07:00,302.4752,303.1656,302.8204
2020-01-08 14:08:00,302.48,303.1668,302.8234
2020-01-08 14:09:00,302.4802,303.1679,302.824
2020-01-08 14:10:00,302.4805,303.1683,302.8244
2020-01-08 14:11:00,302.4818,303.1687,302.8253
2020-01-08 14:12:00,302.4866,303.1704,302.8285
2020-01-08 14:13:00,302.4881,303.1729,302.8305
2020-01-08 14:14:00,302.4881,303.1723,302.8302
2020-01-08 14:15:00,302.4902,303.1637,302.827
2020-01-08 14:16:00,302.4902,303.1629,302.8266
2020-01-08 14:17:00,302.4944,303.1676,302.831
2020-01-08 14:18:00,302.5025,303.168,302.8353
2020-01-08 14:19:00,302.5117,303.1674,302.8395
2020-01-08 14:20:00,302.5182,303.1661,302.8422
2020-01-08 14:21:00,302.5355,303.1599,302.8477
2020-01-08 14:22:00,302.5586,303.1495,302.854
2020-01-08 14:23:00,302.5719,303.1453,302.8586
2020-01-08 14:24:00,302.5861,303.1391,302.8626
2020-01-08 14:25:00,302.6026,303.1314,302.867
2020-01-08 14:26:00,302.6054,303.1311,302.8683
2020-01-08 14:27:00,302.6048,303.1302,302.8675
2020-01-08 14:28:00,302.6001,303.1285,302.8643
2020-01-08 14:29:00,302.593,303.1279,302.8604
2020-01-08 14:30:00,302.5833,303.1284,302.8558
2020-01-08 14:31:00,302.5667,303.1323,302.8495
2020-01-08 14:32:00,302.5582,303.129,302.8436
2020-01-08 14:33:00,302.5549,303.1182,302.8366
2020-01-08 14:34:00,302.5613,303.0963,302.8288
2020-01-08 14:35:00,302.5578,303.0911,302.8245
2020-01-08 14:36:00,302.5574,303.0849,302.8212
2020-01-08 14:37:00,302.5525,303.0779,302.8152
2020-01-08 14:38:00,302.5483,303.0673,302.8078
2020-01-08 14:39:00,302.5392,303.0659,302.8026
2020-01-08 14:40:00,302.5327,303.0586,302.7957
2020-01-08 14:41:00,302.5305,303.0516,302.791
2020-01-08 14:42:00,302.5341,303.0428,302.7884
2020-01-08 14:43:00,302.5404,303.0282,302.7843
2020-01-08 14:44:00,302.5506,303.0086,302.7796
2020-01-08 14:45:00,302.559,302.9919,302.7754
2020-01-08 14:46:00,302.5605,302.9863,302.7734
2020-01-08 14:47:00,302.5626,302.9773,302.7699
2020-01-08 14:48:00,302.5629,302.9763,302.7696
2020-01-08 14:49:00,302.5629,302.9763,302.7696
2020-01-08 14:50:00,302.563,302.9776,302.7703
2020-01-08 14:51:00,302.5629,302.9783,302.7706
2020-01-08 14:52:00,302.5631,302.9777,302.7704
2020-01-08 14:53:00,302.562,302.9832,302.7726
2020-01-08 14:54:00,302.5602,302.992,302.7761
2020-01-08 14:55:00,302.5583,302.9998,302.779
2020-01-08 14:56:00,302.5556,303.0071,302.7814
2020-01-08 14:57:00,302.553,303.0166,302.7848
2020-01-08 14:58:00,302.552,303.0267,302.7894
2020-01-08 14:59:00,302.5573,303.0378,302.7975
2020-01-08 15:00:00,302.56,303.0503,302.8052
2020-01-08 15:01:00,302.5577,303.0715,302.8146
2020-01-08 15:02:00,302.5594,303.0914,302.8254
2020-01-08 15:03:00,302.5553,303.1147,302.835
2020-01-08 15:04:00,302.5485,303.139,302.8438
2020-01-08 15:05:00,302.5272,303.1867,302.8569
2020-01-08 15:06:00,302.4916,303.2505,302.8711
2020-01-08 15:07:00,302.4588,303.309,302.8839
2020-01-08 15:08:00,302.4102,303.3902,302.9002
2020-01-08 15:09:00,302.3576,303.4779,302.9178
2020-01-08 15:10:00,302.3337,303.5316,302.9327
2020-01-08 15:11:00,302.3044,303.5974,302.9509
2020-01-08 15:12:00,302.283,303.6499,302.9665
2020-01-08 15:13:00,302.2585,303.7078,302.9832
2020-01-08 15:14:00,302.231,303.7723,303.0017
2020-01-08 15:15:00,302.2088,303.8325,303.0207
2020-01-08 15:16:00,302.1907,303.887,303.0388
2020-01-08 15:17:00,302.1815,303.925,303.0532
2020-01-08 15:18:00,302.1717,303.9696,303.0706
2020-01-08 15:19:00,302.1628,304.0151,303.0889
2020-01-08 15:20:00,302.1566,304.0616,303.1091
2020-01-08 15:21:00,302.1559,304.0975,303.1267
2020-01-08 15:22:00,302.1525,304.1399,303.1462
2020-01-08 15:23:00,302.1468,304.1871,303.167
2020-01-08 15:24:00,302.1439,304.2347,303.1893
2020-01-08 15:25:00,302.1426,304.2807,303.2116
2020-01-08 15:26:00,302.1413,304.3274,303.2344
2020-01-08 15:27:00,302.1471,304.3605,303.2538
2020-01-08 15:28:00,302.1581,304.3938,303.276
2020-01-08 15:29:00,302.1696,304.4323,303.301
2020-01-08 15:30:00,302.1888,304.4616,303.3252
2020-01-08 15:31:00,302.2192,304.478,303.3486
2020-01-08 15:32:00,302.2459,304.4952,303.3706
2020-01-08 15:33:00,302.272,304.5136,303.3928
2020-01-08 15:34:00,302.2978,304.5272,303.4125
2020-01-08 15:35:00,302.325,304.5419,303.4335
2020-01-08 15:36:00,302.3508,304.5528,303.4518
2020-01-08 15:37:00,302.3852,304.5623,303.4737
2020-01-08 15:38:00,302.4233,304.5699,303.4966
2020-01-08 15:39:00,302.4614,304.5844,303.5229
2020-01-08 15:40:00,302.4997,304.6026,303.5512
2020-01-08 15:41:00,302.5305,304.6289,303.5797
2020-01-08 15:42:00,302.5561,304.6501,303.6031
2020-01-08 15:43:00,302.587,304.6672,303.6271
2020-01-08 15:44:00,302.6213,304.678,303.6497
2020-01-08 15:45:00,302.6604,304.677,303.6687
2020-01-08 15:46:00,302.7021,304.6716,303.6869
2020-01-08 15:47:00,302.7442,304.6548,303.6995
2020-01-08 15:48:00,302.783,304.6431,303.713
2020-01-08 15:49:00,302.8227,304.6274,303.725
2020-01-08 15:50:00,302.8287,304.6239,303.7263
2020-01-08 15:51:00,302.834,304.6208,303.7274
2020-01-08 15:52:00,302.8215,304.6285,303.725
2020-01-08 15:53:00,302.8052,304.6382,303.7217
2020-01-08 15:54:00,302.7373,304.6824,303.7098
2020-01-08 15:55:00,302.7178,304.6934,303.7056
2020-01-08 15:56:00,302.7164,304.6941,303.7053
2020-01-08 15:57:00,302.7084,304.6982,303.7033
2020-01-08 15:58:00,302.7008,304.7021,303.7014
2020-01-08 15:59:00,302.6978,304.7035,303.7006
2020-01-08 16:00:00,302.7043,304.7009,303.7026
2020-01-09 09:31:00,302.3568,305.1994,303.7781
2020-01-09 09:32:00,302.1162,305.5912,303.8537
2020-01-09 09:33:00,301.9307,305.9288,303.9298
2020-01-09 09:34:00,301.7544,306.2671,304.0108
2020-01-09 09:35:00,301.6545,306.5031,304.0788
2020-01-09 09:36:00,301.5936,306.6819,304.1378
2020-01-09 09:37:00,301.5462,306.8447,304.1954
2020-01-09 09:38:00,301.4464,307.0823,304.2643
2020-01-09 09:39:00,301.3458,307.3232,304.3345
2020-01-09 09:40:00,301.2484,307.5773,304.4128
2020-01-09 09:41:00,301.1879,307.7757,304.4818
2020-01-09 09:42:00,301.1469,307.9525,304.5497
2020-01-09 09:43:00,301.0887,308.159,304.6239
2020-01-09 09:44:00,301.0299,308.3681,304.699
2020-01-09 09:45:00,300.9697,308.5867,304.7782
2020-01-09 09:46:00,300.9188,308.7982,304.8585
2020-01-09 09:47:00,300.9062,308.9594,304.9328
2020-01-09 09:48:00,300.9087,309.0913,305.0
2020-01-09 09:49:00,300.9145,309.2192,305.0668
2020-01-09 09:50:00,300.9335,309.3202,305.1268
2020-01-09 09:51:00,300.9597,309.4188,305.1892
2020-01-09 09:52:00,300.9791,309.5301,305.2546
2020-01-09 09:53:00,300.9856,309.6682,305.3269
2020-01-09 09:54:00,300.9991,309.795,305.397
2020-01-09 09:55:00,301.0154,309.921,305.4682
2020-01-09 09:56:00,301.0394,310.0327,305.536
2020-01-09 09:57:00,301.076,310.1351,305.6055
2020-01-09 09:58:00,301.1196,310.2205,305.67
2020-01-09 09:59:00,301.161,310.3064,305.7337
2020-01-09 10:00:00,301.2047,310.4027,305.8037
2020-01-09 10:01:00,301.2676,310.4647,305.8662
2020-01-09 10:02:00,301.3338,310.5227,305.9283
2020-01-09 10:03:00,301.401,310.5801,305.9906
2020-01-09 10:04:00,301.4731,310.6455,306.0593
2020-01-09 10:05:00,301.5441,310.7159,306.13
2020-01-09 10:06:00,301.6233,310.7823,306.2028
2020-01-09 10:07:00,301.7056,310.8344,306.27
2020-01-09 10:08:00,301.7908,310.8813,306.3361
2020-01-09 10:09:00,301.8705,310.9266,306.3986
2020-01-09 10:10:00,301.9486,310.9675,306.4581
2020-01-09 10:11:00,302.024,311.0118,306.5179
2020-01-09 10:12:00,302.1097,311.0449,306.5773
2020-01-09 10:13:00,302.1988,311.0803,306.6396
2020-01-09 10:14:00,302.2954,311.1157,306.7056
2020-01-09 10:15:00,302.4092,311.1369,306.773
2020-01-09 10:16:00,302.5316,311.1488,306.8402
2020-01-09 10:17:00,302.6845,311.1546,306.9195
2020-01-09 10:18:00,302.8335,311.1571,306.9953
2020-01-09 10:19:00,302.9969,311.159,307.078
2020-01-09 10:20:00,303.2216,311.1217,307.1717
2020-01-09 10:21:00,303.4604,311.0686,307.2645
2020-01-09 10:22:00,303.7357,310.9854,307.3605
2020-01-09 10:23:00,304.0288,310.8819,307.4554
2020-01-09 10:24:00,304.4036,310.7087,307.5562
2020-01-09 10:25:00,304.7567,310.5425,307.6496
2020-01-09 10:26:00,305.1133,310.3642,307.7388
2020-01-09 10:27:00,305.5255,310.1256,307.8256
2020-01-09 10:28:00,306.0069,309.8242,307.9155
2020-01-09 10:29:00,306.5834,309.427,308.0052
2020-01-09 10:30:00,307.4174,308.7647,308.091
2020-01-09 10:31:00,307.4328,308.7709,308.1019
2020-01-09 10:32:00,307.4471,308.7772,308.1121
2020-01-09 10:33:00,307.4597,308.7819,308.1208
2020-01-09 10:34:00,307.4614,308.7894,308.1254
2020-01-09 10:35:00,307.4898,308.7922,308.141
2020-01-09 10:36:00,307.5621,308.7563,308.1592
2020-01-09 10:37:00,307.6478,308.7032,308.1755
2020-01-09 10:38:00,307.6551,308.7063,308.1807
2020-01-09 10:39:00,307.6561,308.7122,308.1842
2020-01-09 10:40:00,307.6525,308.7205,308.1865
2020-01-09 10:41:00,307.6526,308.7401,308.1963
2020-01-09 10:42:00,307.6554,308.7651,308.2102
2020-01-09 10:43:00,307.6428,308.7929,308.2179
2020-01-09 10:44:00,307.6381,308.8033,308.2207
2020-01-09 10:45:00,307.6392,308.8014,308.2203
2020-01-09 10:46:00,307.6472,308.7867,308.217
2020-01-09 10:47:00,307.6406,308.8074,308.224
2020-01-09 10:48:00,307.6459,308.8254,308.2357
2020-01-09 10:49:00,307.6437,308.8566,308.2502
2020-01-09 10:50:00,307.6563,308.8924,308.2744
2020-01-09 10:51:00,307.6709,308.9248,308.2979
2020-01-09 10:52:00,307.6682,308.9649,308.3165
2020-01-09 10:53:00,307.6501,309.0047,308.3274
2020-01-09 10:54:00,307.627,309.0567,308.3419
2020-01-09 10:55:00,307.6072,309.1025,308.3549
2020-01-09 10:56:00,307.5875,309.1566,308.372
2020-01-09 10:57:00,307.5656,309.2191,308.3924
2020-01-09 10:58:00,307.5569,309.2778,308.4173
2020-01-09 10:59:00,307.5483,309.3342,308.4413
2020-01-09 11:00:00,307.5392,309.3767,308.4579
2020-01-09 11:02:00,307.5681,309.3961,308.4821
2020-01-09 11:03:00,307.5989,309.4162,308.5075
2020-01-09 11:04:00,307.6312,309.4295,308.5304
2020-01-09 11:05:00,307.6473,309.4488,308.548
2020-01-09 11:06:00,307.6506,309.4809,308.5657
2020-01-09 11:07:00,307.6532,309.5129,308.583
2020-01-09 11:08:00,307.6722,309.5348,308.6035
2020-01-09 11:09:00,307.6943,309.5566,308.6254
2020-01-09 11:10:00,307.7183,309.5793,308.6488
2020-01-09 11:11:00,307.7507,309.5949,308.6728
2020-01-09 11:12:00,307.7735,309.6188,308.6961
2020-01-09 11:13:00,307.8036,309.6463,308.725
2020-01-09 11:14:00,307.823,309.6807,308.7519
2020-01-09 11:15:00,307.8351,309.7184,308.7767
2020-01-09 11:16:00,307.8625,309.7416,308.802
2020-01-09 11:17:00,307.896,309.7641,308.83
2020-01-09 11:18:00,307.9096,309.7945,308.852
2020-01-09 11:19:00,307.9247,309.8289,308.8768
2020-01-09 11:20:00,307.9214,309.8759,308.8986
2020-01-09 11:21:00,307.9151,309.9283,308.9217
2020-01-09 11:22:00,307.915,309.9758,308.9454
2020-01-09 11:23:00,307.9205,310.0167,308.9686
2020-01-09 11:24:00,307.941,310.0307,308.9858
2020-01-09 11:25:00,307.9701,310.0378,309.004
2020-01-09 11:26:00,308.0002,310.04,309.0201
2020-01-09 11:27:00,308.0319,310.0413,309.0366
2020-01-09 11:28:00,308.0815,310.034,309.0578
2020-01-09 11:29:00,308.1176,310.0356,309.0766
2020-01-09 11:30:00,308.1414,310.0578,309.0996
2020-01-09 11:31:00,308.1623,310.0923,309.1273
2020-01-09 11:32:00,308.19,310.1162,309.1531
2020-01-09 11:33:00,308.2185,310.1411,309.1798
2020-01-09 11:34:00,308.258,310.152,309.205
2020-01-09 11:35:00,308.2954,310.1625,309.2289
2020-01-09 11:36:00,308.3268,310.1768,309.2518
2020-01-09 11:37:00,308.3759,310.1867,309.2813
2020-01-09 11:38:00,308.4485,310.1779,309.3132
2020-01-09 11:39:00,308.5027,310.1806,309.3417
2020-01-09 11:40:00,308.5519,310.1847,309.3683
2020-01-09 11:41:00,308.5917,310.1819,309.3868
2020-01-09 11:42:00,308.631,310.1798,309.4054
2020-01-09 11:43:00,308.6623,310.1851,309.4237
2020-01-09 11:44:00,308.6874,310.1958,309.4416
2020-01-09 11:45:00,308.7264,310.1941,309.4602
2020-01-09 11:46:00,308.7641,310.1911,309.4776
2020-01-09 11:47:00,308.8153,310.1813,309.4983
2020-01-09 11:48:00,308.8586,310.1783,309.5184
2020-01-09 11:49:00,308.9044,310.1808,309.5426
2020-01-09 11:50:00,308.9243,310.2099,309.5671
2020-01-09 11:51:00,308.9315,310.2441,309.5878
2020-01-09 11:52:00,308.9462,310.2687,309.6075
2020-01-09 11:53:00,308.9599,310.2967,309.6283
2020-01-09 11:54:00,308.9816,310.3079,309.6448
2020-01-09 11:55:00,308.9993,310.3118,309.6556
2020-01-09 11:56:00,309.0189,310.316,309.6674
2020-01-09 11:57:00,309.0323,310.3145,309.6734
2020-01-09 11:58:00,309.0418,310.3184,309.6801
2020-01-09 11:59:00,309.0495,310.3284,309.689
2020-01-09 12:00:00,309.0579,310.3362,309.6971
2020-01-09 12:01:00,309.0737,310.3431,309.7084
2020-01-09 12:02:00,309.1012,310.3413,309.7212
2020-01-09 12:03:00,309.1232,310.3347,309.729
2020-01-09 12:04:00,309.1542,310.3225,309.7384
2020-01-09 12:05:00,309.1911,310.3103,309.7507
2020-01-09 12:06:00,309.2144,310.3073,309.7609
2020-01-09 12:07:00,309.2369,310.302,309.7694
2020-01-09 12:08:00,309.2653,310.2918,309.7785
2020-01-09 12:09:00,309.2862,310.2822,309.7842
2020-01-09 12:10:00,309.2968,310.2768,309.7868
2020-01-09 12:11:00,309.3059,310.2718,309.7888
2020-01-09 12:12:00,309.3018,310.2741,309.7879
2020-01-09 12:13:00,309.2791,310.2857,309.7824
2020-01-09 12:14:00,309.2376,310.3086,309.7731
2020-01-09 12:15:00,309.2271,310.3117,309.7694
2020-01-09 12:16:00,309.2129,310.318,309.7655
2020-01-09 12:17:00,309.174,310.3379,309.7559
2020-01-09 12:18:00,309.1389,310.355,309.7469
2020-01-09 12:19:00,309.0839,310.3819,309.7329
2020-01-09 12:20:00,309.0259,310.4063,309.7161
2020-01-09 12:21:00,308.9486,310.4395,309.694
2020-01-09 12:22:00,308.848,310.488,309.668
2020-01-09 12:23:00,308.7326,310.5465,309.6395
2020-01-09 12:24:00,308.6231,310.6094,309.6162
2020-01-09 12:25:00,308.5529,310.6443,309.5986
2020-01-09 12:26:00,308.461,310.6949,309.5779
2020-01-09 12:27:00,308.3541,310.7537,309.5539
2020-01-09 12:28:00,308.2347,310.8174,309.5261
2020-01-09 12:29:00,308.1474,310.8555,309.5014
2020-01-09 12:30:00,308.0602,310.8813,309.4708
2020-01-09 12:31:00,307.9631,310.9034,309.4332
2020-01-09 12:32:00,307.8681,310.9259,309.397
2020-01-09 12:33:00,307.7898,310.9342,309.362
2020-01-09 12:34:00,307.6634,310.9757,309.3196
2020-01-09 12:35:00,307.4902,311.0467,309.2685
2020-01-09 12:36:00,307.3417,311.0954,309.2185
2020-01-09 12:37:00,307.2324,311.1096,309.171
2020-01-09 12:38:00,307.1569,311.1031,309.13
2020-01-09 12:39:00,307.0772,311.0961,309.0867
2020-01-09 12:40:00,307.0058,311.0832,309.0445
2020-01-09 12:41:00,306.9017,311.097,308.9994
2020-01-09 12:42:00,306.8131,311.0986,308.9558
2020-01-09 12:43:00,306.723,311.0954,308.9092
2020-01-09 12:44:00,306.6011,311.1059,308.8535
2020-01-09 12:45:00,306.4592,311.1292,308.7942
2020-01-09 12:46:00,306.3505,311.1302,308.7403
2020-01-09 12:47:00,306.2548,311.1186,308.6867
2020-01-09 12:48:00,306.1772,311.0922,308.6347
2020-01-09 12:49:00,306.1289,311.0415,308.5852
2020-01-09 12:50:00,306.1017,310.9697,308.5357
2020-01-09 12:51:00,306.0796,310.8943,308.4869
2020-01-09 12:52:00,306.0541,310.8214,308.4377
2020-01-09 12:53:00,306.0278,310.7416,308.3847
2020-01-09 12:54:00,306.0054,310.67,308.3377
2020-01-09 12:55:00,305.9763,310.6092,308.2927
2020-01-09 12:56:00,305.9539,310.5416,308.2477
2020-01-09 12:57:00,305.9323,310.4853,308.2088
2020-01-09 12:58:00,305.9197,310.4159,308.1678
2020-01-09 12:59:00,305.9182,310.3315,308.1249
2020-01-09 13:00:00,305.9276,310.2459,308.0867
2020-01-09 13:01:00,305.9411,310.1523,308.0467
2020-01-09 13:02:00,305.9587,310.0594,308.0091
2020-01-09 13:03:00,305.9771,309.985,307.9811
2020-01-09 13:04:00,306.0011,309.9142,307.9577
2020-01-09 13:05:00,306.035,309.8294,307.9322
2020-01-09 13:06:00,306.0748,309.7362,307.9055
2020-01-09 13:07:00,306.1142,309.6507,307.8824
2020-01-09 13:08:00,306.1553,309.5624,307.8589
2020-01-09 13:09:00,306.1912,309.4835,307.8374
2020-01-09 13:10:00,306.2237,309.4107,307.8172
2020-01-09 13:11:00,306.2554,309.3365,307.7959
2020-01-09 13:12:00,306.2852,309.271,307.7781
2020-01-09 13:13:00,306.3074,309.2276,307.7675
2020-01-09 13:14:00,306.3146,309.2141,307.7643
2020-01-09 13:15:00,306.3369,309.1768,307.7569
2020-01-09 13:16:00,306.3572,309.1417,307.7495
2020-01-09 13:17:00,306.3569,309.1422,307.7496
2020-01-09 13:18:00,306.3509,309.1525,307.7517
2020-01-09 13:19:00,306.338,309.1753,307.7567
2020-01-09 13:20:00,306.3366,309.178,307.7573
2020-01-09 13:21:00,306.3317,309.1892,307.7605
2020-01-09 13:22:00,306.3236,309.2109,307.7673
2020-01-09 13:23:00,306.3147,309.2405,307.7776
2020-01-09 13:24:00,306.2985,309.2888,307.7936
2020-01-09 13:25:00,306.2891,309.3155,307.8023
2020-01-09 13:26:00,306.2783,309.3554,307.8169
2020-01-09 13:27:00,306.2725,309.3947,307.8336
2020-01-09 13:28:00,306.2609,309.4559,307.8584
2020-01-09 13:29:00,306.2467,309.5112,307.879
2020-01-09 13:30:00,306.2263,309.58,307.9031
2020-01-09 13:31:00,306.2138,309.6451,307.9294
2020-01-09 13:32:00,306.2038,309.7094,307.9566
2020-01-09 13:33:00,306.1896,309.777,307.9833
2020-01-09 13:34:00,306.1998,309.8367,308.0183
2020-01-09 13:35:00,306.2424,309.8823,308.0623
2020-01-09 13:36:00,306.2848,309.921,308.1029
2020-01-09 13:37:00,306.3164,309.9555,308.1359
2020-01-09 13:38:00,306.3306,309.9996,308.1651
2020-01-09 13:39:00,306.3519,310.0408,308.1963
2020-01-09 13:40:00,306.3705,310.0858,308.2282
2020-01-09 13:41:00,306.415,310.1217,308.2684
2020-01-09 13:42:00,306.4552,310.1573,308.3062
2020-01-09 13:43:00,306.5014,310.1941,308.3477
2020-01-09 13:44:00,306.5863,310.2096,308.398
2020-01-09 13:45:00,306.706,310.201,308.4535
2020-01-09 13:46:00,306.805,310.2029,308.504
2020-01-09 13:47:00,306.9019,310.2066,308.5542
2020-01-09 13:48:00,306.9936,310.2055,308.5996
2020-01-09 13:49:00,307.0589,310.2243,308.6416
2020-01-09 13:50:00,307.1134,310.2456,308.6795
2020-01-09 13:51:00,307.1673,310.2697,308.7185
2020-01-09 13:52:00,307.2371,310.2765,308.7568
2020-01-09 13:53:00,307.3259,310.2676,308.7968
2020-01-09 13:54:00,307.41,310.2533,308.8317
2020-01-09 13:55:00,307.5084,310.2209,308.8647
2020-01-09 13:56:00,307.6094,310.1881,308.8987
2020-01-09 13:57:00,307.7061,310.1594,308.9328
2020-01-09 13:58:00,307.8065,310.125,308.9658
2020-01-09 13:59:00,307.9093,310.0799,308.9946
2020-01-09 14:00:00,307.9921,310.0451,309.0186
2020-01-09 14:01:00,308.0889,310.0016,309.0452
2020-01-09 14:02:00,308.1844,309.958,309.0712
2020-01-09 14:03:00,308.2494,309.9331,309.0912
2020-01-09 14:04:00,308.2921,309.9214,309.1067
2020-01-09 14:05:00,308.3338,309.908,309.1209
2020-01-09 14:06:00,308.3779,309.8903,309.1341
2020-01-09 14:07:00,308.4082,309.8776,309.1429
2020-01-09 14:08:00,308.4475,309.8604,309.154
2020-01-09 14:09:00,308.4935,309.8391,309.1663
2020-01-09 14:10:00,308.5446,309.812,309.1783
2020-01-09 14:11:00,308.6117,309.7698,309.1907
2020-01-09 14:12:00,308.6719,309.7326,309.2022
2020-01-09 14:13:00,308.6837,309.7254,309.2046
2020-01-09 14:14:00,308.6872,309.724,309.2056
2020-01-09 14:15:00,308.6829,309.7256,309.2043
2020-01-09 14:16:00,308.6956,309.7225,309.2091
2020-01-09 14:17:00,308.701,309.7249,309.213
2020-01-09 14:18:00,308.7029,309.7285,309.2157
2020-01-09 14:19:00,308.7023,309.7284,309.2153
2020-01-09 14:20:00,308.7164,309.725,309.2207
2020-01-09 14:21:00,308.7379,309.7244,309.2312
2020-01-09 14:22:00,308.7628,309.7225,309.2427
2020-01-09 14:23:00,308.7886,309.7155,309.252
2020-01-09 14:24:00,308.798,309.7184,309.2582
2020-01-09 14:25:00,308.819,309.7148,309.2669
2020-01-09 14:26:00,308.8258,309.7117,309.2688
2020-01-09 14:27:00,308.8362,309.7063,309.2713
2020-01-09 14:28:00,308.8286,309.7083,309.2684
2020-01-09 14:29:00,308.8225,309.7096,309.2661
2020-01-09 14:30:00,308.8078,309.7093,309.2586
2020-01-09 14:31:00,308.799,309.7078,309.2534
2020-01-09 14:32:00,308.7939,309.7046,309.2492
2020-01-09 14:33:00,308.7856,309.6982,309.2419
2020-01-09 14:34:00,308.7793,309.6942,309.2367
2020-01-09 14:35:00,308.7728,309.6897,309.2313
2020-01-09 14:36:00,308.7627,309.6893,309.226
2020-01-09 14:37:00,308.7588,309.6897,309.2243
2020-01-09 14:38:00,308.7558,309.6881,309.2219
2020-01-09 14:39:00,308.7561,309.689,309.2225
2020-01-09 14:40:00,308.7559,309.6866,309.2212
2020-01-09 14:41:00,308.755,309.6808,309.2179
2020-01-09 14:42:00,308.754,309.6752,309.2146
2020-01-09 14:43:00,308.7562,309.6637,309.21
2020-01-09 14:44:00,308.7589,309.6478,309.2033
2020-01-09 14:45:00,308.7607,309.6297,309.1952
2020-01-09 14:46:00,308.7612,309.6109,309.1861
2020-01-09 14:47:00,308.7655,309.5851,309.1753
2020-01-09 14:48:00,308.763,309.5692,309.1661
2020-01-09 14:49:00,308.7685,309.54,309.1543
2020-01-09 14:50:00,308.7776,309.5111,309.1444
2020-01-09 14:51:00,308.795,309.4691,309.132
2020-01-09 14:52:00,308.7994,309.4428,309.1211
2020-01-09 14:53:00,308.795,309.4235,309.1093
2020-01-09 14:54:00,308.7854,309.4161,309.1008
2020-01-09 14:55:00,308.7777,309.4157,309.0967
2020-01-09 14:56:00,308.7753,309.4098,309.0925
2020-01-09 14:57:00,308.779,309.3988,309.0889
2020-01-09 14:58:00,308.7815,309.3884,309.0849
2020-01-09 14:59:00,308.7811,309.3878,309.0844
2020-01-09 15:00:00,308.78,309.3873,309.0836
2020-01-09 15:01:00,308.7744,309.3845,309.0794
2020-01-09 15:02:00,308.7708,309.3795,309.0751
2020-01-09 15:03:00,308.7667,309.3753,309.071
2020-01-09 15:04:00,308.7623,309.3709,309.0666
2020-01-09 15:05:00,308.7457,309.3741,309.0599
2020-01-09 15:06:00,308.7236,309.3829,309.0532
2020-01-09 15:07:00,308.7163,309.3854,309.0509
2020-01-09 15:08:00,308.7079,309.3872,309.0476
2020-01-09 15:09:00,308.6936,309.3909,309.0422
2020-01-09 15:10:00,308.6732,309.3994,309.0363
2020-01-09 15:11:00,308.6422,309.4171,309.0296
2020-01-09 15:12:00,308.6022,309.4389,309.0205
2020-01-09 15:13:00,308.5809,309.4514,309.0161
2020-01-09 15:14:00,308.5601,309.4602,309.0101
2020-01-09 15:15:00,308.5421,309.4678,309.005
2020-01-09 15:16:00,308.5152,309.4735,308.9943
2020-01-09 15:17:00,308.4933,309.4701,308.9817
2020-01-09 15:18:00,308.4923,309.4542,308.9732
2020-01-09 15:19:00,308.4844,309.449,308.9667
2020-01-09 15:20:00,308.4753,309.4428,308.9591
2020-01-09 15:21:00,308.4725,309.4213,308.9469
2020-01-09 15:22:00,308.4585,309.4029,308.9307
2020-01-09 15:23:00,308.4443,309.3902,308.9173
2020-01-09 15:24:00,308.4279,309.375,308.9014
2020-01-09 15:25:00,308.4178,309.3561,308.8869
2020-01-09 15:26:00,308.4078,309.3529,308.8803
2020-01-09 15:27:00,308.3965,309.3507,308.8736
2020-01-09 15:28:00,308.3865,309.3477,308.8671
2020-01-09 15:29:00,308.3858,309.3436,308.8647
2020-01-09 15:30:00,308.3858,309.3468,308.8663
2020-01-09 15:31:00,308.3853,309.3495,308.8674
2020-01-09 15:32:00,308.3843,309.3521,308.8682
2020-01-09 15:33:00,308.3775,309.369,308.8732
2020-01-09 15:34:00,308.375,309.3761,308.8756
2020-01-09 15:35:00,308.3751,309.3731,308.8741
2020-01-09 15:36:00,308.3717,309.3699,308.8708
2020-01-09 15:37:00,308.3674,309.3646,308.866
2020-01-09 15:38:00,308.3673,309.3557,308.8615
2020-01-09 15:39:00,308.3742,309.3369,308.8555
2020-01-09 15:40:00,308.3806,309.3181,308.8494
2020-01-09 15:41:00,308.3848,309.3051,308.8449
2020-01-09 15:42:00,308.3886,309.2903,308.8394
2020-01-09 15:43:00,308.3948,309.2726,308.8337
2020-01-09 15:44:00,308.3987,309.2616,308.8301
2020-01-09 15:45:00,308.3973,309.2646,308.8309
2020-01-09 15:46:00,308.3953,309.2698,308.8325
2020-01-09 15:47:00,308.3938,309.2743,308.8341
2020-01-09 15:48:00,308.3932,309.2774,308.8353
2020-01-09 15:49:00,308.393,309.2788,308.8359
2020-01-09 15:50:00,308.3934,309.2737,308.8336
2020-01-09 15:51:00,308.3921,309.2783,308.8352
2020-01-09 15:52:00,308.3879,309.2917,308.8398
2020-01-09 15:53:00,308.3861,309.3055,308.8458
2020-01-09 15:54:00,308.3789,309.3284,308.8537
2020-01-09 15:55:00,308.3629,309.3633,308.8631
2020-01-09 15:56:00,308.3423,309.4023,308.8723
2020-01-09 15:57:00,308.3221,309.4378,308.88
2020-01-09 15:58:00,308.31,309.4631,308.8866
2020-01-09 15:59:00,308.2984,309.4878,308.8931
2020-01-09 16:00:00,308.2749,309.5341,308.9045
2020-01-10 09:31:00,308.129,309.745,308.937
2020-01-10 09:32:00,307.9686,309.9829,308.9758
2020-01-10 09:33:00,307.9129,310.094,309.0034
2020-01-10 09:34:00,307.8743,310.1843,309.0293
2020-01-10 09:35:00,307.8734,310.225,309.0492
2020-01-10 09:36:00,307.854,310.3037,309.0788
2020-01-10 09:37:00,307.839,310.3704,309.1047
2020-01-10 09:38:00,307.8395,310.4102,309.1249
2020-01-10 09:39:00,307.8482,310.4395,309.1439
2020-01-10 09:40:00,307.8471,310.4975,309.1723
2020-01-10 09:41:00,307.8321,310.5906,309.2113
2020-01-10 09:42:00,307.8425,310.6512,309.2468
2020-01-10 09:43:00,307.8569,310.7024,309.2797
2020-01-10 09:44:00,307.8463,310.7928,309.3196
2020-01-10 09:45:00,307.8355,310.8865,309.361
2020-01-10 09:46:00,307.8417,310.9608,309.4013
2020-01-10 09:47:00,307.8594,311.0166,309.438
2020-01-10 09:48:00,307.8625,311.0792,309.4708
2020-01-10 09:49:00,307.8786,311.1252,309.5019
2020-01-10 09:50:00,307.8839,311.1976,309.5407
2020-01-10 09:51:00,307.9059,311.2441,309.575
2020-01-10 09:52:00,307.9361,311.2964,309.6162
2020-01-10 09:53:00,307.9623,311.3561,309.6592
2020-01-10 09:54:00,307.9945,311.4159,309.7052
2020-01-10 09:55:00,308.0342,311.4597,309.7469
2020-01-10 09:56:00,308.0608,311.5206,309.7907
2020-01-10 09:57:00,308.0953,311.5732,309.8342
2020-01-10 09:58:00,308.1122,311.6593,309.8857
2020-01-10 09:59:00,308.1078,311.7652,309.9365
2020-01-10 10:00:00,308.0944,311.8799,309.9872
2020-01-10 10:01:00,308.0874,311.9853,310.0363
2020-01-10 10:02:00,308.0946,312.0659,310.0803
2020-01-10 10:03:00,308.0907,312.1592,310.1249
2020-01-10 10:04:00,308.0858,312.265,310.1754
2020-01-10 10:05:00,308.0951,312.3681,310.2316
2020-01-10 10:06:00,308.1103,312.48,310.2951
2020-01-10 10:07:00,308.136,312.5821,310.359
2020-01-10 10:08:00,308.1688,312.6686,310.4187
2020-01-10 10:09:00,308.205,312.7467,310.4759
2020-01-10 10:10:00,308.2599,312.7958,310.5279
2020-01-10 10:11:00,308.3202,312.8351,310.5776
2020-01-10 10:12:00,308.3903,312.866,310.6281
2020-01-10 10:13:00,308.4604,312.9003,310.6804
2020-01-10 10:14:00,308.5367,312.918,310.7274
2020-01-10 10:15:00,308.6019,312.9456,310.7737
2020-01-10 10:16:00,308.6666,312.9826,310.8246
2020-01-10 10:17:00,308.7341,313.0232,310.8787
2020-01-10 10:18:00,308.8098,313.0594,310.9346
2020-01-10 10:19:00,308.8964,313.0855,310.9909
2020-01-10 10:20:00,308.9964,313.1035,311.0499
2020-01-10 10:21:00,309.0916,313.1144,311.103
2020-01-10 10:22:00,309.187,313.1164,311.1517
2020-01-10 10:23:00,309.2932,313.0989,311.196
2020-01-10 10:24:00,309.3927,313.086,311.2394
2020-01-10 10:25:00,309.4844,313.0745,311.2795
2020-01-10 10:26:00,309.5737,313.0628,311.3182
2020-01-10 10:27:00,309.6646,313.0475,311.356
2020-01-10 10:28:00,309.7706,313.0253,311.3979
2020-01-10 10:29:00,309.8801,313.008,311.444
2020-01-10 10:30:00,309.9737,313.0026,311.4882
2020-01-10 10:31:00,309.9931,313.0275,311.5103
2020-01-10 10:32:00,309.9956,313.0627,311.5291
2020-01-10 10:33:00,310.0315,313.0802,311.5558
2020-01-10 10:34:00,310.0776,313.088,311.5828
2020-01-10 10:35:00,310.1671,313.0795,311.6233
2020-01-10 10:36:00,310.2215,313.0838,311.6526
2020-01-10 10:37:00,310.2839,313.088,311.686
2020-01-10 10:38:00,310.3813,313.0663,311.7238
2020-01-10 10:39:00,310.5029,313.0247,311.7638
2020-01-10 10:40:00,310.5833,313.0082,311.7958
2020-01-10 10:41:00,310.6278,313.0008,311.8143
2020-01-10 10:42:00,310.699,312.9839,311.8414
2020-01-10 10:43:00,310.7843,312.9552,311.8698
2020-01-10 10:44:00,310.8283,312.9537,311.891
2020-01-10 10:45:00,310.8671,312.9509,311.909
2020-01-10 10:46:00,310.9187,312.9399,311.9293
2020-01-10 10:47:00,310.9909,312.9175,311.9542
2020-01-10 10:48:00,311.0603,312.8924,311.9763
2020-01-10 10:49:00,311.1551,312.8441,311.9996
2020-01-10 10:50:00,311.203,312.8209,312.012
2020-01-10 10:51:00,311.2882,312.7698,312.029
2020-01-10 10:52:00,311.3618,312.7318,312.0468
2020-01-10 10:53:00,311.4262,312.706,312.0661
2020-01-10 10:54:00,311.4842,312.6807,312.0824
2020-01-10 10:57:00,311.5716,312.6276,312.0996
2020-01-10 10:58:00,311.6311,312.5924,312.1118
2020-01-10 10:59:00,311.7073,312.546,312.1266
2020-01-10 11:00:00,311.7274,312.5374,312.1324
2020-01-10 11:01:00,311.7308,312.5365,312.1337
2020-01-10 11:02:00,311.7216,312.5387,312.1302
2020-01-10 11:03:00,311.717,312.5396,312.1283
2020-01-10 11:04:00,311.7305,312.5348,312.1326
2020-01-10 11:05:00,311.7309,312.5347,312.1328
2020-01-10 11:06:00,311.7272,312.5315,312.1293
2020-01-10 11:07:00,311.728,312.5273,312.1277
2020-01-10 11:08:00,311.7387,312.503,312.1209
2020-01-10 11:09:00,311.7505,312.4788,312.1147
2020-01-10 11:10:00,311.7546,312.4699,312.1122
2020-01-10 11:11:00,311.7573,312.4622,312.1098
2020-01-10 11:12:00,311.76,312.4655,312.1128
2020-01-10 11:13:00,311.7669,312.466,312.1165
2020-01-10 11:14:00,311.7746,312.4647,312.1197
2020-01-10 11:15:00,311.7754,312.4648,312.1201
2020-01-10 11:16:00,311.7763,312.4642,312.1203
2020-01-10 11:17:00,311.7632,312.4713,312.1172
2020-01-10 11:18:00,311.721,312.4915,312.1063
2020-01-10 11:19:00,311.6778,312.5055,312.0917
2020-01-10 11:20:00,311.636,312.5151,312.0756
2020-01-10 11:21:00,311.609,312.5149,312.0619
2020-01-10 11:22:00,311.5867,312.5081,312.0474
2020-01-10 11:23:00,311.5644,312.5078,312.0361
2020-01-10 11:24:00,311.5361,312.5161,312.0261
2020-01-10 11:25:00,311.5157,312.5259,312.0208
2020-01-10 11:26:00,311.4788,312.5443,312.0115
2020-01-10 11:27:00,311.4287,312.5716,312.0001
2020-01-10 11:28:00,311.3809,312.5961,311.9885
2020-01-10 11:29:00,311.3274,312.6239,311.9757
2020-01-10 11:30:00,311.26,312.6568,311.9584
2020-01-10 11:31:00,311.1827,312.6864,311.9346
2020-01-10 11:32:00,311.0888,312.722,311.9054
2020-01-10 11:33:00,311.0177,312.7448,311.8812
2020-01-10 11:34:00,310.9782,312.7378,311.858
2020-01-10 11:35:00,310.9491,312.7325,311.8408
2020-01-10 11:36:00,310.9152,312.7326,311.8239
2020-01-10 11:37:00,310.8973,312.7139,311.8056
2020-01-10 11:38:00,310.8818,312.7007,311.7913
2020-01-10 11:39:00,310.8756,312.6773,311.7764
2020-01-10 11:40:00,310.8724,312.6562,311.7643
2020-01-10 11:41:00,310.8664,312.6355,311.7509
2020-01-10 11:42:00,310.8604,312.6146,311.7375
2020-01-10 11:43:00,310.8466,312.6087,311.7276
2020-01-10 11:44:00,310.8313,312.5938,311.7125
2020-01-10 11:45:00,310.8087,312.5822,311.6955
2020-01-10 11:46:00,310.7817,312.5682,311.675
2020-01-10 11:47:00,310.7625,312.5539,311.6582
2020-01-10 11:48:00,310.7379,312.5415,311.6397
2020-01-10 11:50:00,310.679,312.5441,311.6115
2020-01-10 11:51:00,310.6411,312.5363,311.5887
2020-01-10 11:52:00,310.62,312.5244,311.5722
2020-01-10 11:53:00,310.6055,312.5182,311.5618
2020-01-10 11:54:00,310.5927,312.512,311.5523
2020-01-10 11:55:00,310.58,312.4957,311.5378
2020-01-10 11:56:00,310.5726,312.4647,311.5187
2020-01-10 11:57:00,310.5676,312.4368,311.5022
2020-01-10 11:58:00,310.5619,312.4157,311.4888
2020-01-10 11:59:00,310.5564,312.3965,311.4765
2020-01-10 12:00:00,310.548,312.3706,311.4593
2020-01-10 12:01:00,310.5376,312.3472,311.4424
2020-01-10 12:02:00,310.4993,312.3381,311.4187
2020-01-10 12:03:00,310.4487,312.341,311.3949
2020-01-10 12:04:00,310.4029,312.3372,311.37
2020-01-10 12:05:00,310.3701,312.3193,311.3447
2020-01-10 12:06:00,310.349,312.2966,311.3228
2020-01-10 12:07:00,310.3259,312.2727,311.2993
2020-01-10 12:08:00,310.2792,312.2503,311.2647
2020-01-10 12:09:00,310.2177,312.2387,311.2282
2020-01-10 12:10:00,310.139,312.2355,311.1872
2020-01-10 12:11:00,310.0262,312.2501,311.1381
2020-01-10 12:12:00,309.9569,312.2341,311.0955
2020-01-10 12:13:00,309.9172,312.1974,311.0573
2020-01-10 12:14:00,309.8918,312.1538,311.0228
2020-01-10 12:15:00,309.8448,312.1241,310.9845
2020-01-10 12:16:00,309.7981,312.094,310.946
2020-01-10 12:17:00,309.7148,312.0985,310.9067
2020-01-10 12:18:00,309.6455,312.0937,310.8696
2020-01-10 12:19:00,309.5704,312.0999,310.8351
2020-01-10 12:20:00,309.5007,312.103,310.8019
2020-01-10 12:21:00,309.3811,312.1383,310.7597
2020-01-10 12:22:00,309.2747,312.157,310.7159
2020-01-10 12:23:00,309.145,312.1885,310.6667
2020-01-10 12:24:00,309.0069,312.2211,310.614
2020-01-10 12:25:00,308.8825,312.2441,310.5633
2020-01-10 12:26:00,308.8123,312.2307,310.5215
2020-01-10 12:27:00,308.7555,312.2148,310.4851
2020-01-10 12:28:00,308.7181,312.195,310.4565
2020-01-10 12:29:00,308.6975,312.1693,310.4334
2020-01-10 12:30:00,308.6829,312.1456,310.4143
2020-01-10 12:31:00,308.6679,312.1269,310.3974
2020-01-10 12:32:00,308.6589,312.1131,310.386
2020-01-10 12:33:00,308.6492,312.105,310.3771
2020-01-10 12:34:00,308.6415,312.093,310.3673
2020-01-10 12:35:00,308.6319,312.0703,310.3511
2020-01-10 12:36:00,308.6188,312.0391,310.3289
2020-01-10 12:37:00,308.5996,312.0113,310.3054
2020-01-10 12:38:00,308.5927,311.9728,310.2828
2020-01-10 12:39:00,308.5934,311.9291,310.2613
2020-01-10 12:40:00,308.6032,311.879,310.2411
2020-01-10 12:41:00,308.618,311.8199,310.2189
2020-01-10 12:42:00,308.6314,311.7654,310.1984
2020-01-10 12:43:00,308.6422,311.707,310.1746
2020-01-10 12:44:00,308.651,311.6547,310.1529
2020-01-10 12:45:00,308.6605,311.608,310.1342
2020-01-10 12:46:00,308.6664,311.5688,310.1176
2020-01-10 12:47:00,308.6705,311.5364,310.1034
2020-01-10 12:48:00,308.6796,311.4956,310.0876
2020-01-10 12:49:00,308.686,311.4601,310.0731
2020-01-10 12:50:00,308.6839,311.4478,310.0659
2020-01-10 12:51:00,308.6842,311.4243,310.0542
2020-01-10 12:52:00,308.6902,311.3839,310.0371
2020-01-10 12:53:00,308.7009,311.3311,310.016
2020-01-10 12:54:00,308.7167,311.275,309.9958
2020-01-10 12:55:00,308.7333,311.2214,309.9773
2020-01-10 12:56:00,308.7486,311.167,309.9578
2020-01-10 12:57:00,308.7711,311.1044,309.9377
2020-01-10 12:58:00,308.7986,311.0333,309.916
2020-01-10 12:59:00,308.8292,310.9553,309.8923
2020-01-10 13:00:00,308.8524,310.8888,309.8706
2020-01-10 13:01:00,308.8761,310.8218,309.8489
2020-01-10 13:02:00,308.8836,310.792,309.8378
2020-01-10 13:03:00,308.888,310.7773,309.8326
2020-01-10 13:04:00,308.8926,310.7628,309.8277
2020-01-10 13:05:00,308.9002,310.7427,309.8215
2020-01-10 13:06:00,308.9143,310.7124,309.8134
2020-01-10 13:07:00,308.9225,310.6962,309.8094
2020-01-10 13:08:00,308.9121,310.7207,309.8164
2020-01-10 13:09:00,308.8975,310.7589,309.8282
2020-01-10 13:10:00,308.8874,310.8009,309.8442
2020-01-10 13:11:00,308.9006,310.8274,309.864
2020-01-10 13:12:00,308.8962,310.8662,309.8812
2020-01-10 13:13:00,308.8841,310.9071,309.8956
2020-01-10 13:14:00,308.8718,310.9425,309.9071
2020-01-10 13:15:00,308.8583,310.9943,309.9263
2020-01-10 13:16:00,308.8542,311.033,309.9436
2020-01-10 13:17:00,308.8664,311.0644,309.9654
2020-01-10 13:18:00,308.8754,311.0967,309.9861
2020-01-10 13:19:00,308.8917,311.1201,310.0059
2020-01-10 13:20:00,308.9094,311.1397,310.0245
2020-01-10 13:21:00,308.9686,311.1345,310.0515
2020-01-10 13:22:00,309.0302,311.1247,310.0775
2020-01-10 13:23:00,309.1293,311.082,310.1056
2020-01-10 13:24:00,309.2627,311.0166,310.1396
2020-01-10 13:25:00,309.4078,310.9335,310.1706
2020-01-10 13:26:00,309.4914,310.9011,310.1962
2020-01-10 13:27:00,309.5603,310.8798,310.2201
2020-01-10 13:28:00,309.5999,310.8788,310.2394
2020-01-10 13:29:00,309.615,310.8933,310.2542
2020-01-10 13:30:00,309.624,310.9073,310.2657
2020-01-10 13:31:00,309.6324,310.9239,310.2782
2020-01-10 13:32:00,309.6335,310.9418,310.2877
2020-01-10 13:33:00,309.6372,310.96,310.2986
2020-01-10 13:34:00,309.6396,310.9743,310.3069
2020-01-10 13:35:00,309.6457,310.9908,310.3183
2020-01-10 13:36:00,309.665,310.9982,310.3316
2020-01-10 13:37:00,309.6965,311.0007,310.3486
2020-01-10 13:38:00,309.7137,311.0098,310.3617
2020-01-10 13:39:00,309.7244,311.0184,310.3714
2020-01-10 13:40:00,309.7275,311.0204,310.3739
2020-01-10 13:41:00,309.727,311.0203,310.3736
2020-01-10 13:42:00,309.7219,311.0208,310.3713
2020-01-10 13:43:00,309.7325,311.0198,310.3761
2020-01-10 13:44:00,309.7452,311.0251,310.3851
2020-01-10 13:45:00,309.7534,311.0327,310.393
2020-01-10 13:46:00,309.7633,311.0372,310.4003
2020-01-10 13:47:00,309.772,311.0441,310.4081
2020-01-10 13:48:00,309.7799,311.0517,310.4158
2020-01-10 13:49:00,309.7893,311.0587,310.424
2020-01-10 13:50:00,309.8014,311.0655,310.4335
2020-01-10 13:51:00,309.8166,311.0687,310.4426
2020-01-10 13:52:00,309.8365,311.0714,310.454
2020-01-10 13:53:00,309.8636,311.0638,310.4637
2020-01-10 13:54:00,309.8844,311.058,310.4712
2020-01-10 13:55:00,309.9002,311.0529,310.4765
2020-01-10 13:56:00,309.9276,311.0446,310.4861
2020-01-10 13:57:00,309.9535,311.0414,310.4974
2020-01-10 13:58:00,309.9855,311.0346,310.51
2020-01-10 13:59:00,310.0296,311.0202,310.5249
2020-01-10 14:00:00,310.0839,310.9973,310.5406
2020-01-10 14:01:00,310.1501,310.9624,310.5562
2020-01-10 14:02:00,310.1971,310.9441,310.5706
2020-01-10 14:03:00,310.2192,310.9484,310.5838
2020-01-10 14:04:00,310.2428,310.9492,310.596
2020-01-10 14:05:00,310.2691,310.945,310.6071
2020-01-10 14:06:00,310.2896,310.9478,310.6187
2020-01-10 14:07:00,310.2973,310.9576,310.6275
2020-01-10 14:08:00,310.2969,310.9674,310.6322
2020-01-10 14:09:00,310.2969,310.9691,310.633
2020-01-10 14:10:00,310.2961,310.9736,310.6348
2020-01-10 14:11:00,310.2996,310.9774,310.6385
2020-01-10 14:12:00,310.2992,310.9763,310.6377
2020-01-10 14:13:00,310.2883,310.9739,310.6311
2020-01-10 14:14:00,310.2833,310.969,310.6262
2020-01-10 14:15:00,310.2782,310.9555,310.6168
2020-01-10 14:16:00,310.2754,310.949,310.6122
2020-01-10 14:17:00,310.2736,310.945,310.6093
2020-01-10 14:18:00,310.2722,310.94,310.6061
2020-01-10 14:19:00,310.2671,310.939,310.603
2020-01-10 14:20:00,310.2585,310.9404,310.5995
2020-01-10 14:21:00,310.2469,310.9447,310.5958
2020-01-10 14:22:00,310.2434,310.9457,310.5945
2020-01-10 14:23:00,310.237,310.9494,310.5932
2020-01-10 14:24:00,310.2125,310.9624,310.5875
2020-01-10 14:25:00,310.1986,310.9703,310.5845
2020-01-10 14:26:00,310.155,310.9941,310.5745
2020-01-10 14:27:00,310.1214,311.0081,310.5648
2020-01-10 14:28:00,310.0993,311.0131,310.5562
2020-01-10 14:29:00,310.072,311.0192,310.5456
2020-01-10 14:30:00,310.0364,311.0315,310.5339
2020-01-10 14:31:00,309.9861,311.0509,310.5185
2020-01-10 14:32:00,309.9445,311.0627,310.5036
2020-01-10 14:33:00,309.902,311.0735,310.4878
2020-01-10 14:34:00,309.848,311.0932,310.4706
2020-01-10 14:35:00,309.8013,311.1046,310.4529
2020-01-10 14:36:00,309.7598,311.1145,310.4371
2020-01-10 14:37:00,309.7276,311.1157,310.4216
2020-01-10 14:38:00,309.7014,311.1132,310.4073
2020-01-10 14:39:00,309.6708,311.1147,310.3927
2020-01-10 14:40:00,309.6319,311.1276,310.3797
2020-01-10 14:41:00,309.6098,311.1348,310.3723
2020-01-10 14:42:00,309.5746,311.1514,310.363
2020-01-10 14:43:00,309.5375,311.1639,310.3507
2020-01-10 14:44:00,309.507,311.1643,310.3356
2020-01-10 14:45:00,309.4643,311.1695,310.3169
2020-01-10 14:46:00,309.4284,311.1722,310.3003
2020-01-10 14:47:00,309.3798,311.1791,310.2795
2020-01-10 14:48:00,309.33,311.1849,310.2575
2020-01-10 14:49:00,309.3085,311.1747,310.2416
2020-01-10 14:50:00,309.2884,311.1621,310.2253
2020-01-10 14:51:00,309.2727,311.1498,310.2113
2020-01-10 14:52:00,309.2618,311.133,310.1974
2020-01-10 14:53:00,309.2512,311.1235,310.1874
2020-01-10 14:54:00,309.2321,311.1177,310.1749
2020-01-10 14:55:00,309.2201,311.1122,310.1661
2020-01-10 14:56:00,309.211,311.1004,310.1557
2020-01-10 14:57:00,309.2064,311.081,310.1437
2020-01-10 14:58:00,309.2051,311.0602,310.1326
2020-01-10 14:59:00,309.2074,311.0377,310.1226
2020-01-10 15:00:00,309.2095,311.0142,310.1119
2020-01-10 15:01:00,309.2121,310.9932,310.1026
2020-01-10 15:02:00,309.2018,310.965,310.0834
2020-01-10 15:03:00,309.208,310.9225,310.0652
2020-01-10 15:04:00,309.2105,310.8816,310.0461
2020-01-10 15:05:00,309.2066,310.8447,310.0256
2020-01-10 15:06:00,309.1991,310.8025,310.0008
2020-01-10 15:07:00,309.1887,310.7604,309.9745
2020-01-10 15:08:00,309.1822,310.7165,309.9494
2020-01-10 15:09:00,309.1731,310.6798,309.9264
2020-01-10 15:10:00,309.1786,310.63,309.9043
2020-01-10 15:11:00,309.1869,310.5814,309.8842
2020-01-10 15:12:00,309.2018,310.5387,309.8702
2020-01-10 15:13:00,309.2074,310.5181,309.8627
2020-01-10 15:14:00,309.2182,310.4903,309.8542
2020-01-10 15:15:00,309.2212,310.4652,309.8432
2020-01-10 15:16:00,309.2263,310.4287,309.8275
2020-01-10 15:17:00,309.2448,310.386,309.8154
2020-01-10 15:18:00,309.2665,310.34,309.8032
2020-01-10 15:19:00,309.2831,310.3012,309.7921
2020-01-10 15:20:00,309.297,310.2689,309.7829
2020-01-10 15:21:00,309.3081,310.243,309.7756
2020-01-10 15:22:00,309.3215,310.2026,309.7621
2020-01-10 15:23:00,309.33,310.1782,309.7541
2020-01-10 15:24:00,309.3349,310.1673,309.7511
2020-01-10 15:25:00,309.3379,310.162,309.75
2020-01-10 15:26:00,309.3332,310.1723,309.7528
2020-01-10 15:27:00,309.3227,310.1911,309.7569
2020-01-10 15:28:00,309.3212,310.1937,309.7575
2020-01-10 15:29:00,309.3144,310.2062,309.7603
2020-01-10 15:30:00,309.3092,310.2183,309.7637
2020-01-10 15:31:00,309.3095,310.2242,309.7669
2020-01-10 15:32:00,309.3098,310.2259,309.7679
2020-01-10 15:33:00,309.3104,310.2305,309.7705
2020-01-10 15:34:00,309.3126,310.2307,309.7716
2020-01-10 15:35:00,309.3108,310.2308,309.7708
2020-01-10 15:36:00,309.3108,310.2308,309.7708
2020-01-10 15:37:00,309.3113,310.2316,309.7715
2020-01-10 15:38:00,309.3092,310.2294,309.7693
2020-01-10 15:39:00,309.3103,310.2324,309.7714
2020-01-10 15:40:00,309.3122,310.2325,309.7724
2020-01-10 15:41:00,309.3117,310.232,309.7719
2020-01-10 15:42:00,309.3148,310.2313,309.773
2020-01-10 15:43:00,309.2966,310.2399,309.7683
2020-01-10 15:44:00,309.2938,310.24,309.7669
2020-01-10 15:45:00,309.3019,310.2384,309.7702
2020-01-10 15:46:00,309.3095,310.2402,309.7748
2020-01-10 15:47:00,309.3286,310.2351,309.7818
2020-01-10 15:48:00,309.3532,310.2275,309.7903
2020-01-10 15:49:00,309.3561,310.2289,309.7925
2020-01-10 15:50:00,309.3457,310.2321,309.7889
2020-01-10 15:51:00,309.3448,310.2317,309.7883
2020-01-10 15:52:00,309.3445,310.231,309.7878
2020-01-10 15:53:00,309.3444,310.2332,309.7888
2020-01-10 15:54:00,309.3453,310.2463,309.7958
2020-01-10 15:55:00,309.3445,310.2546,309.7996
2020-01-10 15:56:00,309.3406,310.2675,309.8041
2020-01-10 15:57:00,309.3389,310.2741,309.8065
2020-01-10 15:58:00,309.3332,310.2867,309.81
2020-01-10 15:59:00,309.3269,310.2989,309.8129
2020-01-10 16:00:00,309.3155,310.3203,309.8179
2020-01-13 09:31:00,309.0506,310.6574,309.854
2020-01-13 09:32:00,308.9291,310.8565,309.8928
2020-01-13 09:33:00,308.7795,311.0918,309.9356
2020-01-13 09:34:00,308.6266,311.3453,309.986
2020-01-13 09:35:00,308.4916,311.5917,310.0416
2020-01-13 09:36:00,308.3765,311.8294,310.103
2020-01-13 09:37:00,308.2829,312.0514,310.1671
2020-01-13 09:38:00,308.2251,312.2292,310.2272
2020-01-13 09:39:00,308.1867,312.3838,310.2853
2020-01-13 09:40:00,308.1638,312.513,310.3384
2020-01-13 09:41:00,308.168,312.5964,310.3822
2020-01-13 09:42:00,308.1584,312.6912,310.4248
2020-01-13 09:43:00,308.1531,312.7743,310.4637
2020-01-13 09:44:00,308.1421,312.8687,310.5054
2020-01-13 09:45:00,308.1406,312.9653,310.5529
2020-01-13 09:46:00,308.1391,313.0763,310.6077
2020-01-13 09:47:00,308.1332,313.1821,310.6577
2020-01-13 09:48:00,308.1347,313.2787,310.7067
2020-01-13 09:49:00,308.1469,313.3611,310.754
2020-01-13 09:50:00,308.1571,313.4492,310.8032
2020-01-13 09:51:00,308.1744,313.5241,310.8493
2020-01-13 09:52:00,308.215,313.5732,310.8941
2020-01-13 09:53:00,308.2476,313.6315,310.9396
2020-01-13 09:54:00,308.278,313.679,310.9785
2020-01-13 09:55:00,308.305,313.7246,311.0148
2020-01-13 09:56:00,308.329,313.7803,311.0546
2020-01-13 09:57:00,308.3456,313.845,311.0953
2020-01-13 09:58:00,308.3665,313.9122,311.1393
2020-01-13 09:59:00,308.3838,313.9865,311.1851
2020-01-13 10:00:00,308.4087,314.0541,311.2314
2020-01-13 10:01:00,308.4462,314.1135,311.2799
2020-01-13 10:02:00,308.4928,314.1636,311.3282
2020-01-13 10:03:00,308.5447,314.1925,311.3686
2020-01-13 10:04:00,308.6104,314.2186,311.4145
2020-01-13 10:05:00,308.6845,314.2406,311.4625
2020-01-13 10:06:00,308.7581,314.2541,311.5061
2020-01-13 10:07:00,308.8273,314.2587,311.543
2020-01-13 10:08:00,308.9062,314.2612,311.5837
2020-01-13 10:09:00,308.9767,314.265,311.6209
2020-01-13 10:10:00,309.062,314.2568,311.6594
2020-01-13 10:11:00,309.1468,314.2492,311.698
2020-01-13 10:12:00,309.2443,314.2338,311.739
2020-01-13 10:13:00,309.3724,314.2026,311.7875
2020-01-13 10:14:00,309.4813,314.1774,311.8293
2020-01-13 10:15:00,309.587,314.15,311.8685
2020-01-13 10:16:00,309.6869,314.1282,311.9075
2020-01-13 10:17:00,309.7962,314.1021,311.9492
2020-01-13 10:18:00,309.9081,314.0743,311.9912
2020-01-13 10:19:00,310.0237,314.0336,312.0287
2020-01-13 10:20:00,310.1794,313.9625,312.071
2020-01-13 10:21:00,310.3139,313.8981,312.106
2020-01-13 10:22:00,310.4504,313.8315,312.141
2020-01-13 10:23:00,310.5852,313.7668,312.176
2020-01-13 10:24:00,310.7143,313.7067,312.2105
2020-01-13 10:25:00,310.8592,313.6318,312.2455
2020-01-13 10:26:00,311.0017,313.553,312.2774
2020-01-13 10:27:00,311.167,313.4524,312.3097
2020-01-13 10:28:00,311.3299,313.3482,312.339
2020-01-13 10:29:00,311.5058,313.2288,312.3673
2020-01-13 10:30:00,311.694,313.0916,312.3928
2020-01-13 10:31:00,311.6743,313.0972,312.3858
2020-01-13 10:32:00,311.6522,313.109,312.3806
2020-01-13 10:33:00,311.6277,313.114,312.3708
2020-01-13 10:34:00,311.6029,313.1068,312.3548
2020-01-13 10:35:00,311.5777,313.0903,312.334
2020-01-13 10:36:00,311.5605,313.0598,312.3102
2020-01-13 10:37:00,311.5589,313.0148,312.2868
2020-01-13 10:38:00,311.5541,312.9835,312.2688
2020-01-13 10:39:00,311.5423,312.96,312.2511
2020-01-13 10:40:00,311.5188,312.9501,312.2344
2020-01-13 10:41:00,311.4981,312.9551,312.2266
2020-01-13 10:42:00,311.4728,312.9566,312.2147
2020-01-13 10:43:00,311.4379,312.9661,312.202
2020-01-13 10:44:00,311.4015,312.9688,312.1852
2020-01-13 10:45:00,311.3575,312.9715,312.1645
2020-01-13 10:46:00,311.3148,312.9598,312.1373
2020-01-13 10:47:00,311.2924,312.9358,312.1141
2020-01-13 10:48:00,311.2676,312.9149,312.0912
2020-01-13 10:49:00,311.2563,312.8939,312.0751
2020-01-13 10:50:00,311.2565,312.8602,312.0583
2020-01-13 10:51:00,311.2483,312.8365,312.0424
2020-01-13 10:52:00,311.2436,312.8286,312.0361
2020-01-13 10:53:00,311.2425,312.812,312.0272
2020-01-13 10:54:00,311.2409,312.8051,312.023
2020-01-13 10:55:00,311.2389,312.7982,312.0186
2020-01-13 10:56:00,311.2402,312.7793,312.0097
2020-01-13 10:57:00,311.2498,312.7464,311.9981
2020-01-13 10:58:00,311.2668,312.7043,311.9856
2020-01-13 10:59:00,311.2982,312.6416,311.9699
2020-01-13 11:04:00,311.3258,312.5769,311.9514
2020-01-13 11:05:00,311.3567,312.5131,311.9349
2020-01-13 11:06:00,311.3801,312.4544,311.9172
2020-01-13 11:07:00,311.3815,312.4332,311.9074
2020-01-13 11:08:00,311.3849,312.4031,311.894
2020-01-13 11:09:00,311.3847,312.3705,311.8776
2020-01-13 11:10:00,311.388,312.3486,311.8683
2020-01-13 11:11:00,311.3821,312.3431,311.8626
2020-01-13 11:12:00,311.3821,312.3317,311.8569
2020-01-13 11:13:00,311.3824,312.3221,311.8522
2020-01-13 11:14:00,311.3794,312.3171,311.8482
2020-01-13 11:15:00,311.3762,312.3087,311.8425
2020-01-13 11:16:00,311.3773,312.3033,311.8403
2020-01-13 11:17:00,311.3821,312.2902,311.8361
2020-01-13 11:18:00,311.384,312.2829,311.8335
2020-01-13 11:19:00,311.3843,312.277,311.8306
2020-01-13 11:20:00,311.3884,312.2628,311.8256
2020-01-13 11:21:00,311.3984,312.2423,311.8203
2020-01-13 11:22:00,311.4133,312.212,311.8126
2020-01-13 11:23:00,311.4155,312.2046,311.81
2020-01-13 11:24:00,311.4164,312.1999,311.8082
2020-01-13 11:25:00,311.4169,312.2014,311.8091
2020-01-13 11:26:00,311.414,312.198,311.806
2020-01-13 11:27:00,311.4137,312.1886,311.8011
2020-01-13 11:28:00,311.4203,312.1733,311.7968
2020-01-13 11:29:00,311.426,312.1563,311.7911
2020-01-13 11:30:00,311.4186,312.169,311.7938
2020-01-13 11:31:00,311.3989,312.2011,311.8
2020-01-13 11:32:00,311.3568,312.2654,311.8111
2020-01-13 11:33:00,311.3357,312.3032,311.8195
2020-01-13 11:34:00,311.3214,312.3345,311.828
2020-01-13 11:35:00,311.3128,312.3592,311.836
2020-01-13 11:36:00,311.3059,312.3931,311.8495
2020-01-13 11:37:00,311.2993,312.4185,311.8589
2020-01-13 11:38:00,311.2916,312.448,311.8698
2020-01-13 11:39:00,311.2925,312.4692,311.8808
2020-01-13 11:40:00,311.2946,312.4902,311.8924
2020-01-13 11:41:00,311.2961,312.5054,311.9007
2020-01-13 11:42:00,311.2948,312.521,311.9079
2020-01-13 11:43:00,311.2955,312.5381,311.9168
2020-01-13 11:44:00,311.2985,312.5599,311.9292
2020-01-13 11:45:00,311.3014,312.5807,311.941
2020-01-13 11:46:00,311.3066,312.6012,311.9539
2020-01-13 11:47:00,311.3191,312.6224,311.9708
2020-01-13 11:48:00,311.3329,312.6459,311.9894
2020-01-13 11:49:00,311.3485,312.6791,312.0138
2020-01-13 11:50:00,311.3814,312.6965,312.039
2020-01-13 11:51:00,311.4038,312.7136,312.0587
2020-01-13 11:52:00,311.4303,312.7288,312.0795
2020-01-13 11:53:00,311.4408,312.7506,312.0957
2020-01-13 11:54:00,311.4492,312.7682,312.1087
2020-01-13 11:57:00,311.4671,312.7749,312.121
2020-01-13 11:58:00,311.4728,312.7889,312.1309
2020-01-13 11:59:00,311.474,312.8108,312.1424
2020-01-13 12:00:00,311.4674,312.8432,312.1553
2020-01-13 12:01:00,311.4602,312.879,312.1696
2020-01-13 12:02:00,311.454,312.9158,312.1849
2020-01-13 12:03:00,311.4514,312.946,312.1987
2020-01-13 12:04:00,311.4482,312.9751,312.2117
2020-01-13 12:05:00,311.4488,312.9993,312.224
2020-01-13 12:06:00,311.4622,313.0149,312.2386
2020-01-13 12:07:00,311.4723,313.0328,312.2526
2020-01-13 12:08:00,311.493,313.0446,312.2688
2020-01-13 12:09:00,311.5122,313.0559,312.284
2020-01-13 12:10:00,311.5391,313.0646,312.3019
2020-01-13 12:11:00,311.5772,313.0699,312.3235
2020-01-13 12:12:00,311.6007,313.0795,312.3401
2020-01-13 12:13:00,311.631,313.0842,312.3576
2020-01-13 12:14:00,311.6558,313.086,312.3709
2020-01-13 12:15:00,311.6779,313.0946,312.3862
2020-01-13 12:16:00,311.709,313.0906,312.3998
2020-01-13 12:17:00,311.7446,313.0846,312.4146
2020-01-13 12:18:00,311.7648,313.0878,312.4263
2020-01-13 12:19:00,311.7851,313.0867,312.4359
2020-01-13 12:20:00,311.8067,313.0841,312.4454
2020-01-13 12:21:00,311.8356,313.0806,312.4581
2020-01-13 12:22:00,311.8649,313.0739,312.4694
2020-01-13 12:23:00,311.8884,313.0696,312.479
2020-01-13 12:24:00,311.9183,313.059,312.4886
2020-01-13 12:25:00,311.9484,313.0494,312.4989
2020-01-13 12:26:00,311.9818,313.0379,312.5098
2020-01-13 12:27:00,312.017,313.0224,312.5197
2020-01-13 12:28:00,312.0752,312.9905,312.5329
2020-01-13 12:29:00,312.1371,312.957,312.547
2020-01-13 12:30:00,312.1835,312.9337,312.5586
2020-01-13 12:31:00,312.2497,312.9002,312.5749
2020-01-13 12:32:00,312.2683,312.9001,312.5842
2020-01-13 12:33:00,312.2748,312.907,312.5909
2020-01-13 12:34:00,312.2682,312.9228,312.5955
2020-01-13 12:35:00,312.2662,312.9398,312.603
2020-01-13 12:36:00,312.2692,312.9535,312.6113
2020-01-13 12:37:00,312.2705,312.9759,312.6232
2020-01-13 12:38:00,312.2657,313.0013,312.6335
2020-01-13 12:39:00,312.2678,313.0222,312.645
2020-01-13 12:40:00,312.2702,313.039,312.6546
2020-01-13 12:41:00,312.2798,313.0516,312.6657
2020-01-13 12:42:00,312.2904,313.0619,312.6762
2020-01-13 12:43:00,312.3082,313.0688,312.6885
2020-01-13 12:44:00,312.3234,313.0787,312.701
2020-01-13 12:45:00,312.3355,313.0929,312.7142
2020-01-13 12:46:00,312.3381,313.1158,312.7269
2020-01-13 12:47:00,312.3429,313.1367,312.7398
2020-01-13 12:48:00,312.3448,313.1615,312.7532
2020-01-13 12:49:00,312.3494,313.1773,312.7634
2020-01-13 12:50:00,312.3541,313.1876,312.7708
2020-01-13 12:51:00,312.3466,313.2086,312.7776
2020-01-13 12:52:00,312.3399,313.232,312.7859
2020-01-13 12:53:00,312.3375,313.2551,312.7963
2020-01-13 12:54:00,312.3365,313.2748,312.8057
2020-01-13 12:55:00,312.3347,313.298,312.8163
2020-01-13 12:56:00,312.3393,313.3164,312.8278
2020-01-13 12:57:00,312.3517,313.3336,312.8427
2020-01-13 12:58:00,312.3618,313.3491,312.8555
2020-01-13 12:59:00,312.3651,313.3668,312.866
2020-01-13 13:00:00,312.3666,313.3765,312.8716
2020-01-13 13:01:00,312.3664,313.387,312.8767
2020-01-13 13:02:00,312.3649,313.3988,312.8819
2020-01-13 13:03:00,312.3666,313.4066,312.8866
2020-01-13 13:04:00,312.3686,313.413,312.8908
2020-01-13 13:05:00,312.3723,313.4153,312.8938
2020-01-13 13:06:00,312.3799,313.4199,312.8999
2020-01-13 13:07:00,312.3862,313.4244,312.9053
2020-01-13 13:08:00,312.3931,313.4323,312.9127
2020-01-13 13:09:00,312.3993,313.4447,312.922
2020-01-13 13:10:00,312.4045,313.4556,312.9301
2020-01-13 13:11:00,312.4074,313.4646,312.936
2020-01-13 13:12:00,312.4124,313.4757,312.944
2020-01-13 13:13:00,312.4178,313.4877,312.9527
2020-01-13 13:14:00,312.4308,313.4961,312.9634
2020-01-13 13:15:00,312.4368,313.506,312.9714
2020-01-13 13:16:00,312.4538,313.5108,312.9823
2020-01-13 13:17:00,312.4694,313.5159,312.9927
2020-01-13 13:18:00,312.4821,313.5249,313.0035
2020-01-13 13:19:00,312.5035,313.5294,313.0165
2020-01-13 13:20:00,312.5275,313.5324,313.03
2020-01-13 13:21:00,312.543,313.5419,313.0424
2020-01-13 13:22:00,312.5589,313.559,313.0589
2020-01-13 13:23:00,312.5679,313.5894,313.0787
2020-01-13 13:24:00,312.5878,313.6114,313.0996
2020-01-13 13:25:00,312.6097,313.6265,313.1181
2020-01-13 13:26:00,312.6368,313.6319,313.1344
2020-01-13 13:27:00,312.6741,313.6295,313.1518
2020-01-13 13:28:00,312.71,313.629,313.1695
2020-01-13 13:29:00,312.739,313.6327,313.1858
2020-01-13 13:30:00,312.7694,313.6355,313.2024
2020-01-13 13:31:00,312.7882,313.6406,313.2144
2020-01-13 13:32:00,312.8068,313.6487,313.2277
2020-01-13 13:33:00,312.8294,313.6488,313.2391
2020-01-13 13:34:00,312.8429,313.6528,313.2478
2020-01-13 13:35:00,312.8565,313.6572,313.2568
2020-01-13 13:36:00,312.8722,313.6604,313.2663
2020-01-13 13:37:00,312.8787,313.67,313.2743
2020-01-13 13:38:00,312.8857,313.6764,313.2811
2020-01-13 13:39:00,312.8939,313.6819,313.2879
2020-01-13 13:40:00,312.9049,313.688,313.2964
2020-01-13 13:41:00,312.9155,313.6962,313.3058
2020-01-13 13:42:00,312.9269,313.7062,313.3165
2020-01-13 13:43:00,312.9405,313.7093,313.3249
2020-01-13 13:44:00,312.9526,313.7094,313.331
2020-01-13 13:45:00,312.9612,313.7139,313.3375
2020-01-13 13:46:00,312.9657,313.7217,313.3437
2020-01-13 13:47:00,312.9703,313.7301,313.3502
2020-01-13 13:48:00,312.9705,313.744,313.3573
2020-01-13 13:49:00,312.9772,313.755,313.3661
2020-01-13 13:50:00,312.9899,313.764,313.3769
2020-01-13 13:51:00,312.9944,313.774,313.3842
2020-01-13 13:52:00,312.9979,313.7841,313.391
2020-01-13 13:53:00,313.0009,313.7951,313.398
2020-01-13 13:54:00,313.0069,313.8024,313.4047
2020-01-13 13:55:00,313.0099,313.8122,313.4111
2020-01-13 13:56:00,313.0132,313.8244,313.4188
2020-01-13 13:57:00,313.0125,313.8408,313.4267
2020-01-13 13:58:00,313.0163,313.8517,313.434
2020-01-13 13:59:00,313.0217,313.8593,313.4405
2020-01-13 14:00:00,313.0354,313.862,313.4487
2020-01-13 14:01:00,313.0477,313.8609,313.4543
2020-01-13 14:02:00,313.056,313.859,313.4575
2020-01-13 14:03:00,313.0715,313.8541,313.4628
2020-01-13 14:04:00,313.0886,313.8471,313.4678
2020-01-13 14:05:00,313.1225,313.8317,313.4771
2020-01-13 14:06:00,313.1486,313.824,313.4863
2020-01-13 14:07:00,313.1747,313.8209,313.4978
2020-01-13 14:08:00,313.1883,313.8306,313.5094
2020-01-13 14:09:00,313.1954,313.8433,313.5193
2020-01-13 14:10:00,313.2039,313.8566,313.5303
2020-01-13 14:11:00,313.216,313.8682,313.5421
2020-01-13 14:12:00,313.2273,313.8776,313.5524
2020-01-13 14:13:00,313.235,313.8912,313.5631
2020-01-13 14:14:00,313.246,313.9012,313.5736
2020-01-13 14:15:00,313.2597,313.9084,313.5841
2020-01-13 14:16:00,313.2767,313.9117,313.5942
2020-01-13 14:17:00,313.2859,313.9289,313.6074
2020-01-13 14:18:00,313.2818,313.9609,313.6213
2020-01-13 14:19:00,313.2631,314.0132,313.6382
2020-01-13 14:20:00,313.2445,314.0665,313.6555
2020-01-13 14:21:00,313.235,314.1063,313.6707
2020-01-13 14:22:00,313.2221,314.1433,313.6827
2020-01-13 14:23:00,313.2013,314.185,313.6931
2020-01-13 14:24:00,313.1766,314.2339,313.7053
2020-01-13 14:25:00,313.1552,314.2833,313.7192
2020-01-13 14:26:00,313.1459,314.3213,313.7336
2020-01-13 14:27:00,313.1371,314.3602,313.7486
2020-01-13 14:28:00,313.1248,314.4036,313.7642
2020-01-13 14:29:00,313.1035,314.4616,313.7825
2020-01-13 14:30:00,313.0886,314.5107,313.7997
2020-01-13 14:31:00,313.0712,314.5706,313.8209
2020-01-13 14:32:00,313.0508,314.6331,313.842
2020-01-13 14:33:00,313.0425,314.6854,313.8639
2020-01-13 14:34:00,313.0352,314.7392,313.8872
2020-01-13 14:35:00,313.0374,314.7784,313.9079
2020-01-13 14:36:00,313.0392,314.8192,313.9292
2020-01-13 14:37:00,313.0469,314.8472,313.947
2020-01-13 14:38:00,313.0604,314.8693,313.9649
2020-01-13 14:39:00,313.0739,314.8938,313.9839
2020-01-13 14:40:00,313.0855,314.9195,314.0025
2020-01-13 14:41:00,313.099,314.9377,314.0183
2020-01-13 14:42:00,313.1108,314.9557,314.0332
2020-01-13 14:43:00,313.1297,314.9704,314.05
2020-01-13 14:44:00,313.1567,314.9754,314.066
2020-01-13 14:45:00,313.1786,314.9875,314.0831
2020-01-13 14:46:00,313.1991,314.9985,314.0988
2020-01-13 14:47:00,313.22,315.0073,314.1136
2020-01-13 14:48:00,313.2367,315.0183,314.1275
2020-01-13 14:49:00,313.2544,315.0296,314.142
2020-01-13 14:50:00,313.2693,315.0474,314.1583
2020-01-13 14:51:00,313.2868,315.0657,314.1762
2020-01-13 14:52:00,313.3068,315.079,314.1929
2020-01-13 14:53:00,313.3273,315.0901,314.2087
2020-01-13 14:54:00,313.3513,315.1011,314.2262
2020-01-13 14:55:00,313.3715,315.1188,314.2452
2020-01-13 14:56:00,313.3891,315.1387,314.2639
2020-01-13 14:57:00,313.4036,315.1607,314.2822
2020-01-13 14:58:00,313.422,315.1833,314.3027
2020-01-13 14:59:00,313.447,315.1993,314.3232
2020-01-13 15:00:00,313.4748,315.2153,314.345
2020-01-13 15:01:00,313.5151,315.2216,314.3683
2020-01-13 15:02:00,313.5693,315.2166,314.3929
2020-01-13 15:03:00,313.6212,315.2159,314.4185
2020-01-13 15:04:00,313.6824,315.2071,314.4448
2020-01-13 15:05:00,313.7358,315.2023,314.469
2020-01-13 15:06:00,313.7859,315.1941,314.49
2020-01-13 15:07:00,313.8262,315.1929,314.5095
2020-01-13 15:08:00,313.8585,315.1973,314.5279
2020-01-13 15:09:00,313.8931,315.2002,314.5466
2020-01-13 15:10:00,313.9287,315.1982,314.5635
2020-01-13 15:11:00,313.965,315.195,314.58
2020-01-13 15:12:00,314.0085,315.1831,314.5958
2020-01-13 15:13:00,314.0497,315.1675,314.6086
2020-01-13 15:14:00,314.0963,315.1488,314.6225
2020-01-13 15:15:00,314.148,315.1245,314.6363
2020-01-13 15:16:00,314.2085,315.0936,314.6511
2020-01-13 15:17:00,314.2507,315.0725,314.6616
2020-01-13 15:18:00,314.2834,315.0601,314.6717
2020-01-13 15:19:00,314.3008,315.0569,314.6789
2020-01-13 15:20:00,314.3152,315.0545,314.6849
2020-01-13 15:21:00,314.3361,315.0538,314.695
2020-01-13 15:22:00,314.3606,315.0501,314.7053
2020-01-13 15:23:00,314.3773,315.0528,314.715
2020-01-13 15:24:00,314.3804,315.0718,314.7261
2020-01-13 15:25:00,314.3811,315.0934,314.7373
2020-01-13 15:26:00,314.3917,315.1067,314.7492
2020-01-13 15:27:00,314.4021,315.1184,314.7602
2020-01-13 15:28:00,314.4131,315.1213,314.7672
2020-01-13 15:29:00,314.4131,315.1333,314.7732
2020-01-13 15:30:00,314.4111,315.1526,314.7819
2020-01-13 15:31:00,314.403,315.1748,314.7889
2020-01-13 15:32:00,314.3922,315.1992,314.7957
2020-01-13 15:33:00,314.3752,315.2359,314.8055
2020-01-13 15:34:00,314.3616,315.2662,314.8139
2020-01-13 15:35:00,314.3471,315.305,314.826
2020-01-13 15:36:00,314.3355,315.3382,314.8369
2020-01-13 15:37:00,314.3299,315.372,314.851
2020-01-13 15:38:00,314.3323,315.3978,314.8651
2020-01-13 15:39:00,314.3308,315.4267,314.8788
2020-01-13 15:40:00,314.3268,315.4591,314.893
2020-01-13 15:41:00,314.3327,315.4846,314.9086
2020-01-13 15:42:00,314.3454,315.4987,314.922
2020-01-13 15:43:00,314.3588,315.513,314.9359
2020-01-13 15:44:00,314.364,315.5531,314.9586
2020-01-13 15:45:00,314.3549,315.6066,314.9807
2020-01-13 15:46:00,314.3609,315.6411,315.001
2020-01-13 15:47:00,314.365,315.6827,315.0238
2020-01-13 15:48:00,314.3691,315.7241,315.0466
2020-01-13 15:49:00,314.377,315.7591,315.0681
2020-01-13 15:50:00,314.3763,315.7999,315.0881
2020-01-13 15:51:00,314.3693,315.8488,315.1091
2020-01-13 15:52:00,314.3667,315.8974,315.1321
2020-01-13 15:53:00,314.3589,315.9579,315.1584
2020-01-13 15:54:00,314.3295,316.0487,315.1891
2020-01-13 15:55:00,314.2779,316.1664,315.2221
2020-01-13 15:56:00,314.2337,316.2763,315.255
2020-01-13 15:57:00,314.1966,316.3782,315.2874
2020-01-13 15:58:00,314.1581,316.4823,315.3202
2020-01-13 15:59:00,314.1267,316.5824,315.3546
2020-01-13 16:00:00,314.0982,316.6789,315.3886
2020-01-14 09:31:00,314.0922,316.7446,315.4184
2020-01-14 09:32:00,314.1037,316.7826,315.4432
2020-01-14 09:33:00,314.1186,316.8047,315.4616
2020-01-14 09:34:00,314.1356,316.8213,315.4785
2020-01-14 09:35:00,314.147,316.857,315.502
2020-01-14 09:36:00,314.1661,316.8862,315.5261
2020-01-14 09:37:00,314.1891,316.8992,315.5441
2020-01-14 09:38:00,314.2023,316.9383,315.5703
2020-01-14 09:39:00,314.2069,316.9951,315.601
2020-01-14 09:40:00,314.2157,317.0525,315.6341
2020-01-14 09:41:00,314.2347,317.0936,315.6641
2020-01-14 09:42:00,314.2681,317.1113,315.6897
2020-01-14 09:43:00,314.313,317.1175,315.7152
2020-01-14 09:44:00,314.3573,317.1197,315.7385
2020-01-14 09:45:00,314.4043,317.1259,315.7651
2020-01-14 09:46:00,314.4517,317.1262,315.789
2020-01-14 09:47:00,314.5068,317.1244,315.8156
2020-01-14 09:48:00,314.5563,317.1153,315.8358
2020-01-14 09:49:00,314.6037,317.1003,315.852
2020-01-14 09:50:00,314.6433,317.0829,315.8631
2020-01-14 09:51:00,314.664,317.0736,315.8688
2020-01-14 09:52:00,314.6619,317.0747,315.8683
2020-01-14 09:53:00,314.6733,317.0694,315.8713
2020-01-14 09:54:00,314.6602,317.0756,315.8679
2020-01-14 09:55:00,314.6708,317.072,315.8714
2020-01-14 09:56:00,314.6484,317.0833,315.8659
2020-01-14 09:57:00,314.5727,317.1284,315.8505
2020-01-14 09:58:00,314.5058,317.1688,315.8373
2020-01-14 09:59:00,314.3701,317.2545,315.8123
2020-01-14 10:00:00,314.264,317.3146,315.7893
2020-01-14 10:01:00,314.1928,317.3494,315.7711
2020-01-14 10:02:00,314.1592,317.3613,315.7603
2020-01-14 10:03:00,314.133,317.3679,315.7504
2020-01-14 10:04:00,314.1197,317.3701,315.7449
2020-01-14 10:05:00,314.1058,317.3714,315.7386
2020-01-14 10:06:00,314.102,317.3713,315.7366
2020-01-14 10:07:00,314.0806,317.3745,315.7276
2020-01-14 10:08:00,314.0734,317.3748,315.7241
2020-01-14 10:09:00,314.0723,317.3746,315.7234
2020-01-14 10:10:00,314.0784,317.3787,315.7285
2020-01-14 10:11:00,314.0823,317.3801,315.7312
2020-01-14 10:12:00,314.0913,317.3825,315.7369
2020-01-14 10:13:00,314.0975,317.3837,315.7406
2020-01-14 10:14:00,314.0966,317.383,315.7398
2020-01-14 10:15:00,314.0985,317.3924,315.7455
2020-01-14 10:16:00,314.0983,317.3923,315.7453
2020-01-14 10:17:00,314.0994,317.3945,315.747
2020-01-14 10:18:00,314.0999,317.4131,315.7565
2020-01-14 10:19:00,314.0984,317.4423,315.7704
2020-01-14 10:20:00,314.1003,317.4561,315.7782
2020-01-14 10:21:00,314.1006,317.4572,315.7789
2020-01-14 10:22:00,314.1012,317.4628,315.782
2020-01-14 10:23:00,314.1011,317.4658,315.7835
2020-01-14 10:24:00,314.1026,317.45,315.7763
2020-01-14 10:25:00,314.1086,317.4311,315.7699
2020-01-14 10:26:00,314.1135,317.4183,315.7659
2020-01-14 10:27:00,314.1206,317.3975,315.759
2020-01-14 10:28:00,314.1286,317.3779,315.7532
2020-01-14 10:29:00,314.136,317.3611,315.7486
2020-01-14 10:30:00,314.1458,317.3392,315.7425
2020-01-14 10:31:00,314.1401,317.3518,315.746
2020-01-14 10:32:00,314.1239,317.3918,315.7579
2020-01-14 10:33:00,314.1031,317.4503,315.7767
2020-01-14 10:34:00,314.0799,317.5187,315.7993
2020-01-14 10:35:00,314.0599,317.5687,315.8143
2020-01-14 10:36:00,314.0434,317.6148,315.8291
2020-01-14 10:37:00,314.0344,317.6595,315.847
2020-01-14 10:38:00,314.0282,317.6793,315.8538
2020-01-14 10:39:00,314.0273,317.6819,315.8546
2020-01-14 10:40:00,314.0242,317.6897,315.8569
2020-01-14 10:41:00,314.0231,317.693,315.8581
2020-01-14 10:42:00,314.0214,317.7048,315.8631
2020-01-14 10:43:00,314.0205,317.7183,315.8694
2020-01-14 10:44:00,314.0187,317.7406,315.8797
2020-01-14 10:45:00,314.0167,317.756,315.8864
2020-01-14 10:46:00,314.0173,317.7651,315.8912
2020-01-14 10:47:00,314.0174,317.767,315.8922
2020-01-14 10:48:00,314.0191,317.77,315.8945
2020-01-14 10:49:00,314.025,317.7759,315.9005
2020-01-14 10:50:00,314.0339,317.7772,315.9056
2020-01-14 10:51:00,314.0411,317.7765,315.9088
2020-01-14 10:52:00,314.0631,317.7705,315.9168
2020-01-14 10:53:00,314.0591,317.7717,315.9154
2020-01-14 10:54:00,314.069,317.7685,315.9187
2020-01-14 10:55:00,314.0622,317.7696,315.9159
2020-01-14 10:56:00,314.067,317.7676,315.9173
2020-01-14 10:57:00,314.1385,317.7368,315.9376
2020-01-14 10:58:00,314.2261,317.7013,315.9637
2020-01-14 10:59:00,314.3801,317.6208,316.0004
2020-01-14 11:00:00,314.5189,317.5479,316.0334
2020-01-14 11:01:00,314.6338,317.4929,316.0634
2020-01-14 11:02:00,314.7076,317.4645,316.0861
2020-01-14 11:03:00,314.7637,317.4417,316.1027
2020-01-14 11:04:00,314.8079,317.4276,316.1177
2020-01-14 11:06:00,314.8469,317.4136,316.1302
2020-01-14 11:07:00,314.879,317.4085,316.1438
2020-01-14 11:08:00,314.9375,317.3853,316.1614
2020-01-14 11:09:00,314.9762,317.3726,316.1744
2020-01-14 11:10:00,314.9975,317.3661,316.1818
2020-01-14 11:11:00,314.9945,317.3666,316.1805
2020-01-14 11:12:00,314.9994,317.3653,316.1824
2020-01-14 11:13:00,315.0013,317.3648,316.1831
2020-01-14 11:14:00,315.0026,317.3644,316.1835
2020-01-14 11:15:00,314.9926,317.3677,316.1802
2020-01-14 11:16:00,314.969,317.3687,316.1688
2020-01-14 11:17:00,314.9563,317.3728,316.1646
2020-01-14 11:18:00,314.9439,317.3745,316.1592
2020-01-14 11:19:00,314.9261,317.3663,316.1462
2020-01-14 11:20:00,314.91,317.3494,316.1297
2020-01-14 11:21:00,314.8884,317.3444,316.1164
2020-01-14 11:22:00,314.8503,317.3542,316.1022
2020-01-14 11:23:00,314.8146,317.3573,316.0859
2020-01-14 11:24:00,314.7979,317.3512,316.0745
2020-01-14 11:25:00,314.779,317.3504,316.0647
2020-01-14 11:26:00,314.7612,317.3402,316.0507
2020-01-14 11:27:00,314.7319,317.3268,316.0293
2020-01-14 11:28:00,314.7073,317.3169,316.0121
2020-01-14 11:29:00,314.6805,317.3012,315.9909
2020-01-14 11:30:00,314.6553,317.2794,315.9674
2020-01-14 11:31:00,314.6257,317.2608,315.9432
2020-01-14 11:32:00,314.6083,317.2218,315.9151
2020-01-14 11:33:00,314.5945,317.1703,315.8824
2020-01-14 11:34:00,314.5881,317.105,315.8465
2020-01-14 11:35:00,314.6021,317.0198,315.8109
2020-01-14 11:36:00,314.6201,316.9335,315.7768
2020-01-14 11:37:00,314.6495,316.846,315.7478
2020-01-14 11:38:00,314.6716,316.7683,315.7199
2020-01-14 11:39:00,314.695,316.6984,315.6967
2020-01-14 11:40:00,314.7195,316.6315,315.6755
2020-01-14 11:41:00,314.7541,316.542,315.648
2020-01-14 11:42:00,314.7628,316.4781,315.6205
2020-01-14 11:43:00,314.758,316.4261,315.5921
2020-01-14 11:44:00,314.7469,316.3789,315.5629
2020-01-14 11:45:00,314.7541,316.3095,315.5318
2020-01-14 11:46:00,314.7736,316.233,315.5033
2020-01-14 11:47:00,314.7953,316.1726,315.484
2020-01-14 11:48:00,314.8087,316.1231,315.4659
2020-01-14 11:49:00,314.8164,316.09,315.4532
2020-01-14 11:50:00,314.8218,316.057,315.4394
2020-01-14 11:51:00,314.8224,316.0534,315.4379
2020-01-14 11:52:00,314.8237,316.0599,315.4418
2020-01-14 11:53:00,314.8272,316.0666,315.4469
2020-01-14 11:54:00,314.8447,316.0671,315.4559
2020-01-14 11:55:00,314.8577,316.0751,315.4664
2020-01-14 11:56:00,314.8615,316.0974,315.4795
2020-01-14 11:57:00,314.8896,316.1048,315.4972
2020-01-14 11:58:00,314.8847,316.1321,315.5084
2020-01-14 11:59:00,314.8673,316.1682,315.5177
2020-01-14 12:00:00,314.8319,316.2302,315.5311
2020-01-14 12:01:00,314.8217,316.2548,315.5382
2020-01-14 12:02:00,314.8084,316.2809,315.5446
2020-01-14 12:03:00,314.7911,316.3127,315.5519
2020-01-14 12:04:00,314.7785,316.342,315.5603
2020-01-14 12:05:00,314.7706,316.3599,315.5653
2020-01-14 12:06:00,314.7611,316.384,315.5726
2020-01-14 12:07:00,314.7633,316.3789,315.5711
2020-01-14 12:08:00,314.7638,316.377,315.5704
2020-01-14 12:09:00,314.7617,316.3827,315.5722
2020-01-14 12:10:00,314.7592,316.3915,315.5754
2020-01-14 12:11:00,314.7584,316.3997,315.579
2020-01-14 12:12:00,314.7574,316.4081,315.5828
2020-01-14 12:13:00,314.7567,316.4165,315.5866
2020-01-14 12:14:00,314.7582,316.4201,315.5891
2020-01-14 12:15:00,314.762,316.4256,315.5938
2020-01-14 12:16:00,314.7638,316.4268,315.5953
2020-01-14 12:17:00,314.7652,316.4272,315.5962
2020-01-14 12:18:00,314.7631,316.4258,315.5944
2020-01-14 12:19:00,314.7596,316.4233,315.5914
2020-01-14 12:20:00,314.7562,316.4207,315.5884
2020-01-14 12:21:00,314.7561,316.4207,315.5884
2020-01-14 12:22:00,314.7694,316.4194,315.5944
2020-01-14 12:23:00,314.7814,316.4204,315.6009
2020-01-14 12:24:00,314.7816,316.4206,315.6011
2020-01-14 12:25:00,314.7848,316.4227,315.6037
2020-01-14 12:26:00,314.786,316.4237,315.6049
2020-01-14 12:27:00,314.793,316.4234,315.6082
2020-01-14 12:28:00,314.7939,316.4233,315.6086
2020-01-14 12:29:00,314.7955,316.423,315.6092
2020-01-14 12:30:00,314.7938,316.4235,315.6086
2020-01-14 12:31:00,314.7991,316.4218,315.6104
2020-01-14 12:32:00,314.7986,316.4219,315.6103
2020-01-14 12:33:00,314.8042,316.4198,315.612
2020-01-14 12:34:00,314.8133,316.416,315.6147
2020-01-14 12:35:00,314.8074,316.4184,315.6129
2020-01-14 12:36:00,314.8026,316.4202,315.6114
2020-01-14 12:37:00,314.7933,316.4215,315.6074
2020-01-14 12:38:00,314.7937,316.4215,315.6076
2020-01-14 12:39:00,314.7911,316.4209,315.606
2020-01-14 12:40:00,314.7874,316.4197,315.6035
2020-01-14 12:41:00,314.7855,316.4199,315.6027
2020-01-14 12:42:00,314.7895,316.4183,315.6039
2020-01-14 12:43:00,314.7994,316.4134,315.6064
2020-01-14 12:44:00,314.8207,316.4025,315.6116
2020-01-14 12:45:00,314.8376,316.3935,315.6156
2020-01-14 12:46:00,314.8479,316.3885,315.6182
2020-01-14 12:47:00,314.8407,316.3911,315.6159
2020-01-14 12:48:00,314.8238,316.3988,315.6113
2020-01-14 12:49:00,314.807,316.405,315.606
2020-01-14 12:50:00,314.7797,316.4179,315.5988
2020-01-14 12:51:00,314.7377,316.4312,315.5845
2020-01-14 12:52:00,314.7053,316.4373,315.5713
2020-01-14 12:53:00,314.6722,316.4436,315.5579
2020-01-14 12:54:00,314.6417,316.4498,315.5458
2020-01-14 12:55:00,314.6077,316.4525,315.5301
2020-01-14 12:56:00,314.5782,316.4436,315.5109
2020-01-14 12:57:00,314.5464,316.4366,315.4915
2020-01-14 12:58:00,314.5105,316.4255,315.468
2020-01-14 12:59:00,314.4888,316.3965,315.4427
2020-01-14 13:00:00,314.4846,316.3401,315.4123
2020-01-14 13:01:00,314.4825,316.304,315.3933
2020-01-14 13:02:00,314.4928,316.2565,315.3747
2020-01-14 13:03:00,314.5161,316.1971,315.3566
2020-01-14 13:04:00,314.5344,316.1442,315.3393
2020-01-14 13:05:00,314.5483,316.0943,315.3213
2020-01-14 13:06:00,314.5649,316.0384,315.3016
2020-01-14 13:07:00,314.5734,316.0011,315.2872
2020-01-14 13:08:00,314.5834,315.9754,315.2794
2020-01-14 13:09:00,314.6023,315.9368,315.2695
2020-01-14 13:10:00,314.6208,315.8977,315.2592
2020-01-14 13:11:00,314.6354,315.8628,315.2491
2020-01-14 13:12:00,314.65,315.8219,315.2359
2020-01-14 13:13:00,314.6674,315.7801,315.2237
2020-01-14 13:14:00,314.6724,315.7529,315.2126
2020-01-14 13:15:00,314.6795,315.7225,315.201
2020-01-14 13:16:00,314.6826,315.7049,315.1937
2020-01-14 13:17:00,314.6845,315.699,315.1917
2020-01-14 13:18:00,314.6867,315.6898,315.1882
2020-01-14 13:19:00,314.6883,315.6828,315.1856
2020-01-14 13:20:00,314.6898,315.6735,315.1816
2020-01-14 13:21:00,314.6933,315.6613,315.1773
2020-01-14 13:22:00,314.6966,315.6487,315.1727
2020-01-14 13:23:00,314.7043,315.6282,315.1663
2020-01-14 13:24:00,314.712,315.6085,315.1602
2020-01-14 13:25:00,314.7217,315.5832,315.1525
2020-01-14 13:26:00,314.732,315.5588,315.1454
2020-01-14 13:27:00,314.7349,315.5526,315.1437
2020-01-14 13:28:00,314.7358,315.5502,315.143
2020-01-14 13:29:00,314.7274,315.5672,315.1473
2020-01-14 13:30:00,314.7226,315.5817,315.1522
2020-01-14 13:31:00,314.7077,315.6115,315.1596
2020-01-14 13:32:00,314.6903,315.6482,315.1692
2020-01-14 13:33:00,314.6724,315.6865,315.1794
2020-01-14 13:34:00,314.6623,315.7135,315.1879
2020-01-14 13:35:00,314.6498,315.7512,315.2005
2020-01-14 13:36:00,314.6433,315.778,315.2107
2020-01-14 13:37:00,314.6084,315.791,315.1997
2020-01-14 13:38:00,314.5706,315.7996,315.1851
2020-01-14 13:39:00,314.5533,315.7945,315.1739
2020-01-14 13:44:00,314.4356,315.8575,315.1466
2020-01-14 13:45:00,314.344,315.9018,315.1229
2020-01-14 13:46:00,314.2556,315.9459,315.1008
2020-01-14 13:47:00,314.1738,315.986,315.0799
2020-01-14 13:48:00,314.1234,316.002,315.0627
2020-01-14 13:49:00,314.053,316.0309,315.0419
2020-01-14 13:50:00,314.0238,316.0333,315.0286
2020-01-14 13:51:00,313.9956,316.0347,315.0151
2020-01-14 13:52:00,313.9488,316.0504,314.9996
2020-01-14 13:53:00,313.8716,316.0823,314.9769
2020-01-14 13:54:00,313.8061,316.1104,314.9583
2020-01-14 13:55:00,313.711,316.1582,314.9346
2020-01-14 13:56:00,313.5551,316.2438,314.8994
2020-01-14 13:57:00,313.4962,316.2623,314.8793
2020-01-14 13:58:00,313.4379,316.2793,314.8586
2020-01-14 13:59:00,313.3875,316.2923,314.8399
2020-01-14 14:00:00,313.3178,316.3147,314.8163
2020-01-14 14:01:00,313.2706,316.3251,314.7978
