date,OBV
2020-01-08 09:31:00,1639675.0
2020-01-08 09:32:00,1929643.0
2020-01-08 09:33:00,2203344.0
2020-01-08 09:34:00,2010618.0
2020-01-08 09:35:00,1906239.0
2020-01-08 09:36:00,2022435.0
2020-01-08 09:37:00,1883475.0
2020-01-08 09:38:00,2035647.0
2020-01-08 09:39:00,2193983.0
2020-01-08 09:40:00,2087459.0
2020-01-08 09:41:00,2191814.0
2020-01-08 09:42:00,2277613.0
2020-01-08 09:43:00,2367414.0
2020-01-08 09:44:00,2317534.0
2020-01-08 09:45:00,2418349.0
2020-01-08 09:46:00,2340867.0
2020-01-08 09:47:00,2180200.0
2020-01-08 09:48:00,2259251.0
2020-01-08 09:49:00,2198383.0
2020-01-08 09:50:00,2149446.0
2020-01-08 09:51:00,2196286.0
2020-01-08 09:52:00,2132278.0
2020-01-08 09:53:00,2205267.0
2020-01-08 09:54:00,2147525.0
2020-01-08 09:55:00,2222607.0
2020-01-08 09:56:00,2301916.0
2020-01-08 09:57:00,2301916.0
2020-01-08 09:58:00,2230055.0
2020-01-08 09:59:00,2230055.0
2020-01-08 10:00:00,2278382.0
2020-01-08 10:01:00,2336343.0
2020-01-08 10:02:00,2278071.0
2020-01-08 10:03:00,2335732.0
2020-01-08 10:04:00,2274787.0
2020-01-08 10:05:00,2220979.0
2020-01-08 10:06:00,2159632.0
2020-01-08 10:07:00,2209113.0
2020-01-08 10:08:00,2254900.0
2020-01-08 10:09:00,2300350.0
2020-01-08 10:10:00,2242882.0
2020-01-08 10:11:00,2153028.0
2020-01-08 10:12:00,2104594.0
2020-01-08 10:13:00,2165405.0
2020-01-08 10:14:00,2102458.0
2020-01-08 10:15:00,2149194.0
2020-01-08 10:16:00,2226117.0
2020-01-08 10:17:00,2145278.0
2020-01-08 10:18:00,2188774.0
2020-01-08 10:19:00,2156851.0
2020-01-08 10:20:00,2185737.0
2020-01-08 10:21:00,2146636.0
2020-01-08 10:22:00,1961179.0
2020-01-08 10:23:00,2013802.0
2020-01-08 10:24:00,2075269.0
2020-01-08 10:25:00,2037401.0
2020-01-08 10:26:00,1994600.0
2020-01-08 10:27:00,2033287.0
2020-01-08 10:28:00,2070569.0
2020-01-08 10:29:00,2102852.0
2020-01-08 10:30:00,2152893.0
2020-01-08 10:31:00,2119678.0
2020-01-08 10:32:00,2159543.0
2020-01-08 10:33:00,2228560.0
2020-01-08 10:34:00,2194167.0
2020-01-08 10:35:00,2151103.0
2020-01-08 10:36:00,2053262.0
2020-01-08 10:37:00,2119075.0
2020-01-08 10:38:00,2075145.0
2020-01-08 10:39:00,2028736.0
2020-01-08 10:40:00,2073287.0
2020-01-08 10:41:00,2111528.0
2020-01-08 10:42:00,2036633.0
2020-01-08 10:43:00,2069099.0
2020-01-08 10:44:00,2024675.0
2020-01-08 10:45:00,1949122.0
2020-01-08 10:46:00,2012940.0
2020-01-08 10:47:00,2012940.0
2020-01-08 10:48:00,2016639.0
2020-01-08 10:49:00,1847386.0
2020-01-08 10:50:00,1931434.0
2020-01-08 10:51:00,1883835.0
2020-01-08 10:52:00,1923210.0
2020-01-08 10:53:00,1972449.0
2020-01-08 10:54:00,2007890.0
2020-01-08 10:55:00,1965714.0
2020-01-08 10:56:00,1903081.0
2020-01-08 10:57:00,1865398.0
2020-01-08 10:58:00,1895027.0
2020-01-08 10:59:00,1940178.0
2020-01-08 11:00:00,1888222.0
2020-01-08 11:01:00,1936070.0
2020-01-08 11:02:00,1876614.0
2020-01-08 11:03:00,1938722.0
2020-01-08 11:04:00,2000787.0
2020-01-08 11:05:00,2033468.0
2020-01-08 11:06:00,2078735.0
2020-01-08 11:07:00,2110783.0
2020-01-08 11:08:00,2201645.0
2020-01-08 11:09:00,2280371.0
2020-01-08 11:10:00,2333019.0
2020-01-08 11:11:00,2269226.0
2020-01-08 11:12:00,2277523.0
2020-01-08 11:13:00,2228844.0
2020-01-08 11:14:00,2231955.0
2020-01-08 11:17:00,2393578.0
2020-01-08 11:18:00,2420436.0
2020-01-08 11:19:00,2464994.0
2020-01-08 11:21:00,2375422.0
2020-01-08 11:22:00,2334673.0
2020-01-08 11:23:00,2293570.0
2020-01-08 11:24:00,2306537.0
2020-01-08 11:25:00,2333715.0
2020-01-08 11:26:00,2311705.0
2020-01-08 11:27:00,2334557.0
2020-01-08 11:28:00,2288331.0
2020-01-08 11:29:00,2451936.0
2020-01-08 11:30:00,2750245.0
2020-01-08 11:31:00,2876280.0
2020-01-08 11:32:00,2776062.0
2020-01-08 11:33:00,2677243.0
2020-01-08 11:34:00,2745247.0
2020-01-08 11:35:00,2645965.0
2020-01-08 11:36:00,2712083.0
2020-01-08 11:37:00,2819778.0
2020-01-08 11:38:00,2928896.0
2020-01-08 11:41:00,3409295.0
2020-01-08 11:42:00,3651887.0
2020-01-08 11:43:00,3811874.0
2020-01-08 11:44:00,3701100.0
2020-01-08 11:45:00,3628731.0
2020-01-08 11:46:00,3499477.0
2020-01-08 11:47:00,3370064.0
2020-01-08 11:48:00,3513615.0
2020-01-08 11:49:00,3609273.0
2020-01-08 11:50:00,3693918.0
2020-01-08 11:51:00,3755679.0
2020-01-08 11:52:00,3856945.0
2020-01-08 11:53:00,3737370.0
2020-01-08 11:54:00,3737370.0
2020-01-08 11:55:00,3819928.0
2020-01-08 11:56:00,3757866.0
2020-01-08 11:57:00,3665403.0
2020-01-08 11:58:00,3731636.0
2020-01-08 11:59:00,3812391.0
2020-01-08 12:00:00,3874103.0
2020-01-08 12:01:00,4079247.0
2020-01-08 12:02:00,4226874.0
2020-01-08 12:03:00,4292158.0
2020-01-08 12:04:00,4352568.0
2020-01-08 12:05:00,4419663.0
2020-01-08 12:06:00,4534213.0
2020-01-08 12:07:00,4457951.0
2020-01-08 12:08:00,4522182.0
2020-01-08 12:09:00,4708359.0
2020-01-08 12:10:00,4561996.0
2020-01-08 12:11:00,4663236.0
2020-01-08 12:12:00,4560480.0
2020-01-08 12:13:00,4491156.0
2020-01-08 12:14:00,4549048.0
2020-01-08 12:15:00,4601703.0
2020-01-08 12:16:00,4692320.0
2020-01-08 12:17:00,4628948.0
2020-01-08 12:18:00,4706840.0
2020-01-08 12:19:00,4771132.0
2020-01-08 12:20:00,4892842.0
2020-01-08 12:21:00,4974660.0
2020-01-08 12:22:00,5054113.0
2020-01-08 12:23:00,5249043.0
2020-01-08 12:24:00,5408422.0
2020-01-08 12:25:00,5279073.0
2020-01-08 12:26:00,5368723.0
2020-01-08 12:27:00,5445631.0
2020-01-08 12:28:00,5582772.0
2020-01-08 12:29:00,5665811.0
2020-01-08 12:30:00,5772089.0
2020-01-08 12:31:00,5921264.0
2020-01-08 12:32:00,6086745.0
2020-01-08 12:33:00,6216690.0
2020-01-08 12:34:00,6012639.0
2020-01-08 12:35:00,5887239.0
2020-01-08 12:36:00,5729127.0
2020-01-08 12:37:00,5572598.0
2020-01-08 12:38:00,5451683.0
2020-01-08 12:39:00,5317466.0
2020-01-08 12:40:00,5388071.0
2020-01-08 12:41:00,5312783.0
2020-01-08 12:42:00,5416558.0
2020-01-08 12:43:00,5537723.0
2020-01-08 12:44:00,5405631.0
2020-01-08 12:45:00,5455246.0
2020-01-08 12:46:00,5560443.0
2020-01-08 12:47:00,5627101.0
2020-01-08 12:48:00,5746017.0
2020-01-08 12:49:00,5827442.0
2020-01-08 12:50:00,5781247.0
2020-01-08 12:51:00,5843250.0
2020-01-08 12:52:00,5887747.0
2020-01-08 12:53:00,5937240.0
2020-01-08 12:54:00,5900551.0
2020-01-08 12:55:00,5946723.0
2020-01-08 12:56:00,5889611.0
2020-01-08 12:57:00,5934780.0
2020-01-08 12:58:00,5971547.0
2020-01-08 12:59:00,6063082.0
2020-01-08 13:00:00,6008155.0
2020-01-08 13:01:00,6047750.0
2020-01-08 13:02:00,6009932.0
2020-01-08 13:03:00,5946492.0
2020-01-08 13:04:00,5920048.0
2020-01-08 13:05:00,5969610.0
2020-01-08 13:06:00,5998787.0
2020-01-08 13:07:00,6042401.0
2020-01-08 13:08:00,5972830.0
2020-01-08 13:09:00,6027943.0
2020-01-08 13:10:00,5982903.0
2020-01-08 13:11:00,5930811.0
2020-01-08 13:12:00,5912221.0
2020-01-08 13:13:00,5941413.0
2020-01-08 13:14:00,5992945.0
2020-01-08 13:15:00,6164458.0
2020-01-08 13:16:00,6105825.0
2020-01-08 13:17:00,6022015.0
2020-01-08 13:18:00,5981630.0
2020-01-08 13:19:00,5930937.0
2020-01-08 13:20:00,5975832.0
2020-01-08 13:21:00,5931719.0
2020-01-08 13:22:00,5885374.0
2020-01-08 13:23:00,5923001.0
2020-01-08 13:24:00,5885659.0
2020-01-08 13:25:00,5849557.0
2020-01-08 13:26:00,5898303.0
2020-01-08 13:27:00,5959733.0
2020-01-08 13:28:00,5984913.0
2020-01-08 13:29:00,5946711.0
2020-01-08 13:30:00,5911490.0
2020-01-08 13:31:00,5965545.0
2020-01-08 13:32:00,6002543.0
2020-01-08 13:33:00,6065289.0
2020-01-08 13:34:00,6182084.0
2020-01-08 13:35:00,6118144.0
2020-01-08 13:36:00,6171004.0
2020-01-08 13:37:00,6224626.0
2020-01-08 13:38:00,6265555.0
2020-01-08 13:39:00,6239563.0
2020-01-08 13:40:00,6306841.0
2020-01-08 13:41:00,6278105.0
2020-01-08 13:42:00,6311483.0
2020-01-08 13:43:00,6352514.0
2020-01-08 13:44:00,6378649.0
2020-01-08 13:45:00,6339344.0
2020-01-08 13:46:00,6267372.0
2020-01-08 13:47:00,6291798.0
2020-01-08 13:48:00,6262221.0
2020-01-08 13:49:00,6228947.0
2020-01-08 13:50:00,6179726.0
2020-01-08 13:51:00,6213025.0
2020-01-08 13:52:00,6244943.0
2020-01-08 13:53:00,6218061.0
2020-01-08 13:54:00,6184745.0
2020-01-08 13:55:00,6214349.0
2020-01-08 13:56:00,6248228.0
2020-01-08 13:57:00,6227469.0
2020-01-08 13:58:00,6181303.0
2020-01-08 13:59:00,6134531.0
2020-01-08 14:00:00,6182700.0
2020-01-08 14:01:00,6128882.0
2020-01-08 14:02:00,6100628.0
2020-01-08 14:03:00,6127217.0
2020-01-08 14:04:00,6176808.0
2020-01-08 14:05:00,6149719.0
2020-01-08 14:06:00,6188297.0
2020-01-08 14:07:00,6217339.0
2020-01-08 14:08:00,6251124.0
2020-01-08 14:09:00,6283109.0
2020-01-08 14:10:00,6256278.0
2020-01-08 14:11:00,6231212.0
2020-01-08 14:12:00,6251903.0
2020-01-08 14:13:00,6286696.0
2020-01-08 14:14:00,6244361.0
2020-01-08 14:15:00,6228113.0
2020-01-08 14:16:00,6254674.0
2020-01-08 14:17:00,6296562.0
2020-01-08 14:18:00,6252882.0
2020-01-08 14:19:00,6232295.0
2020-01-08 14:20:00,6202087.0
2020-01-08 14:21:00,6229478.0
2020-01-08 14:22:00,6249019.0
2020-01-08 14:23:00,6277278.0
2020-01-08 14:24:00,6254167.0
2020-01-08 14:25:00,6274250.0
2020-01-08 14:26:00,6297101.0
2020-01-08 14:27:00,6320948.0
2020-01-08 14:28:00,6291102.0
2020-01-08 14:29:00,6265776.0
2020-01-08 14:30:00,6219002.0
2020-01-08 14:31:00,6190611.0
2020-01-08 14:32:00,6217053.0
2020-01-08 14:33:00,6240058.0
2020-01-08 14:34:00,6267137.0
2020-01-08 14:35:00,6239526.0
2020-01-08 14:36:00,6277897.0
2020-01-08 14:37:00,6230826.0
2020-01-08 14:38:00,6199213.0
2020-01-08 14:39:00,6165830.0
2020-01-08 14:40:00,6137106.0
2020-01-08 14:41:00,6161098.0
2020-01-08 14:42:00,6214474.0
2020-01-08 14:43:00,6169270.0
2020-01-08 14:44:00,6195242.0
2020-01-08 14:45:00,6168870.0
2020-01-08 14:46:00,6140750.0
2020-01-08 14:47:00,6105059.0
2020-01-08 14:48:00,6133213.0
2020-01-08 14:49:00,6109631.0
2020-01-08 14:50:00,6165752.0
2020-01-08 14:51:00,6200274.0
2020-01-08 14:52:00,6175718.0
2020-01-08 14:53:00,6199708.0
2020-01-08 14:54:00,6271657.0
2020-01-08 14:55:00,6242755.0
2020-01-08 14:56:00,6294036.0
2020-01-08 14:57:00,6339010.0
2020-01-08 14:58:00,6370516.0
2020-01-08 14:59:00,6420944.0
2020-01-08 15:00:00,6455733.0
2020-01-08 15:01:00,6552632.0
2020-01-08 15:02:00,6696073.0
2020-01-08 15:03:00,6754900.0
2020-01-08 15:04:00,6796184.0
2020-01-08 15:05:00,6885931.0
2020-01-08 15:06:00,6971161.0
2020-01-08 15:07:00,7052191.0
2020-01-08 15:08:00,7149629.0
2020-01-08 15:09:00,7242058.0
2020-01-08 15:10:00,7144734.0
2020-01-08 15:11:00,7208928.0
2020-01-08 15:12:00,7162757.0
2020-01-08 15:13:00,7216377.0
2020-01-08 15:14:00,7360901.0
2020-01-08 15:15:00,7263648.0
2020-01-08 15:16:00,7164472.0
2020-01-08 15:17:00,7095738.0
2020-01-08 15:18:00,7148510.0
2020-01-08 15:19:00,7200137.0
2020-01-08 15:20:00,7262946.0
2020-01-08 15:21:00,7210261.0
2020-01-08 15:22:00,7263924.0
2020-01-08 15:23:00,7413503.0
2020-01-08 15:24:00,7483721.0
2020-01-08 15:25:00,7586878.0
2020-01-08 15:26:00,7667164.0
2020-01-08 15:27:00,7607394.0
2020-01-08 15:28:00,7669682.0
2020-01-08 15:29:00,7715159.0
2020-01-08 15:30:00,7670837.0
2020-01-08 15:31:00,7583036.0
2020-01-08 15:32:00,7648081.0
2020-01-08 15:33:00,7714720.0
2020-01-08 15:34:00,7663931.0
2020-01-08 15:35:00,7712185.0
2020-01-08 15:36:00,7666269.0
2020-01-08 15:37:00,7721743.0
2020-01-08 15:38:00,7816034.0
2020-01-08 15:39:00,7925593.0
2020-01-08 15:40:00,8045198.0
2020-01-08 15:41:00,8143404.0
2020-01-08 15:42:00,7991454.0
2020-01-08 15:43:00,7921648.0
2020-01-08 15:44:00,7837716.0
2020-01-08 15:45:00,7731402.0
2020-01-08 15:46:00,7607546.0
2020-01-08 15:47:00,7415639.0
2020-01-08 15:48:00,7644312.0
2020-01-08 15:49:00,7489449.0
2020-01-08 15:50:00,7254414.0
2020-01-08 15:51:00,7254414.0
2020-01-08 15:52:00,7111615.0
2020-01-08 15:53:00,7297123.0
2020-01-08 15:54:00,7133532.0
2020-01-08 15:55:00,7344623.0
2020-01-08 15:56:00,7560389.0
2020-01-08 15:57:00,7391873.0
2020-01-08 15:58:00,7539453.0
2020-01-08 15:59:00,7779365.0
2020-01-08 16:00:00,8159537.0
2020-01-09 09:31:00,10111085.0
2020-01-09 09:32:00,10468926.0
2020-01-09 09:33:00,10718835.0
2020-01-09 09:34:00,11060392.0
2020-01-09 09:35:00,10731954.0
2020-01-09 09:36:00,10478929.0
2020-01-09 09:37:00,10208165.0
2020-01-09 09:38:00,10519301.0
2020-01-09 09:39:00,10818054.0
2020-01-09 09:40:00,11032893.0
2020-01-09 09:41:00,10788772.0
2020-01-09 09:42:00,10568546.0
2020-01-09 09:43:00,10810280.0
2020-01-09 09:44:00,11033696.0
2020-01-09 09:45:00,11287394.0
2020-01-09 09:46:00,11521185.0
2020-01-09 09:47:00,11286280.0
2020-01-09 09:48:00,10998068.0
2020-01-09 09:49:00,11193745.0
2020-01-09 09:50:00,10908285.0
2020-01-09 09:51:00,11142839.0
2020-01-09 09:52:00,11263805.0
2020-01-09 09:53:00,11511568.0
2020-01-09 09:54:00,11385065.0
2020-01-09 09:55:00,11541260.0
2020-01-09 09:56:00,11418707.0
2020-01-09 09:57:00,11330133.0
2020-01-09 09:58:00,11181857.0
2020-01-09 09:59:00,11303848.0
2020-01-09 10:00:00,11428542.0
2020-01-09 10:01:00,11237318.0
2020-01-09 10:02:00,11057153.0
2020-01-09 10:03:00,11211028.0
2020-01-09 10:04:00,11347736.0
2020-01-09 10:05:00,11442414.0
2020-01-09 10:06:00,11541470.0
2020-01-09 10:07:00,11430389.0
2020-01-09 10:08:00,11369411.0
2020-01-09 10:09:00,11308946.0
2020-01-09 10:10:00,11212524.0
2020-01-09 10:11:00,11310103.0
2020-01-09 10:12:00,11195520.0
2020-01-09 10:13:00,11303072.0
2020-01-09 10:14:00,11439393.0
2020-01-09 10:15:00,11342410.0
2020-01-09 10:16:00,11226093.0
2020-01-09 10:17:00,11326763.0
2020-01-09 10:18:00,11214804.0
2020-01-09 10:19:00,11413334.0
2020-01-09 10:20:00,11498708.0
2020-01-09 10:21:00,11404366.0
2020-01-09 10:22:00,11320849.0
2020-01-09 10:23:00,11250443.0
2020-01-09 10:24:00,11163265.0
2020-01-09 10:25:00,11229497.0
2020-01-09 10:26:00,11136707.0
2020-01-09 10:27:00,11029684.0
2020-01-09 10:28:00,11076088.0
2020-01-09 10:29:00,11143577.0
2020-01-09 10:30:00,11096201.0
2020-01-09 10:31:00,11151608.0
2020-01-09 10:32:00,11207205.0
2020-01-09 10:33:00,11159253.0
2020-01-09 10:34:00,11209546.0
2020-01-09 10:35:00,11264295.0
2020-01-09 10:36:00,11151492.0
2020-01-09 10:37:00,11027594.0
2020-01-09 10:38:00,11087957.0
2020-01-09 10:39:00,11161654.0
2020-01-09 10:40:00,11305643.0
2020-01-09 10:41:00,11364073.0
2020-01-09 10:42:00,11558292.0
2020-01-09 10:43:00,11640056.0
2020-01-09 10:44:00,11556288.0
2020-01-09 10:45:00,11615475.0
2020-01-09 10:46:00,11554492.0
2020-01-09 10:47:00,11604738.0
2020-01-09 10:48:00,11571225.0
2020-01-09 10:49:00,11646844.0
2020-01-09 10:50:00,11840324.0
2020-01-09 10:51:00,11689957.0
2020-01-09 10:52:00,11689957.0
2020-01-09 10:53:00,11769372.0
2020-01-09 10:54:00,11871717.0
2020-01-09 10:55:00,11787716.0
2020-01-09 10:56:00,11885896.0
2020-01-09 10:57:00,11998002.0
2020-01-09 10:58:00,12094993.0
2020-01-09 10:59:00,12143440.0
2020-01-09 11:00:00,12008398.0
2020-01-09 11:02:00,11684877.0
2020-01-09 11:03:00,11737369.0
2020-01-09 11:04:00,11664536.0
2020-01-09 11:05:00,11598094.0
2020-01-09 11:06:00,11677765.0
2020-01-09 11:07:00,11715966.0
2020-01-09 11:08:00,11666599.0
2020-01-09 11:09:00,11732354.0
2020-01-09 11:10:00,11788045.0
2020-01-09 11:11:00,11739014.0
2020-01-09 11:12:00,11770703.0
2020-01-09 11:13:00,11892154.0
2020-01-09 11:14:00,11982911.0
2020-01-09 11:15:00,12083590.0
2020-01-09 11:16:00,11997459.0
2020-01-09 11:17:00,12122911.0
2020-01-09 11:18:00,12064702.0
2020-01-09 11:19:00,12177912.0
2020-01-09 11:20:00,12295034.0
2020-01-09 11:21:00,12411347.0
2020-01-09 11:22:00,12249181.0
2020-01-09 11:23:00,11957548.0
2020-01-09 11:24:00,11662083.0
2020-01-09 11:25:00,11553743.0
2020-01-09 11:26:00,11539779.0
2020-01-09 11:27:00,11719251.0
2020-01-09 11:28:00,11751315.0
2020-01-09 11:29:00,11915190.0
2020-01-09 11:30:00,11996911.0
2020-01-09 11:31:00,12174307.0
2020-01-09 11:32:00,11978919.0
2020-01-09 11:33:00,12033346.0
2020-01-09 11:34:00,11958906.0
2020-01-09 11:35:00,11869184.0
2020-01-09 11:36:00,11908896.0
2020-01-09 11:37:00,12018818.0
2020-01-09 11:38:00,11954193.0
2020-01-09 11:39:00,11999562.0
2020-01-09 11:40:00,11932904.0
2020-01-09 11:41:00,11849489.0
2020-01-09 11:42:00,11924690.0
2020-01-09 11:43:00,11976878.0
2020-01-09 11:44:00,12039882.0
2020-01-09 11:45:00,11987770.0
2020-01-09 11:46:00,11922044.0
2020-01-09 11:47:00,11955841.0
2020-01-09 11:48:00,12013615.0
2020-01-09 11:49:00,12166201.0
2020-01-09 11:50:00,12309727.0
2020-01-09 11:51:00,12127437.0
2020-01-09 11:52:00,12040154.0
2020-01-09 11:53:00,12141846.0
2020-01-09 11:54:00,12044229.0
2020-01-09 11:55:00,11899548.0
2020-01-09 11:56:00,11998841.0
2020-01-09 11:57:00,11907428.0
2020-01-09 11:58:00,12009029.0
2020-01-09 11:59:00,12088278.0
2020-01-09 12:00:00,12014062.0
2020-01-09 12:01:00,12058048.0
2020-01-09 12:02:00,11977231.0
2020-01-09 12:03:00,11900323.0
2020-01-09 12:04:00,11827620.0
2020-01-09 12:05:00,11871370.0
2020-01-09 12:06:00,11926937.0
2020-01-09 12:07:00,11886311.0
2020-01-09 12:08:00,11849027.0
2020-01-09 12:09:00,11792929.0
2020-01-09 12:10:00,11681732.0
2020-01-09 12:11:00,11564941.0
2020-01-09 12:12:00,11503529.0
2020-01-09 12:13:00,11416288.0
2020-01-09 12:14:00,11305575.0
2020-01-09 12:15:00,11520804.0
2020-01-09 12:16:00,11456983.0
2020-01-09 12:17:00,11369928.0
2020-01-09 12:18:00,11435349.0
2020-01-09 12:19:00,11353024.0
2020-01-09 12:20:00,11274561.0
2020-01-09 12:21:00,11162223.0
2020-01-09 12:22:00,11000634.0
2020-01-09 12:23:00,10827008.0
2020-01-09 12:24:00,10671743.0
2020-01-09 12:25:00,10830542.0
2020-01-09 12:26:00,10676371.0
2020-01-09 12:27:00,10476005.0
2020-01-09 12:28:00,10310926.0
2020-01-09 12:29:00,10468602.0
2020-01-09 12:30:00,10337905.0
2020-01-09 12:31:00,10245411.0
2020-01-09 12:32:00,10123167.0
2020-01-09 12:33:00,10193182.0
2020-01-09 12:34:00,9951247.0
2020-01-09 12:35:00,9703065.0
2020-01-09 12:36:00,9861012.0
2020-01-09 12:37:00,10009190.0
2020-01-09 12:38:00,10209981.0
2020-01-09 12:39:00,10091981.0
2020-01-09 12:40:00,10190232.0
2020-01-09 12:41:00,10034524.0
2020-01-09 12:42:00,10148920.0
2020-01-09 12:43:00,10086218.0
2020-01-09 12:44:00,9944211.0
2020-01-09 12:45:00,9791802.0
2020-01-09 12:46:00,9952425.0
2020-01-09 12:47:00,10069939.0
2020-01-09 12:48:00,10214944.0
2020-01-09 12:49:00,10360887.0
2020-01-09 12:50:00,10465131.0
2020-01-09 12:51:00,10539999.0
2020-01-09 12:52:00,10445535.0
2020-01-09 12:53:00,10349634.0
2020-01-09 12:54:00,10399523.0
2020-01-09 12:55:00,10359215.0
2020-01-09 12:56:00,10426671.0
2020-01-09 12:57:00,10489065.0
2020-01-09 12:58:00,10527805.0
2020-01-09 12:59:00,10619559.0
2020-01-09 13:00:00,10775519.0
2020-01-09 13:01:00,10661222.0
2020-01-09 13:02:00,10733526.0
2020-01-09 13:03:00,10905780.0
2020-01-09 13:04:00,11034440.0
2020-01-09 13:05:00,11183887.0
2020-01-09 13:06:00,11112611.0
2020-01-09 13:07:00,11214878.0
2020-01-09 13:08:00,11111037.0
2020-01-09 13:09:00,11036190.0
2020-01-09 13:10:00,10880413.0
2020-01-09 13:11:00,10757478.0
2020-01-09 13:12:00,10816758.0
2020-01-09 13:13:00,10904084.0
2020-01-09 13:14:00,11066496.0
2020-01-09 13:15:00,11246509.0
2020-01-09 13:16:00,11142824.0
2020-01-09 13:17:00,11183573.0
2020-01-09 13:18:00,11300070.0
2020-01-09 13:19:00,11194167.0
2020-01-09 13:20:00,11044567.0
2020-01-09 13:21:00,10924076.0
2020-01-09 13:22:00,10876087.0
2020-01-09 13:23:00,10968960.0
2020-01-09 13:24:00,11042188.0
2020-01-09 13:25:00,10980997.0
2020-01-09 13:26:00,11022293.0
2020-01-09 13:27:00,10960599.0
2020-01-09 13:28:00,11059421.0
2020-01-09 13:29:00,10997549.0
2020-01-09 13:30:00,11080920.0
2020-01-09 13:31:00,10995295.0
2020-01-09 13:32:00,11053686.0
2020-01-09 13:33:00,11149322.0
2020-01-09 13:34:00,11095954.0
2020-01-09 13:35:00,11153625.0
2020-01-09 13:36:00,11102179.0
2020-01-09 13:37:00,11033886.0
2020-01-09 13:38:00,11077714.0
2020-01-09 13:39:00,11106848.0
2020-01-09 13:40:00,11168995.0
2020-01-09 13:41:00,11201092.0
2020-01-09 13:42:00,11168731.0
2020-01-09 13:43:00,11257803.0
2020-01-09 13:44:00,11320270.0
2020-01-09 13:45:00,11387626.0
2020-01-09 13:46:00,11439362.0
2020-01-09 13:47:00,11475466.0
2020-01-09 13:48:00,11393890.0
2020-01-09 13:49:00,11439294.0
2020-01-09 13:50:00,11388888.0
2020-01-09 13:51:00,11428055.0
2020-01-09 13:52:00,11328218.0
2020-01-09 13:53:00,11275614.0
2020-01-09 13:54:00,11190968.0
2020-01-09 13:55:00,11138694.0
2020-01-09 13:56:00,11182909.0
2020-01-09 13:57:00,11231414.0
2020-01-09 13:58:00,11183876.0
2020-01-09 13:59:00,11128479.0
2020-01-09 14:00:00,11083082.0
2020-01-09 14:01:00,11149548.0
2020-01-09 14:02:00,11210449.0
2020-01-09 14:03:00,11170519.0
2020-01-09 14:04:00,11202211.0
2020-01-09 14:05:00,11171123.0
2020-01-09 14:06:00,11147799.0
2020-01-09 14:07:00,11076581.0
2020-01-09 14:08:00,11137066.0
2020-01-09 14:09:00,11179834.0
2020-01-09 14:10:00,11144809.0
2020-01-09 14:11:00,11119670.0
2020-01-09 14:12:00,11146392.0
2020-01-09 14:13:00,11099414.0
2020-01-09 14:14:00,11143446.0
2020-01-09 14:15:00,11103101.0
2020-01-09 14:16:00,11183033.0
2020-01-09 14:17:00,11241258.0
2020-01-09 14:18:00,11298770.0
2020-01-09 14:19:00,11242707.0
2020-01-09 14:20:00,11271597.0
2020-01-09 14:21:00,11339868.0
2020-01-09 14:22:00,11393822.0
2020-01-09 14:23:00,11352967.0
2020-01-09 14:24:00,11398178.0
2020-01-09 14:25:00,11365516.0
2020-01-09 14:26:00,11297803.0
2020-01-09 14:27:00,11235240.0
2020-01-09 14:28:00,11235240.0
2020-01-09 14:29:00,11271582.0
2020-01-09 14:30:00,11251902.0
2020-01-09 14:31:00,11316844.0
2020-01-09 14:32:00,11364374.0
2020-01-09 14:33:00,11317713.0
2020-01-09 14:34:00,11350845.0
2020-01-09 14:35:00,11294342.0
2020-01-09 14:36:00,11242395.0
2020-01-09 14:37:00,11285855.0
2020-01-09 14:38:00,11355218.0
2020-01-09 14:39:00,11411592.0
2020-01-09 14:40:00,11296979.0
2020-01-09 14:41:00,11234805.0
2020-01-09 14:42:00,11193070.0
2020-01-09 14:43:00,11230376.0
2020-01-09 14:44:00,11188632.0
2020-01-09 14:45:00,11143000.0
2020-01-09 14:46:00,11102821.0
2020-01-09 14:47:00,11066318.0
2020-01-09 14:48:00,11030822.0
2020-01-09 14:49:00,10976837.0
2020-01-09 14:50:00,11022627.0
2020-01-09 14:51:00,10996853.0
2020-01-09 14:52:00,10967061.0
2020-01-09 14:53:00,10932683.0
2020-01-09 14:54:00,10964460.0
2020-01-09 14:55:00,10988803.0
2020-01-09 14:56:00,11038980.0
2020-01-09 14:57:00,11080657.0
2020-01-09 14:58:00,11064937.0
2020-01-09 14:59:00,11085579.0
2020-01-09 15:00:00,11054980.0
2020-01-09 15:01:00,11020067.0
2020-01-09 15:02:00,11055741.0
2020-01-09 15:03:00,11017060.0
2020-01-09 15:04:00,10998345.0
2020-01-09 15:05:00,10938812.0
2020-01-09 15:06:00,10887561.0
2020-01-09 15:07:00,10992872.0
2020-01-09 15:08:00,11029063.0
2020-01-09 15:09:00,10984542.0
2020-01-09 15:10:00,10923575.0
2020-01-09 15:11:00,10841841.0
2020-01-09 15:12:00,10664798.0
2020-01-09 15:13:00,10715804.0
2020-01-09 15:14:00,10824438.0
2020-01-09 15:15:00,10871695.0
2020-01-09 15:16:00,10825402.0
2020-01-09 15:17:00,10852274.0
2020-01-09 15:18:00,10930408.0
2020-01-09 15:19:00,10887029.0
2020-01-09 15:20:00,10843503.0
2020-01-09 15:21:00,10770891.0
2020-01-09 15:22:00,10681065.0
2020-01-09 15:23:00,10720030.0
2020-01-09 15:24:00,10665096.0
2020-01-09 15:25:00,10703690.0
2020-01-09 15:26:00,10756056.0
2020-01-09 15:27:00,10717099.0
2020-01-09 15:28:00,10755301.0
2020-01-09 15:29:00,10822972.0
2020-01-09 15:30:00,10934161.0
2020-01-09 15:31:00,11011793.0
2020-01-09 15:32:00,11109525.0
2020-01-09 15:33:00,11197752.0
2020-01-09 15:34:00,11118050.0
2020-01-09 15:35:00,11034979.0
2020-01-09 15:36:00,10892721.0
2020-01-09 15:37:00,10820440.0
2020-01-09 15:38:00,10885165.0
2020-01-09 15:39:00,10941465.0
2020-01-09 15:40:00,10896903.0
2020-01-09 15:41:00,10964443.0
2020-01-09 15:42:00,10903468.0
2020-01-09 15:43:00,10999346.0
2020-01-09 15:44:00,11052284.0
2020-01-09 15:45:00,11151599.0
2020-01-09 15:46:00,11082193.0
2020-01-09 15:47:00,11022363.0
2020-01-09 15:48:00,10945417.0
2020-01-09 15:49:00,10872953.0
2020-01-09 15:50:00,10806672.0
2020-01-09 15:51:00,10930688.0
2020-01-09 15:52:00,11033584.0
2020-01-09 15:53:00,10937382.0
2020-01-09 15:54:00,11105474.0
2020-01-09 15:55:00,11289501.0
2020-01-09 15:56:00,11472925.0
2020-01-09 15:57:00,11619882.0
2020-01-09 15:58:00,11471286.0
2020-01-09 15:59:00,11658760.0
2020-01-09 16:00:00,12061517.0
2020-01-10 09:31:00,13730850.0
2020-01-10 09:32:00,14131971.0
2020-01-10 09:33:00,13855516.0
2020-01-10 09:34:00,13606717.0
2020-01-10 09:35:00,13205702.0
2020-01-10 09:36:00,13489461.0
2020-01-10 09:37:00,13327477.0
2020-01-10 09:38:00,13132338.0
2020-01-10 09:39:00,12944686.0
2020-01-10 09:40:00,13156424.0
2020-01-10 09:41:00,13352360.0
2020-01-10 09:42:00,13186821.0
2020-01-10 09:43:00,13092272.0
2020-01-10 09:44:00,13355269.0
2020-01-10 09:45:00,13554238.0
2020-01-10 09:46:00,13361920.0
2020-01-10 09:47:00,13261251.0
2020-01-10 09:48:00,13363126.0
2020-01-10 09:49:00,13239586.0
2020-01-10 09:50:00,13374490.0
2020-01-10 09:51:00,13280605.0
2020-01-10 09:52:00,13378398.0
2020-01-10 09:53:00,13519343.0
2020-01-10 09:54:00,13661424.0
2020-01-10 09:55:00,13538578.0
2020-01-10 09:56:00,13636492.0
2020-01-10 09:57:00,13555531.0
2020-01-10 09:58:00,13890822.0
2020-01-10 09:59:00,14065198.0
2020-01-10 10:00:00,14266274.0
2020-01-10 10:01:00,14107623.0
2020-01-10 10:02:00,13956014.0
2020-01-10 10:03:00,14072385.0
2020-01-10 10:04:00,14243830.0
2020-01-10 10:05:00,14388430.0
2020-01-10 10:06:00,14617062.0
2020-01-10 10:07:00,14468682.0
2020-01-10 10:08:00,14283832.0
2020-01-10 10:09:00,14176162.0
2020-01-10 10:10:00,14048521.0
2020-01-10 10:11:00,13883967.0
2020-01-10 10:12:00,13741333.0
2020-01-10 10:13:00,13863894.0
2020-01-10 10:14:00,13711640.0
2020-01-10 10:15:00,13785064.0
2020-01-10 10:16:00,13899234.0
2020-01-10 10:17:00,14053862.0
2020-01-10 10:18:00,14167123.0
2020-01-10 10:19:00,14065385.0
2020-01-10 10:20:00,14204052.0
2020-01-10 10:21:00,14146090.0
2020-01-10 10:22:00,14071683.0
2020-01-10 10:23:00,13890421.0
2020-01-10 10:24:00,13983128.0
2020-01-10 10:25:00,13910220.0
2020-01-10 10:26:00,14018163.0
2020-01-10 10:27:00,13918599.0
2020-01-10 10:28:00,13981854.0
2020-01-10 10:29:00,14068662.0
2020-01-10 10:30:00,14204165.0
2020-01-10 10:31:00,14024193.0
2020-01-10 10:32:00,14070678.0
2020-01-10 10:33:00,13992947.0
2020-01-10 10:34:00,13920696.0
2020-01-10 10:35:00,13998977.0
2020-01-10 10:36:00,13946829.0
2020-01-10 10:37:00,13989687.0
2020-01-10 10:38:00,13940288.0
2020-01-10 10:39:00,13820764.0
2020-01-10 10:40:00,13756859.0
2020-01-10 10:41:00,13631302.0
2020-01-10 10:42:00,13684209.0
2020-01-10 10:43:00,13625019.0
2020-01-10 10:44:00,13670651.0
2020-01-10 10:45:00,13616288.0
2020-01-10 10:46:00,13550304.0
2020-01-10 10:47:00,13583735.0
2020-01-10 10:48:00,13551176.0
2020-01-10 10:49:00,13505512.0
2020-01-10 10:50:00,13413012.0
2020-01-10 10:51:00,13285246.0
2020-01-10 10:52:00,13371456.0
2020-01-10 10:53:00,13448061.0
2020-01-10 10:54:00,13431676.0
2020-01-10 10:57:00,13238700.0
2020-01-10 10:58:00,13193457.0
2020-01-10 10:59:00,13243495.0
2020-01-10 11:00:00,13206075.0
2020-01-10 11:01:00,13169566.0
2020-01-10 11:02:00,13140001.0
2020-01-10 11:03:00,13208607.0
2020-01-10 11:04:00,13252346.0
2020-01-10 11:05:00,13217282.0
2020-01-10 11:06:00,13249682.0
2020-01-10 11:07:00,13352936.0
2020-01-10 11:08:00,13271357.0
2020-01-10 11:09:00,13308213.0
2020-01-10 11:10:00,13377334.0
2020-01-10 11:11:00,13326567.0
2020-01-10 11:12:00,13290658.0
2020-01-10 11:13:00,13236828.0
2020-01-10 11:14:00,13205486.0
2020-01-10 11:15:00,13168767.0
2020-01-10 11:16:00,13041972.0
2020-01-10 11:17:00,12937044.0
2020-01-10 11:18:00,12851181.0
2020-01-10 11:19:00,12725219.0
2020-01-10 11:20:00,12646758.0
2020-01-10 11:21:00,12752447.0
2020-01-10 11:22:00,12890083.0
2020-01-10 11:23:00,12946370.0
2020-01-10 11:24:00,12886755.0
2020-01-10 11:25:00,12778557.0
2020-01-10 11:26:00,12712318.0
2020-01-10 11:27:00,12611268.0
2020-01-10 11:28:00,12530129.0
2020-01-10 11:29:00,12441132.0
2020-01-10 11:30:00,12300660.0
2020-01-10 11:31:00,12174465.0
2020-01-10 11:32:00,12065126.0
2020-01-10 11:33:00,12229122.0
2020-01-10 11:34:00,12359520.0
2020-01-10 11:35:00,12467967.0
2020-01-10 11:36:00,12392093.0
2020-01-10 11:37:00,12482110.0
2020-01-10 11:38:00,12568857.0
2020-01-10 11:39:00,12619529.0
2020-01-10 11:40:00,12702219.0
2020-01-10 11:41:00,12633868.0
2020-01-10 11:42:00,12570627.0
2020-01-10 11:43:00,12521880.0
2020-01-10 11:44:00,12468331.0
2020-01-10 11:45:00,12378773.0
2020-01-10 11:46:00,12307267.0
2020-01-10 11:47:00,12344924.0
2020-01-10 11:48:00,12294805.0
2020-01-10 11:50:00,12154190.0
2020-01-10 11:51:00,12248049.0
2020-01-10 11:52:00,12318049.0
2020-01-10 11:53:00,12377251.0
2020-01-10 11:54:00,12456564.0
2020-01-10 11:55:00,12389277.0
2020-01-10 11:56:00,12346383.0
2020-01-10 11:57:00,12390591.0
2020-01-10 11:58:00,12435135.0
2020-01-10 11:59:00,12464885.0
2020-01-10 12:00:00,12417682.0
2020-01-10 12:01:00,12349911.0
2020-01-10 12:02:00,12273143.0
2020-01-10 12:03:00,12177463.0
2020-01-10 12:04:00,12244884.0
2020-01-10 12:05:00,12317043.0
2020-01-10 12:06:00,12385707.0
2020-01-10 12:07:00,12322848.0
2020-01-10 12:08:00,12204124.0
2020-01-10 12:09:00,12029798.0
2020-01-10 12:10:00,11873545.0
2020-01-10 12:11:00,11674246.0
2020-01-10 12:12:00,11874720.0
2020-01-10 12:13:00,12007305.0
2020-01-10 12:14:00,12112139.0
2020-01-10 12:15:00,12020512.0
2020-01-10 12:16:00,11916498.0
2020-01-10 12:17:00,11818511.0
2020-01-10 12:18:00,11927624.0
2020-01-10 12:19:00,11835767.0
2020-01-10 12:20:00,11907895.0
2020-01-10 12:21:00,11642938.0
2020-01-10 12:22:00,11813339.0
2020-01-10 12:23:00,11658081.0
2020-01-10 12:24:00,11484205.0
2020-01-10 12:25:00,11605263.0
2020-01-10 12:26:00,11781710.0
2020-01-10 12:27:00,11899034.0
2020-01-10 12:28:00,12057774.0
2020-01-10 12:29:00,12165264.0
2020-01-10 12:30:00,12347698.0
2020-01-10 12:31:00,12347698.0
2020-01-10 12:32:00,12436760.0
2020-01-10 12:33:00,12366361.0
2020-01-10 12:34:00,12434302.0
2020-01-10 12:35:00,12341400.0
2020-01-10 12:36:00,12222184.0
2020-01-10 12:37:00,12168749.0
2020-01-10 12:38:00,12229841.0
2020-01-10 12:39:00,12284639.0
2020-01-10 12:40:00,12408112.0
2020-01-10 12:41:00,12353896.0
2020-01-10 12:42:00,12384083.0
2020-01-10 12:43:00,12316095.0
2020-01-10 12:44:00,12353233.0
2020-01-10 12:45:00,12388980.0
2020-01-10 12:46:00,12340654.0
2020-01-10 12:47:00,12388318.0
2020-01-10 12:48:00,12431682.0
2020-01-10 12:49:00,12352348.0
2020-01-10 12:50:00,12317766.0
2020-01-10 12:51:00,12279999.0
2020-01-10 12:52:00,12226366.0
2020-01-10 12:53:00,12176297.0
2020-01-10 12:54:00,12212002.0
2020-01-10 12:55:00,12247931.0
2020-01-10 12:56:00,12224596.0
2020-01-10 12:57:00,12275500.0
2020-01-10 12:58:00,12256010.0
2020-01-10 12:59:00,12218787.0
2020-01-10 13:00:00,12168643.0
2020-01-10 13:01:00,12140480.0
2020-01-10 13:02:00,12179885.0
2020-01-10 13:03:00,12240874.0
2020-01-10 13:04:00,12272218.0
2020-01-10 13:05:00,12304753.0
2020-01-10 13:06:00,12343826.0
2020-01-10 13:07:00,12413731.0
2020-01-10 13:08:00,12511381.0
2020-01-10 13:09:00,12596646.0
2020-01-10 13:10:00,12661952.0
2020-01-10 13:11:00,12590510.0
2020-01-10 13:12:00,12624795.0
2020-01-10 13:13:00,12670251.0
2020-01-10 13:14:00,12636559.0
2020-01-10 13:15:00,12702322.0
2020-01-10 13:16:00,12645086.0
2020-01-10 13:17:00,12608052.0
2020-01-10 13:18:00,12637872.0
2020-01-10 13:19:00,12576563.0
2020-01-10 13:20:00,12549858.0
2020-01-10 13:21:00,12519967.0
2020-01-10 13:22:00,12493624.0
2020-01-10 13:23:00,12425321.0
2020-01-10 13:24:00,12459927.0
2020-01-10 13:25:00,12426477.0
2020-01-10 13:26:00,12458028.0
2020-01-10 13:27:00,12525556.0
2020-01-10 13:28:00,12569148.0
2020-01-10 13:29:00,12598110.0
2020-01-10 13:30:00,12571717.0
2020-01-10 13:31:00,12616396.0
2020-01-10 13:32:00,12643474.0
2020-01-10 13:33:00,12664059.0
2020-01-10 13:34:00,12647730.0
2020-01-10 13:35:00,12688909.0
2020-01-10 13:36:00,12660582.0
2020-01-10 13:37:00,12684678.0
2020-01-10 13:38:00,12665979.0
2020-01-10 13:39:00,12644790.0
2020-01-10 13:40:00,12604564.0
2020-01-10 13:41:00,12534084.0
2020-01-10 13:42:00,12460588.0
2020-01-10 13:43:00,12531526.0
2020-01-10 13:44:00,12602674.0
2020-01-10 13:45:00,12653271.0
2020-01-10 13:46:00,12626785.0
2020-01-10 13:47:00,12650726.0
2020-01-10 13:48:00,12669894.0
2020-01-10 13:49:00,12693752.0
2020-01-10 13:50:00,12720939.0
2020-01-10 13:51:00,12686841.0
2020-01-10 13:52:00,12730255.0
2020-01-10 13:53:00,12683808.0
2020-01-10 13:54:00,12629560.0
2020-01-10 13:55:00,12593465.0
2020-01-10 13:56:00,12614553.0
2020-01-10 13:57:00,12641941.0
2020-01-10 13:58:00,12671279.0
2020-01-10 13:59:00,12693794.0
2020-01-10 14:00:00,12669651.0
2020-01-10 14:01:00,12632942.0
2020-01-10 14:02:00,12680579.0
2020-01-10 14:03:00,12735463.0
2020-01-10 14:04:00,12699511.0
2020-01-10 14:05:00,12667451.0
2020-01-10 14:06:00,12710897.0
2020-01-10 14:07:00,12686273.0
2020-01-10 14:08:00,12653052.0
2020-01-10 14:09:00,12623391.0
2020-01-10 14:10:00,12663135.0
2020-01-10 14:11:00,12640407.0
2020-01-10 14:12:00,12602954.0
2020-01-10 14:13:00,12548647.0
2020-01-10 14:14:00,12589457.0
2020-01-10 14:15:00,12537760.0
2020-01-10 14:16:00,12570640.0
2020-01-10 14:17:00,12607289.0
2020-01-10 14:18:00,12635033.0
2020-01-10 14:19:00,12596740.0
2020-01-10 14:20:00,12561696.0
2020-01-10 14:21:00,12522407.0
2020-01-10 14:22:00,12553647.0
2020-01-10 14:23:00,12505374.0
2020-01-10 14:24:00,12444814.0
2020-01-10 14:25:00,12505976.0
2020-01-10 14:26:00,12443482.0
2020-01-10 14:27:00,12492973.0
2020-01-10 14:28:00,12548795.0
2020-01-10 14:29:00,12522700.0
2020-01-10 14:30:00,12450290.0
2020-01-10 14:31:00,12400724.0
2020-01-10 14:32:00,12481011.0
2020-01-10 14:33:00,12437143.0
2020-01-10 14:34:00,12374837.0
2020-01-10 14:35:00,12459629.0
2020-01-10 14:36:00,12528281.0
2020-01-10 14:37:00,12594690.0
2020-01-10 14:38:00,12646209.0
2020-01-10 14:39:00,12612650.0
2020-01-10 14:40:00,12568876.0
2020-01-10 14:41:00,12604847.0
2020-01-10 14:42:00,12556802.0
2020-01-10 14:43:00,12644555.0
2020-01-10 14:44:00,12694041.0
2020-01-10 14:45:00,12654381.0
2020-01-10 14:46:00,12689052.0
2020-01-10 14:47:00,12619528.0
2020-01-10 14:48:00,12544568.0
2020-01-10 14:49:00,12684294.0
2020-01-10 14:50:00,12684294.0
2020-01-10 14:51:00,12734724.0
2020-01-10 14:52:00,12780578.0
2020-01-10 14:53:00,12807596.0
2020-01-10 14:54:00,12762105.0
2020-01-10 14:55:00,12801902.0
2020-01-10 14:56:00,12849091.0
2020-01-10 14:57:00,12898487.0
2020-01-10 14:58:00,13021977.0
2020-01-10 14:59:00,13117512.0
2020-01-10 15:00:00,13042844.0
2020-01-10 15:01:00,13089320.0
2020-01-10 15:02:00,12953226.0
2020-01-10 15:03:00,13031373.0
2020-01-10 15:04:00,12998623.0
2020-01-10 15:05:00,12959812.0
2020-01-10 15:06:00,12901171.0
2020-01-10 15:07:00,12831189.0
2020-01-10 15:08:00,12879721.0
2020-01-10 15:09:00,12928962.0
2020-01-10 15:10:00,12975048.0
2020-01-10 15:11:00,13015741.0
2020-01-10 15:12:00,13086778.0
2020-01-10 15:13:00,13163455.0
2020-01-10 15:14:00,13242041.0
2020-01-10 15:15:00,13162757.0
2020-01-10 15:16:00,13103457.0
2020-01-10 15:17:00,13172985.0
2020-01-10 15:18:00,13172985.0
2020-01-10 15:19:00,13146042.0
2020-01-10 15:20:00,13227474.0
2020-01-10 15:21:00,13274594.0
2020-01-10 15:22:00,13215424.0
2020-01-10 15:23:00,13256759.0
2020-01-10 15:24:00,13351453.0
2020-01-10 15:25:00,13422205.0
2020-01-10 15:26:00,13527118.0
2020-01-10 15:27:00,13607577.0
2020-01-10 15:28:00,13540925.0
2020-01-10 15:29:00,13589278.0
2020-01-10 15:30:00,13531619.0
2020-01-10 15:31:00,13445561.0
2020-01-10 15:32:00,13391854.0
2020-01-10 15:33:00,13435832.0
2020-01-10 15:34:00,13359018.0
2020-01-10 15:35:00,13312425.0
2020-01-10 15:36:00,13363875.0
2020-01-10 15:37:00,13427628.0
2020-01-10 15:38:00,13387595.0
2020-01-10 15:39:00,13442513.0
2020-01-10 15:40:00,13358271.0
2020-01-10 15:41:00,13428074.0
2020-01-10 15:42:00,13362954.0
2020-01-10 15:43:00,13214349.0
2020-01-10 15:44:00,13317732.0
2020-01-10 15:45:00,13408713.0
2020-01-10 15:46:00,13494320.0
2020-01-10 15:47:00,13418041.0
2020-01-10 15:48:00,13490265.0
2020-01-10 15:49:00,13440846.0
2020-01-10 15:50:00,13294411.0
2020-01-10 15:51:00,13389611.0
2020-01-10 15:52:00,13489497.0
2020-01-10 15:53:00,13596284.0
2020-01-10 15:54:00,13737625.0
2020-01-10 15:55:00,13617693.0
2020-01-10 15:56:00,13756862.0
2020-01-10 15:57:00,13617111.0
2020-01-10 15:58:00,13805260.0
2020-01-10 15:59:00,13986142.0
2020-01-10 16:00:00,14358633.0
2020-01-13 09:31:00,15566119.0
2020-01-13 09:32:00,15301937.0
2020-01-13 09:33:00,15477196.0
2020-01-13 09:34:00,15769526.0
2020-01-13 09:35:00,16085303.0
2020-01-13 09:36:00,16367953.0
2020-01-13 09:37:00,16673653.0
2020-01-13 09:38:00,16463130.0
2020-01-13 09:39:00,16342042.0
2020-01-13 09:40:00,16166350.0
2020-01-13 09:41:00,15969708.0
2020-01-13 09:42:00,16131394.0
2020-01-13 09:43:00,15934863.0
2020-01-13 09:44:00,16074567.0
2020-01-13 09:45:00,16090165.0
2020-01-13 09:46:00,16386545.0
2020-01-13 09:47:00,16240159.0
2020-01-13 09:48:00,16147231.0
2020-01-13 09:49:00,16064536.0
2020-01-13 09:50:00,16155768.0
2020-01-13 09:51:00,16090338.0
2020-01-13 09:52:00,15964451.0
2020-01-13 09:53:00,16043340.0
2020-01-13 09:54:00,15945866.0
2020-01-13 09:55:00,15864739.0
2020-01-13 09:56:00,15961546.0
2020-01-13 09:57:00,16017479.0
2020-01-13 09:58:00,16104409.0
2020-01-13 09:59:00,16280508.0
2020-01-13 10:00:00,16137125.0
2020-01-13 10:01:00,16053761.0
2020-01-13 10:02:00,15993496.0
2020-01-13 10:03:00,15829081.0
2020-01-13 10:04:00,15943834.0
2020-01-13 10:05:00,15987733.0
2020-01-13 10:06:00,15846446.0
2020-01-13 10:07:00,15609006.0
2020-01-13 10:08:00,15733647.0
2020-01-13 10:09:00,15667157.0
2020-01-13 10:10:00,15546893.0
2020-01-13 10:11:00,15642181.0
2020-01-13 10:12:00,15733023.0
2020-01-13 10:13:00,15800723.0
2020-01-13 10:14:00,15724490.0
2020-01-13 10:15:00,15661775.0
2020-01-13 10:16:00,15719024.0
2020-01-13 10:17:00,15832127.0
2020-01-13 10:18:00,15898850.0
2020-01-13 10:19:00,15815592.0
2020-01-13 10:20:00,15762695.0
2020-01-13 10:21:00,15629260.0
2020-01-13 10:22:00,15692819.0
2020-01-13 10:23:00,15751615.0
2020-01-13 10:24:00,15808819.0
2020-01-13 10:25:00,15761672.0
2020-01-13 10:26:00,15702173.0
2020-01-13 10:27:00,15647100.0
2020-01-13 10:28:00,15586947.0
2020-01-13 10:29:00,15650930.0
2020-01-13 10:30:00,15596212.0
2020-01-13 10:31:00,15550268.0
2020-01-13 10:32:00,15440032.0
2020-01-13 10:33:00,15547589.0
2020-01-13 10:34:00,15486821.0
2020-01-13 10:35:00,15434145.0
2020-01-13 10:36:00,15349535.0
2020-01-13 10:37:00,15428058.0
2020-01-13 10:38:00,15540906.0
2020-01-13 10:39:00,15488283.0
2020-01-13 10:40:00,15433392.0
2020-01-13 10:41:00,15516774.0
2020-01-13 10:42:00,15487829.0
2020-01-13 10:43:00,15399545.0
2020-01-13 10:44:00,15344109.0
2020-01-13 10:45:00,15233994.0
2020-01-13 10:46:00,15161972.0
2020-01-13 10:47:00,15228306.0
2020-01-13 10:48:00,15169474.0
2020-01-13 10:49:00,15223399.0
2020-01-13 10:50:00,15312442.0
2020-01-13 10:51:00,15254488.0
2020-01-13 10:52:00,15330097.0
2020-01-13 10:53:00,15371013.0
2020-01-13 10:54:00,15438191.0
2020-01-13 10:55:00,15374496.0
2020-01-13 10:56:00,15337609.0
2020-01-13 10:57:00,15389128.0
2020-01-13 10:58:00,15494075.0
2020-01-13 10:59:00,15466308.0
2020-01-13 11:04:00,15071967.0
2020-01-13 11:05:00,15117650.0
2020-01-13 11:06:00,15077960.0
2020-01-13 11:07:00,15131854.0
2020-01-13 11:08:00,15093588.0
2020-01-13 11:09:00,15045935.0
2020-01-13 11:10:00,15168888.0
2020-01-13 11:11:00,15092763.0
2020-01-13 11:12:00,15133003.0
2020-01-13 11:13:00,15158325.0
2020-01-13 11:14:00,15128402.0
2020-01-13 11:15:00,15099361.0
2020-01-13 11:16:00,15149760.0
2020-01-13 11:17:00,15200449.0
2020-01-13 11:18:00,15136073.0
2020-01-13 11:19:00,15101927.0
2020-01-13 11:20:00,15127251.0
2020-01-13 11:21:00,15159725.0
2020-01-13 11:22:00,15120372.0
2020-01-13 11:23:00,15149735.0
2020-01-13 11:24:00,15119548.0
2020-01-13 11:25:00,15089512.0
2020-01-13 11:26:00,15033673.0
2020-01-13 11:27:00,15040374.0
2020-01-13 11:28:00,15071315.0
2020-01-13 11:29:00,14786968.0
2020-01-13 11:30:00,14884432.0
2020-01-13 11:31:00,15057797.0
2020-01-13 11:32:00,15177421.0
2020-01-13 11:33:00,15087525.0
2020-01-13 11:34:00,14999021.0
2020-01-13 11:35:00,14965129.0
2020-01-13 11:36:00,15001729.0
2020-01-13 11:37:00,14910957.0
2020-01-13 11:38:00,14941254.0
2020-01-13 11:39:00,14867766.0
2020-01-13 11:40:00,14899515.0
2020-01-13 11:41:00,14866985.0
2020-01-13 11:42:00,14900675.0
2020-01-13 11:43:00,14943768.0
2020-01-13 11:44:00,14988672.0
2020-01-13 11:45:00,14956692.0
2020-01-13 11:46:00,14986082.0
2020-01-13 11:47:00,15044026.0
2020-01-13 11:48:00,15073147.0
2020-01-13 11:49:00,15176259.0
2020-01-13 11:50:00,15065097.0
2020-01-13 11:51:00,15011205.0
2020-01-13 11:52:00,15053301.0
2020-01-13 11:53:00,15014284.0
2020-01-13 11:54:00,14971283.0
2020-01-13 11:57:00,14836191.0
2020-01-13 11:58:00,14872484.0
2020-01-13 11:59:00,14955227.0
2020-01-13 12:00:00,15027008.0
2020-01-13 12:01:00,15091611.0
2020-01-13 12:02:00,15151219.0
2020-01-13 12:03:00,15088332.0
2020-01-13 12:04:00,15178442.0
2020-01-13 12:05:00,15148339.0
2020-01-13 12:06:00,15127929.0
2020-01-13 12:07:00,15162730.0
2020-01-13 12:08:00,15135706.0
2020-01-13 12:09:00,15097733.0
2020-01-13 12:10:00,15133865.0
2020-01-13 12:11:00,15173565.0
2020-01-13 12:12:00,15138459.0
2020-01-13 12:13:00,15110354.0
2020-01-13 12:14:00,15049491.0
2020-01-13 12:15:00,15104150.0
2020-01-13 12:16:00,15040704.0
2020-01-13 12:17:00,15098143.0
2020-01-13 12:18:00,15131482.0
2020-01-13 12:19:00,15070534.0
2020-01-13 12:20:00,15025404.0
2020-01-13 12:21:00,15058293.0
2020-01-13 12:22:00,15031955.0
2020-01-13 12:23:00,15004261.0
2020-01-13 12:24:00,14964318.0
2020-01-13 12:25:00,14985554.0
2020-01-13 12:26:00,15010397.0
2020-01-13 12:27:00,14983590.0
2020-01-13 12:28:00,15011826.0
2020-01-13 12:29:00,15039155.0
2020-01-13 12:30:00,15063912.0
2020-01-13 12:31:00,15111046.0
2020-01-13 12:32:00,15044613.0
2020-01-13 12:33:00,15070330.0
2020-01-13 12:34:00,15139385.0
2020-01-13 12:35:00,15310225.0
2020-01-13 12:36:00,15254950.0
2020-01-13 12:37:00,15329059.0
2020-01-13 12:38:00,15378197.0
2020-01-13 12:39:00,15342190.0
2020-01-13 12:40:00,15302120.0
2020-01-13 12:41:00,15256685.0
2020-01-13 12:42:00,15241653.0
2020-01-13 12:43:00,15270452.0
2020-01-13 12:44:00,15296925.0
2020-01-13 12:45:00,15348485.0
2020-01-13 12:46:00,15399083.0
2020-01-13 12:47:00,15399083.0
2020-01-13 12:48:00,15453360.0
2020-01-13 12:49:00,15399466.0
2020-01-13 12:50:00,15338470.0
2020-01-13 12:51:00,15386415.0
2020-01-13 12:52:00,15432397.0
2020-01-13 12:53:00,15461281.0
2020-01-13 12:54:00,15408762.0
2020-01-13 12:55:00,15439023.0
2020-01-13 12:56:00,15417829.0
2020-01-13 12:57:00,15449408.0
2020-01-13 12:58:00,15421527.0
2020-01-13 12:59:00,15455568.0
2020-01-13 13:00:00,15426455.0
2020-01-13 13:01:00,15461879.0
2020-01-13 13:02:00,15502298.0
2020-01-13 13:03:00,15453177.0
2020-01-13 13:04:00,15423725.0
2020-01-13 13:05:00,15357089.0
2020-01-13 13:06:00,15403363.0
2020-01-13 13:07:00,15368797.0
2020-01-13 13:08:00,15396838.0
2020-01-13 13:09:00,15482660.0
2020-01-13 13:10:00,15422199.0
2020-01-13 13:11:00,15387554.0
2020-01-13 13:12:00,15416195.0
2020-01-13 13:13:00,15480912.0
2020-01-13 13:14:00,15460625.0
2020-01-13 13:15:00,15435053.0
2020-01-13 13:16:00,15388678.0
2020-01-13 13:17:00,15388678.0
2020-01-13 13:18:00,15419022.0
2020-01-13 13:19:00,15443318.0
2020-01-13 13:20:00,15466641.0
2020-01-13 13:21:00,15556535.0
2020-01-13 13:22:00,15654829.0
2020-01-13 13:23:00,15750727.0
2020-01-13 13:24:00,15704663.0
2020-01-13 13:25:00,15662342.0
2020-01-13 13:26:00,15619521.0
2020-01-13 13:27:00,15573829.0
2020-01-13 13:28:00,15624862.0
2020-01-13 13:29:00,15652850.0
2020-01-13 13:30:00,15666873.0
2020-01-13 13:31:00,15620654.0
2020-01-13 13:32:00,15646947.0
2020-01-13 13:33:00,15606574.0
2020-01-13 13:34:00,15587558.0
2020-01-13 13:35:00,15612416.0
2020-01-13 13:36:00,15637121.0
2020-01-13 13:37:00,15665267.0
2020-01-13 13:38:00,15644960.0
2020-01-13 13:39:00,15621352.0
2020-01-13 13:40:00,15639389.0
2020-01-13 13:41:00,15670894.0
2020-01-13 13:42:00,15721763.0
2020-01-13 13:43:00,15664887.0
2020-01-13 13:44:00,15642161.0
2020-01-13 13:45:00,15651822.0
2020-01-13 13:46:00,15685538.0
2020-01-13 13:47:00,15713891.0
2020-01-13 13:48:00,15752722.0
2020-01-13 13:49:00,15715209.0
2020-01-13 13:50:00,15742861.0
2020-01-13 13:51:00,15720316.0
2020-01-13 13:52:00,15765981.0
2020-01-13 13:53:00,15787411.0
2020-01-13 13:54:00,15760967.0
2020-01-13 13:55:00,15793216.0
2020-01-13 13:56:00,15828606.0
2020-01-13 13:57:00,15871839.0
2020-01-13 13:58:00,15833906.0
2020-01-13 13:59:00,15797332.0
2020-01-13 14:00:00,15750341.0
2020-01-13 14:01:00,15704498.0
2020-01-13 14:02:00,15647634.0
2020-01-13 14:03:00,15699510.0
2020-01-13 14:04:00,15658930.0
2020-01-13 14:05:00,15705235.0
2020-01-13 14:06:00,15727898.0
2020-01-13 14:07:00,15764664.0
2020-01-13 14:08:00,15862536.0
2020-01-13 14:09:00,15788127.0
2020-01-13 14:10:00,15869002.0
2020-01-13 14:11:00,15935278.0
2020-01-13 14:12:00,15899022.0
2020-01-13 14:13:00,15932753.0
2020-01-13 14:14:00,15861229.0
2020-01-13 14:15:00,15828056.0
2020-01-13 14:16:00,15792408.0
2020-01-13 14:17:00,15908455.0
2020-01-13 14:18:00,15973505.0
2020-01-13 14:19:00,16062553.0
2020-01-13 14:20:00,16127790.0
2020-01-13 14:21:00,16057482.0
2020-01-13 14:22:00,16016560.0
2020-01-13 14:23:00,16066949.0
2020-01-13 14:24:00,16116059.0
2020-01-13 14:25:00,16217328.0
2020-01-13 14:26:00,16155987.0
2020-01-13 14:27:00,16217409.0
2020-01-13 14:28:00,16276095.0
2020-01-13 14:29:00,16378309.0
2020-01-13 14:30:00,16308725.0
2020-01-13 14:31:00,16412145.0
2020-01-13 14:32:00,16494891.0
2020-01-13 14:33:00,16431071.0
2020-01-13 14:34:00,16492420.0
2020-01-13 14:35:00,16418289.0
2020-01-13 14:36:00,16483196.0
2020-01-13 14:37:00,16424191.0
2020-01-13 14:38:00,16355524.0
2020-01-13 14:39:00,16402798.0
2020-01-13 14:40:00,16463403.0
2020-01-13 14:41:00,16419914.0
2020-01-13 14:42:00,16419914.0
2020-01-13 14:43:00,16365118.0
2020-01-13 14:44:00,16322552.0
2020-01-13 14:45:00,16376169.0
2020-01-13 14:46:00,16327808.0
2020-01-13 14:47:00,16266337.0
2020-01-13 14:48:00,16298795.0
2020-01-13 14:49:00,16326523.0
2020-01-13 14:50:00,16377032.0
2020-01-13 14:51:00,16432742.0
2020-01-13 14:52:00,16374498.0
2020-01-13 14:53:00,16339386.0
2020-01-13 14:54:00,16385506.0
2020-01-13 14:55:00,16427004.0
2020-01-13 14:56:00,16476595.0
2020-01-13 14:57:00,16539789.0
2020-01-13 14:58:00,16578867.0
2020-01-13 14:59:00,16523345.0
2020-01-13 15:00:00,16559394.0
2020-01-13 15:01:00,16505368.0
2020-01-13 15:02:00,16450619.0
2020-01-13 15:03:00,16490214.0
2020-01-13 15:04:00,16399605.0
2020-01-13 15:05:00,16441840.0
2020-01-13 15:06:00,16388794.0
2020-01-13 15:07:00,16443105.0
2020-01-13 15:08:00,16468722.0
2020-01-13 15:09:00,16534385.0
2020-01-13 15:10:00,16487021.0
2020-01-13 15:11:00,16487021.0
2020-01-13 15:12:00,16448159.0
2020-01-13 15:13:00,16388085.0
2020-01-13 15:14:00,16439283.0
2020-01-13 15:15:00,16397238.0
2020-01-13 15:16:00,16442661.0
2020-01-13 15:17:00,16400534.0
2020-01-13 15:18:00,16445641.0
2020-01-13 15:19:00,16445641.0
2020-01-13 15:20:00,16420418.0
2020-01-13 15:21:00,16466356.0
2020-01-13 15:22:00,16420234.0
2020-01-13 15:23:00,16461870.0
2020-01-13 15:24:00,16654874.0
2020-01-13 15:25:00,16707247.0
2020-01-13 15:26:00,16653175.0
2020-01-13 15:27:00,16613219.0
2020-01-13 15:28:00,16549587.0
2020-01-13 15:29:00,16596426.0
2020-01-13 15:30:00,16680124.0
2020-01-13 15:31:00,16721066.0
2020-01-13 15:32:00,16778839.0
2020-01-13 15:33:00,16871798.0
2020-01-13 15:34:00,16772508.0
2020-01-13 15:35:00,16840011.0
2020-01-13 15:36:00,16790848.0
2020-01-13 15:37:00,16850703.0
2020-01-13 15:38:00,16809313.0
2020-01-13 15:39:00,16859783.0
2020-01-13 15:40:00,16939057.0
2020-01-13 15:41:00,16843904.0
2020-01-13 15:42:00,16779074.0
2020-01-13 15:43:00,16830275.0
2020-01-13 15:44:00,16996073.0
2020-01-13 15:45:00,17122179.0
2020-01-13 15:46:00,17016691.0
2020-01-13 15:47:00,17076715.0
2020-01-13 15:48:00,17132066.0
2020-01-13 15:49:00,17022625.0
2020-01-13 15:50:00,17126629.0
2020-01-13 15:51:00,17340445.0
2020-01-13 15:52:00,17466325.0
2020-01-13 15:53:00,17614953.0
2020-01-13 15:54:00,17864083.0
2020-01-13 15:55:00,18093803.0
2020-01-13 15:56:00,18352488.0
2020-01-13 15:57:00,18548297.0
2020-01-13 15:58:00,18869133.0
2020-01-13 15:59:00,19175340.0
2020-01-13 16:00:00,19619605.0
2020-01-14 09:31:00,17809796.0
2020-01-14 09:32:00,17427044.0
2020-01-14 09:33:00,17228852.0
2020-01-14 09:34:00,17054506.0
2020-01-14 09:35:00,17244370.0
2020-01-14 09:36:00,17096872.0
2020-01-14 09:37:00,16887968.0
2020-01-14 09:38:00,17003289.0
2020-01-14 09:39:00,17172815.0
2020-01-14 09:40:00,17439193.0
2020-01-14 09:41:00,17255388.0
2020-01-14 09:42:00,17120910.0
2020-01-14 09:43:00,16985539.0
2020-01-14 09:44:00,16759868.0
2020-01-14 09:45:00,16931619.0
2020-01-14 09:46:00,16848298.0
2020-01-14 09:47:00,16966915.0
2020-01-14 09:48:00,16784562.0
2020-01-14 09:49:00,16583269.0
2020-01-14 09:50:00,16360310.0
2020-01-14 09:51:00,16066817.0
2020-01-14 09:52:00,15835085.0
2020-01-14 09:53:00,16082111.0
2020-01-14 09:54:00,15927013.0
2020-01-14 09:55:00,16057122.0
2020-01-14 09:56:00,15941142.0
2020-01-14 09:57:00,15691931.0
2020-01-14 09:58:00,15425283.0
2020-01-14 09:59:00,15169846.0
2020-01-14 10:00:00,15365545.0
2020-01-14 10:01:00,15605664.0
2020-01-14 10:02:00,15778395.0
2020-01-14 10:03:00,15903326.0
2020-01-14 10:04:00,16079875.0
2020-01-14 10:05:00,16237007.0
2020-01-14 10:06:00,16347203.0
2020-01-14 10:07:00,16227541.0
2020-01-14 10:08:00,16344119.0
2020-01-14 10:09:00,16482597.0
2020-01-14 10:10:00,16698128.0
2020-01-14 10:11:00,16556349.0
2020-01-14 10:12:00,16647475.0
2020-01-14 10:13:00,16574741.0
2020-01-14 10:14:00,16700092.0
2020-01-14 10:15:00,17010463.0
2020-01-14 10:16:00,16864076.0
2020-01-14 10:17:00,16972510.0
2020-01-14 10:18:00,17156213.0
2020-01-14 10:19:00,17320386.0
2020-01-14 10:20:00,17178920.0
2020-01-14 10:21:00,17034360.0
2020-01-14 10:22:00,17141019.0
2020-01-14 10:23:00,17198108.0
2020-01-14 10:24:00,17093004.0
2020-01-14 10:25:00,17179709.0
2020-01-14 10:26:00,17285175.0
2020-01-14 10:27:00,17207602.0
2020-01-14 10:28:00,17282199.0
2020-01-14 10:29:00,17388056.0
2020-01-14 10:30:00,17284427.0
2020-01-14 10:31:00,17366474.0
2020-01-14 10:32:00,17566836.0
2020-01-14 10:33:00,17822567.0
2020-01-14 10:34:00,17899510.0
2020-01-14 10:35:00,17705564.0
2020-01-14 10:36:00,17602465.0
2020-01-14 10:37:00,17531828.0
2020-01-14 10:38:00,17426161.0
2020-01-14 10:39:00,17327559.0
2020-01-14 10:40:00,17442886.0
2020-01-14 10:41:00,17303504.0
2020-01-14 10:42:00,17165164.0
2020-01-14 10:43:00,17100525.0
2020-01-14 10:44:00,17163913.0
2020-01-14 10:45:00,17117287.0
2020-01-14 10:46:00,17007196.0
2020-01-14 10:47:00,16906368.0
2020-01-14 10:48:00,16828610.0
2020-01-14 10:49:00,16753194.0
2020-01-14 10:50:00,16541203.0
2020-01-14 10:51:00,16406896.0
2020-01-14 10:52:00,16273639.0
2020-01-14 10:53:00,16147902.0
2020-01-14 10:54:00,16296058.0
2020-01-14 10:55:00,16402988.0
2020-01-14 10:56:00,16246994.0
2020-01-14 10:57:00,16355145.0
2020-01-14 10:58:00,16493974.0
2020-01-14 10:59:00,16579878.0
2020-01-14 11:00:00,16680622.0
2020-01-14 11:01:00,16765215.0
2020-01-14 11:02:00,16853432.0
2020-01-14 11:03:00,16757070.0
2020-01-14 11:04:00,16790664.0
2020-01-14 11:06:00,16687949.0
2020-01-14 11:07:00,16819633.0
2020-01-14 11:08:00,16761672.0
2020-01-14 11:09:00,16761672.0
2020-01-14 11:10:00,16717661.0
2020-01-14 11:11:00,16626063.0
2020-01-14 11:12:00,16673567.0
2020-01-14 11:13:00,16605050.0
2020-01-14 11:14:00,16553819.0
2020-01-14 11:15:00,16490954.0
2020-01-14 11:16:00,16539690.0
2020-01-14 11:17:00,16488732.0
2020-01-14 11:18:00,16530462.0
2020-01-14 11:19:00,16573427.0
2020-01-14 11:20:00,16545856.0
2020-01-14 11:21:00,16481124.0
2020-01-14 11:22:00,16352717.0
2020-01-14 11:23:00,16403533.0
2020-01-14 11:24:00,16480767.0
2020-01-14 11:25:00,16419364.0
2020-01-14 11:26:00,16477487.0
2020-01-14 11:27:00,16424085.0
2020-01-14 11:28:00,16474810.0
2020-01-14 11:29:00,16442777.0
2020-01-14 11:30:00,16435284.0
2020-01-14 11:31:00,16380336.0
2020-01-14 11:32:00,16457413.0
2020-01-14 11:33:00,16422303.0
2020-01-14 11:34:00,16383572.0
2020-01-14 11:35:00,16434058.0
2020-01-14 11:36:00,16481280.0
2020-01-14 11:37:00,16537263.0
2020-01-14 11:38:00,16494678.0
2020-01-14 11:39:00,16539771.0
2020-01-14 11:40:00,16596583.0
2020-01-14 11:41:00,16536869.0
2020-01-14 11:42:00,16477399.0
2020-01-14 11:43:00,16280281.0
2020-01-14 11:44:00,16227220.0
2020-01-14 11:45:00,16312381.0
2020-01-14 11:46:00,16379235.0
2020-01-14 11:47:00,16518892.0
2020-01-14 11:48:00,16465564.0
2020-01-14 11:49:00,16502148.0
2020-01-14 11:50:00,16474157.0
2020-01-14 11:51:00,16541042.0
2020-01-14 11:52:00,16600344.0
2020-01-14 11:53:00,16559439.0
2020-01-14 11:54:00,16526724.0
2020-01-14 11:55:00,16565077.0
2020-01-14 11:56:00,16653778.0
2020-01-14 11:57:00,16623060.0
2020-01-14 11:58:00,16682151.0
2020-01-14 11:59:00,16767567.0
2020-01-14 12:00:00,16910018.0
2020-01-14 12:01:00,16770964.0
2020-01-14 12:02:00,16873316.0
2020-01-14 12:03:00,16930864.0
2020-01-14 12:04:00,16886831.0
2020-01-14 12:05:00,16803774.0
2020-01-14 12:06:00,16838909.0
2020-01-14 12:07:00,16746189.0
2020-01-14 12:08:00,16658174.0
2020-01-14 12:09:00,16714263.0
2020-01-14 12:10:00,16441905.0
2020-01-14 12:11:00,16382527.0
2020-01-14 12:12:00,16438791.0
2020-01-14 12:13:00,16399770.0
2020-01-14 12:14:00,16351402.0
2020-01-14 12:15:00,16411354.0
2020-01-14 12:16:00,16370823.0
2020-01-14 12:17:00,16313128.0
2020-01-14 12:18:00,16362093.0
2020-01-14 12:19:00,16304462.0
2020-01-14 12:20:00,16361229.0
2020-01-14 12:21:00,16410796.0
2020-01-14 12:22:00,16368746.0
2020-01-14 12:23:00,16405379.0
2020-01-14 12:24:00,16359977.0
2020-01-14 12:25:00,16397420.0
2020-01-14 12:26:00,16370202.0
2020-01-14 12:27:00,16319299.0
2020-01-14 12:28:00,16259059.0
2020-01-14 12:29:00,16208552.0
2020-01-14 12:30:00,16167523.0
2020-01-14 12:31:00,16215257.0
2020-01-14 12:32:00,16180205.0
2020-01-14 12:33:00,16233723.0
2020-01-14 12:34:00,16301575.0
2020-01-14 12:35:00,16265653.0
2020-01-14 12:36:00,16309505.0
2020-01-14 12:37:00,16364553.0
2020-01-14 12:38:00,16413336.0
2020-01-14 12:39:00,16462422.0
2020-01-14 12:40:00,16423585.0
2020-01-14 12:41:00,16388482.0
2020-01-14 12:42:00,16338491.0
2020-01-14 12:43:00,16253442.0
2020-01-14 12:44:00,16337957.0
2020-01-14 12:45:00,16298834.0
2020-01-14 12:46:00,16333295.0
2020-01-14 12:47:00,16382278.0
2020-01-14 12:48:00,16293649.0
2020-01-14 12:49:00,16333641.0
2020-01-14 12:50:00,16287438.0
2020-01-14 12:51:00,16204732.0
2020-01-14 12:52:00,16243335.0
2020-01-14 12:53:00,16194470.0
2020-01-14 12:54:00,16245812.0
2020-01-14 12:55:00,16188008.0
2020-01-14 12:56:00,16225183.0
2020-01-14 12:57:00,16175154.0
2020-01-14 12:58:00,16103905.0
2020-01-14 12:59:00,16153691.0
2020-01-14 13:00:00,16085872.0
2020-01-14 13:01:00,16159832.0
2020-01-14 13:02:00,16229973.0
2020-01-14 13:03:00,16295588.0
2020-01-14 13:04:00,16255340.0
2020-01-14 13:05:00,16208796.0
2020-01-14 13:06:00,16183854.0
2020-01-14 13:07:00,16215477.0
2020-01-14 13:08:00,16331275.0
2020-01-14 13:09:00,16380822.0
2020-01-14 13:10:00,16327470.0
2020-01-14 13:11:00,16294447.0
2020-01-14 13:12:00,16248432.0
2020-01-14 13:13:00,16277611.0
2020-01-14 13:14:00,16247943.0
2020-01-14 13:15:00,16189125.0
2020-01-14 13:16:00,16207149.0
2020-01-14 13:17:00,16242822.0
2020-01-14 13:18:00,16203354.0
2020-01-14 13:19:00,16235698.0
2020-01-14 13:20:00,16216499.0
2020-01-14 13:21:00,16244247.0
2020-01-14 13:22:00,16226934.0
2020-01-14 13:23:00,16198709.0
2020-01-14 13:24:00,16228360.0
2020-01-14 13:25:00,16207770.0
2020-01-14 13:26:00,16233637.0
2020-01-14 13:27:00,16309950.0
2020-01-14 13:28:00,16259308.0
2020-01-14 13:29:00,16301955.0
2020-01-14 13:30:00,16261676.0
2020-01-14 13:31:00,16328975.0
2020-01-14 13:32:00,16379784.0
2020-01-14 13:33:00,16448357.0
2020-01-14 13:34:00,16404118.0
2020-01-14 13:35:00,16440323.0
2020-01-14 13:36:00,16402154.0
2020-01-14 13:37:00,16129690.0
2020-01-14 13:38:00,15671229.0
2020-01-14 13:39:00,15765816.0
2020-01-14 13:44:00,15139065.0
2020-01-14 13:45:00,15288701.0
2020-01-14 13:46:00,15195782.0
2020-01-14 13:47:00,15195782.0
2020-01-14 13:48:00,15310779.0
2020-01-14 13:49:00,15229741.0
2020-01-14 13:50:00,15325094.0
2020-01-14 13:51:00,15325094.0
2020-01-14 13:52:00,15243028.0
2020-01-14 13:53:00,15060313.0
2020-01-14 13:54:00,15140358.0
2020-01-14 13:55:00,14977762.0
2020-01-14 13:56:00,14735994.0
2020-01-14 13:57:00,14999002.0
2020-01-14 13:58:00,14874324.0
2020-01-14 13:59:00,14940424.0
2020-01-14 14:00:00,14838432.0
2020-01-14 14:01:00,14930764.0
