date,ADX
2020-01-13 11:34:00,10.4426
2020-01-13 11:35:00,10.3346
2020-01-13 11:36:00,10.2601
2020-01-13 11:37:00,10.1848
2020-01-13 11:38:00,10.1107
2020-01-13 11:39:00,10.0226
2020-01-13 11:40:00,9.9359
2020-01-13 11:41:00,9.8261
2020-01-13 11:42:00,9.718
2020-01-13 11:43:00,9.5993
2020-01-13 11:44:00,9.5102
2020-01-13 11:45:00,9.4256
2020-01-13 11:46:00,9.3439
2020-01-13 11:47:00,9.3004
2020-01-13 11:48:00,9.2664
2020-01-13 11:49:00,9.4265
2020-01-13 11:50:00,9.5839
2020-01-13 11:51:00,9.6854
2020-01-13 11:52:00,9.782
2020-01-13 11:53:00,9.8891
2020-01-13 11:54:00,9.9385
2020-01-13 11:57:00,9.9774
2020-01-13 11:58:00,10.032
2020-01-13 11:59:00,10.118
2020-01-13 12:00:00,10.2387
2020-01-13 12:01:00,10.3831
2020-01-13 12:02:00,10.5367
2020-01-13 12:03:00,10.6569
2020-01-13 12:04:00,10.7348
2020-01-13 12:05:00,10.8115
2020-01-13 12:06:00,10.8642
2020-01-13 12:07:00,10.9052
2020-01-13 12:08:00,10.9421
2020-01-13 12:09:00,10.9784
2020-01-13 12:10:00,11.0284
2020-01-13 12:11:00,11.0934
2020-01-13 12:12:00,11.1431
2020-01-13 12:13:00,11.1919
2020-01-13 12:14:00,11.2076
2020-01-13 12:15:00,11.2424
2020-01-13 12:16:00,11.2566
2020-01-13 12:17:00,11.2455
2020-01-13 12:18:00,11.2375
2020-01-13 12:19:00,11.2095
2020-01-13 12:20:00,11.1696
2020-01-13 12:21:00,11.1364
2020-01-13 12:22:00,11.116
2020-01-13 12:23:00,11.0773
2020-01-13 12:24:00,11.017
2020-01-13 12:25:00,10.9578
2020-01-13 12:26:00,10.8995
2020-01-13 12:27:00,10.8269
2020-01-13 12:28:00,10.7494
2020-01-13 12:29:00,10.7018
2020-01-13 12:30:00,10.6699
2020-01-13 12:31:00,10.6841
2020-01-13 12:32:00,10.7203
2020-01-13 12:33:00,10.7559
2020-01-13 12:34:00,10.8296
2020-01-13 12:35:00,10.9296
2020-01-13 12:36:00,11.0026
2020-01-13 12:37:00,11.1046
2020-01-13 12:38:00,11.2139
2020-01-13 12:39:00,11.3273
2020-01-13 12:40:00,11.4273
2020-01-13 12:41:00,11.4908
2020-01-13 12:42:00,11.5533
2020-01-13 12:43:00,11.6293
2020-01-13 12:44:00,11.7056
2020-01-13 12:45:00,11.8032
2020-01-13 12:46:00,11.9119
2020-01-13 12:47:00,12.0503
2020-01-13 12:48:00,12.1864
2020-01-13 12:49:00,12.3012
2020-01-13 12:50:00,12.3494
2020-01-13 12:51:00,12.4188
2020-01-13 12:52:00,12.5032
2020-01-13 12:53:00,12.5954
2020-01-13 12:54:00,12.6964
2020-01-13 12:55:00,12.772
2020-01-13 12:56:00,12.8463
2020-01-13 12:57:00,12.934
2020-01-13 12:58:00,13.027
2020-01-13 12:59:00,13.1033
2020-01-13 13:00:00,13.1394
2020-01-13 13:01:00,13.1748
2020-01-13 13:02:00,13.2242
2020-01-13 13:03:00,13.2181
2020-01-13 13:04:00,13.212
2020-01-13 13:05:00,13.1818
2020-01-13 13:06:00,13.1092
2020-01-13 13:07:00,13.0378
2020-01-13 13:08:00,13.003
2020-01-13 13:09:00,13.0103
2020-01-13 13:10:00,13.0437
2020-01-13 13:11:00,13.0475
2020-01-13 13:12:00,13.0587
2020-01-13 13:13:00,13.0958
2020-01-13 13:14:00,13.1324
2020-01-13 13:15:00,13.1479
2020-01-13 13:16:00,13.1379
2020-01-13 13:17:00,13.1339
2020-01-13 13:18:00,13.1534
2020-01-13 13:19:00,13.1725
2020-01-13 13:20:00,13.1993
2020-01-13 13:21:00,13.2683
2020-01-13 13:22:00,13.3697
2020-01-13 13:23:00,13.5398
2020-01-13 13:24:00,13.7069
2020-01-13 13:25:00,13.8713
2020-01-13 13:26:00,13.9567
2020-01-13 13:27:00,14.0406
2020-01-13 13:28:00,14.1341
2020-01-13 13:29:00,14.2261
2020-01-13 13:30:00,14.3022
2020-01-13 13:31:00,14.3278
2020-01-13 13:32:00,14.3529
2020-01-13 13:33:00,14.3291
2020-01-13 13:34:00,14.3056
2020-01-13 13:35:00,14.299
2020-01-13 13:36:00,14.2925
2020-01-13 13:37:00,14.2904
2020-01-13 13:38:00,14.2614
2020-01-13 13:39:00,14.2329
2020-01-13 13:40:00,14.2138
2020-01-13 13:41:00,14.2169
2020-01-13 13:42:00,14.2458
2020-01-13 13:43:00,14.2166
2020-01-13 13:44:00,14.1653
2020-01-13 13:45:00,14.1149
2020-01-13 13:46:00,14.0927
2020-01-13 13:47:00,14.0678
2020-01-13 13:48:00,14.0841
2020-01-13 13:49:00,14.1082
2020-01-13 13:50:00,14.1407
2020-01-13 13:51:00,14.1562
2020-01-13 13:52:00,14.185
2020-01-13 13:53:00,14.2133
2020-01-13 13:54:00,14.257
2020-01-13 13:55:00,14.2867
2020-01-13 13:56:00,14.3478
2020-01-13 13:57:00,14.4213
2020-01-13 13:58:00,14.4858
2020-01-13 13:59:00,14.5037
2020-01-13 14:00:00,14.4833
2020-01-13 14:01:00,14.4261
2020-01-13 14:02:00,14.2986
2020-01-13 14:03:00,14.1542
2020-01-13 14:04:00,13.9912
2020-01-13 14:05:00,13.8867
2020-01-13 14:06:00,13.8036
2020-01-13 14:07:00,13.7834
2020-01-13 14:08:00,13.8222
2020-01-13 14:09:00,13.8848
2020-01-13 14:10:00,13.9463
2020-01-13 14:11:00,14.0069
2020-01-13 14:12:00,14.0794
2020-01-13 14:13:00,14.1319
2020-01-13 14:14:00,14.2055
2020-01-13 14:15:00,14.5577
2020-01-13 14:16:00,14.904
2020-01-13 14:17:00,15.2915
2020-01-13 14:18:00,15.6883
2020-01-13 14:19:00,16.1238
2020-01-13 14:20:00,16.5594
2020-01-13 14:21:00,16.9697
2020-01-13 14:22:00,17.3732
2020-01-13 14:23:00,17.79
2020-01-13 14:24:00,18.2214
2020-01-13 14:25:00,18.658
2020-01-13 14:26:00,19.0206
2020-01-13 14:27:00,19.3842
2020-01-13 14:28:00,19.7469
2020-01-13 14:29:00,20.1382
2020-01-13 14:30:00,20.5374
2020-01-13 14:31:00,20.8934
2020-01-13 14:32:00,21.2673
2020-01-13 14:33:00,21.6379
2020-01-13 14:34:00,22.0023
2020-01-13 14:35:00,22.3051
2020-01-13 14:36:00,22.5908
2020-01-13 14:37:00,22.8234
2020-01-13 14:38:00,22.9937
2020-01-13 14:39:00,23.164
2020-01-13 14:40:00,23.3489
2020-01-13 14:41:00,23.5131
2020-01-13 14:42:00,23.6452
2020-01-13 14:43:00,23.7842
2020-01-13 14:44:00,23.8685
2020-01-13 14:45:00,23.9456
2020-01-13 14:46:00,24.05
2020-01-13 14:47:00,24.1123
2020-01-13 14:48:00,24.1768
2020-01-13 14:49:00,24.25
2020-01-13 14:50:00,24.3509
2020-01-13 14:51:00,24.4812
2020-01-13 14:52:00,24.5712
2020-01-13 14:53:00,24.6615
2020-01-13 14:54:00,24.7504
2020-01-13 14:55:00,24.8603
2020-01-13 14:56:00,24.9872
2020-01-13 14:57:00,25.1366
2020-01-13 14:58:00,25.2986
2020-01-13 14:59:00,25.4393
2020-01-13 15:00:00,25.5838
2020-01-13 15:01:00,25.7008
2020-01-13 15:02:00,25.819
2020-01-13 15:03:00,25.9385
2020-01-13 15:04:00,26.0592
2020-01-13 15:05:00,26.178
2020-01-13 15:06:00,26.2298
2020-01-13 15:07:00,26.249
2020-01-13 15:08:00,26.2751
2020-01-13 15:09:00,26.3187
2020-01-13 15:10:00,26.3358
2020-01-13 15:11:00,26.302
2020-01-13 15:12:00,26.2532
2020-01-13 15:13:00,26.1237
2020-01-13 15:14:00,25.9904
2020-01-13 15:15:00,25.8593
2020-01-13 15:16:00,25.78
2020-01-13 15:17:00,25.6641
2020-01-13 15:18:00,25.5662
2020-01-13 15:19:00,25.47
2020-01-13 15:20:00,25.3754
2020-01-13 15:21:00,25.3268
2020-01-13 15:22:00,25.2986
2020-01-13 15:23:00,25.2864
2020-01-13 15:24:00,25.3546
2020-01-13 15:25:00,25.4285
2020-01-13 15:26:00,25.4695
2020-01-13 15:27:00,25.4909
2020-01-13 15:28:00,25.4382
2020-01-13 15:29:00,25.3804
2020-01-13 15:30:00,25.3935
2020-01-13 15:31:00,25.4064
2020-01-13 15:32:00,25.4263
2020-01-13 15:33:00,25.5045
2020-01-13 15:34:00,25.5946
2020-01-13 15:35:00,25.6866
2020-01-13 15:36:00,25.7803
2020-01-13 15:37:00,25.8343
2020-01-13 15:38:00,25.8873
2020-01-13 15:39:00,25.9394
2020-01-13 15:40:00,26.0085
2020-01-13 15:41:00,26.0765
2020-01-13 15:42:00,26.0651
2020-01-13 15:43:00,26.0474
2020-01-13 15:44:00,26.1681
2020-01-13 15:45:00,26.3229
2020-01-13 15:46:00,26.4445
2020-01-13 15:47:00,26.6053
2020-01-13 15:48:00,26.7634
2020-01-13 15:49:00,26.9233
2020-01-13 15:50:00,27.0972
2020-01-13 15:51:00,27.2988
2020-01-13 15:52:00,27.4997
2020-01-13 15:53:00,27.7355
2020-01-13 15:54:00,28.0457
2020-01-13 15:55:00,28.4165
2020-01-13 15:56:00,28.7851
2020-01-13 15:57:00,29.1515
2020-01-13 15:58:00,29.5431
2020-01-13 15:59:00,29.9281
2020-01-13 16:00:00,30.3219
2020-01-14 09:31:00,30.7715
2020-01-14 09:32:00,31.033
2020-01-14 09:33:00,31.1933
2020-01-14 09:34:00,31.2711
2020-01-14 09:35:00,31.3476
2020-01-14 09:36:00,31.4363
2020-01-14 09:37:00,31.3741
2020-01-14 09:38:00,31.3574
2020-01-14 09:39:00,31.4223
2020-01-14 09:40:00,31.5116
2020-01-14 09:41:00,31.5218
2020-01-14 09:42:00,31.4013
2020-01-14 09:43:00,31.2255
2020-01-14 09:44:00,31.0177
2020-01-14 09:45:00,30.8492
2020-01-14 09:46:00,30.6834
2020-01-14 09:47:00,30.5306
2020-01-14 09:48:00,30.3184
2020-01-14 09:49:00,30.0324
2020-01-14 09:50:00,29.6537
2020-01-14 09:51:00,29.2349
2020-01-14 09:52:00,28.772
2020-01-14 09:53:00,28.324
2020-01-14 09:54:00,27.8574
2020-01-14 09:55:00,27.4236
2020-01-14 09:56:00,27.0022
2020-01-14 09:57:00,26.7266
2020-01-14 09:58:00,26.4948
2020-01-14 09:59:00,26.3515
2020-01-14 10:00:00,26.2215
2020-01-14 10:01:00,25.9594
2020-01-14 10:02:00,25.6525
2020-01-14 10:03:00,25.3107
2020-01-14 10:04:00,24.8927
2020-01-14 10:05:00,24.4787
2020-01-14 10:06:00,24.1021
2020-01-14 10:07:00,23.7142
2020-01-14 10:08:00,23.3587
2020-01-14 10:09:00,23.0097
2020-01-14 10:10:00,22.7191
2020-01-14 10:11:00,22.4334
2020-01-14 10:12:00,22.1503
2020-01-14 10:13:00,21.8698
2020-01-14 10:14:00,21.5747
2020-01-14 10:15:00,21.3933
2020-01-14 10:16:00,21.215
2020-01-14 10:17:00,21.0331
2020-01-14 10:18:00,20.9678
2020-01-14 10:19:00,20.9037
2020-01-14 10:20:00,20.8106
2020-01-14 10:21:00,20.6724
2020-01-14 10:22:00,20.5498
2020-01-14 10:23:00,20.4325
2020-01-14 10:24:00,20.2759
2020-01-14 10:25:00,20.1374
2020-01-14 10:26:00,20.0414
2020-01-14 10:27:00,19.9504
2020-01-14 10:28:00,19.8586
2020-01-14 10:29:00,19.8017
2020-01-14 10:30:00,19.7589
2020-01-14 10:31:00,19.7283
2020-01-14 10:32:00,19.7273
2020-01-14 10:33:00,19.7981
2020-01-14 10:34:00,19.8676
2020-01-14 10:35:00,19.9479
2020-01-14 10:36:00,20.0048
2020-01-14 10:37:00,20.0437
2020-01-14 10:38:00,20.0506
2020-01-14 10:39:00,20.0429
2020-01-14 10:40:00,20.066
2020-01-14 10:41:00,20.055
2020-01-14 10:42:00,19.9767
2020-01-14 10:43:00,19.8997
2020-01-14 10:44:00,19.8308
2020-01-14 10:45:00,19.7664
2020-01-14 10:46:00,19.6495
2020-01-14 10:47:00,19.483
2020-01-14 10:48:00,19.2951
2020-01-14 10:49:00,19.1141
2020-01-14 10:50:00,18.8309
2020-01-14 10:51:00,18.5228
2020-01-14 10:52:00,18.2279
2020-01-14 10:53:00,17.9948
2020-01-14 10:54:00,17.782
2020-01-14 10:55:00,17.5424
2020-01-14 10:56:00,17.3563
2020-01-14 10:57:00,17.1557
2020-01-14 10:58:00,16.8967
2020-01-14 10:59:00,16.6311
2020-01-14 11:00:00,16.3564
2020-01-14 11:01:00,16.0986
2020-01-14 11:02:00,15.8903
2020-01-14 11:03:00,15.656
2020-01-14 11:04:00,15.4354
2020-01-14 11:06:00,15.1903
2020-01-14 11:07:00,14.989
2020-01-14 11:08:00,14.7986
2020-01-14 11:09:00,14.6012
2020-01-14 11:10:00,14.3909
2020-01-14 11:11:00,14.1561
2020-01-14 11:12:00,13.9221
2020-01-14 11:13:00,13.709
2020-01-14 11:14:00,13.4995
2020-01-14 11:15:00,13.3257
2020-01-14 11:16:00,13.1547
2020-01-14 11:17:00,12.9978
2020-01-14 11:18:00,12.8284
2020-01-14 11:19:00,12.6617
2020-01-14 11:20:00,12.4823
2020-01-14 11:21:00,12.2795
2020-01-14 11:22:00,12.189
2020-01-14 11:23:00,12.1
2020-01-14 11:24:00,11.9324
2020-01-14 11:25:00,11.7676
2020-01-14 11:26:00,11.5741
2020-01-14 11:27:00,11.4265
2020-01-14 11:28:00,11.2814
2020-01-14 11:29:00,11.1448
2020-01-14 11:30:00,11.0105
2020-01-14 11:31:00,10.8992
2020-01-14 11:32:00,10.7979
2020-01-14 11:33:00,10.7027
2020-01-14 11:34:00,10.6195
2020-01-14 11:35:00,10.5235
2020-01-14 11:36:00,10.3804
2020-01-14 11:37:00,10.2215
2020-01-14 11:38:00,10.0653
2020-01-14 11:39:00,9.8995
2020-01-14 11:40:00,9.7571
2020-01-14 11:41:00,9.6044
2020-01-14 11:42:00,9.5099
2020-01-14 11:43:00,9.4804
2020-01-14 11:44:00,9.4513
2020-01-14 11:45:00,9.4595
2020-01-14 11:46:00,9.4077
2020-01-14 11:47:00,9.3086
2020-01-14 11:48:00,9.2094
2020-01-14 11:49:00,9.1246
2020-01-14 11:50:00,9.0389
2020-01-14 11:51:00,8.8884
2020-01-14 11:52:00,8.7729
2020-01-14 11:53:00,8.6594
2020-01-14 11:54:00,8.5255
2020-01-14 11:55:00,8.4073
2020-01-14 11:56:00,8.3392
2020-01-14 11:57:00,8.2723
2020-01-14 11:58:00,8.2298
2020-01-14 11:59:00,8.2323
2020-01-14 12:00:00,8.2988
2020-01-14 12:01:00,8.3445
2020-01-14 12:02:00,8.3893
2020-01-14 12:03:00,8.4335
2020-01-14 12:04:00,8.4769
2020-01-14 12:05:00,8.4737
2020-01-14 12:06:00,8.4707
2020-01-14 12:07:00,8.4129
2020-01-14 12:08:00,8.332
2020-01-14 12:09:00,8.2744
2020-01-14 12:10:00,8.2243
2020-01-14 12:11:00,8.1533
2020-01-14 12:12:00,8.0799
2020-01-14 12:13:00,8.017
2020-01-14 12:14:00,7.8966
2020-01-14 12:15:00,7.7818
2020-01-14 12:16:00,7.6689
2020-01-14 12:17:00,7.5818
2020-01-14 12:18:00,7.5266
2020-01-14 12:19:00,7.4723
2020-01-14 12:20:00,7.4009
2020-01-14 12:21:00,7.3306
2020-01-14 12:22:00,7.2713
2020-01-14 12:23:00,7.1971
2020-01-14 12:24:00,7.1135
2020-01-14 12:25:00,7.034
2020-01-14 12:26:00,6.9503
2020-01-14 12:27:00,6.8984
2020-01-14 12:28:00,6.8854
2020-01-14 12:29:00,6.8899
2020-01-14 12:30:00,6.9165
2020-01-14 12:31:00,6.9354
2020-01-14 12:32:00,6.9706
2020-01-14 12:33:00,7.023
2020-01-14 12:34:00,7.0506
2020-01-14 12:35:00,7.1002
2020-01-14 12:36:00,7.1563
2020-01-14 12:37:00,7.1641
2020-01-14 12:38:00,7.1443
2020-01-14 12:39:00,7.1073
2020-01-14 12:40:00,7.0709
2020-01-14 12:41:00,7.0592
2020-01-14 12:42:00,7.0893
2020-01-14 12:43:00,7.1292
2020-01-14 12:44:00,7.1837
2020-01-14 12:45:00,7.2185
2020-01-14 12:46:00,7.2496
2020-01-14 12:47:00,7.296
2020-01-14 12:48:00,7.3626
2020-01-14 12:49:00,7.4447
2020-01-14 12:50:00,7.5451
2020-01-14 12:51:00,7.6816
2020-01-14 12:52:00,7.7989
2020-01-14 12:53:00,7.8905
2020-01-14 12:54:00,7.9883
2020-01-14 12:55:00,8.064
2020-01-14 12:56:00,8.1411
2020-01-14 12:57:00,8.217
2020-01-14 12:58:00,8.3369
2020-01-14 12:59:00,8.4441
2020-01-14 13:00:00,8.5352
2020-01-14 13:01:00,8.5519
2020-01-14 13:02:00,8.494
2020-01-14 13:03:00,8.4054
2020-01-14 13:04:00,8.3182
2020-01-14 13:05:00,8.2759
2020-01-14 13:06:00,8.2371
2020-01-14 13:07:00,8.1732
2020-01-14 13:08:00,8.0466
2020-01-14 13:09:00,7.9397
2020-01-14 13:10:00,7.8248
2020-01-14 13:11:00,7.711
2020-01-14 13:12:00,7.6513
2020-01-14 13:13:00,7.6068
2020-01-14 13:14:00,7.5526
2020-01-14 13:15:00,7.511
2020-01-14 13:16:00,7.4654
2020-01-14 13:17:00,7.3517
2020-01-14 13:18:00,7.2337
2020-01-14 13:19:00,7.1184
2020-01-14 13:20:00,7.0173
2020-01-14 13:21:00,6.9053
2020-01-14 13:22:00,6.8077
2020-01-14 13:23:00,6.7181
2020-01-14 13:24:00,6.6212
2020-01-14 13:25:00,6.5452
2020-01-14 13:26:00,6.4738
2020-01-14 13:27:00,6.3665
2020-01-14 13:28:00,6.2764
2020-01-14 13:29:00,6.2426
2020-01-14 13:30:00,6.2094
2020-01-14 13:31:00,6.2238
2020-01-14 13:32:00,6.2513
2020-01-14 13:33:00,6.2925
2020-01-14 13:34:00,6.3076
2020-01-14 13:35:00,6.3381
2020-01-14 13:36:00,6.3681
2020-01-14 13:37:00,6.4913
2020-01-14 13:38:00,6.7363
2020-01-14 13:39:00,6.9773
2020-01-14 13:44:00,7.3538
2020-01-14 13:45:00,7.7127
2020-01-14 13:46:00,8.0707
2020-01-14 13:47:00,8.3216
2020-01-14 13:48:00,8.5683
2020-01-14 13:49:00,8.8239
2020-01-14 13:50:00,9.0019
2020-01-14 13:51:00,9.1599
2020-01-14 13:52:00,9.3191
2020-01-14 13:53:00,9.5405
2020-01-14 13:54:00,9.7582
2020-01-14 13:55:00,10.0482
2020-01-14 13:56:00,10.4109
2020-01-14 13:57:00,10.5619
2020-01-14 13:58:00,10.7105
2020-01-14 13:59:00,10.8696
2020-01-14 14:00:00,11.041
2020-01-14 14:01:00,11.2071
2020-01-14 14:02:00,11.3374
2020-01-14 14:03:00,11.4992
2020-01-14 14:04:00,11.7126
2020-01-14 14:05:00,11.9484
2020-01-14 14:06:00,12.1473
2020-01-14 14:07:00,12.3429
2020-01-14 14:08:00,12.4604
2020-01-14 14:09:00,12.6493
2020-01-14 14:10:00,12.835
2020-01-14 14:11:00,13.0176
2020-01-14 14:12:00,13.2156
2020-01-14 14:13:00,13.4328
2020-01-14 14:14:00,13.6768
2020-01-14 14:15:00,13.8959
2020-01-14 14:16:00,13.9671
2020-01-14 14:17:00,14.0371
2020-01-14 14:18:00,14.1107
2020-01-14 14:19:00,14.1808
2020-01-14 14:20:00,14.2643
2020-01-14 14:21:00,14.353
2020-01-14 14:22:00,14.4533
2020-01-14 14:23:00,14.473
2020-01-14 14:24:00,14.4924
2020-01-14 14:25:00,14.4538
2020-01-14 14:26:00,14.3802
2020-01-14 14:27:00,14.2503
2020-01-14 14:28:00,14.1011
2020-01-14 14:29:00,13.9712
2020-01-14 14:30:00,13.8434
2020-01-14 14:31:00,13.6945
2020-01-14 14:32:00,13.5328
2020-01-14 14:33:00,13.4601
2020-01-14 14:34:00,13.3885
2020-01-14 14:35:00,13.3064
2020-01-14 14:36:00,13.2039
2020-01-14 14:37:00,13.1165
2020-01-14 14:38:00,13.0186
2020-01-14 14:39:00,12.9631
2020-01-14 14:40:00,12.9086
2020-01-14 14:41:00,12.8405
2020-01-14 14:42:00,12.7736
2020-01-14 14:43:00,12.7003
2020-01-14 14:44:00,12.6601
2020-01-14 14:45:00,12.6397
2020-01-14 14:46:00,12.5936
2020-01-14 14:47:00,12.556
2020-01-14 14:48:00,12.5251
2020-01-14 14:49:00,12.4595
2020-01-14 14:50:00,12.348
2020-01-14 14:51:00,12.2123
2020-01-14 14:52:00,12.0592
2020-01-14 14:53:00,11.9184
2020-01-14 14:54:00,11.7839
2020-01-14 14:55:00,11.6412
2020-01-14 14:56:00,11.4793
2020-01-14 14:57:00,11.3321
2020-01-14 14:58:00,11.1528
2020-01-14 14:59:00,11.0652
2020-01-14 15:00:00,10.9853
2020-01-14 15:01:00,10.8686
2020-01-14 15:02:00,10.7746
2020-01-14 15:03:00,10.6826
2020-01-14 15:04:00,10.5706
2020-01-14 15:05:00,10.4624
2020-01-14 15:06:00,10.3697
2020-01-14 15:07:00,10.2495
2020-01-14 15:08:00,10.1313
2020-01-14 15:09:00,10.0488
2020-01-14 15:10:00,9.9899
2020-01-14 15:11:00,9.9115
2020-01-14 15:12:00,9.8725
2020-01-14 15:13:00,9.8361
2020-01-14 15:14:00,9.8222
2020-01-14 15:15:00,9.7848
2020-01-14 15:16:00,9.7479
2020-01-14 15:17:00,9.6603
2020-01-14 15:18:00,9.5718
2020-01-14 15:19:00,9.4526
2020-01-14 15:20:00,9.3497
2020-01-14 15:21:00,9.2645
2020-01-14 15:22:00,9.1736
2020-01-14 15:23:00,9.0887
2020-01-14 15:24:00,9.0004
2020-01-14 15:25:00,8.927
2020-01-14 15:26:00,8.8818
2020-01-14 15:27:00,8.8976
2020-01-14 15:28:00,8.8929
2020-01-14 15:29:00,8.9177
2020-01-14 15:30:00,8.942
2020-01-14 15:31:00,8.9878
2020-01-14 15:32:00,9.0039
2020-01-14 15:33:00,9.0093
2020-01-14 15:34:00,8.9938
2020-01-14 15:35:00,9.0176
2020-01-14 15:36:00,9.0384
2020-01-14 15:37:00,9.0116
2020-01-14 15:38:00,8.9546
2020-01-14 15:39:00,8.8985
2020-01-14 15:40:00,8.8712
2020-01-14 15:41:00,8.7891
2020-01-14 15:42:00,8.6826
2020-01-14 15:43:00,8.5462
2020-01-14 15:44:00,8.4333
2020-01-14 15:45:00,8.3222
2020-01-14 15:46:00,8.1864
2020-01-14 15:47:00,8.0841
2020-01-14 15:48:00,7.9883
2020-01-14 15:49:00,7.8666
2020-01-14 15:50:00,7.8003
2020-01-14 15:51:00,7.8843
2020-01-14 15:52:00,8.0008
2020-01-14 15:53:00,8.1192
2020-01-14 15:54:00,8.1901
2020-01-14 15:55:00,8.296
2020-01-14 15:56:00,8.4001
2020-01-14 15:57:00,8.5025
2020-01-14 15:58:00,8.6051
2020-01-14 15:59:00,8.6902
2020-01-14 16:00:00,8.7299
2020-01-15 09:31:00,8.8962
2020-01-15 09:32:00,9.0597
2020-01-15 09:33:00,9.1465
2020-01-15 09:34:00,9.2318
2020-01-15 09:35:00,9.3158
2020-01-15 09:36:00,9.2466
2020-01-15 09:37:00,9.1402
2020-01-15 09:38:00,9.0355
2020-01-15 09:39:00,8.984
2020-01-15 09:40:00,8.8884
2020-01-15 09:41:00,8.7945
2020-01-15 09:42:00,8.7093
2020-01-15 09:43:00,8.6974
2020-01-15 09:44:00,8.6856
2020-01-15 09:45:00,8.6388
2020-01-15 09:46:00,8.6487
2020-01-15 09:47:00,8.6719
2020-01-15 09:48:00,8.679
2020-01-15 09:49:00,8.7068
2020-01-15 09:50:00,8.6396
2020-01-15 09:51:00,8.5661
2020-01-15 09:52:00,8.4505
2020-01-15 09:53:00,8.3106
2020-01-15 09:54:00,8.1988
2020-01-15 09:55:00,8.1267
2020-01-15 09:56:00,8.1051
2020-01-15 09:57:00,8.0858
2020-01-15 09:58:00,8.0872
2020-01-15 09:59:00,8.1318
2020-01-15 10:00:00,8.1998
2020-01-15 10:01:00,8.2252
2020-01-15 10:02:00,8.2151
2020-01-15 10:03:00,8.1956
2020-01-15 10:04:00,8.1875
2020-01-15 10:05:00,8.1925
2020-01-15 10:06:00,8.1649
2020-01-15 10:07:00,8.1377
2020-01-15 10:08:00,8.1257
2020-01-15 10:09:00,8.1623
2020-01-15 10:10:00,8.202
2020-01-15 10:11:00,8.254
2020-01-15 10:12:00,8.2618
2020-01-15 10:13:00,8.234
2020-01-15 10:14:00,8.2144
2020-01-15 10:15:00,8.1951
2020-01-15 10:16:00,8.1362
2020-01-15 10:17:00,8.063
2020-01-15 10:18:00,8.0389
2020-01-15 10:19:00,8.0592
2020-01-15 10:20:00,8.0839
2020-01-15 10:21:00,8.0159
2020-01-15 10:22:00,7.9489
2020-01-15 10:23:00,7.8555
2020-01-15 10:24:00,7.741
2020-01-15 10:25:00,7.6718
2020-01-15 10:26:00,7.6221
2020-01-15 10:27:00,7.5584
2020-01-15 10:28:00,7.4957
2020-01-15 10:29:00,7.45
2020-01-15 10:30:00,7.4051
2020-01-15 10:31:00,7.3301
2020-01-15 10:32:00,7.2849
2020-01-15 10:33:00,7.2104
2020-01-15 10:34:00,7.1213
2020-01-15 10:35:00,7.0604
2020-01-15 10:36:00,6.9512
2020-01-15 10:37:00,6.8684
2020-01-15 10:38:00,6.8114
2020-01-15 10:39:00,6.7595
2020-01-15 10:40:00,6.6595
2020-01-15 10:41:00,6.5735
2020-01-15 10:42:00,6.4662
2020-01-15 10:43:00,6.3728
2020-01-15 10:44:00,6.2687
2020-01-15 10:45:00,6.1665
2020-01-15 10:46:00,6.0701
2020-01-15 10:47:00,5.984
2020-01-15 10:48:00,5.8859
2020-01-15 10:49:00,5.817
2020-01-15 10:50:00,5.7425
2020-01-15 10:51:00,5.6646
2020-01-15 10:52:00,5.628
2020-01-15 10:53:00,5.5919
2020-01-15 10:54:00,5.5698
2020-01-15 10:55:00,5.5099
2020-01-15 10:56:00,5.451
2020-01-15 10:57:00,5.4023
2020-01-15 10:58:00,5.3659
2020-01-15 10:59:00,5.3302
2020-01-15 11:00:00,5.3231
2020-01-15 11:01:00,5.3525
2020-01-15 11:02:00,5.3332
2020-01-15 11:03:00,5.2588
2020-01-15 11:04:00,5.1872
2020-01-15 11:05:00,5.106
2020-01-15 11:06:00,5.0275
2020-01-15 11:07:00,5.0143
2020-01-15 11:08:00,4.9916
2020-01-15 11:09:00,4.9692
2020-01-15 11:10:00,4.9656
2020-01-15 11:11:00,4.9804
2020-01-15 11:12:00,5.0396
2020-01-15 11:13:00,5.0978
2020-01-15 11:14:00,5.0497
2020-01-15 11:15:00,4.9672
2020-01-15 11:16:00,4.9216
2020-01-15 11:17:00,4.8926
2020-01-15 11:18:00,4.8435
2020-01-15 11:19:00,4.7881
2020-01-15 11:20:00,4.7406
2020-01-15 11:21:00,4.6793
2020-01-15 11:22:00,4.615
2020-01-15 11:23:00,4.566
2020-01-15 11:24:00,4.5179
2020-01-15 11:25:00,4.494
2020-01-15 11:26:00,4.4552
2020-01-15 11:27:00,4.417
2020-01-15 11:28:00,4.3691
2020-01-15 11:29:00,4.3471
2020-01-15 11:30:00,4.4154
2020-01-15 11:31:00,4.5137
2020-01-15 11:32:00,4.6105
2020-01-15 11:33:00,4.6755
2020-01-15 11:34:00,4.7314
2020-01-15 11:35:00,4.7645
2020-01-15 11:36:00,4.7467
2020-01-15 11:37:00,4.7291
2020-01-15 11:38:00,4.7119
2020-01-15 11:39:00,4.6484
2020-01-15 11:40:00,4.5765
2020-01-15 11:41:00,4.5462
2020-01-15 11:42:00,4.5173
2020-01-15 11:43:00,4.4887
2020-01-15 11:44:00,4.436
2020-01-15 11:45:00,4.3734
2020-01-15 11:46:00,4.3037
2020-01-15 11:47:00,4.2351
2020-01-15 11:48:00,4.2136
2020-01-15 11:49:00,4.2341
2020-01-15 11:50:00,4.2513
2020-01-15 11:51:00,4.1948
2020-01-15 11:52:00,4.1392
2020-01-15 11:53:00,4.0738
2020-01-15 11:54:00,4.0094
2020-01-15 11:55:00,4.0276
2020-01-15 11:56:00,4.0454
2020-01-15 11:57:00,4.0488
2020-01-15 11:58:00,4.0599
2020-01-15 11:59:00,4.156
2020-01-15 12:00:00,4.2506
2020-01-15 12:01:00,4.3436
2020-01-15 12:02:00,4.44
2020-01-15 12:03:00,4.5225
2020-01-15 12:04:00,4.6214
2020-01-15 12:05:00,4.7313
2020-01-15 12:06:00,4.7867
2020-01-15 12:07:00,4.7709
2020-01-15 12:08:00,4.752
2020-01-15 12:09:00,4.7496
2020-01-15 12:10:00,4.8045
2020-01-15 12:11:00,4.8585
2020-01-15 12:12:00,4.8641
2020-01-15 12:13:00,4.8435
2020-01-15 12:14:00,4.833
2020-01-15 12:15:00,4.774
2020-01-15 12:16:00,4.702
2020-01-15 12:17:00,4.6659
2020-01-15 12:18:00,4.6305
2020-01-15 12:19:00,4.5912
2020-01-15 12:20:00,4.6021
2020-01-15 12:21:00,4.6127
2020-01-15 12:22:00,4.5799
2020-01-15 12:23:00,4.5287
2020-01-15 12:24:00,4.4839
2020-01-15 12:25:00,4.4514
2020-01-15 12:26:00,4.3838
2020-01-15 12:27:00,4.3586
2020-01-15 12:28:00,4.3189
2020-01-15 12:29:00,4.2998
2020-01-15 12:30:00,4.2838
2020-01-15 12:31:00,4.2681
2020-01-15 12:32:00,4.2164
2020-01-15 12:33:00,4.1655
2020-01-15 12:34:00,4.0975
2020-01-15 12:35:00,4.0605
2020-01-15 12:36:00,4.0761
2020-01-15 12:37:00,4.037
2020-01-15 12:38:00,3.9867
2020-01-15 12:39:00,3.9688
2020-01-15 12:40:00,3.904
2020-01-15 12:41:00,3.8402
2020-01-15 12:42:00,3.8041
2020-01-15 12:43:00,3.7592
2020-01-15 12:44:00,3.703
2020-01-15 12:45:00,3.6496
2020-01-15 12:46:00,3.6046
2020-01-15 12:47:00,3.5724
2020-01-15 12:48:00,3.5221
2020-01-15 12:49:00,3.4726
2020-01-15 12:50:00,3.4872
2020-01-15 12:51:00,3.5043
2020-01-15 12:52:00,3.5417
2020-01-15 12:53:00,3.6644
2020-01-15 12:54:00,3.7851
2020-01-15 12:55:00,3.8904
2020-01-15 12:56:00,4.0014
2020-01-15 12:57:00,4.1106
2020-01-15 12:58:00,4.2007
2020-01-15 12:59:00,4.2893
2020-01-15 13:00:00,4.3658
2020-01-15 13:01:00,4.5067
2020-01-15 13:02:00,4.659
2020-01-15 13:03:00,4.8088
2020-01-15 13:04:00,4.8778
2020-01-15 13:05:00,4.9814
2020-01-15 13:06:00,5.0255
2020-01-15 13:07:00,5.0688
2020-01-15 13:08:00,5.1996
2020-01-15 13:09:00,5.3397
2020-01-15 13:10:00,5.487
2020-01-15 13:11:00,5.5637
2020-01-15 13:12:00,5.6502
2020-01-15 13:13:00,5.7348
2020-01-15 13:14:00,5.7231
2020-01-15 13:15:00,5.708
2020-01-15 13:16:00,5.6945
2020-01-15 13:17:00,5.6402
2020-01-15 13:18:00,5.5804
2020-01-15 13:19:00,5.5277
2020-01-15 13:20:00,5.4441
2020-01-15 13:21:00,5.3666
2020-01-15 13:22:00,5.3045
2020-01-15 13:23:00,5.3015
2020-01-15 13:24:00,5.3105
2020-01-15 13:25:00,5.3568
2020-01-15 13:26:00,5.4399
2020-01-15 13:27:00,5.5215
2020-01-15 13:28:00,5.6009
2020-01-15 13:29:00,5.6919
2020-01-15 13:30:00,5.7814
2020-01-15 13:31:00,5.8191
2020-01-15 13:32:00,5.8333
2020-01-15 13:33:00,5.8465
2020-01-15 13:34:00,6.0543
2020-01-15 13:35:00,6.2586
2020-01-15 13:36:00,6.4596
2020-01-15 13:37:00,6.6283
2020-01-15 13:38:00,6.7728
2020-01-15 13:39:00,6.9149
2020-01-15 13:40:00,7.0572
2020-01-15 13:41:00,7.1678
2020-01-15 13:42:00,7.2821
2020-01-15 13:43:00,7.3946
2020-01-15 13:44:00,7.5332
2020-01-15 13:45:00,7.7485
2020-01-15 13:46:00,7.9849
2020-01-15 13:47:00,8.2097
2020-01-15 13:48:00,8.4308
2020-01-15 13:49:00,8.6473
2020-01-15 13:50:00,8.8778
2020-01-15 13:51:00,9.1003
2020-01-15 13:52:00,9.4187
2020-01-15 13:53:00,9.7777
2020-01-15 13:54:00,10.203
2020-01-15 13:55:00,10.6345
2020-01-15 13:56:00,11.0588
2020-01-15 13:57:00,11.412
2020-01-15 13:58:00,11.7675
2020-01-15 13:59:00,12.119
2020-01-15 14:00:00,12.3527
2020-01-15 14:01:00,12.5604
2020-01-15 14:02:00,12.778
2020-01-15 14:03:00,12.9299
2020-01-15 14:04:00,13.0336
2020-01-15 14:05:00,13.1286
2020-01-15 14:06:00,13.222
2020-01-15 14:07:00,13.3308
2020-01-15 14:08:00,13.3813
2020-01-15 14:09:00,13.4239
2020-01-15 14:10:00,13.3686
2020-01-15 14:11:00,13.3142
2020-01-15 14:12:00,13.2607
2020-01-15 14:13:00,13.2323
2020-01-15 14:14:00,13.2043
2020-01-15 14:15:00,13.1602
2020-01-15 14:16:00,13.1196
2020-01-15 14:17:00,13.0909
2020-01-15 14:18:00,13.1012
2020-01-15 14:19:00,13.1113
2020-01-15 14:20:00,13.1032
2020-01-15 14:21:00,13.063
2020-01-15 14:22:00,13.0571
2020-01-15 14:23:00,13.0514
2020-01-15 14:24:00,13.0311
2020-01-15 14:25:00,13.0504
2020-01-15 14:26:00,13.0693
2020-01-15 14:27:00,13.0618
2020-01-15 14:28:00,13.0285
2020-01-15 14:29:00,12.9958
2020-01-15 14:30:00,12.9159
2020-01-15 14:31:00,12.8373
2020-01-15 14:32:00,12.7816
2020-01-15 14:33:00,12.727
2020-01-15 14:34:00,12.6795
2020-01-15 14:35:00,12.5511
2020-01-15 14:36:00,12.425
2020-01-15 14:37:00,12.3009
2020-01-15 14:38:00,12.1352
2020-01-15 14:39:00,11.9494
2020-01-15 14:40:00,11.7701
2020-01-15 14:41:00,11.5761
2020-01-15 14:42:00,11.402
2020-01-15 14:43:00,11.2307
2020-01-15 14:44:00,11.0499
2020-01-15 14:45:00,10.8722
2020-01-15 14:46:00,10.6974
2020-01-15 14:47:00,10.5673
2020-01-15 14:48:00,10.3984
2020-01-15 14:49:00,10.2359
2020-01-15 14:50:00,10.1122
2020-01-15 14:51:00,10.0152
2020-01-15 14:52:00,9.9441
2020-01-15 14:53:00,9.8743
2020-01-15 14:54:00,9.7667
2020-01-15 14:55:00,9.6494
2020-01-15 14:56:00,9.5074
2020-01-15 14:57:00,9.4393
2020-01-15 14:58:00,9.3964
2020-01-15 14:59:00,9.4103
2020-01-15 15:00:00,9.462
2020-01-15 15:01:00,9.5463
2020-01-15 15:02:00,9.6293
2020-01-15 15:03:00,9.7323
2020-01-15 15:04:00,9.821
2020-01-15 15:05:00,9.916
2020-01-15 15:06:00,10.0518
2020-01-15 15:07:00,10.1666
2020-01-15 15:08:00,10.2795
2020-01-15 15:09:00,10.3905
2020-01-15 15:10:00,10.5911
2020-01-15 15:11:00,10.7883
2020-01-15 15:12:00,10.9823
2020-01-15 15:13:00,11.2545
2020-01-15 15:14:00,11.5271
2020-01-15 15:15:00,11.7589
2020-01-15 15:16:00,12.0132
2020-01-15 15:17:00,12.311
2020-01-15 15:18:00,12.5948
2020-01-15 15:19:00,12.9138
2020-01-15 15:20:00,13.2276
2020-01-15 15:21:00,13.536
2020-01-15 15:22:00,13.854
2020-01-15 15:23:00,14.1928
2020-01-15 15:24:00,14.5757
2020-01-15 15:25:00,14.9521
2020-01-15 15:26:00,15.2794
2020-01-15 15:27:00,15.6238
2020-01-15 15:28:00,16.0497
2020-01-15 15:29:00,16.4684
2020-01-15 15:30:00,16.8056
2020-01-15 15:31:00,17.1981
2020-01-15 15:32:00,17.572
2020-01-15 15:33:00,18.045
2020-01-15 15:34:00,18.593
2020-01-15 15:35:00,19.0686
2020-01-15 15:36:00,19.4063
2020-01-15 15:37:00,19.6724
2020-01-15 15:38:00,19.9406
2020-01-15 15:39:00,20.16
2020-01-15 15:40:00,20.3555
2020-01-15 15:41:00,20.5494
2020-01-15 15:42:00,20.8087
2020-01-15 15:43:00,21.0931
2020-01-15 15:44:00,21.2784
2020-01-15 15:45:00,21.4998
2020-01-15 15:46:00,21.7175
2020-01-15 15:47:00,21.9577
2020-01-15 15:48:00,22.1125
2020-01-15 15:49:00,22.1962
2020-01-15 15:50:00,22.2785
2020-01-15 15:51:00,22.2819
2020-01-15 15:52:00,22.2769
2020-01-15 15:53:00,22.2809
2020-01-15 15:54:00,22.2849
2020-01-15 15:55:00,22.2319
2020-01-15 15:56:00,22.1986
2020-01-15 15:57:00,22.1602
2020-01-15 15:58:00,22.0885
2020-01-15 15:59:00,21.9791
2020-01-15 16:00:00,21.7819
2020-01-16 09:31:00,21.7608
2020-01-16 09:32:00,21.7379
2020-01-16 09:33:00,21.7645
2020-01-16 09:34:00,21.8358
2020-01-16 09:35:00,21.9058
2020-01-16 09:36:00,21.9472
2020-01-16 09:37:00,21.9713
2020-01-16 09:38:00,21.968
2020-01-16 09:39:00,21.9902
2020-01-16 09:40:00,22.012
2020-01-16 09:41:00,22.0631
2020-01-16 09:42:00,22.1132
2020-01-16 09:43:00,22.1788
2020-01-16 09:44:00,22.1702
2020-01-16 09:45:00,22.1561
2020-01-16 09:46:00,22.1422
2020-01-16 09:47:00,22.0736
2020-01-16 09:48:00,21.9656
2020-01-16 09:49:00,21.8907
2020-01-16 09:50:00,21.8109
2020-01-16 09:51:00,21.7604
2020-01-16 09:52:00,21.7277
2020-01-16 09:53:00,21.6663
2020-01-16 09:54:00,21.649
2020-01-16 09:55:00,21.6401
2020-01-16 09:56:00,21.5883
2020-01-16 09:57:00,21.5431
2020-01-16 09:58:00,21.5072
2020-01-16 09:59:00,21.436
2020-01-16 10:00:00,21.3472
2020-01-16 10:01:00,21.2823
2020-01-16 10:02:00,21.2274
2020-01-16 10:03:00,21.1478
2020-01-16 10:04:00,21.0358
2020-01-16 10:05:00,20.9257
2020-01-16 10:06:00,20.8713
2020-01-16 10:07:00,20.8313
2020-01-16 10:08:00,20.8468
2020-01-16 10:09:00,20.8676
2020-01-16 10:10:00,20.8923
2020-01-16 10:11:00,20.935
2020-01-16 10:12:00,20.9157
2020-01-16 10:13:00,20.8968
2020-01-16 10:14:00,20.8781
2020-01-16 10:15:00,20.8461
2020-01-16 10:16:00,20.8146
2020-01-16 10:17:00,20.7745
2020-01-16 10:18:00,20.7007
2020-01-16 10:19:00,20.6282
2020-01-16 10:20:00,20.5407
2020-01-16 10:21:00,20.3695
2020-01-16 10:22:00,20.1848
2020-01-16 10:23:00,20.021
2020-01-16 10:24:00,19.816
2020-01-16 10:25:00,19.6082
2020-01-16 10:26:00,19.3932
2020-01-16 10:27:00,19.1398
2020-01-16 10:28:00,18.8699
2020-01-16 10:29:00,18.6334
2020-01-16 10:30:00,18.4065
2020-01-16 10:31:00,18.1834
2020-01-16 10:32:00,17.929
2020-01-16 10:33:00,17.6967
2020-01-16 10:34:00,17.4684
2020-01-16 10:35:00,17.2416
2020-01-16 10:36:00,16.9647
2020-01-16 10:37:00,16.723
2020-01-16 10:38:00,16.4498
2020-01-16 10:39:00,16.2155
2020-01-16 10:40:00,15.9952
2020-01-16 10:41:00,15.7489
2020-01-16 10:42:00,15.4901
2020-01-16 10:43:00,15.2502
2020-01-16 10:44:00,15.1035
2020-01-16 10:45:00,14.9591
2020-01-16 10:46:00,14.8041
2020-01-16 10:47:00,14.6516
2020-01-16 10:48:00,14.5017
2020-01-16 10:49:00,14.3174
2020-01-16 10:50:00,14.1328
2020-01-16 10:51:00,13.9925
2020-01-16 10:52:00,13.8586
2020-01-16 10:53:00,13.7331
2020-01-16 10:54:00,13.6582
2020-01-16 10:55:00,13.6232
2020-01-16 10:56:00,13.6003
2020-01-16 10:57:00,13.617
2020-01-16 10:58:00,13.6544
2020-01-16 10:59:00,13.7312
2020-01-16 11:00:00,13.8205
2020-01-16 11:01:00,13.8337
2020-01-16 11:02:00,13.8493
2020-01-16 11:03:00,13.8548
2020-01-16 11:04:00,13.8603
2020-01-16 11:05:00,13.7953
2020-01-16 11:06:00,13.7055
2020-01-16 11:07:00,13.5516
2020-01-16 11:08:00,13.4002
2020-01-16 11:09:00,13.2757
2020-01-16 11:10:00,13.1911
2020-01-16 11:11:00,13.1254
2020-01-16 11:12:00,13.13
2020-01-16 11:13:00,13.1767
2020-01-16 11:14:00,13.2245
2020-01-16 11:15:00,13.3207
2020-01-16 11:16:00,13.4154
2020-01-16 11:17:00,13.5383
2020-01-16 11:18:00,13.608
2020-01-16 11:19:00,13.6267
2020-01-16 11:20:00,13.6451
2020-01-16 11:21:00,13.679
2020-01-16 11:22:00,13.6822
2020-01-16 11:23:00,13.7342
2020-01-16 11:24:00,13.8269
2020-01-16 11:25:00,13.8748
2020-01-16 11:26:00,13.9483
2020-01-16 11:27:00,13.94
2020-01-16 11:28:00,13.8947
2020-01-16 11:29:00,13.8013
2020-01-16 11:30:00,13.7094
2020-01-16 11:31:00,13.6191
2020-01-16 11:32:00,13.5281
2020-01-16 11:33:00,13.471
2020-01-16 11:34:00,13.3817
2020-01-16 11:35:00,13.3101
2020-01-16 11:36:00,13.2264
2020-01-16 11:37:00,13.1028
2020-01-16 11:38:00,12.9812
2020-01-16 11:39:00,12.8636
2020-01-16 11:40:00,12.7753
2020-01-16 11:41:00,12.6862
2020-01-16 11:42:00,12.5803
2020-01-16 11:43:00,12.4694
2020-01-16 11:44:00,12.3374
2020-01-16 11:45:00,12.1828
2020-01-16 11:46:00,12.0307
2020-01-16 11:47:00,11.8743
2020-01-16 11:48:00,11.7171
2020-01-16 11:49:00,11.5426
2020-01-16 11:50:00,11.3936
2020-01-16 11:51:00,11.2758
2020-01-16 11:52:00,11.1601
2020-01-16 11:53:00,11.0463
2020-01-16 11:54:00,10.9069
2020-01-16 11:55:00,10.7649
2020-01-16 11:56:00,10.6285
2020-01-16 11:57:00,10.5109
2020-01-16 11:58:00,10.3877
2020-01-16 11:59:00,10.2716
2020-01-16 12:00:00,10.1574
2020-01-16 12:01:00,10.0398
2020-01-16 12:02:00,9.9187
2020-01-16 12:03:00,9.8017
2020-01-16 12:04:00,9.6673
2020-01-16 12:05:00,9.5353
2020-01-16 12:06:00,9.4114
2020-01-16 12:07:00,9.281
2020-01-16 12:08:00,9.1962
2020-01-16 12:09:00,9.1209
2020-01-16 12:10:00,9.0603
2020-01-16 12:11:00,9.0581
2020-01-16 12:12:00,9.056
2020-01-16 12:13:00,9.0419
2020-01-16 12:14:00,9.0763
2020-01-16 12:15:00,9.1038
2020-01-16 12:16:00,9.1798
2020-01-16 12:17:00,9.2545
2020-01-16 12:18:00,9.3032
2020-01-16 12:19:00,9.3435
2020-01-16 12:20:00,9.3606
2020-01-16 12:21:00,9.4184
2020-01-16 12:22:00,9.5194
2020-01-16 12:23:00,9.6308
2020-01-16 12:24:00,9.6977
2020-01-16 12:25:00,9.7634
2020-01-16 12:26:00,9.8082
2020-01-16 12:27:00,9.8524
2020-01-16 12:28:00,9.8562
2020-01-16 12:29:00,9.8591
2020-01-16 12:30:00,9.8647
2020-01-16 12:31:00,9.8756
2020-01-16 12:32:00,9.8618
2020-01-16 12:33:00,9.8082
2020-01-16 12:34:00,9.7391
2020-01-16 12:35:00,9.6043
2020-01-16 12:36:00,9.4717
2020-01-16 12:37:00,9.3413
2020-01-16 12:38:00,9.2377
2020-01-16 12:39:00,9.1358
2020-01-16 12:40:00,9.0782
2020-01-16 12:41:00,9.0276
2020-01-16 12:42:00,8.9161
2020-01-16 12:43:00,8.8127
2020-01-16 12:44:00,8.7225
2020-01-16 12:45:00,8.6347
2020-01-16 12:46:00,8.5126
2020-01-16 12:47:00,8.3926
2020-01-16 12:48:00,8.2837
2020-01-16 12:49:00,8.1806
2020-01-16 12:50:00,8.0675
2020-01-16 12:51:00,7.9725
2020-01-16 12:52:00,7.9325
2020-01-16 12:53:00,7.888
2020-01-16 12:54:00,7.8399
2020-01-16 12:55:00,7.792
2020-01-16 12:56:00,7.7181
2020-01-16 12:57:00,7.6417
2020-01-16 12:58:00,7.5335
2020-01-16 12:59:00,7.4373
2020-01-16 13:00:00,7.3641
2020-01-16 13:01:00,7.2771
2020-01-16 13:02:00,7.1916
2020-01-16 13:03:00,7.1329
2020-01-16 13:04:00,7.0559
2020-01-16 13:05:00,6.9801
2020-01-16 13:06:00,6.8782
2020-01-16 13:07:00,6.7684
2020-01-16 13:08:00,6.6605
2020-01-16 13:09:00,6.5815
2020-01-16 13:10:00,6.5038
2020-01-16 13:11:00,6.4623
2020-01-16 13:12:00,6.3552
2020-01-16 13:13:00,6.2623
2020-01-16 13:14:00,6.2017
2020-01-16 13:15:00,6.141
2020-01-16 13:16:00,6.0701
2020-01-16 13:17:00,5.983
2020-01-16 13:18:00,5.8975
2020-01-16 13:19:00,5.7993
2020-01-16 13:20:00,5.7028
2020-01-16 13:21:00,5.6283
2020-01-16 13:22:00,5.555
2020-01-16 13:23:00,5.4995
2020-01-16 13:24:00,5.4362
2020-01-16 13:25:00,5.3519
2020-01-16 13:26:00,5.2736
2020-01-16 13:27:00,5.279
2020-01-16 13:28:00,5.2843
2020-01-16 13:29:00,5.2627
2020-01-16 13:30:00,5.2415
2020-01-16 13:31:00,5.1551
2020-01-16 13:32:00,5.0702
2020-01-16 13:33:00,5.0248
2020-01-16 13:34:00,5.0415
2020-01-16 13:35:00,5.1112
2020-01-16 13:36:00,5.1947
2020-01-16 13:37:00,5.3346
2020-01-16 13:38:00,5.4538
2020-01-16 13:39:00,5.5618
2020-01-16 13:40:00,5.6449
2020-01-16 13:41:00,5.7571
2020-01-16 13:42:00,5.8673
2020-01-16 13:43:00,5.9794
2020-01-16 13:44:00,6.1991
2020-01-16 13:45:00,6.4152
2020-01-16 13:46:00,6.6227
2020-01-16 13:47:00,6.8285
2020-01-16 13:48:00,7.0445
2020-01-16 13:49:00,7.2517
2020-01-16 13:50:00,7.4168
2020-01-16 13:51:00,7.5862
2020-01-16 13:52:00,7.7275
2020-01-16 13:53:00,7.8736
2020-01-16 13:54:00,8.0263
2020-01-16 13:55:00,8.2251
2020-01-16 13:56:00,8.4206
2020-01-16 13:57:00,8.5709
2020-01-16 13:58:00,8.7255
2020-01-16 13:59:00,8.8263
2020-01-16 14:00:00,8.9255
2020-01-16 14:01:00,8.9773
2020-01-16 14:02:00,8.9887
2020-01-16 14:03:00,9.0077
2020-01-16 14:04:00,9.0462
2020-01-16 14:05:00,9.0461
2020-01-16 14:06:00,9.0393
2020-01-16 14:07:00,9.0337
2020-01-16 14:08:00,9.0324
2020-01-16 14:09:00,9.0644
2020-01-16 14:10:00,9.0959
2020-01-16 14:11:00,9.0956
2020-01-16 14:12:00,9.1145
2020-01-16 14:13:00,9.1227
2020-01-16 14:14:00,9.1394
2020-01-16 14:15:00,9.1558
2020-01-16 14:16:00,9.2527
2020-01-16 14:17:00,9.4104
2020-01-16 14:18:00,9.5655
2020-01-16 14:19:00,9.6579
2020-01-16 14:20:00,9.7487
2020-01-16 14:21:00,9.838
2020-01-16 14:22:00,9.95
2020-01-16 14:23:00,10.0602
2020-01-16 14:24:00,10.1275
2020-01-16 14:25:00,10.1935
2020-01-16 14:26:00,10.2159
2020-01-16 14:27:00,10.2721
2020-01-16 14:28:00,10.3606
2020-01-16 14:29:00,10.4476
2020-01-16 14:30:00,10.5332
2020-01-16 14:31:00,10.6174
2020-01-16 14:32:00,10.6594
2020-01-16 14:33:00,10.7006
2020-01-16 14:34:00,10.7682
2020-01-16 14:35:00,10.8479
2020-01-16 14:36:00,10.9019
2020-01-16 14:37:00,10.955
2020-01-16 14:38:00,10.9891
2020-01-16 14:39:00,11.068
2020-01-16 14:40:00,11.2096
2020-01-16 14:41:00,11.3732
2020-01-16 14:42:00,11.5464
2020-01-16 14:43:00,11.73
2020-01-16 14:44:00,11.8978
2020-01-16 14:45:00,12.0128
2020-01-16 14:46:00,12.0953
2020-01-16 14:47:00,12.1634
2020-01-16 14:48:00,12.1717
2020-01-16 14:49:00,12.1798
2020-01-16 14:50:00,12.1924
2020-01-16 14:51:00,12.1927
2020-01-16 14:52:00,12.2001
2020-01-16 14:53:00,12.1892
2020-01-16 14:54:00,12.1785
2020-01-16 14:55:00,12.2207
2020-01-16 14:56:00,12.2129
2020-01-16 14:57:00,12.2219
2020-01-16 14:58:00,12.2306
2020-01-16 14:59:00,12.2746
2020-01-16 15:00:00,12.2298
2020-01-16 15:01:00,12.1359
2020-01-16 15:02:00,12.0418
2020-01-16 15:03:00,11.8618
2020-01-16 15:06:00,11.6847
2020-01-16 15:07:00,11.554
2020-01-16 15:08:00,11.4466
2020-01-16 15:09:00,11.3474
2020-01-16 15:10:00,11.2795
2020-01-16 15:11:00,11.2372
2020-01-16 15:12:00,11.1671
2020-01-16 15:13:00,11.0645
2020-01-16 15:14:00,11.0008
2020-01-16 15:15:00,10.9994
2020-01-16 15:16:00,10.9472
2020-01-16 15:17:00,10.9454
2020-01-16 15:18:00,10.9751
2020-01-16 15:19:00,11.0043
2020-01-16 15:20:00,11.0549
2020-01-16 15:21:00,11.1177
2020-01-16 15:22:00,11.162
2020-01-16 15:23:00,11.2572
2020-01-16 15:24:00,11.3957
2020-01-16 15:25:00,11.4768
2020-01-16 15:26:00,11.5565
2020-01-16 15:27:00,11.5727
2020-01-16 15:28:00,11.5085
2020-01-16 15:29:00,11.4351
2020-01-16 15:30:00,11.3423
2020-01-16 15:31:00,11.3102
2020-01-16 15:32:00,11.3357
2020-01-16 15:33:00,11.381
2020-01-16 15:34:00,11.4036
2020-01-16 15:35:00,11.4163
2020-01-16 15:36:00,11.4454
2020-01-16 15:37:00,11.4946
2020-01-16 15:38:00,11.4999
2020-01-16 15:39:00,11.4683
2020-01-16 15:40:00,11.432
2020-01-16 15:41:00,11.4533
2020-01-16 15:42:00,11.4742
2020-01-16 15:43:00,11.5031
2020-01-16 15:44:00,11.5524
2020-01-16 15:45:00,11.6648
2020-01-16 15:46:00,11.7558
2020-01-16 15:47:00,11.8986
2020-01-16 15:48:00,12.0682
2020-01-16 15:49:00,12.1797
2020-01-16 15:50:00,12.2894
2020-01-16 15:51:00,12.4893
2020-01-16 15:52:00,12.6859
2020-01-16 15:53:00,12.9092
2020-01-16 15:54:00,13.1176
2020-01-16 15:55:00,13.3553
2020-01-16 15:56:00,13.6083
2020-01-16 15:57:00,13.812
2020-01-16 15:58:00,14.0318
2020-01-16 15:59:00,14.2797
2020-01-16 16:00:00,14.5805
2020-01-17 09:31:00,14.9813
2020-01-17 09:32:00,15.5334
2020-01-17 09:33:00,16.0763
2020-01-17 09:34:00,16.6102
2020-01-17 09:35:00,17.1447
2020-01-17 09:36:00,17.7463
2020-01-17 09:37:00,18.1928
2020-01-17 09:38:00,18.6319
2020-01-17 09:39:00,19.0164
2020-01-17 09:40:00,19.3871
2020-01-17 09:41:00,19.7967
2020-01-17 09:42:00,20.235
2020-01-17 09:43:00,20.6783
2020-01-17 09:44:00,21.1145
2020-01-17 09:45:00,21.5256
2020-01-17 09:46:00,21.8802
2020-01-17 09:47:00,22.1763
2020-01-17 09:48:00,22.4121
2020-01-17 09:49:00,22.644
2020-01-17 09:50:00,22.9199
2020-01-17 09:51:00,23.1914
2020-01-17 09:52:00,23.4326
2020-01-17 09:53:00,23.6802
2020-01-17 09:54:00,23.9345
2020-01-17 09:55:00,24.1414
2020-01-17 09:56:00,24.3876
2020-01-17 09:57:00,24.6588
2020-01-17 09:58:00,24.9519
2020-01-17 09:59:00,25.2835
2020-01-17 10:00:00,25.6096
2020-01-17 10:01:00,25.9003
2020-01-17 10:02:00,26.2192
2020-01-17 10:03:00,26.5327
2020-01-17 10:04:00,26.854
2020-01-17 10:05:00,27.1569
2020-01-17 10:06:00,27.3575
2020-01-17 10:07:00,27.5594
2020-01-17 10:08:00,27.7365
2020-01-17 10:09:00,27.89
2020-01-17 10:10:00,28.0203
2020-01-17 10:11:00,28.0956
2020-01-17 10:12:00,28.1417
2020-01-17 10:13:00,28.0483
2020-01-17 10:14:00,27.8676
2020-01-17 10:15:00,27.7085
2020-01-17 10:16:00,27.5182
2020-01-17 10:17:00,27.3279
2020-01-17 10:18:00,27.1807
2020-01-17 10:19:00,27.052
2020-01-17 10:20:00,26.882
2020-01-17 10:21:00,26.6962
2020-01-17 10:22:00,26.5274
2020-01-17 10:23:00,26.3944
2020-01-17 10:24:00,26.2763
2020-01-17 10:25:00,26.1752
2020-01-17 10:26:00,26.028
2020-01-17 10:27:00,25.8698
2020-01-17 10:28:00,25.7238
2020-01-17 10:29:00,25.5803
2020-01-17 10:30:00,25.4757
2020-01-17 10:31:00,25.3728
2020-01-17 10:32:00,25.2225
2020-01-17 10:33:00,25.0968
2020-01-17 10:34:00,24.9592
2020-01-17 10:35:00,24.8389
2020-01-17 10:36:00,24.7169
2020-01-17 10:37:00,24.5271
2020-01-17 10:38:00,24.337
2020-01-17 10:39:00,24.1228
2020-01-17 10:40:00,23.915
2020-01-17 10:41:00,23.7269
2020-01-17 10:42:00,23.5663
2020-01-17 10:43:00,23.3766
2020-01-17 10:44:00,23.2048
2020-01-17 10:45:00,23.0357
2020-01-17 10:46:00,22.9285
2020-01-17 10:47:00,22.8158
2020-01-17 10:48:00,22.705
2020-01-17 10:49:00,22.5168
2020-01-17 10:50:00,22.3109
2020-01-17 10:51:00,22.0741
2020-01-17 10:52:00,21.8077
2020-01-17 10:53:00,21.5517
2020-01-17 10:54:00,21.3
2020-01-17 10:55:00,21.0352
2020-01-17 10:57:00,20.7213
2020-01-17 10:58:00,20.4127
2020-01-17 10:59:00,20.1057
2020-01-17 11:00:00,19.8482
2020-01-17 11:01:00,19.5983
2020-01-17 11:02:00,19.3524
2020-01-17 11:03:00,19.0826
2020-01-17 11:04:00,18.786
2020-01-17 11:05:00,18.4843
2020-01-17 11:06:00,18.2595
2020-01-17 11:07:00,18.0782
2020-01-17 11:08:00,17.9268
2020-01-17 11:09:00,17.6994
2020-01-17 11:10:00,17.4759
2020-01-17 11:11:00,17.2976
2020-01-17 11:12:00,17.1054
2020-01-17 11:13:00,16.9164
2020-01-17 11:14:00,16.8014
2020-01-17 11:15:00,16.7924
2020-01-17 11:16:00,16.7357
2020-01-17 11:17:00,16.6631
2020-01-17 11:18:00,16.5552
2020-01-17 11:19:00,16.4833
2020-01-17 11:20:00,16.4283
2020-01-17 11:21:00,16.3342
2020-01-17 11:22:00,16.2417
2020-01-17 11:25:00,16.2245
2020-01-17 11:26:00,16.189
2020-01-17 11:27:00,16.078
2020-01-17 11:28:00,15.9469
2020-01-17 11:29:00,15.818
2020-01-17 11:30:00,15.6716
2020-01-17 11:31:00,15.5424
2020-01-17 11:32:00,15.4121
2020-01-17 11:33:00,15.2979
2020-01-17 11:34:00,15.1662
2020-01-17 11:35:00,15.0269
2020-01-17 11:36:00,14.8898
2020-01-17 11:37:00,14.7384
2020-01-17 11:38:00,14.5661
2020-01-17 11:39:00,14.3997
2020-01-17 11:40:00,14.2293
2020-01-17 11:41:00,14.0804
2020-01-17 11:42:00,13.9434
2020-01-17 11:43:00,13.8486
2020-01-17 11:44:00,13.7553
2020-01-17 11:45:00,13.6297
2020-01-17 11:46:00,13.5062
2020-01-17 11:47:00,13.3848
2020-01-17 11:48:00,13.2481
2020-01-17 11:49:00,13.1432
2020-01-17 11:50:00,13.035
2020-01-17 11:51:00,12.9237
2020-01-17 11:52:00,12.8357
2020-01-17 11:53:00,12.7706
2020-01-17 11:54:00,12.6679
2020-01-17 11:55:00,12.5869
2020-01-17 11:56:00,12.5106
2020-01-17 11:57:00,12.4082
2020-01-17 11:58:00,12.2619
2020-01-17 11:59:00,12.0624
2020-01-17 12:00:00,11.9044
2020-01-17 12:01:00,11.749
2020-01-17 12:02:00,11.5888
2020-01-17 12:03:00,11.4864
2020-01-17 12:04:00,11.3858
2020-01-17 12:05:00,11.2937
2020-01-17 12:06:00,11.237
2020-01-17 12:07:00,11.1813
2020-01-17 12:08:00,11.134
2020-01-17 12:09:00,11.1189
2020-01-17 12:10:00,11.0285
2020-01-17 12:11:00,10.9499
2020-01-17 12:12:00,10.8932
2020-01-17 12:13:00,10.8374
2020-01-17 12:14:00,10.7825
2020-01-17 12:15:00,10.7041
2020-01-17 12:16:00,10.5909
2020-01-17 12:17:00,10.487
2020-01-17 12:18:00,10.3848
2020-01-17 12:19:00,10.3426
2020-01-17 12:20:00,10.3118
2020-01-17 12:21:00,10.2956
2020-01-17 12:22:00,10.2832
2020-01-17 12:23:00,10.2283
2020-01-17 12:24:00,10.1743
2020-01-17 12:25:00,10.1023
2020-01-17 12:26:00,10.0199
2020-01-17 12:27:00,9.9582
2020-01-17 12:28:00,9.8993
2020-01-17 12:29:00,9.7732
2020-01-17 12:30:00,9.6739
2020-01-17 12:31:00,9.58
2020-01-17 12:32:00,9.4877
2020-01-17 12:33:00,9.3969
2020-01-17 12:34:00,9.295
2020-01-17 12:35:00,9.2339
2020-01-17 12:36:00,9.1527
2020-01-17 12:37:00,9.0541
2020-01-17 12:38:00,8.9128
2020-01-17 12:39:00,8.7751
2020-01-17 12:40:00,8.6398
2020-01-17 12:41:00,8.5864
2020-01-17 12:42:00,8.4482
2020-01-17 12:43:00,8.3561
2020-01-17 12:44:00,8.2539
2020-01-17 12:45:00,8.1282
2020-01-17 12:46:00,8.0043
2020-01-17 12:47:00,7.8824
2020-01-17 12:48:00,7.7633
2020-01-17 12:49:00,7.6621
2020-01-17 12:50:00,7.6892
2020-01-17 12:51:00,7.7159
2020-01-17 12:52:00,7.705
2020-01-17 12:53:00,7.666
2020-01-17 12:54:00,7.6276
2020-01-17 12:55:00,7.5897
2020-01-17 12:56:00,7.56
2020-01-17 12:57:00,7.5115
2020-01-17 12:58:00,7.5374
2020-01-17 12:59:00,7.5944
2020-01-17 13:00:00,7.6977
2020-01-17 13:01:00,7.8316
2020-01-17 13:02:00,7.9634
2020-01-17 13:03:00,8.125
2020-01-17 13:04:00,8.327
2020-01-17 13:05:00,8.5641
2020-01-17 13:06:00,8.7972
2020-01-17 13:07:00,9.001
2020-01-17 13:08:00,9.1253
2020-01-17 13:09:00,9.2475
2020-01-17 13:10:00,9.3456
2020-01-17 13:11:00,9.378
2020-01-17 13:12:00,9.4098
2020-01-17 13:13:00,9.4075
2020-01-17 13:14:00,9.4052
2020-01-17 13:15:00,9.419
2020-01-17 13:16:00,9.443
2020-01-17 13:17:00,9.4579
2020-01-17 13:18:00,9.4726
2020-01-17 13:19:00,9.4345
2020-01-17 13:20:00,9.3715
2020-01-17 13:21:00,9.2802
2020-01-17 13:22:00,9.2267
2020-01-17 13:23:00,9.1742
2020-01-17 13:24:00,9.1301
2020-01-17 13:25:00,9.1096
2020-01-17 13:26:00,9.0374
2020-01-17 13:27:00,8.9799
2020-01-17 13:28:00,8.919
2020-01-17 13:29:00,8.8288
2020-01-17 13:30:00,8.7057
2020-01-17 13:31:00,8.6478
2020-01-17 13:32:00,8.5809
2020-01-17 13:33:00,8.5151
2020-01-17 13:34:00,8.4623
2020-01-17 13:35:00,8.4144
2020-01-17 13:36:00,8.3561
2020-01-17 13:37:00,8.2544
2020-01-17 13:38:00,8.1628
2020-01-17 13:39:00,8.0894
2020-01-17 13:40:00,7.9854
2020-01-17 13:41:00,7.8606
2020-01-17 13:42:00,7.767
2020-01-17 13:43:00,7.6749
2020-01-17 13:44:00,7.6055
2020-01-17 13:45:00,7.5372
2020-01-17 13:46:00,7.4238
2020-01-17 13:47:00,7.321
2020-01-17 13:48:00,7.2242
2020-01-17 13:49:00,7.1067
2020-01-17 13:50:00,6.9911
2020-01-17 13:51:00,6.9174
2020-01-17 13:52:00,6.8538
2020-01-17 13:53:00,6.8086
2020-01-17 13:54:00,6.8028
2020-01-17 13:55:00,6.8099
2020-01-17 13:56:00,6.7969
2020-01-17 13:57:00,6.7881
2020-01-17 13:58:00,6.8009
2020-01-17 13:59:00,6.8141
2020-01-17 14:00:00,6.8271
2020-01-17 14:01:00,6.8192
2020-01-17 14:02:00,6.8137
2020-01-17 14:03:00,6.7619
2020-01-17 14:04:00,6.7009
2020-01-17 14:05:00,6.6457
2020-01-17 14:06:00,6.6106
2020-01-17 14:07:00,6.5999
2020-01-17 14:08:00,6.5758
2020-01-17 14:09:00,6.5521
2020-01-17 14:10:00,6.572
2020-01-17 14:11:00,6.6057
2020-01-17 14:12:00,6.6435
2020-01-17 14:13:00,6.7044
2020-01-17 14:14:00,6.7584
2020-01-17 14:15:00,6.777
2020-01-17 14:16:00,6.8335
2020-01-17 14:17:00,6.8891
2020-01-17 14:18:00,6.9486
2020-01-17 14:19:00,6.9545
2020-01-17 14:20:00,6.9603
2020-01-17 14:21:00,6.9195
2020-01-17 14:22:00,6.8246
2020-01-17 14:23:00,6.7324
2020-01-17 14:24:00,6.6417
2020-01-17 14:25:00,6.609
2020-01-17 14:26:00,6.5669
2020-01-17 14:27:00,6.4874
2020-01-17 14:28:00,6.4069
2020-01-17 14:29:00,6.3276
2020-01-17 14:30:00,6.2497
2020-01-17 14:31:00,6.2044
2020-01-17 14:32:00,6.1055
2020-01-17 14:33:00,6.0082
2020-01-17 14:34:00,5.9443
2020-01-17 14:35:00,5.8971
2020-01-17 14:36:00,5.8124
2020-01-17 14:37:00,5.7495
2020-01-17 14:38:00,5.7382
2020-01-17 14:39:00,5.7419
2020-01-17 14:40:00,5.8258
2020-01-17 14:41:00,5.9084
2020-01-17 14:42:00,5.9697
2020-01-17 14:43:00,5.9963
2020-01-17 14:44:00,6.0527
2020-01-17 14:45:00,6.0857
2020-01-17 14:46:00,6.1324
2020-01-17 14:47:00,6.1973
2020-01-17 14:48:00,6.224
2020-01-17 14:49:00,6.2503
2020-01-17 14:50:00,6.2704
2020-01-17 14:51:00,6.2671
2020-01-17 14:52:00,6.274
2020-01-17 14:53:00,6.2399
2020-01-17 14:54:00,6.1895
2020-01-17 14:55:00,6.1173
2020-01-17 14:56:00,6.0493
2020-01-17 14:57:00,6.0186
2020-01-17 14:58:00,5.9664
2020-01-17 14:59:00,5.9039
2020-01-17 15:00:00,5.8862
2020-01-17 15:01:00,5.928
2020-01-17 15:02:00,6.0206
2020-01-17 15:03:00,6.0664
2020-01-17 15:04:00,6.0364
2020-01-17 15:05:00,6.0159
2020-01-17 15:06:00,5.98
2020-01-17 15:07:00,5.9032
2020-01-17 15:08:00,5.8744
2020-01-17 15:09:00,5.9175
2020-01-17 15:10:00,5.96
2020-01-17 15:11:00,5.9608
2020-01-17 15:12:00,6.0181
2020-01-17 15:13:00,6.0913
2020-01-17 15:14:00,6.0867
2020-01-17 15:15:00,6.0549
2020-01-17 15:16:00,5.9952
2020-01-17 15:17:00,5.9351
2020-01-17 15:18:00,5.8932
2020-01-17 15:19:00,5.8299
2020-01-17 15:20:00,5.7676
2020-01-17 15:21:00,5.7063
2020-01-17 15:22:00,5.6413
2020-01-17 15:23:00,5.6003
2020-01-17 15:24:00,5.6046
2020-01-17 15:25:00,5.6039
2020-01-17 15:26:00,5.6384
2020-01-17 15:27:00,5.6723
2020-01-17 15:28:00,5.6935
2020-01-17 15:29:00,5.6988
2020-01-17 15:30:00,5.704
2020-01-17 15:31:00,5.7367
2020-01-17 15:32:00,5.8349
2020-01-17 15:33:00,5.9525
2020-01-17 15:34:00,6.0682
2020-01-17 15:35:00,6.1278
2020-01-17 15:36:00,6.1811
2020-01-17 15:37:00,6.238
2020-01-17 15:38:00,6.2668
2020-01-17 15:39:00,6.3043
2020-01-17 15:40:00,6.3141
2020-01-17 15:41:00,6.3607
2020-01-17 15:42:00,6.489
2020-01-17 15:43:00,6.6713
2020-01-17 15:44:00,6.845
2020-01-17 15:45:00,7.0158
2020-01-17 15:46:00,7.2194
2020-01-17 15:47:00,7.4426
2020-01-17 15:48:00,7.6479
2020-01-17 15:49:00,7.8497
2020-01-17 15:50:00,8.0188
2020-01-17 15:51:00,8.1822
2020-01-17 15:52:00,8.3593
2020-01-17 15:53:00,8.5538
2020-01-17 15:54:00,8.745
2020-01-17 15:55:00,9.0804
2020-01-17 15:56:00,9.4458
2020-01-17 15:57:00,9.8569
2020-01-17 15:58:00,10.2787
2020-01-17 15:59:00,10.6634
2020-01-17 16:00:00,11.0297
