date,Real Middle Band,Real Lower Band,Real Upper Band
2020-01-13 10:30:00,312.3928,311.694,313.0916
2020-01-13 10:31:00,312.3858,311.6743,313.0972
2020-01-13 10:32:00,312.3806,311.6522,313.109
2020-01-13 10:33:00,312.3708,311.6277,313.114
2020-01-13 10:34:00,312.3548,311.6029,313.1068
2020-01-13 10:35:00,312.334,311.5777,313.0903
2020-01-13 10:36:00,312.3102,311.5605,313.0598
2020-01-13 10:37:00,312.2868,311.5589,313.0148
2020-01-13 10:38:00,312.2688,311.5541,312.9835
2020-01-13 10:39:00,312.2511,311.5423,312.96
2020-01-13 10:40:00,312.2344,311.5188,312.9501
2020-01-13 10:41:00,312.2266,311.4981,312.9551
2020-01-13 10:42:00,312.2147,311.4728,312.9566
2020-01-13 10:43:00,312.202,311.4379,312.9661
2020-01-13 10:44:00,312.1852,311.4015,312.9688
2020-01-13 10:45:00,312.1645,311.3575,312.9715
2020-01-13 10:46:00,312.1373,311.3148,312.9598
2020-01-13 10:47:00,312.1141,311.2924,312.9358
2020-01-13 10:48:00,312.0912,311.2676,312.9149
2020-01-13 10:49:00,312.0751,311.2563,312.8939
2020-01-13 10:50:00,312.0583,311.2565,312.8602
2020-01-13 10:51:00,312.0424,311.2483,312.8365
2020-01-13 10:52:00,312.0361,311.2436,312.8286
2020-01-13 10:53:00,312.0272,311.2425,312.812
2020-01-13 10:54:00,312.023,311.2409,312.8051
2020-01-13 10:55:00,312.0186,311.2389,312.7982
2020-01-13 10:56:00,312.0097,311.2402,312.7793
2020-01-13 10:57:00,311.9981,311.2498,312.7464
2020-01-13 10:58:00,311.9856,311.2668,312.7043
2020-01-13 10:59:00,311.9699,311.2982,312.6416
2020-01-13 11:04:00,311.9514,311.3258,312.5769
2020-01-13 11:05:00,311.9349,311.3567,312.5131
2020-01-13 11:06:00,311.9172,311.3801,312.4544
2020-01-13 11:07:00,311.9074,311.3815,312.4332
2020-01-13 11:08:00,311.894,311.3849,312.4031
2020-01-13 11:09:00,311.8776,311.3847,312.3705
2020-01-13 11:10:00,311.8683,311.388,312.3486
2020-01-13 11:11:00,311.8626,311.3821,312.3431
2020-01-13 11:12:00,311.8569,311.3821,312.3317
2020-01-13 11:13:00,311.8522,311.3824,312.3221
2020-01-13 11:14:00,311.8482,311.3794,312.3171
2020-01-13 11:15:00,311.8425,311.3762,312.3087
2020-01-13 11:16:00,311.8403,311.3773,312.3033
2020-01-13 11:17:00,311.8361,311.3821,312.2902
2020-01-13 11:18:00,311.8335,311.384,312.2829
2020-01-13 11:19:00,311.8306,311.3843,312.277
2020-01-13 11:20:00,311.8256,311.3884,312.2628
2020-01-13 11:21:00,311.8203,311.3984,312.2423
2020-01-13 11:22:00,311.8126,311.4133,312.212
2020-01-13 11:23:00,311.81,311.4155,312.2046
2020-01-13 11:24:00,311.8082,311.4164,312.1999
2020-01-13 11:25:00,311.8091,311.4169,312.2014
2020-01-13 11:26:00,311.806,311.414,312.198
2020-01-13 11:27:00,311.8011,311.4137,312.1886
2020-01-13 11:28:00,311.7968,311.4203,312.1733
2020-01-13 11:29:00,311.7911,311.426,312.1563
2020-01-13 11:30:00,311.7938,311.4186,312.169
2020-01-13 11:31:00,311.8,311.3989,312.2011
2020-01-13 11:32:00,311.8111,311.3568,312.2654
2020-01-13 11:33:00,311.8195,311.3357,312.3032
2020-01-13 11:34:00,311.828,311.3214,312.3345
2020-01-13 11:35:00,311.836,311.3128,312.3592
2020-01-13 11:36:00,311.8495,311.3059,312.3931
2020-01-13 11:37:00,311.8589,311.2993,312.4185
2020-01-13 11:38:00,311.8698,311.2916,312.448
2020-01-13 11:39:00,311.8808,311.2925,312.4692
2020-01-13 11:40:00,311.8924,311.2946,312.4902
2020-01-13 11:41:00,311.9007,311.2961,312.5054
2020-01-13 11:42:00,311.9079,311.2948,312.521
2020-01-13 11:43:00,311.9168,311.2955,312.5381
2020-01-13 11:44:00,311.9292,311.2985,312.5599
2020-01-13 11:45:00,311.941,311.3014,312.5807
2020-01-13 11:46:00,311.9539,311.3066,312.6012
2020-01-13 11:47:00,311.9708,311.3191,312.6224
2020-01-13 11:48:00,311.9894,311.3329,312.6459
2020-01-13 11:49:00,312.0138,311.3485,312.6791
2020-01-13 11:50:00,312.039,311.3814,312.6965
2020-01-13 11:51:00,312.0587,311.4038,312.7136
2020-01-13 11:52:00,312.0795,311.4303,312.7288
2020-01-13 11:53:00,312.0957,311.4408,312.7506
2020-01-13 11:54:00,312.1087,311.4492,312.7682
2020-01-13 11:57:00,312.121,311.4671,312.7749
2020-01-13 11:58:00,312.1309,311.4728,312.7889
2020-01-13 11:59:00,312.1424,311.474,312.8108
2020-01-13 12:00:00,312.1553,311.4674,312.8432
2020-01-13 12:01:00,312.1696,311.4602,312.879
2020-01-13 12:02:00,312.1849,311.454,312.9158
2020-01-13 12:03:00,312.1987,311.4514,312.946
2020-01-13 12:04:00,312.2117,311.4482,312.9751
2020-01-13 12:05:00,312.224,311.4488,312.9993
2020-01-13 12:06:00,312.2386,311.4622,313.0149
2020-01-13 12:07:00,312.2526,311.4723,313.0328
2020-01-13 12:08:00,312.2688,311.493,313.0446
2020-01-13 12:09:00,312.284,311.5122,313.0559
2020-01-13 12:10:00,312.3019,311.5391,313.0646
2020-01-13 12:11:00,312.3235,311.5772,313.0699
2020-01-13 12:12:00,312.3401,311.6007,313.0795
2020-01-13 12:13:00,312.3576,311.631,313.0842
2020-01-13 12:14:00,312.3709,311.6558,313.086
2020-01-13 12:15:00,312.3862,311.6779,313.0946
2020-01-13 12:16:00,312.3998,311.709,313.0906
2020-01-13 12:17:00,312.4146,311.7446,313.0846
2020-01-13 12:18:00,312.4263,311.7648,313.0878
2020-01-13 12:19:00,312.4359,311.7851,313.0867
2020-01-13 12:20:00,312.4454,311.8067,313.0841
2020-01-13 12:21:00,312.4581,311.8356,313.0806
2020-01-13 12:22:00,312.4694,311.8649,313.0739
2020-01-13 12:23:00,312.479,311.8884,313.0696
2020-01-13 12:24:00,312.4886,311.9183,313.059
2020-01-13 12:25:00,312.4989,311.9484,313.0494
2020-01-13 12:26:00,312.5098,311.9818,313.0379
2020-01-13 12:27:00,312.5197,312.017,313.0224
2020-01-13 12:28:00,312.5329,312.0752,312.9905
2020-01-13 12:29:00,312.547,312.1371,312.957
2020-01-13 12:30:00,312.5586,312.1835,312.9337
2020-01-13 12:31:00,312.5749,312.2497,312.9002
2020-01-13 12:32:00,312.5842,312.2683,312.9001
2020-01-13 12:33:00,312.5909,312.2748,312.907
2020-01-13 12:34:00,312.5955,312.2682,312.9228
2020-01-13 12:35:00,312.603,312.2662,312.9398
2020-01-13 12:36:00,312.6113,312.2692,312.9535
2020-01-13 12:37:00,312.6232,312.2705,312.9759
2020-01-13 12:38:00,312.6335,312.2657,313.0013
2020-01-13 12:39:00,312.645,312.2678,313.0222
2020-01-13 12:40:00,312.6546,312.2702,313.039
2020-01-13 12:41:00,312.6657,312.2798,313.0516
2020-01-13 12:42:00,312.6762,312.2904,313.0619
2020-01-13 12:43:00,312.6885,312.3082,313.0688
2020-01-13 12:44:00,312.701,312.3234,313.0787
2020-01-13 12:45:00,312.7142,312.3355,313.0929
2020-01-13 12:46:00,312.7269,312.3381,313.1158
2020-01-13 12:47:00,312.7398,312.3429,313.1367
2020-01-13 12:48:00,312.7532,312.3448,313.1615
2020-01-13 12:49:00,312.7634,312.3494,313.1773
2020-01-13 12:50:00,312.7708,312.3541,313.1876
2020-01-13 12:51:00,312.7776,312.3466,313.2086
2020-01-13 12:52:00,312.7859,312.3399,313.232
2020-01-13 12:53:00,312.7963,312.3375,313.2551
2020-01-13 12:54:00,312.8057,312.3365,313.2748
2020-01-13 12:55:00,312.8163,312.3347,313.298
2020-01-13 12:56:00,312.8278,312.3393,313.3164
2020-01-13 12:57:00,312.8427,312.3517,313.3336
2020-01-13 12:58:00,312.8555,312.3618,313.3491
2020-01-13 12:59:00,312.866,312.3651,313.3668
2020-01-13 13:00:00,312.8716,312.3666,313.3765
2020-01-13 13:01:00,312.8767,312.3664,313.387
2020-01-13 13:02:00,312.8819,312.3649,313.3988
2020-01-13 13:03:00,312.8866,312.3666,313.4066
2020-01-13 13:04:00,312.8908,312.3686,313.413
2020-01-13 13:05:00,312.8938,312.3723,313.4153
2020-01-13 13:06:00,312.8999,312.3799,313.4199
2020-01-13 13:07:00,312.9053,312.3862,313.4244
2020-01-13 13:08:00,312.9127,312.3931,313.4323
2020-01-13 13:09:00,312.922,312.3993,313.4447
2020-01-13 13:10:00,312.9301,312.4045,313.4556
2020-01-13 13:11:00,312.936,312.4074,313.4646
2020-01-13 13:12:00,312.944,312.4124,313.4757
2020-01-13 13:13:00,312.9527,312.4178,313.4877
2020-01-13 13:14:00,312.9634,312.4308,313.4961
2020-01-13 13:15:00,312.9714,312.4368,313.506
2020-01-13 13:16:00,312.9823,312.4538,313.5108
2020-01-13 13:17:00,312.9927,312.4694,313.5159
2020-01-13 13:18:00,313.0035,312.4821,313.5249
2020-01-13 13:19:00,313.0165,312.5035,313.5294
2020-01-13 13:20:00,313.03,312.5275,313.5324
2020-01-13 13:21:00,313.0424,312.543,313.5419
2020-01-13 13:22:00,313.0589,312.5589,313.559
2020-01-13 13:23:00,313.0787,312.5679,313.5894
2020-01-13 13:24:00,313.0996,312.5878,313.6114
2020-01-13 13:25:00,313.1181,312.6097,313.6265
2020-01-13 13:26:00,313.1344,312.6368,313.6319
2020-01-13 13:27:00,313.1518,312.6741,313.6295
2020-01-13 13:28:00,313.1695,312.71,313.629
2020-01-13 13:29:00,313.1858,312.739,313.6327
2020-01-13 13:30:00,313.2024,312.7694,313.6355
2020-01-13 13:31:00,313.2144,312.7882,313.6406
2020-01-13 13:32:00,313.2277,312.8068,313.6487
2020-01-13 13:33:00,313.2391,312.8294,313.6488
2020-01-13 13:34:00,313.2478,312.8429,313.6528
2020-01-13 13:35:00,313.2568,312.8565,313.6572
2020-01-13 13:36:00,313.2663,312.8722,313.6604
2020-01-13 13:37:00,313.2743,312.8787,313.67
2020-01-13 13:38:00,313.2811,312.8857,313.6764
2020-01-13 13:39:00,313.2879,312.8939,313.6819
2020-01-13 13:40:00,313.2964,312.9049,313.688
2020-01-13 13:41:00,313.3058,312.9155,313.6962
2020-01-13 13:42:00,313.3165,312.9269,313.7062
2020-01-13 13:43:00,313.3249,312.9405,313.7093
2020-01-13 13:44:00,313.331,312.9526,313.7094
2020-01-13 13:45:00,313.3375,312.9612,313.7139
2020-01-13 13:46:00,313.3437,312.9657,313.7217
2020-01-13 13:47:00,313.3502,312.9703,313.7301
2020-01-13 13:48:00,313.3573,312.9705,313.744
2020-01-13 13:49:00,313.3661,312.9772,313.755
2020-01-13 13:50:00,313.3769,312.9899,313.764
2020-01-13 13:51:00,313.3842,312.9944,313.774
2020-01-13 13:52:00,313.391,312.9979,313.7841
2020-01-13 13:53:00,313.398,313.0009,313.7951
2020-01-13 13:54:00,313.4047,313.0069,313.8024
2020-01-13 13:55:00,313.4111,313.0099,313.8122
2020-01-13 13:56:00,313.4188,313.0132,313.8244
2020-01-13 13:57:00,313.4267,313.0125,313.8408
2020-01-13 13:58:00,313.434,313.0163,313.8517
2020-01-13 13:59:00,313.4405,313.0217,313.8593
2020-01-13 14:00:00,313.4487,313.0354,313.862
2020-01-13 14:01:00,313.4543,313.0477,313.8609
2020-01-13 14:02:00,313.4575,313.056,313.859
2020-01-13 14:03:00,313.4628,313.0715,313.8541
2020-01-13 14:04:00,313.4678,313.0886,313.8471
2020-01-13 14:05:00,313.4771,313.1225,313.8317
2020-01-13 14:06:00,313.4863,313.1486,313.824
2020-01-13 14:07:00,313.4978,313.1747,313.8209
2020-01-13 14:08:00,313.5094,313.1883,313.8306
2020-01-13 14:09:00,313.5193,313.1954,313.8433
2020-01-13 14:10:00,313.5303,313.2039,313.8566
2020-01-13 14:11:00,313.5421,313.216,313.8682
2020-01-13 14:12:00,313.5524,313.2273,313.8776
2020-01-13 14:13:00,313.5631,313.235,313.8912
2020-01-13 14:14:00,313.5736,313.246,313.9012
2020-01-13 14:15:00,313.5841,313.2597,313.9084
2020-01-13 14:16:00,313.5942,313.2767,313.9117
2020-01-13 14:17:00,313.6074,313.2859,313.9289
2020-01-13 14:18:00,313.6213,313.2818,313.9609
2020-01-13 14:19:00,313.6382,313.2631,314.0132
2020-01-13 14:20:00,313.6555,313.2445,314.0665
2020-01-13 14:21:00,313.6707,313.235,314.1063
2020-01-13 14:22:00,313.6827,313.2221,314.1433
2020-01-13 14:23:00,313.6931,313.2013,314.185
2020-01-13 14:24:00,313.7053,313.1766,314.2339
2020-01-13 14:25:00,313.7192,313.1552,314.2833
2020-01-13 14:26:00,313.7336,313.1459,314.3213
2020-01-13 14:27:00,313.7486,313.1371,314.3602
2020-01-13 14:28:00,313.7642,313.1248,314.4036
2020-01-13 14:29:00,313.7825,313.1035,314.4616
2020-01-13 14:30:00,313.7997,313.0886,314.5107
2020-01-13 14:31:00,313.8209,313.0712,314.5706
2020-01-13 14:32:00,313.842,313.0508,314.6331
2020-01-13 14:33:00,313.8639,313.0425,314.6854
2020-01-13 14:34:00,313.8872,313.0352,314.7392
2020-01-13 14:35:00,313.9079,313.0374,314.7784
2020-01-13 14:36:00,313.9292,313.0392,314.8192
2020-01-13 14:37:00,313.947,313.0469,314.8472
2020-01-13 14:38:00,313.9649,313.0604,314.8693
2020-01-13 14:39:00,313.9839,313.0739,314.8938
2020-01-13 14:40:00,314.0025,313.0855,314.9195
2020-01-13 14:41:00,314.0183,313.099,314.9377
2020-01-13 14:42:00,314.0332,313.1108,314.9557
2020-01-13 14:43:00,314.05,313.1297,314.9704
2020-01-13 14:44:00,314.066,313.1567,314.9754
2020-01-13 14:45:00,314.0831,313.1786,314.9875
2020-01-13 14:46:00,314.0988,313.1991,314.9985
2020-01-13 14:47:00,314.1136,313.22,315.0073
2020-01-13 14:48:00,314.1275,313.2367,315.0183
2020-01-13 14:49:00,314.142,313.2544,315.0296
2020-01-13 14:50:00,314.1583,313.2693,315.0474
2020-01-13 14:51:00,314.1762,313.2868,315.0657
2020-01-13 14:52:00,314.1929,313.3068,315.079
2020-01-13 14:53:00,314.2087,313.3273,315.0901
2020-01-13 14:54:00,314.2262,313.3513,315.1011
2020-01-13 14:55:00,314.2452,313.3715,315.1188
2020-01-13 14:56:00,314.2639,313.3891,315.1387
2020-01-13 14:57:00,314.2822,313.4036,315.1607
2020-01-13 14:58:00,314.3027,313.422,315.1833
2020-01-13 14:59:00,314.3232,313.447,315.1993
2020-01-13 15:00:00,314.345,313.4748,315.2153
2020-01-13 15:01:00,314.3683,313.5151,315.2216
2020-01-13 15:02:00,314.3929,313.5693,315.2166
2020-01-13 15:03:00,314.4185,313.6212,315.2159
2020-01-13 15:04:00,314.4448,313.6824,315.2071
2020-01-13 15:05:00,314.469,313.7358,315.2023
2020-01-13 15:06:00,314.49,313.7859,315.1941
2020-01-13 15:07:00,314.5095,313.8262,315.1929
2020-01-13 15:08:00,314.5279,313.8585,315.1973
2020-01-13 15:09:00,314.5466,313.8931,315.2002
2020-01-13 15:10:00,314.5635,313.9287,315.1982
2020-01-13 15:11:00,314.58,313.965,315.195
2020-01-13 15:12:00,314.5958,314.0085,315.1831
2020-01-13 15:13:00,314.6086,314.0497,315.1675
2020-01-13 15:14:00,314.6225,314.0963,315.1488
2020-01-13 15:15:00,314.6363,314.148,315.1245
2020-01-13 15:16:00,314.6511,314.2085,315.0936
2020-01-13 15:17:00,314.6616,314.2507,315.0725
2020-01-13 15:18:00,314.6717,314.2834,315.0601
2020-01-13 15:19:00,314.6789,314.3008,315.0569
2020-01-13 15:20:00,314.6849,314.3152,315.0545
2020-01-13 15:21:00,314.695,314.3361,315.0538
2020-01-13 15:22:00,314.7053,314.3606,315.0501
2020-01-13 15:23:00,314.715,314.3773,315.0528
2020-01-13 15:24:00,314.7261,314.3804,315.0718
2020-01-13 15:25:00,314.7373,314.3811,315.0934
2020-01-13 15:26:00,314.7492,314.3917,315.1067
2020-01-13 15:27:00,314.7602,314.4021,315.1184
2020-01-13 15:28:00,314.7672,314.4131,315.1213
2020-01-13 15:29:00,314.7732,314.4131,315.1333
2020-01-13 15:30:00,314.7819,314.4111,315.1526
2020-01-13 15:31:00,314.7889,314.403,315.1748
2020-01-13 15:32:00,314.7957,314.3922,315.1992
2020-01-13 15:33:00,314.8055,314.3752,315.2359
2020-01-13 15:34:00,314.8139,314.3616,315.2662
2020-01-13 15:35:00,314.826,314.3471,315.305
2020-01-13 15:36:00,314.8369,314.3355,315.3382
2020-01-13 15:37:00,314.851,314.3299,315.372
2020-01-13 15:38:00,314.8651,314.3323,315.3978
2020-01-13 15:39:00,314.8788,314.3308,315.4267
2020-01-13 15:40:00,314.893,314.3268,315.4591
2020-01-13 15:41:00,314.9086,314.3327,315.4846
2020-01-13 15:42:00,314.922,314.3454,315.4987
2020-01-13 15:43:00,314.9359,314.3588,315.513
2020-01-13 15:44:00,314.9586,314.364,315.5531
2020-01-13 15:45:00,314.9807,314.3549,315.6066
2020-01-13 15:46:00,315.001,314.3609,315.6411
2020-01-13 15:47:00,315.0238,314.365,315.6827
2020-01-13 15:48:00,315.0466,314.3691,315.7241
2020-01-13 15:49:00,315.0681,314.377,315.7591
2020-01-13 15:50:00,315.0881,314.3763,315.7999
2020-01-13 15:51:00,315.1091,314.3693,315.8488
2020-01-13 15:52:00,315.1321,314.3667,315.8974
2020-01-13 15:53:00,315.1584,314.3589,315.9579
2020-01-13 15:54:00,315.1891,314.3295,316.0487
2020-01-13 15:55:00,315.2221,314.2779,316.1664
2020-01-13 15:56:00,315.255,314.2337,316.2763
2020-01-13 15:57:00,315.2874,314.1966,316.3782
2020-01-13 15:58:00,315.3202,314.1581,316.4823
2020-01-13 15:59:00,315.3546,314.1267,316.5824
2020-01-13 16:00:00,315.3886,314.0982,316.6789
2020-01-14 09:31:00,315.4184,314.0922,316.7446
2020-01-14 09:32:00,315.4432,314.1037,316.7826
2020-01-14 09:33:00,315.4616,314.1186,316.8047
2020-01-14 09:34:00,315.4785,314.1356,316.8213
2020-01-14 09:35:00,315.502,314.147,316.857
2020-01-14 09:36:00,315.5261,314.1661,316.8862
2020-01-14 09:37:00,315.5441,314.1891,316.8992
2020-01-14 09:38:00,315.5703,314.2023,316.9383
2020-01-14 09:39:00,315.601,314.2069,316.9951
2020-01-14 09:40:00,315.6341,314.2157,317.0525
2020-01-14 09:41:00,315.6641,314.2347,317.0936
2020-01-14 09:42:00,315.6897,314.2681,317.1113
2020-01-14 09:43:00,315.7152,314.313,317.1175
2020-01-14 09:44:00,315.7385,314.3573,317.1197
2020-01-14 09:45:00,315.7651,314.4043,317.1259
2020-01-14 09:46:00,315.789,314.4517,317.1262
2020-01-14 09:47:00,315.8156,314.5068,317.1244
2020-01-14 09:48:00,315.8358,314.5563,317.1153
2020-01-14 09:49:00,315.852,314.6037,317.1003
2020-01-14 09:50:00,315.8631,314.6433,317.0829
2020-01-14 09:51:00,315.8688,314.664,317.0736
2020-01-14 09:52:00,315.8683,314.6619,317.0747
2020-01-14 09:53:00,315.8713,314.6733,317.0694
2020-01-14 09:54:00,315.8679,314.6602,317.0756
2020-01-14 09:55:00,315.8714,314.6708,317.072
2020-01-14 09:56:00,315.8659,314.6484,317.0833
2020-01-14 09:57:00,315.8505,314.5727,317.1284
2020-01-14 09:58:00,315.8373,314.5058,317.1688
2020-01-14 09:59:00,315.8123,314.3701,317.2545
2020-01-14 10:00:00,315.7893,314.264,317.3146
2020-01-14 10:01:00,315.7711,314.1928,317.3494
2020-01-14 10:02:00,315.7603,314.1592,317.3613
2020-01-14 10:03:00,315.7504,314.133,317.3679
2020-01-14 10:04:00,315.7449,314.1197,317.3701
2020-01-14 10:05:00,315.7386,314.1058,317.3714
2020-01-14 10:06:00,315.7366,314.102,317.3713
2020-01-14 10:07:00,315.7276,314.0806,317.3745
2020-01-14 10:08:00,315.7241,314.0734,317.3748
2020-01-14 10:09:00,315.7234,314.0723,317.3746
2020-01-14 10:10:00,315.7285,314.0784,317.3787
2020-01-14 10:11:00,315.7312,314.0823,317.3801
2020-01-14 10:12:00,315.7369,314.0913,317.3825
2020-01-14 10:13:00,315.7406,314.0975,317.3837
2020-01-14 10:14:00,315.7398,314.0966,317.383
2020-01-14 10:15:00,315.7455,314.0985,317.3924
2020-01-14 10:16:00,315.7453,314.0983,317.3923
2020-01-14 10:17:00,315.747,314.0994,317.3945
2020-01-14 10:18:00,315.7565,314.0999,317.4131
2020-01-14 10:19:00,315.7704,314.0984,317.4423
2020-01-14 10:20:00,315.7782,314.1003,317.4561
2020-01-14 10:21:00,315.7789,314.1006,317.4572
2020-01-14 10:22:00,315.782,314.1012,317.4628
2020-01-14 10:23:00,315.7835,314.1011,317.4658
2020-01-14 10:24:00,315.7763,314.1026,317.45
2020-01-14 10:25:00,315.7699,314.1086,317.4311
2020-01-14 10:26:00,315.7659,314.1135,317.4183
2020-01-14 10:27:00,315.759,314.1206,317.3975
2020-01-14 10:28:00,315.7532,314.1286,317.3779
2020-01-14 10:29:00,315.7486,314.136,317.3611
2020-01-14 10:30:00,315.7425,314.1458,317.3392
2020-01-14 10:31:00,315.746,314.1401,317.3518
2020-01-14 10:32:00,315.7579,314.1239,317.3918
2020-01-14 10:33:00,315.7767,314.1031,317.4503
2020-01-14 10:34:00,315.7993,314.0799,317.5187
2020-01-14 10:35:00,315.8143,314.0599,317.5687
2020-01-14 10:36:00,315.8291,314.0434,317.6148
2020-01-14 10:37:00,315.847,314.0344,317.6595
2020-01-14 10:38:00,315.8538,314.0282,317.6793
2020-01-14 10:39:00,315.8546,314.0273,317.6819
2020-01-14 10:40:00,315.8569,314.0242,317.6897
2020-01-14 10:41:00,315.8581,314.0231,317.693
2020-01-14 10:42:00,315.8631,314.0214,317.7048
2020-01-14 10:43:00,315.8694,314.0205,317.7183
2020-01-14 10:44:00,315.8797,314.0187,317.7406
2020-01-14 10:45:00,315.8864,314.0167,317.756
2020-01-14 10:46:00,315.8912,314.0173,317.7651
2020-01-14 10:47:00,315.8922,314.0174,317.767
2020-01-14 10:48:00,315.8945,314.0191,317.77
2020-01-14 10:49:00,315.9005,314.025,317.7759
2020-01-14 10:50:00,315.9056,314.0339,317.7772
2020-01-14 10:51:00,315.9088,314.0411,317.7765
2020-01-14 10:52:00,315.9168,314.0631,317.7705
2020-01-14 10:53:00,315.9154,314.0591,317.7717
2020-01-14 10:54:00,315.9187,314.069,317.7685
2020-01-14 10:55:00,315.9159,314.0622,317.7696
2020-01-14 10:56:00,315.9173,314.067,317.7676
2020-01-14 10:57:00,315.9376,314.1385,317.7368
2020-01-14 10:58:00,315.9637,314.2261,317.7013
2020-01-14 10:59:00,316.0004,314.3801,317.6208
2020-01-14 11:00:00,316.0334,314.5189,317.5479
2020-01-14 11:01:00,316.0634,314.6338,317.4929
2020-01-14 11:02:00,316.0861,314.7076,317.4645
2020-01-14 11:03:00,316.1027,314.7637,317.4417
2020-01-14 11:04:00,316.1177,314.8079,317.4276
2020-01-14 11:06:00,316.1302,314.8469,317.4136
2020-01-14 11:07:00,316.1438,314.879,317.4085
2020-01-14 11:08:00,316.1614,314.9375,317.3853
2020-01-14 11:09:00,316.1744,314.9762,317.3726
2020-01-14 11:10:00,316.1818,314.9975,317.3661
2020-01-14 11:11:00,316.1805,314.9945,317.3666
2020-01-14 11:12:00,316.1824,314.9994,317.3653
2020-01-14 11:13:00,316.1831,315.0013,317.3648
2020-01-14 11:14:00,316.1835,315.0026,317.3644
2020-01-14 11:15:00,316.1802,314.9926,317.3677
2020-01-14 11:16:00,316.1688,314.969,317.3687
2020-01-14 11:17:00,316.1646,314.9563,317.3728
2020-01-14 11:18:00,316.1592,314.9439,317.3745
2020-01-14 11:19:00,316.1462,314.9261,317.3663
2020-01-14 11:20:00,316.1297,314.91,317.3494
2020-01-14 11:21:00,316.1164,314.8884,317.3444
2020-01-14 11:22:00,316.1022,314.8503,317.3542
2020-01-14 11:23:00,316.0859,314.8146,317.3573
2020-01-14 11:24:00,316.0745,314.7979,317.3512
2020-01-14 11:25:00,316.0647,314.779,317.3504
2020-01-14 11:26:00,316.0507,314.7612,317.3402
2020-01-14 11:27:00,316.0293,314.7319,317.3268
2020-01-14 11:28:00,316.0121,314.7073,317.3169
2020-01-14 11:29:00,315.9909,314.6805,317.3012
2020-01-14 11:30:00,315.9674,314.6553,317.2794
2020-01-14 11:31:00,315.9432,314.6257,317.2608
2020-01-14 11:32:00,315.9151,314.6083,317.2218
2020-01-14 11:33:00,315.8824,314.5945,317.1703
2020-01-14 11:34:00,315.8465,314.5881,317.105
2020-01-14 11:35:00,315.8109,314.6021,317.0198
2020-01-14 11:36:00,315.7768,314.6201,316.9335
2020-01-14 11:37:00,315.7478,314.6495,316.846
2020-01-14 11:38:00,315.7199,314.6716,316.7683
2020-01-14 11:39:00,315.6967,314.695,316.6984
2020-01-14 11:40:00,315.6755,314.7195,316.6315
2020-01-14 11:41:00,315.648,314.7541,316.542
2020-01-14 11:42:00,315.6205,314.7628,316.4781
2020-01-14 11:43:00,315.5921,314.758,316.4261
2020-01-14 11:44:00,315.5629,314.7469,316.3789
2020-01-14 11:45:00,315.5318,314.7541,316.3095
2020-01-14 11:46:00,315.5033,314.7736,316.233
2020-01-14 11:47:00,315.484,314.7953,316.1726
2020-01-14 11:48:00,315.4659,314.8087,316.1231
2020-01-14 11:49:00,315.4532,314.8164,316.09
2020-01-14 11:50:00,315.4394,314.8218,316.057
2020-01-14 11:51:00,315.4379,314.8224,316.0534
2020-01-14 11:52:00,315.4418,314.8237,316.0599
2020-01-14 11:53:00,315.4469,314.8272,316.0666
2020-01-14 11:54:00,315.4559,314.8447,316.0671
2020-01-14 11:55:00,315.4664,314.8577,316.0751
2020-01-14 11:56:00,315.4795,314.8615,316.0974
2020-01-14 11:57:00,315.4972,314.8896,316.1048
2020-01-14 11:58:00,315.5084,314.8847,316.1321
2020-01-14 11:59:00,315.5177,314.8673,316.1682
2020-01-14 12:00:00,315.5311,314.8319,316.2302
2020-01-14 12:01:00,315.5382,314.8217,316.2548
2020-01-14 12:02:00,315.5446,314.8084,316.2809
2020-01-14 12:03:00,315.5519,314.7911,316.3127
2020-01-14 12:04:00,315.5603,314.7785,316.342
2020-01-14 12:05:00,315.5653,314.7706,316.3599
2020-01-14 12:06:00,315.5726,314.7611,316.384
2020-01-14 12:07:00,315.5711,314.7633,316.3789
2020-01-14 12:08:00,315.5704,314.7638,316.377
2020-01-14 12:09:00,315.5722,314.7617,316.3827
2020-01-14 12:10:00,315.5754,314.7592,316.3915
2020-01-14 12:11:00,315.579,314.7584,316.3997
2020-01-14 12:12:00,315.5828,314.7574,316.4081
2020-01-14 12:13:00,315.5866,314.7567,316.4165
2020-01-14 12:14:00,315.5891,314.7582,316.4201
2020-01-14 12:15:00,315.5938,314.762,316.4256
2020-01-14 12:16:00,315.5953,314.7638,316.4268
2020-01-14 12:17:00,315.5962,314.7652,316.4272
2020-01-14 12:18:00,315.5944,314.7631,316.4258
2020-01-14 12:19:00,315.5914,314.7596,316.4233
2020-01-14 12:20:00,315.5884,314.7562,316.4207
2020-01-14 12:21:00,315.5884,314.7561,316.4207
2020-01-14 12:22:00,315.5944,314.7694,316.4194
2020-01-14 12:23:00,315.6009,314.7814,316.4204
2020-01-14 12:24:00,315.6011,314.7816,316.4206
2020-01-14 12:25:00,315.6037,314.7848,316.4227
2020-01-14 12:26:00,315.6049,314.786,316.4237
2020-01-14 12:27:00,315.6082,314.793,316.4234
2020-01-14 12:28:00,315.6086,314.7939,316.4233
2020-01-14 12:29:00,315.6092,314.7955,316.423
2020-01-14 12:30:00,315.6086,314.7938,316.4235
2020-01-14 12:31:00,315.6104,314.7991,316.4218
2020-01-14 12:32:00,315.6103,314.7986,316.4219
2020-01-14 12:33:00,315.612,314.8042,316.4198
2020-01-14 12:34:00,315.6147,314.8133,316.416
2020-01-14 12:35:00,315.6129,314.8074,316.4184
2020-01-14 12:36:00,315.6114,314.8026,316.4202
2020-01-14 12:37:00,315.6074,314.7933,316.4215
2020-01-14 12:38:00,315.6076,314.7937,316.4215
2020-01-14 12:39:00,315.606,314.7911,316.4209
2020-01-14 12:40:00,315.6035,314.7874,316.4197
2020-01-14 12:41:00,315.6027,314.7855,316.4199
2020-01-14 12:42:00,315.6039,314.7895,316.4183
2020-01-14 12:43:00,315.6064,314.7994,316.4134
2020-01-14 12:44:00,315.6116,314.8207,316.4025
2020-01-14 12:45:00,315.6156,314.8376,316.3935
2020-01-14 12:46:00,315.6182,314.8479,316.3885
2020-01-14 12:47:00,315.6159,314.8407,316.3911
2020-01-14 12:48:00,315.6113,314.8238,316.3988
2020-01-14 12:49:00,315.606,314.807,316.405
2020-01-14 12:50:00,315.5988,314.7797,316.4179
2020-01-14 12:51:00,315.5845,314.7377,316.4312
2020-01-14 12:52:00,315.5713,314.7053,316.4373
2020-01-14 12:53:00,315.5579,314.6722,316.4436
2020-01-14 12:54:00,315.5458,314.6417,316.4498
2020-01-14 12:55:00,315.5301,314.6077,316.4525
2020-01-14 12:56:00,315.5109,314.5782,316.4436
2020-01-14 12:57:00,315.4915,314.5464,316.4366
2020-01-14 12:58:00,315.468,314.5105,316.4255
2020-01-14 12:59:00,315.4427,314.4888,316.3965
2020-01-14 13:00:00,315.4123,314.4846,316.3401
2020-01-14 13:01:00,315.3933,314.4825,316.304
2020-01-14 13:02:00,315.3747,314.4928,316.2565
2020-01-14 13:03:00,315.3566,314.5161,316.1971
2020-01-14 13:04:00,315.3393,314.5344,316.1442
2020-01-14 13:05:00,315.3213,314.5483,316.0943
2020-01-14 13:06:00,315.3016,314.5649,316.0384
2020-01-14 13:07:00,315.2872,314.5734,316.0011
2020-01-14 13:08:00,315.2794,314.5834,315.9754
2020-01-14 13:09:00,315.2695,314.6023,315.9368
2020-01-14 13:10:00,315.2592,314.6208,315.8977
2020-01-14 13:11:00,315.2491,314.6354,315.8628
2020-01-14 13:12:00,315.2359,314.65,315.8219
2020-01-14 13:13:00,315.2237,314.6674,315.7801
2020-01-14 13:14:00,315.2126,314.6724,315.7529
2020-01-14 13:15:00,315.201,314.6795,315.7225
2020-01-14 13:16:00,315.1937,314.6826,315.7049
2020-01-14 13:17:00,315.1917,314.6845,315.699
2020-01-14 13:18:00,315.1882,314.6867,315.6898
2020-01-14 13:19:00,315.1856,314.6883,315.6828
2020-01-14 13:20:00,315.1816,314.6898,315.6735
2020-01-14 13:21:00,315.1773,314.6933,315.6613
2020-01-14 13:22:00,315.1727,314.6966,315.6487
2020-01-14 13:23:00,315.1663,314.7043,315.6282
2020-01-14 13:24:00,315.1602,314.712,315.6085
2020-01-14 13:25:00,315.1525,314.7217,315.5832
2020-01-14 13:26:00,315.1454,314.732,315.5588
2020-01-14 13:27:00,315.1437,314.7349,315.5526
2020-01-14 13:28:00,315.143,314.7358,315.5502
2020-01-14 13:29:00,315.1473,314.7274,315.5672
2020-01-14 13:30:00,315.1522,314.7226,315.5817
2020-01-14 13:31:00,315.1596,314.7077,315.6115
2020-01-14 13:32:00,315.1692,314.6903,315.6482
2020-01-14 13:33:00,315.1794,314.6724,315.6865
2020-01-14 13:34:00,315.1879,314.6623,315.7135
2020-01-14 13:35:00,315.2005,314.6498,315.7512
2020-01-14 13:36:00,315.2107,314.6433,315.778
2020-01-14 13:37:00,315.1997,314.6084,315.791
2020-01-14 13:38:00,315.1851,314.5706,315.7996
2020-01-14 13:39:00,315.1739,314.5533,315.7945
2020-01-14 13:44:00,315.1466,314.4356,315.8575
2020-01-14 13:45:00,315.1229,314.344,315.9018
2020-01-14 13:46:00,315.1008,314.2556,315.9459
2020-01-14 13:47:00,315.0802,314.1759,315.9844
2020-01-14 13:48:00,315.0629,314.1246,316.0011
2020-01-14 13:49:00,315.0421,314.0541,316.03
2020-01-14 13:50:00,315.0289,314.0256,316.0322
2020-01-14 13:51:00,315.0154,313.9973,316.0336
2020-01-14 13:52:00,314.9999,313.9504,316.0494
2020-01-14 13:53:00,314.9773,313.8731,316.0814
2020-01-14 13:54:00,314.9586,313.8076,316.1096
2020-01-14 13:55:00,314.9349,313.7124,316.1575
2020-01-14 13:56:00,314.8998,313.5564,316.2432
2020-01-14 13:57:00,314.8796,313.4974,316.2617
2020-01-14 13:58:00,314.8589,313.4391,316.2788
2020-01-14 13:59:00,314.8403,313.3887,316.2918
2020-01-14 14:00:00,314.8164,313.3181,316.3147
2020-01-14 14:01:00,314.798,313.2709,316.3251
2020-01-14 14:02:00,314.7842,313.2371,316.3313
2020-01-14 14:03:00,314.7595,313.1634,316.3557
2020-01-14 14:04:00,314.728,313.0571,316.3989
2020-01-14 14:05:00,314.6951,312.9727,316.4175
2020-01-14 14:06:00,314.6587,312.8867,316.4307
2020-01-14 14:07:00,314.6204,312.8082,316.4326
2020-01-14 14:08:00,314.5876,312.751,316.4242
2020-01-14 14:09:00,314.5458,312.6485,316.4432
2020-01-14 14:10:00,314.5087,312.567,316.4503
2020-01-14 14:11:00,314.469,312.4846,316.4534
2020-01-14 14:12:00,314.4215,312.3971,316.4459
2020-01-14 14:13:00,314.3733,312.3141,316.4324
2020-01-14 14:14:00,314.3196,312.2046,316.4346
2020-01-14 14:15:00,314.2758,312.1374,316.4141
2020-01-14 14:16:00,314.2447,312.1047,316.3846
2020-01-14 14:17:00,314.2067,312.0557,316.3576
2020-01-14 14:18:00,314.1711,312.0089,316.3333
2020-01-14 14:19:00,314.1355,311.9633,316.3077
2020-01-14 14:20:00,314.0991,311.9239,316.2744
2020-01-14 14:21:00,314.0569,311.8846,316.2293
2020-01-14 14:22:00,314.0151,311.8426,316.1876
2020-01-14 14:23:00,313.9793,311.8226,316.136
2020-01-14 14:24:00,313.9449,311.8035,316.0862
2020-01-14 14:25:00,313.9143,311.7973,316.0313
2020-01-14 14:26:00,313.8863,311.7961,315.9766
2020-01-14 14:27:00,313.8627,311.8023,315.9232
2020-01-14 14:28:00,313.8413,311.8121,315.8705
2020-01-14 14:29:00,313.8235,311.8226,315.8243
2020-01-14 14:30:00,313.8067,311.8355,315.7779
2020-01-14 14:31:00,313.7829,311.8542,315.7116
2020-01-14 14:32:00,313.7609,311.8741,315.6478
2020-01-14 14:33:00,313.7417,311.9066,315.5769
2020-01-14 14:34:00,313.7224,311.9383,315.5064
2020-01-14 14:35:00,313.698,311.9846,315.4114
2020-01-14 14:36:00,313.6719,312.0405,315.3033
2020-01-14 14:37:00,313.6457,312.1051,315.1863
2020-01-14 14:38:00,313.6222,312.1683,315.0761
2020-01-14 14:39:00,313.5992,312.2462,314.9523
2020-01-14 14:40:00,313.5772,312.325,314.8295
2020-01-14 14:41:00,313.5734,312.3318,314.815
2020-01-14 14:42:00,313.573,312.3327,314.8133
2020-01-14 14:43:00,313.5652,312.3492,314.7811
2020-01-14 14:44:00,313.5795,312.3334,314.8256
2020-01-14 14:45:00,313.5922,312.3185,314.8658
2020-01-14 14:46:00,313.605,312.3064,314.9036
2020-01-14 14:47:00,313.6199,312.2905,314.9493
2020-01-14 14:48:00,313.6309,312.275,314.9868
2020-01-14 14:49:00,313.6427,312.2671,315.0182
2020-01-14 14:50:00,313.6425,312.2673,315.0177
2020-01-14 14:51:00,313.6419,312.268,315.0158
2020-01-14 14:52:00,313.644,312.2673,315.0207
2020-01-14 14:53:00,313.6534,312.2688,315.0379
2020-01-14 14:54:00,313.6632,312.2691,315.0574
2020-01-14 14:55:00,313.6776,312.2793,315.0758
2020-01-14 14:56:00,313.7009,312.318,315.0838
2020-01-14 14:57:00,313.7081,312.3223,315.094
2020-01-14 14:58:00,313.7116,312.3257,315.0976
2020-01-14 14:59:00,313.708,312.3206,315.0954
2020-01-14 15:00:00,313.71,312.3241,315.0959
2020-01-14 15:01:00,313.7119,312.3259,315.0979
2020-01-14 15:02:00,313.7034,312.314,315.0928
2020-01-14 15:03:00,313.7097,312.3252,315.0943
2020-01-14 15:04:00,313.7219,312.3558,315.088
2020-01-14 15:05:00,313.7287,312.3719,315.0856
2020-01-14 15:06:00,313.7382,312.3942,315.0822
2020-01-14 15:07:00,313.7498,312.4189,315.0808
2020-01-14 15:08:00,313.7554,312.4296,315.0813
2020-01-14 15:09:00,313.7687,312.4724,315.065
2020-01-14 15:10:00,313.7768,312.4978,315.0558
2020-01-14 15:11:00,313.786,312.5283,315.0436
2020-01-14 15:12:00,313.7947,312.5631,315.0263
2020-01-14 15:13:00,313.8026,312.5965,315.0088
2020-01-14 15:14:00,313.8172,312.6696,314.9649
2020-01-14 15:15:00,313.8252,312.7024,314.948
2020-01-14 15:16:00,313.8229,312.6952,314.9506
2020-01-14 15:17:00,313.8301,312.72,314.9403
2020-01-14 15:18:00,313.8378,312.7458,314.9298
2020-01-14 15:19:00,313.8462,312.7747,314.9177
2020-01-14 15:20:00,313.8512,312.7932,314.9092
2020-01-14 15:21:00,313.8617,312.8316,314.8919
2020-01-14 15:22:00,313.873,312.8763,314.8698
2020-01-14 15:23:00,313.8774,312.8908,314.8639
2020-01-14 15:24:00,313.8812,312.9039,314.8585
2020-01-14 15:25:00,313.8806,312.9022,314.859
2020-01-14 15:26:00,313.8749,312.8851,314.8646
2020-01-14 15:27:00,313.8616,312.8482,314.875
2020-01-14 15:28:00,313.8503,312.8263,314.8744
2020-01-14 15:29:00,313.8297,312.7772,314.8822
2020-01-14 15:30:00,313.8089,312.7366,314.8812
2020-01-14 15:31:00,313.7929,312.7011,314.8848
2020-01-14 15:32:00,313.7775,312.6729,314.882
2020-01-14 15:33:00,313.7567,312.6549,314.8585
2020-01-14 15:34:00,313.7364,312.6336,314.8391
2020-01-14 15:35:00,313.7162,312.6075,314.8248
2020-01-14 15:36:00,313.6973,312.5845,314.8101
2020-01-14 15:37:00,313.6803,312.5707,314.79
2020-01-14 15:38:00,313.6647,312.5645,314.7648
2020-01-14 15:39:00,313.6458,312.5622,314.7294
2020-01-14 15:40:00,313.6266,312.5579,314.6953
2020-01-14 15:41:00,313.6138,312.5608,314.6668
2020-01-14 15:42:00,313.599,312.571,314.6269
2020-01-14 15:43:00,313.5921,312.5772,314.607
2020-01-14 15:44:00,313.5791,312.5994,314.5588
2020-01-14 15:45:00,313.5677,312.6228,314.5125
2020-01-14 15:46:00,313.5545,312.6468,314.4622
2020-01-14 15:47:00,313.545,312.6761,314.4139
2020-01-14 15:48:00,313.5333,312.7126,314.354
2020-01-14 15:49:00,313.5213,312.741,314.3017
2020-01-14 15:50:00,313.5063,312.7554,314.2572
2020-01-14 15:51:00,313.4817,312.7399,314.2236
2020-01-14 15:52:00,313.4553,312.6979,314.2127
2020-01-14 15:53:00,313.4295,312.6725,314.1865
2020-01-14 15:54:00,313.4005,312.6449,314.1562
2020-01-14 15:55:00,313.3724,312.612,314.1328
2020-01-14 15:56:00,313.3469,312.5912,314.1025
2020-01-14 15:57:00,313.3214,312.5612,314.0816
2020-01-14 15:58:00,313.2984,312.5167,314.0801
2020-01-14 15:59:00,313.2814,312.4707,314.0921
2020-01-14 16:00:00,313.2677,312.4453,314.0901
2020-01-15 09:31:00,313.2419,312.3887,314.0951
2020-01-15 09:32:00,313.2352,312.378,314.0924
2020-01-15 09:33:00,313.2249,312.372,314.0778
2020-01-15 09:34:00,313.2169,312.3678,314.066
2020-01-15 09:35:00,313.2114,312.3646,314.0582
2020-01-15 09:36:00,313.2153,312.3601,314.0705
2020-01-15 09:37:00,313.2195,312.3521,314.0868
2020-01-15 09:38:00,313.2251,312.3434,314.1067
2020-01-15 09:39:00,313.2282,312.3423,314.1141
2020-01-15 09:40:00,313.2407,312.3287,314.1528
2020-01-15 09:41:00,313.2502,312.3235,314.1769
2020-01-15 09:42:00,313.2623,312.3237,314.201
2020-01-15 09:43:00,313.2693,312.3306,314.2081
2020-01-15 09:44:00,313.2818,312.3341,314.2296
2020-01-15 09:45:00,313.2893,312.3378,314.2409
2020-01-15 09:46:00,313.2922,312.3412,314.2432
2020-01-15 09:47:00,313.2961,312.3421,314.2502
2020-01-15 09:48:00,313.2996,312.3424,314.2568
2020-01-15 09:49:00,313.3006,312.3427,314.2585
2020-01-15 09:50:00,313.3121,312.3389,314.2854
2020-01-15 09:51:00,313.321,312.3323,314.3097
2020-01-15 09:52:00,313.3337,312.319,314.3483
2020-01-15 09:53:00,313.3487,312.3032,314.3941
2020-01-15 09:54:00,313.366,312.2839,314.4482
2020-01-15 09:55:00,313.3874,312.2538,314.521
2020-01-15 09:56:00,313.4163,312.2151,314.6174
2020-01-15 09:57:00,313.4482,312.1899,314.7064
2020-01-15 09:58:00,313.4772,312.1572,314.7973
2020-01-15 09:59:00,313.5164,312.1338,314.8989
2020-01-15 10:00:00,313.5565,312.1048,315.0081
2020-01-15 10:01:00,313.591,312.097,315.0849
2020-01-15 10:02:00,313.622,312.0934,315.1506
2020-01-15 10:03:00,313.6503,312.0929,315.2078
2020-01-15 10:04:00,313.6801,312.096,315.2642
2020-01-15 10:05:00,313.7135,312.1005,315.3266
2020-01-15 10:06:00,313.7415,312.1152,315.3679
2020-01-15 10:07:00,313.7665,312.1263,315.4067
2020-01-15 10:08:00,313.7934,312.1274,315.4594
2020-01-15 10:09:00,313.8242,312.1257,315.5228
2020-01-15 10:10:00,313.8569,312.127,315.5869
2020-01-15 10:11:00,313.8821,312.1264,315.6378
2020-01-15 10:12:00,313.9038,312.1306,315.677
2020-01-15 10:13:00,313.9203,312.1298,315.7109
2020-01-15 10:14:00,313.937,312.1301,315.7439
2020-01-15 10:15:00,313.9521,312.1295,315.7747
2020-01-15 10:16:00,313.9665,312.1347,315.7984
2020-01-15 10:17:00,313.9764,312.134,315.8188
2020-01-15 10:18:00,313.9914,312.1319,315.8509
2020-01-15 10:19:00,314.0147,312.1285,315.901
2020-01-15 10:20:00,314.0423,312.1421,315.9425
2020-01-15 10:21:00,314.0752,312.1922,315.9582
2020-01-15 10:22:00,314.1129,312.262,315.9638
2020-01-15 10:23:00,314.1458,312.3288,315.9628
2020-01-15 10:24:00,314.1778,312.4069,315.9487
2020-01-15 10:25:00,314.2076,312.4906,315.9246
2020-01-15 10:26:00,314.2326,312.5653,315.9
2020-01-15 10:27:00,314.2626,312.6548,315.8703
2020-01-15 10:28:00,314.2936,312.7574,315.8297
2020-01-15 10:29:00,314.3234,312.8648,315.782
2020-01-15 10:30:00,314.3494,312.954,315.7449
2020-01-15 10:31:00,314.3781,313.0915,315.6647
2020-01-15 10:32:00,314.3964,313.1638,315.6291
2020-01-15 10:33:00,314.4156,313.2351,315.5961
2020-01-15 10:34:00,314.4319,313.2997,315.5642
2020-01-15 10:35:00,314.4466,313.3597,315.5334
2020-01-15 10:36:00,314.4564,313.3829,315.5299
2020-01-15 10:37:00,314.4653,313.3993,315.5313
2020-01-15 10:38:00,314.477,313.4184,315.5355
2020-01-15 10:39:00,314.49,313.455,315.525
2020-01-15 10:40:00,314.4897,313.4542,315.5252
2020-01-15 10:41:00,314.4959,313.4706,315.5212
2020-01-15 10:42:00,314.504,313.4916,315.5164
2020-01-15 10:43:00,314.5168,313.5377,315.496
2020-01-15 10:44:00,314.5263,313.5635,315.4892
2020-01-15 10:45:00,314.5367,313.5996,315.4738
2020-01-15 10:46:00,314.555,313.6712,315.4387
2020-01-15 10:47:00,314.5695,313.7212,315.4179
2020-01-15 10:48:00,314.5813,313.7671,315.3955
2020-01-15 10:49:00,314.596,313.8301,315.3618
2020-01-15 10:50:00,314.6018,313.8497,315.3538
2020-01-15 10:51:00,314.6073,313.8679,315.3467
2020-01-15 10:52:00,314.6108,313.8768,315.3448
2020-01-15 10:53:00,314.6126,313.881,315.3442
2020-01-15 10:54:00,314.6109,313.8773,315.3446
2020-01-15 10:55:00,314.604,313.8655,315.3426
2020-01-15 10:56:00,314.5914,313.8509,315.3318
2020-01-15 10:57:00,314.5805,313.8418,315.3193
2020-01-15 10:58:00,314.5694,313.8373,315.3014
2020-01-15 10:59:00,314.5555,313.8413,315.2698
2020-01-15 11:00:00,314.5414,313.8577,315.2251
2020-01-15 11:01:00,314.5341,313.8635,315.2048
2020-01-15 11:02:00,314.524,313.8611,315.1869
2020-01-15 11:03:00,314.5082,313.8347,315.1817
2020-01-15 11:04:00,314.4936,313.8174,315.1697
2020-01-15 11:05:00,314.4786,313.8124,315.1449
2020-01-15 11:06:00,314.4661,313.7934,315.1389
2020-01-15 11:07:00,314.4513,313.7632,315.1393
2020-01-15 11:08:00,314.4354,313.7533,315.1176
2020-01-15 11:09:00,314.4145,313.7478,315.0811
2020-01-15 11:10:00,314.3914,313.7443,315.0386
2020-01-15 11:11:00,314.3699,313.7287,315.0112
2020-01-15 11:12:00,314.3476,313.6889,315.0064
2020-01-15 11:13:00,314.3261,313.6531,314.999
2020-01-15 11:14:00,314.3121,313.6501,314.974
2020-01-15 11:15:00,314.2987,313.6502,314.9473
2020-01-15 11:16:00,314.2926,313.6519,314.9334
2020-01-15 11:17:00,314.2857,313.6565,314.915
2020-01-15 11:18:00,314.2749,313.6705,314.8792
2020-01-15 11:19:00,314.2579,313.7082,314.8076
2020-01-15 11:20:00,314.2445,313.7397,314.7493
2020-01-15 11:21:00,314.2336,313.7495,314.7178
2020-01-15 11:22:00,314.2214,313.7613,314.6814
2020-01-15 11:23:00,314.2111,313.7619,314.6604
2020-01-15 11:24:00,314.2044,313.759,314.6497
2020-01-15 11:25:00,314.1996,313.7524,314.6469
2020-01-15 11:26:00,314.1966,313.7452,314.6481
2020-01-15 11:27:00,314.1921,313.7407,314.6435
2020-01-15 11:28:00,314.1883,313.7367,314.6398
2020-01-15 11:29:00,314.1831,313.7265,314.6397
2020-01-15 11:30:00,314.1725,313.6938,314.6512
2020-01-15 11:31:00,314.1662,313.6663,314.666
2020-01-15 11:32:00,314.1608,313.6476,314.674
2020-01-15 11:33:00,314.1517,313.6199,314.6835
2020-01-15 11:34:00,314.1479,313.6102,314.6856
2020-01-15 11:35:00,314.1442,313.6002,314.6883
2020-01-15 11:36:00,314.1391,313.5983,314.68
2020-01-15 11:37:00,314.1305,313.5967,314.6644
2020-01-15 11:38:00,314.1184,313.5994,314.6374
2020-01-15 11:39:00,314.1133,313.5996,314.6271
2020-01-15 11:40:00,314.1155,313.6016,314.6294
2020-01-15 11:41:00,314.117,313.6009,314.6331
2020-01-15 11:42:00,314.1171,313.6008,314.6335
2020-01-15 11:43:00,314.1193,313.5996,314.639
2020-01-15 11:44:00,314.1172,313.6009,314.6335
2020-01-15 11:45:00,314.1172,313.6009,314.6335
2020-01-15 11:46:00,314.1132,313.603,314.6234
2020-01-15 11:47:00,314.1094,313.6067,314.6121
2020-01-15 11:48:00,314.1106,313.6056,314.6155
2020-01-15 11:49:00,314.1091,313.6068,314.6114
2020-01-15 11:50:00,314.1084,313.6071,314.6097
2020-01-15 11:51:00,314.1044,313.6068,314.6021
2020-01-15 11:52:00,314.1009,313.6096,314.5922
2020-01-15 11:53:00,314.0982,313.6124,314.584
2020-01-15 11:54:00,314.0964,313.6134,314.5793
2020-01-15 11:55:00,314.0917,313.6101,314.5733
2020-01-15 11:56:00,314.0909,313.6098,314.5719
2020-01-15 11:57:00,314.0867,313.6083,314.5651
2020-01-15 11:58:00,314.0832,313.6095,314.5569
2020-01-15 11:59:00,314.0731,313.5994,314.5469
2020-01-15 12:00:00,314.064,313.6025,314.5254
2020-01-15 12:01:00,314.0504,313.6082,314.4925
2020-01-15 12:02:00,314.0428,313.6062,314.4794
2020-01-15 12:03:00,314.0421,313.6048,314.4795
2020-01-15 12:04:00,314.04,313.6011,314.4789
2020-01-15 12:05:00,314.0339,313.5912,314.4766
2020-01-15 12:06:00,314.0342,313.5916,314.4769
2020-01-15 12:07:00,314.0421,313.597,314.4872
2020-01-15 12:08:00,314.043,313.5978,314.4883
2020-01-15 12:09:00,314.0452,313.6011,314.4894
2020-01-15 12:10:00,314.0449,313.6002,314.4896
2020-01-15 12:11:00,314.0486,313.6091,314.4881
2020-01-15 12:12:00,314.0585,313.6369,314.4802
2020-01-15 12:13:00,314.0687,313.6646,314.4728
2020-01-15 12:14:00,314.0717,313.6662,314.4772
2020-01-15 12:15:00,314.0765,313.6644,314.4886
2020-01-15 12:16:00,314.0763,313.6646,314.4881
2020-01-15 12:17:00,314.0754,313.6658,314.4851
2020-01-15 12:18:00,314.0743,313.6669,314.4816
2020-01-15 12:19:00,314.0749,313.6665,314.4834
2020-01-15 12:20:00,314.0719,313.6672,314.4766
2020-01-15 12:21:00,314.0708,313.6666,314.475
2020-01-15 12:22:00,314.0739,313.6662,314.4816
2020-01-15 12:23:00,314.0786,313.6666,314.4906
2020-01-15 12:24:00,314.0808,313.6676,314.494
2020-01-15 12:25:00,314.085,313.6694,314.5007
2020-01-15 12:26:00,314.0935,313.6688,314.5181
2020-01-15 12:27:00,314.0986,313.6683,314.5288
2020-01-15 12:28:00,314.1018,313.6695,314.5341
2020-01-15 12:29:00,314.1102,313.6729,314.5474
2020-01-15 12:30:00,314.1224,313.7003,314.5445
2020-01-15 12:31:00,314.1348,313.7352,314.5343
2020-01-15 12:32:00,314.1421,313.7599,314.5243
2020-01-15 12:33:00,314.1524,313.7949,314.5098
2020-01-15 12:34:00,314.1592,313.8111,314.5073
2020-01-15 12:35:00,314.1644,313.8289,314.5
2020-01-15 12:36:00,314.1655,313.8307,314.5003
2020-01-15 12:37:00,314.1707,313.8375,314.5039
2020-01-15 12:38:00,314.1772,313.8487,314.5057
2020-01-15 12:39:00,314.1799,313.8513,314.5084
2020-01-15 12:40:00,314.1817,313.8517,314.5117
2020-01-15 12:41:00,314.1829,313.85,314.5157
2020-01-15 12:42:00,314.1849,313.8467,314.5231
2020-01-15 12:43:00,314.186,313.8447,314.5274
2020-01-15 12:44:00,314.1877,313.844,314.5314
2020-01-15 12:45:00,314.1885,313.844,314.533
2020-01-15 12:46:00,314.1918,313.8435,314.5402
2020-01-15 12:47:00,314.1947,313.8417,314.5476
2020-01-15 12:48:00,314.1955,313.8405,314.5505
2020-01-15 12:49:00,314.197,313.8397,314.5544
2020-01-15 12:50:00,314.1936,313.8358,314.5514
2020-01-15 12:51:00,314.1941,313.8367,314.5514
2020-01-15 12:52:00,314.1916,313.8329,314.5504
2020-01-15 12:53:00,314.1828,313.8066,314.5591
2020-01-15 12:54:00,314.1775,313.795,314.5599
2020-01-15 12:55:00,314.1755,313.7879,314.5631
2020-01-15 12:56:00,314.172,313.7794,314.5645
2020-01-15 12:57:00,314.168,313.7653,314.5706
2020-01-15 12:58:00,314.165,313.7591,314.571
2020-01-15 12:59:00,314.1683,313.7719,314.5647
2020-01-15 13:00:00,314.1677,313.7697,314.5656
2020-01-15 13:01:00,314.1651,313.756,314.5741
2020-01-15 13:02:00,314.1654,313.757,314.5737
2020-01-15 13:03:00,314.166,313.7593,314.5727
2020-01-15 13:04:00,314.169,313.7676,314.5704
2020-01-15 13:05:00,314.1719,313.7792,314.5646
2020-01-15 13:06:00,314.1739,313.7829,314.5649
2020-01-15 13:07:00,314.1699,313.7796,314.5603
2020-01-15 13:08:00,314.1666,313.7702,314.563
2020-01-15 13:09:00,314.1628,313.7576,314.5679
2020-01-15 13:10:00,314.1626,313.7569,314.5683
2020-01-15 13:11:00,314.1624,313.7564,314.5684
2020-01-15 13:12:00,314.1566,313.7408,314.5724
2020-01-15 13:13:00,314.1513,313.7292,314.5734
2020-01-15 13:14:00,314.152,313.7293,314.5746
2020-01-15 13:15:00,314.1488,313.7295,314.568
2020-01-15 13:16:00,314.146,313.7288,314.5631
2020-01-15 13:17:00,314.1458,313.7289,314.5627
2020-01-15 13:18:00,314.1463,313.7289,314.5638
2020-01-15 13:19:00,314.1473,313.7285,314.5661
2020-01-15 13:20:00,314.1519,313.7289,314.5749
2020-01-15 13:21:00,314.1555,313.7313,314.5798
2020-01-15 13:22:00,314.1549,313.7312,314.5785
2020-01-15 13:23:00,314.1511,313.729,314.5731
2020-01-15 13:24:00,314.1479,313.7247,314.5712
2020-01-15 13:25:00,314.1426,313.7176,314.5677
2020-01-15 13:26:00,314.1355,313.7174,314.5537
2020-01-15 13:27:00,314.1281,313.7108,314.5454
2020-01-15 13:28:00,314.1221,313.7025,314.5417
2020-01-15 13:29:00,314.1138,313.6983,314.5292
2020-01-15 13:30:00,314.1071,313.6942,314.52
2020-01-15 13:31:00,314.1041,313.6946,314.5135
2020-01-15 13:32:00,314.1052,313.6951,314.5154
2020-01-15 13:33:00,314.1037,313.6948,314.5126
2020-01-15 13:34:00,314.0925,313.663,314.5221
2020-01-15 13:35:00,314.0843,313.6379,314.5306
2020-01-15 13:36:00,314.0767,313.6187,314.5346
2020-01-15 13:37:00,314.068,313.6076,314.5285
2020-01-15 13:38:00,314.0594,313.5979,314.5209
2020-01-15 13:39:00,314.0505,313.5845,314.5166
2020-01-15 13:40:00,314.0415,313.5742,314.5088
2020-01-15 13:41:00,314.0303,313.5674,314.4931
2020-01-15 13:42:00,314.0172,313.5603,314.4742
2020-01-15 13:43:00,314.0045,313.5539,314.4551
2020-01-15 13:44:00,313.9912,313.5361,314.4462
2020-01-15 13:45:00,313.9735,313.4866,314.4604
2020-01-15 13:46:00,313.954,313.4423,314.4657
2020-01-15 13:47:00,313.9349,313.4089,314.4609
2020-01-15 13:48:00,313.9163,313.3838,314.4487
2020-01-15 13:49:00,313.8986,313.3586,314.4386
2020-01-15 13:50:00,313.885,313.3234,314.4466
2020-01-15 13:51:00,313.8697,313.2858,314.4535
2020-01-15 13:52:00,313.85,313.2171,314.4829
2020-01-15 13:53:00,313.8322,313.1312,314.5331
2020-01-15 13:54:00,313.8068,313.015,314.5987
2020-01-15 13:55:00,313.7798,312.8936,314.6661
2020-01-15 13:56:00,313.7525,312.7887,314.7163
2020-01-15 13:57:00,313.7307,312.7142,314.7471
2020-01-15 13:58:00,313.7039,312.6307,314.7772
2020-01-15 13:59:00,313.6769,312.5516,314.8022
2020-01-15 14:00:00,313.656,312.5028,314.8093
2020-01-15 14:01:00,313.6398,312.4597,314.8198
2020-01-15 14:02:00,313.621,312.4234,314.8186
2020-01-15 14:03:00,313.6036,312.3942,314.813
2020-01-15 14:04:00,313.5846,312.3699,314.7993
2020-01-15 14:05:00,313.5694,312.3511,314.7877
2020-01-15 14:06:00,313.5496,312.3309,314.7682
2020-01-15 14:07:00,313.5317,312.3127,314.7507
2020-01-15 14:08:00,313.5187,312.2986,314.7388
2020-01-15 14:09:00,313.5075,312.2864,314.7287
2020-01-15 14:10:00,313.4998,312.2809,314.7187
2020-01-15 14:11:00,313.4888,312.2759,314.7017
2020-01-15 14:12:00,313.4806,312.2699,314.6913
2020-01-15 14:13:00,313.4716,312.2646,314.6786
2020-01-15 14:14:00,313.4555,312.2647,314.6462
2020-01-15 14:15:00,313.4401,312.2628,314.6174
2020-01-15 14:16:00,313.4244,312.2599,314.5889
2020-01-15 14:17:00,313.4057,312.2609,314.5505
2020-01-15 14:18:00,313.3867,312.2623,314.5112
2020-01-15 14:19:00,313.3666,312.2668,314.4665
2020-01-15 14:20:00,313.3468,312.2785,314.4151
2020-01-15 14:21:00,313.328,312.2881,314.3678
2020-01-15 14:22:00,313.3103,312.2974,314.3232
2020-01-15 14:23:00,313.2951,312.3018,314.2884
2020-01-15 14:24:00,313.2808,312.3049,314.2568
2020-01-15 14:25:00,313.2659,312.304,314.2278
2020-01-15 14:26:00,313.2505,312.3086,314.1923
2020-01-15 14:27:00,313.238,312.3122,314.1637
2020-01-15 14:28:00,313.2262,312.3168,314.1355
2020-01-15 14:29:00,313.2145,312.3233,314.1057
2020-01-15 14:30:00,313.204,312.3331,314.0749
2020-01-15 14:31:00,313.1907,312.353,314.0283
2020-01-15 14:32:00,313.1755,312.3796,313.9714
2020-01-15 14:33:00,313.1605,312.405,313.9161
2020-01-15 14:34:00,313.1567,312.4072,313.9062
2020-01-15 14:35:00,313.1547,312.4094,313.9
2020-01-15 14:36:00,313.1527,312.4125,313.893
2020-01-15 14:37:00,313.1475,312.4207,313.8744
2020-01-15 14:38:00,313.1445,312.4269,313.8622
2020-01-15 14:39:00,313.146,312.4231,313.8689
2020-01-15 14:40:00,313.144,312.4273,313.8608
2020-01-15 14:41:00,313.142,312.4315,313.8525
2020-01-15 14:42:00,313.1392,312.4359,313.8426
2020-01-15 14:43:00,313.1375,312.4391,313.8359
2020-01-15 14:44:00,313.1371,312.4395,313.8348
2020-01-15 14:45:00,313.1429,312.4363,313.8496
2020-01-15 14:46:00,313.1499,312.4321,313.8677
2020-01-15 14:47:00,313.1549,312.4297,313.88
2020-01-15 14:48:00,313.1577,312.4287,313.8867
2020-01-15 14:49:00,313.1592,312.4285,313.8899
2020-01-15 14:50:00,313.1622,312.4283,313.896
2020-01-15 14:51:00,313.163,312.4288,313.8972
2020-01-15 14:52:00,313.1701,312.4384,313.9019
2020-01-15 14:53:00,313.1814,312.46,313.9028
2020-01-15 14:54:00,313.1991,312.5047,313.8935
2020-01-15 14:55:00,313.2199,312.5669,313.8728
2020-01-15 14:56:00,313.24,312.6299,313.8502
2020-01-15 14:57:00,313.2555,312.6759,313.8352
2020-01-15 14:58:00,313.2697,312.7388,313.8006
2020-01-15 14:59:00,313.2824,312.8065,313.7583
2020-01-15 15:00:00,313.2874,312.8318,313.7429
2020-01-15 15:01:00,313.2906,312.8497,313.7315
2020-01-15 15:02:00,313.2919,312.8566,313.7272
2020-01-15 15:03:00,313.2906,312.8502,313.7311
2020-01-15 15:04:00,313.2897,312.8461,313.7333
2020-01-15 15:05:00,313.2852,312.8267,313.7437
2020-01-15 15:06:00,313.2808,312.8049,313.7567
2020-01-15 15:07:00,313.2755,312.7809,313.7701
2020-01-15 15:08:00,313.2692,312.7569,313.7815
2020-01-15 15:09:00,313.2617,312.7299,313.7936
2020-01-15 15:10:00,313.2461,312.6729,313.8192
2020-01-15 15:11:00,313.2341,312.6392,313.8291
2020-01-15 15:12:00,313.2186,312.5856,313.8515
2020-01-15 15:13:00,313.1976,312.5005,313.8946
2020-01-15 15:14:00,313.1809,312.4457,313.9161
2020-01-15 15:15:00,313.1658,312.4,313.9316
2020-01-15 15:16:00,313.148,312.3382,313.9579
2020-01-15 15:17:00,313.1277,312.2605,313.9948
2020-01-15 15:18:00,313.1103,312.2034,314.0173
2020-01-15 15:19:00,313.0881,312.1193,314.0569
2020-01-15 15:20:00,313.0667,312.0525,314.0809
2020-01-15 15:21:00,313.0469,311.9957,314.0981
2020-01-15 15:22:00,313.0234,311.9233,314.1235
2020-01-15 15:23:00,312.9982,311.8449,314.1515
2020-01-15 15:24:00,312.9711,311.759,314.1831
2020-01-15 15:25:00,312.9458,311.6796,314.212
2020-01-15 15:26:00,312.9202,311.6068,314.2337
2020-01-15 15:27:00,312.8904,311.5209,314.2599
2020-01-15 15:28:00,312.856,311.4173,314.2947
2020-01-15 15:29:00,312.8198,311.3116,314.3279
2020-01-15 15:30:00,312.7853,311.2305,314.34
2020-01-15 15:31:00,312.7438,311.1185,314.3692
2020-01-15 15:32:00,312.7013,311.0036,314.399
2020-01-15 15:33:00,312.6497,310.836,314.4634
2020-01-15 15:34:00,312.5887,310.6314,314.5459
2020-01-15 15:35:00,312.533,310.4943,314.5717
2020-01-15 15:36:00,312.4842,310.4062,314.5621
2020-01-15 15:37:00,312.4378,310.3259,314.5497
2020-01-15 15:38:00,312.3856,310.2378,314.5334
2020-01-15 15:39:00,312.3343,310.1789,314.4897
2020-01-15 15:40:00,312.2891,310.1314,314.4468
2020-01-15 15:41:00,312.2389,310.0672,314.4106
2020-01-15 15:42:00,312.1836,309.9766,314.3906
2020-01-15 15:43:00,312.1296,309.9034,314.3558
2020-01-15 15:44:00,312.0768,309.8366,314.3169
2020-01-15 15:45:00,312.0178,309.7537,314.2819
2020-01-15 15:46:00,311.9608,309.6908,314.2309
2020-01-15 15:47:00,311.8999,309.6098,314.19
2020-01-15 15:48:00,311.8492,309.5676,314.1309
2020-01-15 15:49:00,311.8032,309.5381,314.0684
2020-01-15 15:50:00,311.7565,309.513,314.0
2020-01-15 15:51:00,311.7166,309.4964,313.9368
2020-01-15 15:52:00,311.6768,309.4874,313.8661
2020-01-15 15:53:00,311.6337,309.4761,313.7912
2020-01-15 15:54:00,311.5902,309.476,313.7043
2020-01-15 15:55:00,311.5458,309.4823,313.6092
2020-01-15 15:56:00,311.5024,309.4965,313.5083
2020-01-15 15:57:00,311.4608,309.513,313.4086
2020-01-15 15:58:00,311.4247,309.5282,313.3211
2020-01-15 15:59:00,311.3915,309.5452,313.2378
2020-01-15 16:00:00,311.3672,309.5662,313.1681
2020-01-16 09:31:00,311.3823,309.5169,313.2478
2020-01-16 09:32:00,311.399,309.4641,313.3339
2020-01-16 09:33:00,311.4263,309.3703,313.4822
2020-01-16 09:34:00,311.4567,309.2657,313.6477
2020-01-16 09:35:00,311.4895,309.1652,313.8138
2020-01-16 09:36:00,311.5216,309.0814,313.9619
2020-01-16 09:37:00,311.5525,309.0093,314.0957
2020-01-16 09:38:00,311.5805,308.9506,314.2105
2020-01-16 09:39:00,311.6149,308.8758,314.3539
2020-01-16 09:40:00,311.6544,308.8039,314.5048
2020-01-16 09:41:00,311.6944,308.7261,314.6627
2020-01-16 09:42:00,311.7376,308.6569,314.8184
2020-01-16 09:43:00,311.7885,308.5889,314.9882
2020-01-16 09:44:00,311.8295,308.5438,315.1152
2020-01-16 09:45:00,311.8691,308.5036,315.2346
2020-01-16 09:46:00,311.9135,308.4658,315.3612
2020-01-16 09:47:00,311.9562,308.4455,315.467
2020-01-16 09:48:00,311.995,308.4283,315.5616
2020-01-16 09:49:00,312.0398,308.4179,315.6617
2020-01-16 09:50:00,312.082,308.4085,315.7554
2020-01-16 09:51:00,312.1268,308.3942,315.8594
2020-01-16 09:52:00,312.1705,308.3946,315.9464
2020-01-16 09:53:00,312.2153,308.401,316.0296
2020-01-16 09:54:00,312.2657,308.4093,316.1221
2020-01-16 09:55:00,312.3182,308.4173,316.2192
2020-01-16 09:56:00,312.3665,308.4323,316.3007
2020-01-16 09:57:00,312.421,308.4525,316.3894
2020-01-16 09:58:00,312.4799,308.4847,316.4751
2020-01-16 09:59:00,312.5387,308.5259,316.5514
2020-01-16 10:00:00,312.594,308.5624,316.6256
2020-01-16 10:01:00,312.6581,308.6175,316.6987
2020-01-16 10:02:00,312.7244,308.6812,316.7676
2020-01-16 10:03:00,312.8019,308.7817,316.8221
2020-01-16 10:04:00,312.8836,308.9217,316.8455
2020-01-16 10:05:00,312.9587,309.0354,316.8821
2020-01-16 10:06:00,313.0311,309.1222,316.94
2020-01-16 10:07:00,313.1041,309.2094,316.9989
2020-01-16 10:08:00,313.1853,309.3098,317.0608
2020-01-16 10:09:00,313.2623,309.4007,317.1239
2020-01-16 10:10:00,313.3391,309.4827,317.1955
2020-01-16 10:11:00,313.421,309.5917,317.2503
2020-01-16 10:12:00,313.504,309.7419,317.2661
2020-01-16 10:13:00,313.5875,309.8883,317.2867
2020-01-16 10:14:00,313.672,310.0395,317.3045
2020-01-16 10:15:00,313.7586,310.2293,317.288
2020-01-16 10:16:00,313.8442,310.4146,317.2738
2020-01-16 10:17:00,313.9333,310.6417,317.2249
2020-01-16 10:18:00,314.0116,310.8336,317.1897
2020-01-16 10:19:00,314.0879,311.0185,317.1573
2020-01-16 10:20:00,314.1614,311.2171,317.1057
2020-01-16 10:21:00,314.2252,311.4062,317.0441
2020-01-16 10:22:00,314.2915,311.6015,316.9815
2020-01-16 10:23:00,314.3635,311.8284,316.8985
2020-01-16 10:24:00,314.4291,312.0642,316.7941
2020-01-16 10:25:00,314.4941,312.3215,316.6667
2020-01-16 10:26:00,314.5571,312.5964,316.5178
2020-01-16 10:27:00,314.6167,312.8989,316.3345
2020-01-16 10:28:00,314.6717,313.2257,316.1178
2020-01-16 10:29:00,314.7305,313.6186,315.8424
2020-01-16 10:30:00,314.7833,314.0555,315.5111
2020-01-16 10:31:00,314.7975,314.1169,315.4781
2020-01-16 10:32:00,314.8089,314.1692,315.4487
2020-01-16 10:33:00,314.8112,314.1757,315.4467
2020-01-16 10:34:00,314.8097,314.1727,315.4466
2020-01-16 10:35:00,314.8068,314.1674,315.4463
2020-01-16 10:36:00,314.8022,314.1533,315.4511
2020-01-16 10:37:00,314.7985,314.1414,315.4557
2020-01-16 10:38:00,314.7925,314.115,315.47
2020-01-16 10:39:00,314.7782,314.0632,315.4932
2020-01-16 10:40:00,314.766,314.0278,315.5043
2020-01-16 10:41:00,314.7526,314.0038,315.5014
2020-01-16 10:42:00,314.7418,313.9876,315.4959
2020-01-16 10:43:00,314.7257,313.9638,315.4876
2020-01-16 10:44:00,314.7112,313.9185,315.5039
2020-01-16 10:45:00,314.7002,313.8899,315.5106
2020-01-16 10:46:00,314.6864,313.8552,315.5175
2020-01-16 10:47:00,314.6775,313.8274,315.5276
2020-01-16 10:48:00,314.6707,313.8061,315.5354
2020-01-16 10:49:00,314.6664,313.7952,315.5376
2020-01-16 10:50:00,314.6614,313.7817,315.5412
2020-01-16 10:51:00,314.6486,313.7475,315.5497
2020-01-16 10:52:00,314.6402,313.7207,315.5598
2020-01-16 10:53:00,314.6328,313.6968,315.5687
2020-01-16 10:54:00,314.6185,313.6524,315.5846
2020-01-16 10:55:00,314.5978,313.5864,315.6091
2020-01-16 10:56:00,314.58,313.5236,315.6364
2020-01-16 10:57:00,314.5548,313.4362,315.6735
2020-01-16 10:58:00,314.528,313.3462,315.7098
2020-01-16 10:59:00,314.4985,313.2367,315.7603
2020-01-16 11:00:00,314.469,313.1346,315.8034
2020-01-16 11:01:00,314.4415,313.0593,315.8237
2020-01-16 11:02:00,314.4101,312.9704,315.8498
2020-01-16 11:03:00,314.3813,312.9044,315.8582
2020-01-16 11:04:00,314.3568,312.8454,315.8682
2020-01-16 11:05:00,314.3351,312.8051,315.8651
2020-01-16 11:06:00,314.3101,312.7734,315.8468
2020-01-16 11:07:00,314.2869,312.7549,315.819
2020-01-16 11:08:00,314.2574,312.7403,315.7746
2020-01-16 11:09:00,314.2256,312.7222,315.7291
2020-01-16 11:10:00,314.189,312.7085,315.6695
2020-01-16 11:11:00,314.1501,312.6889,315.6113
2020-01-16 11:12:00,314.1124,312.643,315.5817
2020-01-16 11:13:00,314.0691,312.5948,315.5434
2020-01-16 11:14:00,314.0232,312.5514,315.4951
2020-01-16 11:15:00,313.9764,312.485,315.4678
2020-01-16 11:16:00,313.9256,312.4182,315.4331
2020-01-16 11:17:00,313.8767,312.3552,315.3982
2020-01-16 11:18:00,313.8327,312.3084,315.3571
2020-01-16 11:19:00,313.7898,312.2797,315.2999
2020-01-16 11:20:00,313.7485,312.2429,315.2541
2020-01-16 11:21:00,313.7145,312.2035,315.2255
2020-01-16 11:22:00,313.6774,312.1762,315.1786
2020-01-16 11:23:00,313.6327,312.1416,315.1238
2020-01-16 11:24:00,313.5907,312.0895,315.0919
2020-01-16 11:25:00,313.5497,312.0409,315.0586
2020-01-16 11:26:00,313.5137,312.0112,315.0162
2020-01-16 11:27:00,313.4845,311.9918,314.9772
2020-01-16 11:28:00,313.462,311.981,314.9431
2020-01-16 11:29:00,313.4372,311.987,314.8875
2020-01-16 11:30:00,313.4114,311.995,314.8279
2020-01-16 11:31:00,313.3869,312.0053,314.7685
2020-01-16 11:32:00,313.3627,312.0135,314.712
2020-01-16 11:33:00,313.3365,312.0221,314.6509
2020-01-16 11:34:00,313.3104,312.0374,314.5834
2020-01-16 11:35:00,313.2839,312.0522,314.5156
2020-01-16 11:36:00,313.264,312.0629,314.465
2020-01-16 11:37:00,313.2471,312.0779,314.4164
2020-01-16 11:38:00,313.2327,312.0822,314.3832
2020-01-16 11:39:00,313.2194,312.0817,314.3571
2020-01-16 11:40:00,313.2017,312.0841,314.3194
2020-01-16 11:41:00,313.1836,312.0971,314.2701
2020-01-16 11:42:00,313.1647,312.12,314.2094
2020-01-16 11:43:00,313.148,312.1359,314.1601
2020-01-16 11:44:00,313.139,312.1433,314.1348
2020-01-16 11:45:00,313.1269,312.1588,314.0951
2020-01-16 11:46:00,313.1178,312.1715,314.0641
2020-01-16 11:47:00,313.1082,312.1852,314.0312
2020-01-16 11:48:00,313.0994,312.2012,313.9977
2020-01-16 11:49:00,313.0863,312.2313,313.9413
2020-01-16 11:50:00,313.0725,312.2604,313.8846
2020-01-16 11:51:00,313.0603,312.2768,313.8439
2020-01-16 11:52:00,313.0492,312.2947,313.8037
2020-01-16 11:53:00,313.0393,312.3148,313.7638
2020-01-16 11:54:00,313.0348,312.3234,313.7463
2020-01-16 11:55:00,313.0331,312.3252,313.741
2020-01-16 11:56:00,313.0332,312.325,313.7415
2020-01-16 11:57:00,313.0362,312.3248,313.7476
2020-01-16 11:58:00,313.0422,312.324,313.7603
2020-01-16 11:59:00,313.051,312.3319,313.77
2020-01-16 12:00:00,313.0595,312.3404,313.7785
2020-01-16 12:01:00,313.0652,312.3414,313.7891
2020-01-16 12:02:00,313.0739,312.3487,313.7992
2020-01-16 12:03:00,313.0794,312.3497,313.8092
2020-01-16 12:04:00,313.0836,312.3504,313.8169
2020-01-16 12:05:00,313.0838,312.3503,313.8173
2020-01-16 12:06:00,313.0823,312.3516,313.813
2020-01-16 12:07:00,313.076,312.3597,313.7923
2020-01-16 12:08:00,313.0704,312.3647,313.7761
2020-01-16 12:09:00,313.0651,312.3662,313.7641
2020-01-16 12:10:00,313.0607,312.3655,313.7559
2020-01-16 12:11:00,313.0557,312.3599,313.7515
2020-01-16 12:12:00,313.0562,312.3607,313.7517
2020-01-16 12:13:00,313.06,312.3688,313.7513
2020-01-16 12:14:00,313.062,312.3744,313.7497
2020-01-16 12:15:00,313.0707,312.4018,313.7396
2020-01-16 12:16:00,313.0761,312.4267,313.7254
2020-01-16 12:17:00,313.0823,312.4552,313.7094
2020-01-16 12:18:00,313.087,312.4729,313.701
2020-01-16 12:19:00,313.0906,312.4844,313.6968
2020-01-16 12:20:00,313.096,312.5027,313.6892
2020-01-16 12:21:00,313.0964,312.5045,313.6883
2020-01-16 12:22:00,313.0938,312.4934,313.6943
2020-01-16 12:23:00,313.0967,312.5079,313.6855
2020-01-16 12:24:00,313.1022,312.5392,313.6652
2020-01-16 12:25:00,313.1072,312.5691,313.6453
2020-01-16 12:26:00,313.1084,312.5752,313.6416
2020-01-16 12:27:00,313.1072,312.5706,313.6438
2020-01-16 12:28:00,313.1039,312.5619,313.6458
2020-01-16 12:29:00,313.0955,312.542,313.649
2020-01-16 12:30:00,313.0878,312.5232,313.6525
2020-01-16 12:31:00,313.0804,312.508,313.6528
2020-01-16 12:32:00,313.0752,312.4981,313.6522
2020-01-16 12:33:00,313.0734,312.4949,313.6519
2020-01-16 12:34:00,313.0717,312.4923,313.651
2020-01-16 12:35:00,313.0745,312.4951,313.6539
2020-01-16 12:36:00,313.0738,312.4946,313.653
2020-01-16 12:37:00,313.0707,312.4946,313.6467
2020-01-16 12:38:00,313.0669,312.4909,313.6429
2020-01-16 12:39:00,313.0645,312.488,313.6411
2020-01-16 12:40:00,313.0616,312.4821,313.6411
2020-01-16 12:41:00,313.0571,312.4753,313.639
2020-01-16 12:42:00,313.0537,312.4728,313.6346
2020-01-16 12:43:00,313.0484,312.4656,313.6311
2020-01-16 12:44:00,313.041,312.4615,313.6205
2020-01-16 12:45:00,313.034,312.4586,313.6095
2020-01-16 12:46:00,313.0267,312.46,313.5935
2020-01-16 12:47:00,313.0188,312.4593,313.5783
2020-01-16 12:48:00,313.0088,312.4618,313.5559
2020-01-16 12:49:00,312.9994,312.462,313.5368
2020-01-16 12:50:00,312.9936,312.4622,313.525
2020-01-16 12:51:00,312.9886,312.4583,313.5189
2020-01-16 12:52:00,312.9809,312.4507,313.511
2020-01-16 12:53:00,312.9734,312.4495,313.4974
2020-01-16 12:54:00,312.9642,312.4534,313.4751
2020-01-16 12:55:00,312.9554,312.4526,313.4582
2020-01-16 12:56:00,312.9469,312.4581,313.4357
2020-01-16 12:57:00,312.9403,312.4609,313.4196
2020-01-16 12:58:00,312.9333,312.4701,313.3964
2020-01-16 12:59:00,312.9258,312.4741,313.3774
2020-01-16 13:00:00,312.9179,312.4771,313.3588
2020-01-16 13:01:00,312.9105,312.4867,313.3343
2020-01-16 13:02:00,312.902,312.4944,313.3096
2020-01-16 13:03:00,312.8927,312.5051,313.2803
2020-01-16 13:04:00,312.8848,312.5168,313.2528
2020-01-16 13:05:00,312.8764,312.5318,313.2211
2020-01-16 13:06:00,312.8688,312.5497,313.1878
2020-01-16 13:07:00,312.8624,312.5634,313.1613
2020-01-16 13:08:00,312.8571,312.5746,313.1396
2020-01-16 13:09:00,312.8539,312.5798,313.1279
2020-01-16 13:10:00,312.8523,312.5823,313.1223
2020-01-16 13:11:00,312.8532,312.5824,313.124
2020-01-16 13:12:00,312.8522,312.5824,313.122
2020-01-16 13:13:00,312.8485,312.5798,313.1172
2020-01-16 13:14:00,312.8491,312.5806,313.1177
2020-01-16 13:15:00,312.8458,312.5779,313.1137
2020-01-16 13:16:00,312.8497,312.5877,313.1117
2020-01-16 13:17:00,312.8525,312.5934,313.1116
2020-01-16 13:18:00,312.854,312.5954,313.1127
2020-01-16 13:19:00,312.8535,312.5949,313.1122
2020-01-16 13:20:00,312.8535,312.5949,313.1122
2020-01-16 13:21:00,312.8579,312.6023,313.1134
2020-01-16 13:22:00,312.8641,312.6234,313.1048
2020-01-16 13:23:00,312.8706,312.6412,313.1
2020-01-16 13:24:00,312.8759,312.6579,313.0939
2020-01-16 13:25:00,312.8806,312.6774,313.0837
2020-01-16 13:26:00,312.8871,312.6973,313.0769
2020-01-16 13:27:00,312.8941,312.7044,313.0838
2020-01-16 13:28:00,312.8993,312.7044,313.0942
2020-01-16 13:29:00,312.9056,312.7177,313.0936
2020-01-16 13:30:00,312.9113,312.7332,313.0894
2020-01-16 13:31:00,312.9138,312.7428,313.0847
2020-01-16 13:32:00,312.917,312.7479,313.0862
2020-01-16 13:33:00,312.9203,312.7451,313.0956
2020-01-16 13:34:00,312.9255,312.73,313.1211
2020-01-16 13:35:00,312.9289,312.7112,313.1467
2020-01-16 13:36:00,312.9345,312.6848,313.1842
2020-01-16 13:37:00,312.9416,312.6499,313.2334
2020-01-16 13:38:00,312.949,312.6345,313.2634
2020-01-16 13:39:00,312.9567,312.6199,313.2934
2020-01-16 13:40:00,312.965,312.6167,313.3134
2020-01-16 13:41:00,312.9744,312.6093,313.3395
2020-01-16 13:42:00,312.9815,312.599,313.364
2020-01-16 13:43:00,312.9917,312.5927,313.3907
2020-01-16 13:44:00,313.0044,312.5723,313.4365
2020-01-16 13:45:00,313.0178,312.5493,313.4864
2020-01-16 13:46:00,313.0292,312.5325,313.5259
2020-01-16 13:47:00,313.043,312.5149,313.5711
2020-01-16 13:48:00,313.0569,312.5028,313.611
2020-01-16 13:49:00,313.0712,312.4942,313.6483
2020-01-16 13:50:00,313.0831,312.4865,313.6797
2020-01-16 13:51:00,313.0958,312.4858,313.7058
2020-01-16 13:52:00,313.1115,312.4888,313.7342
2020-01-16 13:53:00,313.1251,312.489,313.7612
2020-01-16 13:54:00,313.1396,312.4875,313.7917
2020-01-16 13:55:00,313.1572,312.4847,313.8298
2020-01-16 13:56:00,313.1722,312.4834,313.8611
2020-01-16 13:57:00,313.1861,312.485,313.8873
2020-01-16 13:58:00,313.1996,312.4825,313.9166
2020-01-16 13:59:00,313.2134,312.4896,313.9371
2020-01-16 14:00:00,313.2277,312.5001,313.9553
2020-01-16 14:01:00,313.239,312.5085,313.9695
2020-01-16 14:02:00,313.2517,312.5222,313.9811
2020-01-16 14:03:00,313.2654,312.5372,313.9936
2020-01-16 14:04:00,313.2784,312.5496,314.0072
2020-01-16 14:05:00,313.291,312.5644,314.0176
2020-01-16 14:06:00,313.3018,312.5783,314.0254
2020-01-16 14:07:00,313.3146,312.5918,314.0374
2020-01-16 14:08:00,313.3261,312.6062,314.046
2020-01-16 14:09:00,313.3392,312.6192,314.0593
2020-01-16 14:10:00,313.3514,312.6313,314.0715
2020-01-16 14:11:00,313.3641,312.6467,314.0815
2020-01-16 14:12:00,313.3777,312.6658,314.0897
2020-01-16 14:13:00,313.3939,312.6948,314.093
2020-01-16 14:14:00,313.4079,312.7196,314.0963
2020-01-16 14:15:00,313.4241,312.7519,314.0964
2020-01-16 14:16:00,313.4419,312.7736,314.1102
2020-01-16 14:17:00,313.4598,312.7962,314.1234
2020-01-16 14:18:00,313.479,312.8168,314.1413
2020-01-16 14:19:00,313.4965,312.8474,314.1457
2020-01-16 14:20:00,313.5132,312.876,314.1504
2020-01-16 14:21:00,313.5293,312.9021,314.1566
2020-01-16 14:22:00,313.5467,312.9325,314.161
2020-01-16 14:23:00,313.5628,312.9605,314.1652
2020-01-16 14:24:00,313.5774,312.997,314.1578
2020-01-16 14:25:00,313.5925,313.0419,314.1432
2020-01-16 14:26:00,313.606,313.0768,314.1353
2020-01-16 14:27:00,313.6191,313.1019,314.1364
2020-01-16 14:28:00,313.6336,313.1267,314.1405
2020-01-16 14:29:00,313.6484,313.1603,314.1365
2020-01-16 14:30:00,313.6641,313.2003,314.1279
2020-01-16 14:31:00,313.6818,313.2632,314.1003
2020-01-16 14:32:00,313.6957,313.3163,314.0752
2020-01-16 14:33:00,313.7077,313.3608,314.0547
2020-01-16 14:34:00,313.719,313.3872,314.0509
2020-01-16 14:35:00,313.7292,313.4041,314.0543
2020-01-16 14:36:00,313.737,313.4181,314.0558
2020-01-16 14:37:00,313.7433,313.4245,314.0621
2020-01-16 14:38:00,313.7525,313.4421,314.0628
2020-01-16 14:39:00,313.7628,313.4562,314.0694
2020-01-16 14:40:00,313.777,313.4731,314.0808
2020-01-16 14:41:00,313.7906,313.4803,314.1009
2020-01-16 14:42:00,313.8045,313.4872,314.1218
2020-01-16 14:43:00,313.8179,313.4937,314.1421
2020-01-16 14:44:00,313.8273,313.4909,314.1636
2020-01-16 14:45:00,313.8353,313.4869,314.1836
2020-01-16 14:46:00,313.8427,313.4903,314.1951
2020-01-16 14:47:00,313.8478,313.4925,314.2031
2020-01-16 14:48:00,313.8527,313.4965,314.2089
2020-01-16 14:49:00,313.8577,313.5007,314.2148
2020-01-16 14:50:00,313.8628,313.5077,314.218
2020-01-16 14:51:00,313.8696,313.517,314.2221
2020-01-16 14:52:00,313.8747,313.5232,314.2263
2020-01-16 14:53:00,313.881,313.53,314.2321
2020-01-16 14:54:00,313.8861,313.5343,314.238
2020-01-16 14:55:00,313.8895,313.5345,314.2444
2020-01-16 14:56:00,313.893,313.5375,314.2485
2020-01-16 14:57:00,313.8977,313.5425,314.253
2020-01-16 14:58:00,313.9016,313.5453,314.2579
2020-01-16 14:59:00,313.9067,313.553,314.2604
2020-01-16 15:00:00,313.9093,313.5595,314.2592
2020-01-16 15:01:00,313.9135,313.5717,314.2553
2020-01-16 15:02:00,313.9164,313.5821,314.2507
2020-01-16 15:03:00,313.9159,313.58,314.2519
2020-01-16 15:06:00,313.9161,313.5806,314.2516
2020-01-16 15:07:00,313.9184,313.5891,314.2478
2020-01-16 15:08:00,313.9221,313.6036,314.2406
2020-01-16 15:09:00,313.9243,313.6109,314.2378
2020-01-16 15:10:00,313.9287,313.6251,314.2322
2020-01-16 15:11:00,313.9315,313.6322,314.2307
2020-01-16 15:12:00,313.934,313.6398,314.2283
2020-01-16 15:13:00,313.9362,313.647,314.2254
2020-01-16 15:14:00,313.9398,313.6567,314.2229
2020-01-16 15:15:00,313.9451,313.666,314.2243
2020-01-16 15:16:00,313.95,313.6787,314.2212
2020-01-16 15:17:00,313.9569,313.687,314.2269
2020-01-16 15:18:00,313.9609,313.6857,314.2362
2020-01-16 15:19:00,313.9648,313.6842,314.2454
2020-01-16 15:20:00,313.9684,313.6789,314.2578
2020-01-16 15:21:00,313.975,313.6749,314.2752
2020-01-16 15:22:00,313.9806,313.6745,314.2868
2020-01-16 15:23:00,313.9889,313.6651,314.3126
2020-01-16 15:24:00,313.9979,313.6502,314.3456
2020-01-16 15:25:00,314.0047,313.6471,314.3623
2020-01-16 15:26:00,314.0159,313.6447,314.3871
2020-01-16 15:27:00,314.0246,313.6533,314.3959
2020-01-16 15:28:00,314.0303,313.6631,314.3974
2020-01-16 15:29:00,314.0345,313.6683,314.4007
2020-01-16 15:30:00,314.0367,313.6705,314.403
2020-01-16 15:31:00,314.0418,313.6735,314.4102
2020-01-16 15:32:00,314.0479,313.6741,314.4217
2020-01-16 15:33:00,314.0562,313.6721,314.4404
2020-01-16 15:34:00,314.0646,313.6788,314.4503
2020-01-16 15:35:00,314.0727,313.6877,314.4577
2020-01-16 15:36:00,314.0799,313.6891,314.4707
2020-01-16 15:37:00,314.086,313.6906,314.4814
2020-01-16 15:38:00,314.0926,313.6965,314.4887
2020-01-16 15:39:00,314.0974,313.7024,314.4924
2020-01-16 15:40:00,314.1021,313.7075,314.4967
2020-01-16 15:41:00,314.1076,313.7074,314.5077
2020-01-16 15:42:00,314.1106,313.7056,314.5155
2020-01-16 15:43:00,314.1122,313.7046,314.5198
2020-01-16 15:44:00,314.1155,313.7003,314.5306
2020-01-16 15:45:00,314.1214,313.6887,314.5541
2020-01-16 15:46:00,314.1266,313.6822,314.5711
2020-01-16 15:47:00,314.1351,313.6667,314.6036
2020-01-16 15:48:00,314.1456,313.6523,314.6389
2020-01-16 15:49:00,314.1563,313.6444,314.6682
2020-01-16 15:50:00,314.1676,313.6392,314.696
2020-01-16 15:51:00,314.1814,313.6264,314.7364
2020-01-16 15:52:00,314.1964,313.616,314.7769
2020-01-16 15:53:00,314.2114,313.6029,314.8199
2020-01-16 15:54:00,314.2259,313.5961,314.8556
2020-01-16 15:55:00,314.2432,313.5765,314.9099
2020-01-16 15:56:00,314.2584,313.5687,314.9482
2020-01-16 15:57:00,314.2728,313.5638,314.9817
2020-01-16 15:58:00,314.2906,313.5556,315.0256
2020-01-16 15:59:00,314.3096,313.5441,315.075
2020-01-16 16:00:00,314.331,313.5256,315.1364
2020-01-17 09:31:00,314.3607,313.4774,315.244
2020-01-17 09:32:00,314.3975,313.4214,315.3737
2020-01-17 09:33:00,314.4347,313.3755,315.4939
2020-01-17 09:34:00,314.473,313.3468,315.5992
2020-01-17 09:35:00,314.5157,313.3284,315.703
2020-01-17 09:36:00,314.5652,313.278,315.8524
2020-01-17 09:37:00,314.6001,313.2878,315.9125
2020-01-17 09:38:00,314.6365,313.2954,315.9775
2020-01-17 09:39:00,314.6702,313.3119,316.0284
2020-01-17 09:40:00,314.7038,313.3256,316.0821
2020-01-17 09:41:00,314.7413,313.3307,316.152
2020-01-17 09:42:00,314.7829,313.3316,316.2343
2020-01-17 09:43:00,314.8254,313.3393,316.3116
2020-01-17 09:44:00,314.8662,313.3472,316.3851
2020-01-17 09:45:00,314.9055,313.3513,316.4597
2020-01-17 09:46:00,314.9423,313.373,316.5117
2020-01-17 09:47:00,314.9743,313.3926,316.556
2020-01-17 09:48:00,315.0039,313.4173,316.5904
2020-01-17 09:49:00,315.0353,313.441,316.6296
2020-01-17 09:50:00,315.0696,313.4558,316.6834
2020-01-17 09:51:00,315.1004,313.4768,316.7241
2020-01-17 09:52:00,315.1342,313.5005,316.7679
2020-01-17 09:53:00,315.1658,313.5167,316.815
2020-01-17 09:54:00,315.1959,313.5317,316.8601
2020-01-17 09:55:00,315.2268,313.5588,316.8948
2020-01-17 09:56:00,315.2606,313.5745,316.9466
2020-01-17 09:57:00,315.2998,313.5969,317.0027
2020-01-17 09:58:00,315.3442,313.627,317.0614
2020-01-17 09:59:00,315.391,313.6546,317.1274
2020-01-17 10:00:00,315.4383,313.6903,317.1863
2020-01-17 10:01:00,315.4828,313.724,317.2417
2020-01-17 10:02:00,315.5289,313.7507,317.3072
2020-01-17 10:03:00,315.5733,313.7753,317.3713
2020-01-17 10:04:00,315.6213,313.805,317.4376
2020-01-17 10:05:00,315.6666,313.8485,317.4847
2020-01-17 10:06:00,315.7107,313.892,317.5294
2020-01-17 10:07:00,315.7545,313.9434,317.5657
2020-01-17 10:08:00,315.7993,314.0014,317.5972
2020-01-17 10:09:00,315.8444,314.0721,317.6168
2020-01-17 10:10:00,315.8898,314.146,317.6335
2020-01-17 10:11:00,315.9283,314.2187,317.6378
2020-01-17 10:12:00,315.9651,314.2976,317.6326
2020-01-17 10:13:00,315.9966,314.3836,317.6097
2020-01-17 10:14:00,316.0246,314.4624,317.5869
2020-01-17 10:15:00,316.0526,314.5332,317.5721
2020-01-17 10:16:00,316.0759,314.6087,317.543
2020-01-17 10:17:00,316.0994,314.6761,317.5227
2020-01-17 10:18:00,316.1262,314.7464,317.506
2020-01-17 10:19:00,316.1526,314.8241,317.4811
2020-01-17 10:20:00,316.1772,314.9044,317.45
2020-01-17 10:21:00,316.2002,314.9752,317.4252
2020-01-17 10:22:00,316.225,315.0486,317.4014
2020-01-17 10:23:00,316.2507,315.1221,317.3792
2020-01-17 10:24:00,316.2784,315.2055,317.3512
2020-01-17 10:25:00,316.3039,315.2724,317.3354
2020-01-17 10:26:00,316.3274,315.3565,317.2983
2020-01-17 10:27:00,316.3509,315.4508,317.2511
2020-01-17 10:28:00,316.3744,315.5368,317.2121
2020-01-17 10:29:00,316.3961,315.6191,317.1731
2020-01-17 10:30:00,316.4179,315.6899,317.1459
2020-01-17 10:31:00,316.4305,315.7205,317.1406
2020-01-17 10:32:00,316.438,315.7339,317.1421
2020-01-17 10:33:00,316.4468,315.7466,317.147
2020-01-17 10:34:00,316.456,315.7609,317.1511
2020-01-17 10:35:00,316.462,315.77,317.154
2020-01-17 10:36:00,316.4609,315.7698,317.1519
2020-01-17 10:37:00,316.4697,315.796,317.1433
2020-01-17 10:38:00,316.4758,315.8138,317.1377
2020-01-17 10:39:00,316.485,315.8439,317.1262
2020-01-17 10:40:00,316.4945,315.8717,317.1173
2020-01-17 10:41:00,316.4997,315.8833,317.1161
2020-01-17 10:42:00,316.5013,315.8859,317.1167
2020-01-17 10:43:00,316.5038,315.8891,317.1184
2020-01-17 10:44:00,316.5063,315.8926,317.1199
2020-01-17 10:45:00,316.5086,315.8954,317.1218
2020-01-17 10:46:00,316.5174,315.9076,317.1272
2020-01-17 10:47:00,316.5277,315.9277,317.1278
2020-01-17 10:48:00,316.5395,315.9586,317.1205
2020-01-17 10:49:00,316.5447,315.9755,317.1139
2020-01-17 10:50:00,316.5466,315.9799,317.1134
2020-01-17 10:51:00,316.5481,315.9851,317.1111
2020-01-17 10:52:00,316.5483,315.9857,317.1109
2020-01-17 10:53:00,316.5481,315.9851,317.1111
2020-01-17 10:54:00,316.5479,315.9846,317.1112
2020-01-17 10:55:00,316.5478,315.984,317.1115
2020-01-17 10:57:00,316.5436,315.9742,317.1129
2020-01-17 10:58:00,316.5369,315.9629,317.1109
2020-01-17 10:59:00,316.5279,315.9531,317.1027
2020-01-17 11:00:00,316.5167,315.9492,317.0843
2020-01-17 11:01:00,316.5062,315.9471,317.0653
2020-01-17 11:02:00,316.4968,315.9458,317.0478
2020-01-17 11:03:00,316.4824,315.9476,317.0171
2020-01-17 11:04:00,316.4657,315.9443,316.9871
2020-01-17 11:05:00,316.4464,315.9515,316.9413
2020-01-17 11:06:00,316.4267,315.9308,316.9226
2020-01-17 11:07:00,316.4037,315.8922,316.9153
2020-01-17 11:08:00,316.3823,315.86,316.9046
2020-01-17 11:09:00,316.3634,315.8477,316.8791
2020-01-17 11:10:00,316.3436,315.8241,316.8631
2020-01-17 11:11:00,316.323,315.8033,316.8427
2020-01-17 11:12:00,316.308,315.7785,316.8375
2020-01-17 11:13:00,316.2927,315.7421,316.8434
2020-01-17 11:14:00,316.2794,315.6853,316.8735
2020-01-17 11:15:00,316.2639,315.6095,316.9183
2020-01-17 11:16:00,316.2505,315.5663,316.9346
2020-01-17 11:17:00,316.2459,315.5496,316.9423
2020-01-17 11:18:00,316.2373,315.5222,316.9523
2020-01-17 11:19:00,316.2221,315.4791,316.965
2020-01-17 11:20:00,316.2115,315.4538,316.9693
2020-01-17 11:21:00,316.2032,315.433,316.9735
2020-01-17 11:22:00,316.1944,315.4133,316.9754
2020-01-17 11:25:00,316.1798,315.38,316.9795
2020-01-17 11:26:00,316.1656,315.3569,316.9744
2020-01-17 11:27:00,316.1541,315.3474,316.9609
2020-01-17 11:28:00,316.1406,315.339,316.9422
2020-01-17 11:29:00,316.1319,315.3297,316.9342
2020-01-17 11:30:00,316.1248,315.3224,316.9272
2020-01-17 11:31:00,316.1134,315.3128,316.9141
2020-01-17 11:32:00,316.1024,315.3035,316.9013
2020-01-17 11:33:00,316.0878,315.2966,316.8789
2020-01-17 11:34:00,316.077,315.2935,316.8605
2020-01-17 11:35:00,316.0651,315.2872,316.843
2020-01-17 11:36:00,316.0518,315.2856,316.818
2020-01-17 11:37:00,316.0401,315.2883,316.7919
2020-01-17 11:38:00,316.0296,315.2891,316.7702
2020-01-17 11:39:00,316.0191,315.2925,316.7456
2020-01-17 11:40:00,316.0119,315.2917,316.7321
2020-01-17 11:41:00,316.0051,315.2897,316.7206
2020-01-17 11:42:00,315.9968,315.2878,316.7057
2020-01-17 11:43:00,315.9853,315.2851,316.6855
2020-01-17 11:44:00,315.9744,315.2839,316.665
2020-01-17 11:45:00,315.9666,315.2876,316.6456
2020-01-17 11:46:00,315.956,315.2927,316.6194
2020-01-17 11:47:00,315.946,315.2991,316.5929
2020-01-17 11:48:00,315.9358,315.3083,316.5634
2020-01-17 11:49:00,315.9215,315.3274,316.5155
2020-01-17 11:50:00,315.9095,315.35,316.4691
2020-01-17 11:51:00,315.8981,315.3725,316.4237
2020-01-17 11:52:00,315.8898,315.3787,316.4008
2020-01-17 11:53:00,315.881,315.3894,316.3726
2020-01-17 11:54:00,315.8771,315.3929,316.3613
2020-01-17 11:55:00,315.8714,315.3974,316.3454
2020-01-17 11:56:00,315.8649,315.4035,316.3264
2020-01-17 11:57:00,315.8597,315.4102,316.3092
2020-01-17 11:58:00,315.8585,315.4121,316.3049
2020-01-17 11:59:00,315.8595,315.4095,316.3095
2020-01-17 12:00:00,315.8615,315.4037,316.3192
2020-01-17 12:01:00,315.8625,315.401,316.324
2020-01-17 12:02:00,315.864,315.3966,316.3314
2020-01-17 12:03:00,315.8667,315.3874,316.3459
2020-01-17 12:04:00,315.8689,315.3798,316.3579
2020-01-17 12:05:00,315.8742,315.3641,316.3842
2020-01-17 12:06:00,315.8829,315.3421,316.4236
2020-01-17 12:07:00,315.8919,315.323,316.4607
2020-01-17 12:08:00,315.9055,315.3042,316.5067
2020-01-17 12:09:00,315.9218,315.2975,316.5461
2020-01-17 12:10:00,315.9375,315.2907,316.5843
2020-01-17 12:11:00,315.9512,315.2782,316.6242
2020-01-17 12:12:00,315.9681,315.2672,316.6689
2020-01-17 12:13:00,315.9843,315.2629,316.7058
2020-01-17 12:14:00,316.0002,315.256,316.7443
2020-01-17 12:15:00,316.0164,315.2606,316.7722
2020-01-17 12:16:00,316.0358,315.2826,316.7889
2020-01-17 12:17:00,316.0594,315.3238,316.795
2020-01-17 12:18:00,316.0793,315.3426,316.8159
2020-01-17 12:19:00,316.0983,315.3485,316.8481
2020-01-17 12:20:00,316.1191,315.3565,316.8817
2020-01-17 12:21:00,316.1438,315.3749,316.9126
2020-01-17 12:22:00,316.1632,315.3875,316.939
2020-01-17 12:23:00,316.1813,315.4018,316.9608
2020-01-17 12:24:00,316.199,315.416,316.982
2020-01-17 12:25:00,316.2192,315.4475,316.9909
2020-01-17 12:26:00,316.2373,315.4717,317.0028
2020-01-17 12:27:00,316.2523,315.4824,317.0221
2020-01-17 12:28:00,316.2673,315.4967,317.0379
2020-01-17 12:29:00,316.2795,315.5119,317.047
2020-01-17 12:30:00,316.288,315.5257,317.0502
2020-01-17 12:31:00,316.2971,315.5449,317.0493
2020-01-17 12:32:00,316.3068,315.565,317.0485
2020-01-17 12:33:00,316.3175,315.5892,317.0457
2020-01-17 12:34:00,316.325,315.6048,317.0451
2020-01-17 12:35:00,316.3329,315.6255,317.0403
2020-01-17 12:36:00,316.3409,315.6457,317.0361
2020-01-17 12:37:00,316.3492,315.662,317.0365
2020-01-17 12:38:00,316.3597,315.6798,317.0396
2020-01-17 12:39:00,316.3701,315.6965,317.0437
2020-01-17 12:40:00,316.3795,315.7132,317.0459
2020-01-17 12:41:00,316.3924,315.7315,317.0532
2020-01-17 12:42:00,316.4001,315.7523,317.0479
2020-01-17 12:43:00,316.4081,315.7796,317.0366
2020-01-17 12:44:00,316.4172,315.8082,317.0263
2020-01-17 12:45:00,316.4222,315.8224,317.0221
2020-01-17 12:46:00,316.4321,315.8483,317.0158
2020-01-17 12:47:00,316.4404,315.8722,317.0087
2020-01-17 12:48:00,316.4472,315.8934,317.0009
2020-01-17 12:49:00,316.4548,315.9217,316.9879
2020-01-17 12:50:00,316.4557,315.9258,316.9857
2020-01-17 12:51:00,316.4576,315.934,316.9813
2020-01-17 12:52:00,316.4618,315.9533,316.9703
2020-01-17 12:53:00,316.4651,315.9689,316.9614
2020-01-17 12:54:00,316.4686,315.9826,316.9545
2020-01-17 12:55:00,316.473,316.0025,316.9435
2020-01-17 12:56:00,316.4781,316.0265,316.9298
2020-01-17 12:57:00,316.4827,316.0467,316.9187
2020-01-17 12:58:00,316.4813,316.0397,316.9228
2020-01-17 12:59:00,316.4768,316.0222,316.9313
2020-01-17 13:00:00,316.4678,315.9839,316.9517
2020-01-17 13:01:00,316.4599,315.9511,316.9686
2020-01-17 13:02:00,316.4505,315.9157,316.9854
2020-01-17 13:03:00,316.4379,315.8705,317.0053
2020-01-17 13:04:00,316.4225,315.8114,317.0337
2020-01-17 13:05:00,316.4055,315.7514,317.0596
2020-01-17 13:06:00,316.3884,315.7028,317.0739
2020-01-17 13:07:00,316.374,315.6702,317.0779
2020-01-17 13:08:00,316.3609,315.6493,317.0725
2020-01-17 13:09:00,316.3485,315.6295,317.0676
2020-01-17 13:10:00,316.3364,315.6121,317.0607
2020-01-17 13:11:00,316.3266,315.6048,317.0484
2020-01-17 13:12:00,316.3146,315.5974,317.0318
2020-01-17 13:13:00,316.3051,315.5928,317.0173
2020-01-17 13:14:00,316.2946,315.5891,317.0
2020-01-17 13:15:00,316.2856,315.5837,316.9874
2020-01-17 13:16:00,316.2761,315.575,316.9771
2020-01-17 13:17:00,316.2668,315.5694,316.9642
2020-01-17 13:18:00,316.258,315.5682,316.9478
2020-01-17 13:19:00,316.2479,315.5718,316.9241
2020-01-17 13:20:00,316.2393,315.5811,316.8974
2020-01-17 13:21:00,316.2298,315.5952,316.8645
2020-01-17 13:22:00,316.2204,315.6037,316.8371
2020-01-17 13:23:00,316.2123,315.6114,316.8133
2020-01-17 13:24:00,316.2038,315.6199,316.7877
2020-01-17 13:25:00,316.1961,315.6268,316.7654
2020-01-17 13:26:00,316.1887,315.6347,316.7426
2020-01-17 13:27:00,316.1797,315.6453,316.7141
2020-01-17 13:28:00,316.1717,315.6558,316.6875
2020-01-17 13:29:00,316.168,315.661,316.675
2020-01-17 13:30:00,316.1677,315.6613,316.674
2020-01-17 13:31:00,316.1665,315.6616,316.6714
2020-01-17 13:32:00,316.1661,315.6619,316.6703
2020-01-17 13:33:00,316.1658,315.6622,316.6694
2020-01-17 13:34:00,316.1661,315.662,316.6702
2020-01-17 13:35:00,316.1673,315.6618,316.6728
2020-01-17 13:36:00,316.1684,315.6613,316.6754
2020-01-17 13:37:00,316.1692,315.6603,316.6782
2020-01-17 13:38:00,316.1662,315.6642,316.6683
2020-01-17 13:39:00,316.164,315.6681,316.6599
2020-01-17 13:40:00,316.1629,315.67,316.6557
2020-01-17 13:41:00,316.1597,315.6784,316.641
2020-01-17 13:42:00,316.1598,315.6783,316.6414
2020-01-17 13:43:00,316.1617,315.6778,316.6456
2020-01-17 13:44:00,316.1624,315.6772,316.6475
2020-01-17 13:45:00,316.164,315.6765,316.6516
2020-01-17 13:46:00,316.1657,315.6732,316.6582
2020-01-17 13:47:00,316.1684,315.6685,316.6683
2020-01-17 13:48:00,316.1723,315.6634,316.6813
2020-01-17 13:49:00,316.176,315.66,316.692
2020-01-17 13:50:00,316.1847,315.6614,316.708
2020-01-17 13:51:00,316.194,315.6587,316.7293
2020-01-17 13:52:00,316.2032,315.6546,316.7518
2020-01-17 13:53:00,316.2129,315.6515,316.7744
2020-01-17 13:54:00,316.2228,315.642,316.8037
2020-01-17 13:55:00,316.2319,315.6369,316.827
2020-01-17 13:56:00,316.2401,315.6331,316.8471
2020-01-17 13:57:00,316.2483,315.6283,316.8684
2020-01-17 13:58:00,316.2603,315.6308,316.8898
2020-01-17 13:59:00,316.2724,315.6339,316.911
2020-01-17 14:00:00,316.2883,315.6482,316.9283
2020-01-17 14:01:00,316.3032,315.6643,316.9421
2020-01-17 14:02:00,316.3192,315.6824,316.9559
2020-01-17 14:03:00,316.3353,315.7121,316.9585
2020-01-17 14:04:00,316.3541,315.7594,316.9489
2020-01-17 14:05:00,316.3744,315.8151,316.9336
2020-01-17 14:06:00,316.3943,315.8661,316.9225
2020-01-17 14:07:00,316.4115,315.9041,316.9189
2020-01-17 14:08:00,316.4267,315.9305,316.923
2020-01-17 14:09:00,316.4422,315.9581,316.9262
2020-01-17 14:10:00,316.4584,315.9828,316.9341
2020-01-17 14:11:00,316.4724,315.9924,316.9523
2020-01-17 14:12:00,316.4872,316.0078,316.9666
2020-01-17 14:13:00,316.5014,316.0164,316.9865
2020-01-17 14:14:00,316.5143,316.0316,316.9969
2020-01-17 14:15:00,316.528,316.0477,317.0083
2020-01-17 14:16:00,316.5429,316.0722,317.0136
2020-01-17 14:17:00,316.5584,316.0911,317.0257
2020-01-17 14:18:00,316.5719,316.1057,317.038
2020-01-17 14:19:00,316.5845,316.1202,317.0488
2020-01-17 14:20:00,316.5943,316.127,317.0616
2020-01-17 14:21:00,316.6016,316.1359,317.0673
2020-01-17 14:22:00,316.6101,316.1526,317.0676
2020-01-17 14:23:00,316.6169,316.1677,317.066
2020-01-17 14:24:00,316.623,316.1841,317.0619
2020-01-17 14:25:00,316.6277,316.1994,317.056
2020-01-17 14:26:00,316.634,316.2165,317.0515
2020-01-17 14:27:00,316.6423,316.2393,317.0453
2020-01-17 14:28:00,316.6515,316.2606,317.0424
2020-01-17 14:29:00,316.659,316.2728,317.0452
2020-01-17 14:30:00,316.6658,316.2837,317.0479
2020-01-17 14:31:00,316.6752,316.303,317.0473
2020-01-17 14:32:00,316.684,316.3163,317.0518
2020-01-17 14:33:00,316.6927,316.3296,317.0558
2020-01-17 14:34:00,316.7024,316.3433,317.0615
2020-01-17 14:35:00,316.7119,316.3605,317.0633
2020-01-17 14:36:00,316.7191,316.3778,317.0604
2020-01-17 14:37:00,316.7237,316.388,317.0595
2020-01-17 14:38:00,316.7279,316.4038,317.052
2020-01-17 14:39:00,316.7311,316.4148,317.0474
2020-01-17 14:40:00,316.7319,316.4182,317.0457
2020-01-17 14:41:00,316.7313,316.4155,317.047
2020-01-17 14:42:00,316.7341,316.4288,317.0394
2020-01-17 14:43:00,316.7378,316.445,317.0305
2020-01-17 14:44:00,316.7403,316.4567,317.0238
2020-01-17 14:45:00,316.7434,316.4716,317.0153
2020-01-17 14:46:00,316.7429,316.4698,317.0161
2020-01-17 14:47:00,316.7424,316.4677,317.017
2020-01-17 14:48:00,316.7422,316.4672,317.0172
2020-01-17 14:49:00,316.744,316.4733,317.0148
2020-01-17 14:50:00,316.7455,316.4781,317.013
2020-01-17 14:51:00,316.7457,316.4786,317.0129
2020-01-17 14:52:00,316.7451,316.4772,317.0131
2020-01-17 14:53:00,316.7454,316.4777,317.0131
2020-01-17 14:54:00,316.744,316.4765,317.0116
2020-01-17 14:55:00,316.7447,316.4771,317.0123
2020-01-17 14:56:00,316.7487,316.4768,317.0205
2020-01-17 14:57:00,316.7529,316.4742,317.0317
2020-01-17 14:58:00,316.7555,316.4746,317.0364
2020-01-17 14:59:00,316.7588,316.4735,317.0442
2020-01-17 15:00:00,316.7638,316.4676,317.0601
2020-01-17 15:01:00,316.7702,316.4611,317.0792
2020-01-17 15:02:00,316.7783,316.4448,317.1119
2020-01-17 15:03:00,316.7863,316.4398,317.1328
2020-01-17 15:04:00,316.7935,316.4385,317.1486
2020-01-17 15:05:00,316.8006,316.435,317.1663
2020-01-17 15:06:00,316.8058,316.4333,317.1783
2020-01-17 15:07:00,316.8098,316.4341,317.1854
2020-01-17 15:08:00,316.81,316.4345,317.1856
2020-01-17 15:09:00,316.8094,316.4336,317.1851
2020-01-17 15:10:00,316.8081,316.4327,317.1834
2020-01-17 15:11:00,316.8072,316.4327,317.1818
2020-01-17 15:12:00,316.8031,316.428,317.1781
2020-01-17 15:13:00,316.7972,316.4219,317.1726
2020-01-17 15:14:00,316.7944,316.4187,317.1701
2020-01-17 15:15:00,316.7929,316.4183,317.1674
2020-01-17 15:16:00,316.7931,316.4183,317.1679
2020-01-17 15:17:00,316.7941,316.4168,317.1714
2020-01-17 15:18:00,316.7967,316.4127,317.1808
2020-01-17 15:19:00,316.7994,316.4093,317.1896
2020-01-17 15:20:00,316.8015,316.4075,317.1955
2020-01-17 15:21:00,316.8056,316.407,317.2042
2020-01-17 15:22:00,316.8101,316.4081,317.2121
2020-01-17 15:23:00,316.817,316.4103,317.2236
2020-01-17 15:24:00,316.826,316.4133,317.2386
2020-01-17 15:25:00,316.8366,316.4231,317.2502
2020-01-17 15:26:00,316.8465,316.4241,317.2688
2020-01-17 15:27:00,316.8552,316.4229,317.2875
2020-01-17 15:28:00,316.8626,316.4201,317.305
2020-01-17 15:29:00,316.8683,316.4193,317.3173
2020-01-17 15:30:00,316.8753,316.4173,317.3332
2020-01-17 15:31:00,316.8826,316.4125,317.3526
2020-01-17 15:32:00,316.8911,316.402,317.3802
2020-01-17 15:33:00,316.9008,316.3888,317.4127
2020-01-17 15:34:00,316.9097,316.3764,317.443
2020-01-17 15:35:00,316.9175,316.3703,317.4648
2020-01-17 15:36:00,316.9286,316.3639,317.4933
2020-01-17 15:37:00,316.9406,316.3603,317.5209
2020-01-17 15:38:00,316.9548,316.3651,317.5445
2020-01-17 15:39:00,316.9689,316.3704,317.5675
2020-01-17 15:40:00,316.9839,316.387,317.5809
2020-01-17 15:41:00,317.0021,316.4025,317.6017
2020-01-17 15:42:00,317.0224,316.4061,317.6386
2020-01-17 15:43:00,317.0428,316.4044,317.6812
2020-01-17 15:44:00,317.0623,316.4139,317.7107
2020-01-17 15:45:00,317.0816,316.4228,317.7404
2020-01-17 15:46:00,317.1036,316.4294,317.7778
2020-01-17 15:47:00,317.1267,316.4352,317.8181
2020-01-17 15:48:00,317.1492,316.4439,317.8544
2020-01-17 15:49:00,317.1705,316.4509,317.8901
2020-01-17 15:50:00,317.1898,316.4659,317.9137
2020-01-17 15:51:00,317.2103,316.4791,317.9416
2020-01-17 15:52:00,317.2321,316.4929,317.9712
2020-01-17 15:53:00,317.2535,316.5026,318.0045
2020-01-17 15:54:00,317.2745,316.5151,318.034
2020-01-17 15:55:00,317.3005,316.506,318.0951
2020-01-17 15:56:00,317.3259,316.4835,318.1683
2020-01-17 15:57:00,317.3536,316.45,318.2572
2020-01-17 15:58:00,317.3839,316.4244,318.3435
2020-01-17 15:59:00,317.4112,316.4101,318.4124
2020-01-17 16:00:00,317.4379,316.3904,318.4854
