date,MACD_Signal,MACD,MACD_Hist
2020-01-13 10:04:00,-0.0226,0.0195,0.0421
2020-01-13 10:05:00,-0.0127,0.0266,0.0393
2020-01-13 10:06:00,-0.0041,0.0306,0.0346
2020-01-13 10:07:00,0.0028,0.0301,0.0274
2020-01-13 10:08:00,0.0083,0.0307,0.0223
2020-01-13 10:09:00,0.0122,0.0276,0.0154
2020-01-13 10:10:00,0.0155,0.0288,0.0133
2020-01-13 10:11:00,0.0182,0.0287,0.0105
2020-01-13 10:12:00,0.0191,0.0226,0.0036
2020-01-13 10:13:00,0.0184,0.0157,-0.0027
2020-01-13 10:14:00,0.0156,0.0044,-0.0112
2020-01-13 10:15:00,0.0106,-0.0096,-0.0201
2020-01-13 10:16:00,0.0048,-0.018,-0.0228
2020-01-13 10:17:00,-0.001,-0.0244,-0.0234
2020-01-13 10:18:00,-0.0063,-0.0276,-0.0213
2020-01-13 10:19:00,-0.0114,-0.0314,-0.0201
2020-01-13 10:20:00,-0.0167,-0.0382,-0.0215
2020-01-13 10:21:00,-0.0245,-0.0556,-0.0311
2020-01-13 10:22:00,-0.0328,-0.066,-0.0332
2020-01-13 10:23:00,-0.0406,-0.0719,-0.0313
2020-01-13 10:24:00,-0.0488,-0.0815,-0.0327
2020-01-13 10:25:00,-0.0558,-0.084,-0.0282
2020-01-13 10:26:00,-0.0623,-0.0883,-0.026
2020-01-13 10:27:00,-0.0681,-0.0914,-0.0233
2020-01-13 10:28:00,-0.0727,-0.0912,-0.0184
2020-01-13 10:29:00,-0.0776,-0.0972,-0.0195
2020-01-13 10:30:00,-0.0816,-0.0976,-0.016
2020-01-13 10:31:00,-0.0856,-0.1016,-0.0159
2020-01-13 10:32:00,-0.0909,-0.1123,-0.0213
2020-01-13 10:33:00,-0.0963,-0.1178,-0.0215
2020-01-13 10:34:00,-0.1005,-0.1174,-0.0168
2020-01-13 10:35:00,-0.1043,-0.1195,-0.0152
2020-01-13 10:36:00,-0.1067,-0.1163,-0.0095
2020-01-13 10:37:00,-0.1074,-0.11,-0.0026
2020-01-13 10:38:00,-0.1052,-0.0964,0.0087
2020-01-13 10:39:00,-0.1014,-0.0861,0.0152
2020-01-13 10:40:00,-0.0981,-0.085,0.0131
2020-01-13 10:41:00,-0.095,-0.0824,0.0126
2020-01-13 10:42:00,-0.0913,-0.0766,0.0147
2020-01-13 10:43:00,-0.0871,-0.0704,0.0167
2020-01-13 10:44:00,-0.0825,-0.064,0.0185
2020-01-13 10:45:00,-0.0776,-0.0582,0.0195
2020-01-13 10:46:00,-0.0729,-0.0538,0.0191
2020-01-13 10:47:00,-0.068,-0.0487,0.0193
2020-01-13 10:48:00,-0.0636,-0.046,0.0176
2020-01-13 10:49:00,-0.0583,-0.037,0.0213
2020-01-13 10:50:00,-0.0525,-0.0295,0.0231
2020-01-13 10:51:00,-0.0474,-0.027,0.0204
2020-01-13 10:52:00,-0.0419,-0.0198,0.0221
2020-01-13 10:53:00,-0.0369,-0.0167,0.0202
2020-01-13 10:54:00,-0.0313,-0.0089,0.0224
2020-01-13 10:55:00,-0.0253,-0.0011,0.0241
2020-01-13 10:56:00,-0.0194,0.0038,0.0232
2020-01-13 10:57:00,-0.0144,0.0056,0.02
2020-01-13 10:58:00,-0.0104,0.0057,0.0161
2020-01-13 10:59:00,-0.0077,0.003,0.0107
2020-01-13 11:04:00,-0.0029,0.0164,0.0193
2020-01-13 11:05:00,0.0036,0.0294,0.0258
2020-01-13 11:06:00,0.01,0.0357,0.0257
2020-01-13 11:07:00,0.017,0.0451,0.0281
2020-01-13 11:08:00,0.0238,0.0511,0.0273
2020-01-13 11:09:00,0.0308,0.0588,0.028
2020-01-13 11:10:00,0.0387,0.0702,0.0315
2020-01-13 11:11:00,0.0466,0.0782,0.0316
2020-01-13 11:12:00,0.0551,0.0893,0.0342
2020-01-13 11:13:00,0.065,0.1045,0.0395
2020-01-13 11:14:00,0.0743,0.1115,0.0372
2020-01-13 11:15:00,0.0823,0.1143,0.032
2020-01-13 11:16:00,0.0889,0.1151,0.0263
2020-01-13 11:17:00,0.0945,0.1169,0.0224
2020-01-13 11:18:00,0.0984,0.1142,0.0158
2020-01-13 11:19:00,0.1,0.1063,0.0063
2020-01-13 11:20:00,0.1001,0.1006,0.0005
2020-01-13 11:21:00,0.099,0.0945,-0.0045
2020-01-13 11:22:00,0.096,0.0843,-0.0118
2020-01-13 11:23:00,0.0922,0.0769,-0.0153
2020-01-13 11:24:00,0.0872,0.0671,-0.0201
2020-01-13 11:25:00,0.0818,0.0601,-0.0217
2020-01-13 11:26:00,0.0756,0.0509,-0.0247
2020-01-13 11:27:00,0.0694,0.0446,-0.0248
2020-01-13 11:28:00,0.0639,0.0416,-0.0222
2020-01-13 11:29:00,0.0587,0.0379,-0.0207
2020-01-13 11:30:00,0.0548,0.0394,-0.0154
2020-01-13 11:31:00,0.0517,0.0394,-0.0123
2020-01-13 11:32:00,0.0495,0.0405,-0.009
2020-01-13 11:33:00,0.0497,0.0505,0.0008
2020-01-13 11:34:00,0.05,0.0514,0.0013
2020-01-13 11:35:00,0.0502,0.0507,0.0005
2020-01-13 11:36:00,0.0494,0.0464,-0.003
2020-01-13 11:37:00,0.0475,0.04,-0.0075
2020-01-13 11:38:00,0.0455,0.0374,-0.0081
2020-01-13 11:39:00,0.044,0.0378,-0.0062
2020-01-13 11:40:00,0.0435,0.0416,-0.0019
2020-01-13 11:41:00,0.0434,0.0433,-0.0002
2020-01-13 11:42:00,0.0436,0.0441,0.0006
2020-01-13 11:43:00,0.044,0.0455,0.0015
2020-01-13 11:44:00,0.0441,0.0449,0.0007
2020-01-13 11:45:00,0.0446,0.0466,0.002
2020-01-13 11:46:00,0.0453,0.0479,0.0026
2020-01-13 11:47:00,0.0457,0.0475,0.0018
2020-01-13 11:48:00,0.0459,0.0467,0.0008
2020-01-13 11:49:00,0.0458,0.0451,-0.0006
2020-01-13 11:50:00,0.045,0.0418,-0.0032
2020-01-13 11:51:00,0.0436,0.0383,-0.0053
2020-01-13 11:52:00,0.0421,0.0359,-0.0062
2020-01-13 11:53:00,0.0405,0.0343,-0.0062
2020-01-13 11:54:00,0.0386,0.0308,-0.0078
2020-01-13 11:57:00,0.0366,0.0287,-0.0079
2020-01-13 11:58:00,0.035,0.0285,-0.0065
2020-01-13 11:59:00,0.0348,0.0343,-0.0006
2020-01-13 12:00:00,0.0368,0.0445,0.0077
2020-01-13 12:01:00,0.0399,0.0524,0.0125
2020-01-13 12:02:00,0.0441,0.0608,0.0167
2020-01-13 12:03:00,0.0485,0.0663,0.0178
2020-01-13 12:04:00,0.0537,0.0746,0.0209
2020-01-13 12:05:00,0.0584,0.0771,0.0187
2020-01-13 12:06:00,0.062,0.0762,0.0142
2020-01-13 12:07:00,0.0641,0.0727,0.0085
2020-01-13 12:08:00,0.0654,0.0704,0.005
2020-01-13 12:09:00,0.0659,0.068,0.0021
2020-01-13 12:10:00,0.0661,0.067,0.0009
2020-01-13 12:11:00,0.0682,0.0766,0.0084
2020-01-13 12:12:00,0.0716,0.0853,0.0137
2020-01-13 12:13:00,0.0749,0.0879,0.013
2020-01-13 12:14:00,0.0768,0.0846,0.0077
2020-01-13 12:15:00,0.0789,0.0873,0.0084
2020-01-13 12:16:00,0.0805,0.0869,0.0064
2020-01-13 12:17:00,0.0819,0.0873,0.0054
2020-01-13 12:18:00,0.083,0.0873,0.0043
2020-01-13 12:19:00,0.0832,0.0839,0.0008
2020-01-13 12:20:00,0.0827,0.0807,-0.0019
2020-01-13 12:21:00,0.083,0.0841,0.0011
2020-01-13 12:22:00,0.083,0.083,0.0
2020-01-13 12:23:00,0.0828,0.0823,-0.0005
2020-01-13 12:24:00,0.0826,0.0817,-0.0009
2020-01-13 12:25:00,0.0826,0.0827,0.0
2020-01-13 12:26:00,0.0825,0.0821,-0.0004
2020-01-13 12:27:00,0.0814,0.0771,-0.0043
2020-01-13 12:28:00,0.0791,0.0699,-0.0092
2020-01-13 12:29:00,0.076,0.0635,-0.0125
2020-01-13 12:30:00,0.0732,0.0619,-0.0113
2020-01-13 12:31:00,0.0719,0.0666,-0.0053
2020-01-13 12:32:00,0.0716,0.0707,-0.001
2020-01-13 12:33:00,0.0719,0.073,0.0011
2020-01-13 12:34:00,0.0722,0.0733,0.0011
2020-01-13 12:35:00,0.0723,0.0728,0.0005
2020-01-13 12:36:00,0.0723,0.0722,-0.0001
2020-01-13 12:37:00,0.0709,0.0654,-0.0055
2020-01-13 12:38:00,0.0681,0.0569,-0.0112
2020-01-13 12:39:00,0.064,0.0476,-0.0164
2020-01-13 12:40:00,0.0589,0.0385,-0.0204
2020-01-13 12:41:00,0.0544,0.0366,-0.0178
2020-01-13 12:42:00,0.0506,0.0355,-0.0152
2020-01-13 12:43:00,0.0476,0.0356,-0.012
2020-01-13 12:44:00,0.0453,0.0361,-0.0092
2020-01-13 12:45:00,0.0435,0.0363,-0.0073
2020-01-13 12:46:00,0.0419,0.0356,-0.0064
2020-01-13 12:47:00,0.0409,0.0369,-0.004
2020-01-13 12:48:00,0.0402,0.0373,-0.0029
2020-01-13 12:49:00,0.0396,0.0371,-0.0025
2020-01-13 12:50:00,0.0388,0.0357,-0.0031
2020-01-13 12:51:00,0.0382,0.0359,-0.0023
2020-01-13 12:52:00,0.0378,0.0363,-0.0016
2020-01-13 12:53:00,0.0376,0.0368,-0.0008
2020-01-13 12:54:00,0.0375,0.037,-0.0005
2020-01-13 12:55:00,0.0376,0.0382,0.0006
2020-01-13 12:56:00,0.0378,0.0385,0.0007
2020-01-13 12:57:00,0.038,0.0386,0.0006
2020-01-13 12:58:00,0.0381,0.0383,0.0003
2020-01-13 12:59:00,0.0378,0.0369,-0.0009
2020-01-13 13:00:00,0.0372,0.0345,-0.0026
2020-01-13 13:01:00,0.0363,0.0331,-0.0033
2020-01-13 13:02:00,0.0352,0.0308,-0.0045
2020-01-13 13:03:00,0.034,0.029,-0.005
2020-01-13 13:04:00,0.0333,0.0305,-0.0028
2020-01-13 13:05:00,0.0327,0.0301,-0.0025
2020-01-13 13:06:00,0.0319,0.0287,-0.0032
2020-01-13 13:07:00,0.0297,0.0208,-0.0088
2020-01-13 13:08:00,0.0266,0.0145,-0.0122
2020-01-13 13:09:00,0.024,0.0134,-0.0106
2020-01-13 13:10:00,0.0224,0.0163,-0.0062
2020-01-13 13:11:00,0.0207,0.0136,-0.0071
2020-01-13 13:12:00,0.0196,0.0153,-0.0043
2020-01-13 13:13:00,0.019,0.0169,-0.0022
2020-01-13 13:14:00,0.0188,0.0179,-0.0009
2020-01-13 13:15:00,0.0187,0.0182,-0.0005
2020-01-13 13:16:00,0.0182,0.0161,-0.002
2020-01-13 13:17:00,0.0175,0.0147,-0.0027
2020-01-13 13:18:00,0.017,0.0152,-0.0019
2020-01-13 13:19:00,0.0167,0.0152,-0.0014
2020-01-13 13:20:00,0.0171,0.0187,0.0016
2020-01-13 13:21:00,0.0194,0.0288,0.0094
2020-01-13 13:22:00,0.023,0.0376,0.0145
2020-01-13 13:23:00,0.0273,0.0444,0.0171
2020-01-13 13:24:00,0.0313,0.0473,0.016
2020-01-13 13:25:00,0.0349,0.0494,0.0145
2020-01-13 13:26:00,0.0379,0.05,0.0121
2020-01-13 13:27:00,0.0406,0.0512,0.0106
2020-01-13 13:28:00,0.043,0.0527,0.0097
2020-01-13 13:29:00,0.0455,0.0553,0.0098
2020-01-13 13:30:00,0.0479,0.0578,0.0098
2020-01-13 13:31:00,0.0503,0.06,0.0096
2020-01-13 13:32:00,0.053,0.0638,0.0108
2020-01-13 13:33:00,0.0556,0.0661,0.0104
2020-01-13 13:34:00,0.0576,0.0655,0.0079
2020-01-13 13:35:00,0.0585,0.0619,0.0035
2020-01-13 13:36:00,0.0582,0.0568,-0.0013
2020-01-13 13:37:00,0.0573,0.0537,-0.0036
2020-01-13 13:38:00,0.0562,0.0519,-0.0043
2020-01-13 13:39:00,0.0549,0.0499,-0.005
2020-01-13 13:40:00,0.0538,0.0494,-0.0044
2020-01-13 13:41:00,0.0528,0.0488,-0.004
2020-01-13 13:42:00,0.0519,0.0482,-0.0037
2020-01-13 13:43:00,0.051,0.0474,-0.0036
2020-01-13 13:44:00,0.0493,0.0424,-0.0068
2020-01-13 13:45:00,0.0466,0.0359,-0.0107
2020-01-13 13:46:00,0.0439,0.0333,-0.0107
2020-01-13 13:47:00,0.0416,0.0325,-0.0092
2020-01-13 13:48:00,0.0394,0.0307,-0.0088
2020-01-13 13:49:00,0.0372,0.0281,-0.0091
2020-01-13 13:50:00,0.0352,0.0274,-0.0078
2020-01-13 13:51:00,0.0335,0.0269,-0.0067
2020-01-13 13:52:00,0.0323,0.0274,-0.0049
2020-01-13 13:53:00,0.0312,0.0267,-0.0045
2020-01-13 13:54:00,0.03,0.0254,-0.0046
2020-01-13 13:55:00,0.0291,0.0253,-0.0038
2020-01-13 13:56:00,0.0275,0.021,-0.0065
2020-01-13 13:57:00,0.0255,0.0174,-0.0081
2020-01-13 13:58:00,0.0231,0.0135,-0.0096
2020-01-13 13:59:00,0.0206,0.0108,-0.0099
2020-01-13 14:00:00,0.0175,0.0049,-0.0126
2020-01-13 14:01:00,0.0145,0.0026,-0.0119
2020-01-13 14:02:00,0.0111,-0.0022,-0.0134
2020-01-13 14:03:00,0.0075,-0.007,-0.0145
2020-01-13 14:04:00,0.0044,-0.0082,-0.0126
2020-01-13 14:05:00,0.0029,-0.003,-0.0059
2020-01-13 14:06:00,0.0032,0.0045,0.0013
2020-01-13 14:07:00,0.0047,0.0104,0.0058
2020-01-13 14:08:00,0.0071,0.0169,0.0098
2020-01-13 14:09:00,0.0098,0.0207,0.0109
2020-01-13 14:10:00,0.0129,0.025,0.0121
2020-01-13 14:11:00,0.0164,0.0308,0.0144
2020-01-13 14:12:00,0.0207,0.0379,0.0171
2020-01-13 14:13:00,0.025,0.0421,0.0171
2020-01-13 14:14:00,0.0292,0.0458,0.0166
2020-01-13 14:15:00,0.0328,0.0473,0.0145
2020-01-13 14:16:00,0.0355,0.0464,0.0109
2020-01-13 14:17:00,0.0373,0.0444,0.0071
2020-01-13 14:18:00,0.0374,0.0379,0.0005
2020-01-13 14:19:00,0.0366,0.0336,-0.0031
2020-01-13 14:20:00,0.0353,0.0302,-0.0051
2020-01-13 14:21:00,0.034,0.0284,-0.0055
2020-01-13 14:22:00,0.0328,0.0283,-0.0045
2020-01-13 14:23:00,0.0322,0.0295,-0.0027
2020-01-13 14:24:00,0.0317,0.0297,-0.002
2020-01-13 14:25:00,0.0316,0.0315,-0.0002
2020-01-13 14:26:00,0.0318,0.0325,0.0007
2020-01-13 14:27:00,0.0327,0.0362,0.0035
2020-01-13 14:28:00,0.0345,0.0417,0.0072
2020-01-13 14:29:00,0.0367,0.0453,0.0087
2020-01-13 14:30:00,0.0385,0.046,0.0075
2020-01-13 14:31:00,0.0392,0.042,0.0028
2020-01-13 14:32:00,0.0389,0.0376,-0.0013
2020-01-13 14:33:00,0.0378,0.0333,-0.0045
2020-01-13 14:34:00,0.0362,0.0299,-0.0063
2020-01-13 14:35:00,0.0344,0.027,-0.0074
2020-01-13 14:36:00,0.0321,0.0232,-0.009
2020-01-13 14:37:00,0.0298,0.0207,-0.0091
2020-01-13 14:38:00,0.0276,0.0186,-0.009
2020-01-13 14:39:00,0.0258,0.0187,-0.0071
2020-01-13 14:40:00,0.0245,0.0192,-0.0052
2020-01-13 14:41:00,0.0235,0.0196,-0.0039
2020-01-13 14:42:00,0.0233,0.0224,-0.0009
2020-01-13 14:43:00,0.0228,0.0211,-0.0017
2020-01-13 14:44:00,0.0213,0.0151,-0.0062
2020-01-13 14:45:00,0.0191,0.0103,-0.0088
2020-01-13 14:46:00,0.0161,0.0039,-0.0121
2020-01-13 14:47:00,0.0122,-0.0031,-0.0153
2020-01-13 14:48:00,0.0083,-0.0073,-0.0156
2020-01-13 14:49:00,0.0044,-0.0114,-0.0157
2020-01-13 14:50:00,0.0001,-0.0172,-0.0173
2020-01-13 14:51:00,-0.0047,-0.024,-0.0192
2020-01-13 14:52:00,-0.0101,-0.0318,-0.0216
2020-01-13 14:53:00,-0.0161,-0.0399,-0.0238
2020-01-13 14:54:00,-0.0205,-0.0383,-0.0178
2020-01-13 14:55:00,-0.0235,-0.0355,-0.012
2020-01-13 14:56:00,-0.0257,-0.0344,-0.0087
2020-01-13 14:57:00,-0.027,-0.0319,-0.005
2020-01-13 14:58:00,-0.0268,-0.026,0.0007
2020-01-13 14:59:00,-0.0261,-0.0235,0.0026
2020-01-13 15:00:00,-0.0248,-0.0197,0.0052
2020-01-13 15:01:00,-0.0232,-0.0165,0.0067
2020-01-13 15:02:00,-0.0215,-0.0149,0.0066
2020-01-13 15:03:00,-0.0198,-0.0128,0.007
2020-01-13 15:04:00,-0.0178,-0.0101,0.0077
2020-01-13 15:05:00,-0.0151,-0.004,0.0111
2020-01-13 15:06:00,-0.0127,-0.0035,0.0093
2020-01-13 15:07:00,-0.0103,-0.0007,0.0097
2020-01-13 15:08:00,-0.008,0.0012,0.0092
2020-01-13 15:09:00,-0.0054,0.005,0.0104
2020-01-13 15:10:00,-0.0028,0.0075,0.0104
2020-01-13 15:11:00,0.0001,0.0118,0.0117
2020-01-13 15:12:00,0.0028,0.0138,0.011
2020-01-13 15:13:00,0.0045,0.0113,0.0067
2020-01-13 15:14:00,0.0059,0.0115,0.0056
2020-01-13 15:15:00,0.0068,0.0104,0.0036
2020-01-13 15:16:00,0.0071,0.0082,0.0011
2020-01-13 15:17:00,0.0064,0.0036,-0.0028
2020-01-13 15:18:00,0.0054,0.0015,-0.0039
2020-01-13 15:19:00,0.0045,0.0007,-0.0038
2020-01-13 15:20:00,0.0039,0.0017,-0.0022
2020-01-13 15:21:00,0.0035,0.0016,-0.0019
2020-01-13 15:22:00,0.0027,-0.0001,-0.0028
2020-01-13 15:23:00,0.0024,0.001,-0.0014
2020-01-13 15:24:00,0.0024,0.0026,0.0002
2020-01-13 15:25:00,0.0025,0.0027,0.0002
2020-01-13 15:26:00,0.0025,0.0027,0.0001
2020-01-13 15:27:00,0.0025,0.0026,0.0001
2020-01-13 15:28:00,0.0018,-0.001,-0.0028
2020-01-13 15:29:00,-0.0,-0.0074,-0.0074
2020-01-13 15:30:00,-0.0022,-0.0108,-0.0086
2020-01-13 15:31:00,-0.0047,-0.0149,-0.0102
2020-01-13 15:32:00,-0.0062,-0.0123,-0.0061
2020-01-13 15:33:00,-0.0064,-0.007,-0.0006
2020-01-13 15:34:00,-0.0054,-0.0016,0.0039
2020-01-13 15:35:00,-0.003,0.0067,0.0097
2020-01-13 15:36:00,-0.0005,0.0095,0.01
2020-01-13 15:37:00,0.0024,0.014,0.0116
2020-01-13 15:38:00,0.0059,0.0201,0.0142
2020-01-13 15:39:00,0.0099,0.0255,0.0157
2020-01-13 15:40:00,0.0139,0.0299,0.016
2020-01-13 15:41:00,0.0174,0.0317,0.0143
2020-01-13 15:42:00,0.0202,0.0312,0.011
2020-01-13 15:43:00,0.0215,0.0269,0.0053
2020-01-13 15:44:00,0.022,0.024,0.002
2020-01-13 15:45:00,0.0213,0.0186,-0.0027
2020-01-13 15:46:00,0.0193,0.011,-0.0082
2020-01-13 15:47:00,0.0166,0.0058,-0.0108
2020-01-13 15:48:00,0.0135,0.0012,-0.0123
2020-01-13 15:49:00,0.0106,-0.0009,-0.0115
2020-01-13 15:50:00,0.0081,-0.002,-0.0101
2020-01-13 15:51:00,0.0064,-0.0005,-0.0069
2020-01-13 15:52:00,0.005,-0.0006,-0.0055
2020-01-13 15:53:00,0.0041,0.0006,-0.0035
2020-01-13 15:54:00,0.0046,0.0063,0.0018
2020-01-13 15:55:00,0.008,0.0215,0.0136
2020-01-13 15:56:00,0.0129,0.0328,0.0199
2020-01-13 15:57:00,0.0194,0.0452,0.0258
2020-01-13 15:58:00,0.0261,0.0528,0.0268
2020-01-13 15:59:00,0.034,0.0656,0.0317
2020-01-13 16:00:00,0.0426,0.077,0.0345
2020-01-14 09:31:00,0.0524,0.0915,0.0391
2020-01-14 09:32:00,0.0618,0.0994,0.0376
2020-01-14 09:33:00,0.0685,0.0957,0.0271
2020-01-14 09:34:00,0.0765,0.1084,0.0319
2020-01-14 09:35:00,0.0843,0.1155,0.0312
2020-01-14 09:36:00,0.0878,0.1019,0.0141
2020-01-14 09:37:00,0.0856,0.0766,-0.009
2020-01-14 09:38:00,0.0801,0.0582,-0.0219
2020-01-14 09:39:00,0.0706,0.0327,-0.0379
2020-01-14 09:40:00,0.056,-0.0024,-0.0584
2020-01-14 09:41:00,0.0372,-0.0382,-0.0754
2020-01-14 09:42:00,0.0162,-0.0678,-0.084
2020-01-14 09:43:00,-0.0051,-0.0903,-0.0852
2020-01-14 09:44:00,-0.0256,-0.1077,-0.082
2020-01-14 09:45:00,-0.0427,-0.1113,-0.0685
2020-01-14 09:46:00,-0.0547,-0.1024,-0.0478
2020-01-14 09:47:00,-0.062,-0.0912,-0.0292
2020-01-14 09:48:00,-0.0647,-0.0757,-0.011
2020-01-14 09:49:00,-0.0655,-0.0683,-0.0029
2020-01-14 09:50:00,-0.0642,-0.0594,0.0049
2020-01-14 09:51:00,-0.0622,-0.0541,0.0081
2020-01-14 09:52:00,-0.0607,-0.0545,0.0062
2020-01-14 09:53:00,-0.0582,-0.0482,0.01
2020-01-14 09:54:00,-0.0543,-0.0388,0.0155
2020-01-14 09:55:00,-0.0488,-0.0269,0.0219
2020-01-14 09:56:00,-0.043,-0.0197,0.0233
2020-01-14 09:57:00,-0.0375,-0.0155,0.022
2020-01-14 09:58:00,-0.0335,-0.0175,0.016
2020-01-14 09:59:00,-0.0319,-0.0256,0.0063
2020-01-14 10:00:00,-0.0307,-0.0258,0.0049
2020-01-14 10:01:00,-0.0271,-0.0129,0.0143
2020-01-14 10:02:00,-0.0221,-0.0021,0.02
2020-01-14 10:03:00,-0.0156,0.0107,0.0262
2020-01-14 10:04:00,-0.0083,0.0209,0.0292
2020-01-14 10:05:00,-0.0005,0.0307,0.0312
2020-01-14 10:06:00,0.0079,0.0415,0.0336
2020-01-14 10:07:00,0.0159,0.0476,0.0318
2020-01-14 10:08:00,0.0256,0.0646,0.039
2020-01-14 10:09:00,0.0381,0.088,0.0499
2020-01-14 10:10:00,0.0514,0.1049,0.0534
2020-01-14 10:11:00,0.0644,0.1164,0.0519
2020-01-14 10:12:00,0.0765,0.125,0.0485
2020-01-14 10:13:00,0.0875,0.1315,0.0439
2020-01-14 10:14:00,0.0971,0.1355,0.0384
2020-01-14 10:15:00,0.1078,0.1503,0.0425
2020-01-14 10:16:00,0.1147,0.1426,0.0279
2020-01-14 10:17:00,0.118,0.1312,0.0132
2020-01-14 10:18:00,0.1194,0.125,0.0055
2020-01-14 10:19:00,0.1193,0.1186,-0.0006
2020-01-14 10:20:00,0.1147,0.0967,-0.018
2020-01-14 10:21:00,0.1059,0.0705,-0.0354
2020-01-14 10:22:00,0.0962,0.0575,-0.0387
2020-01-14 10:23:00,0.087,0.0501,-0.0369
2020-01-14 10:24:00,0.0777,0.0407,-0.037
2020-01-14 10:25:00,0.0704,0.0409,-0.0295
2020-01-14 10:26:00,0.0649,0.0429,-0.022
2020-01-14 10:27:00,0.0585,0.0329,-0.0256
2020-01-14 10:28:00,0.0527,0.0294,-0.0233
2020-01-14 10:29:00,0.0481,0.03,-0.0182
2020-01-14 10:30:00,0.0447,0.0308,-0.0138
2020-01-14 10:31:00,0.0422,0.0324,-0.0098
2020-01-14 10:32:00,0.0428,0.0452,0.0024
2020-01-14 10:33:00,0.0452,0.0547,0.0095
2020-01-14 10:34:00,0.0485,0.0619,0.0134
2020-01-14 10:35:00,0.0512,0.0617,0.0105
2020-01-14 10:36:00,0.0534,0.0624,0.009
2020-01-14 10:37:00,0.0546,0.0595,0.0048
2020-01-14 10:38:00,0.0552,0.0577,0.0024
2020-01-14 10:39:00,0.0555,0.0564,0.0009
2020-01-14 10:40:00,0.0559,0.0576,0.0017
2020-01-14 10:41:00,0.0555,0.0539,-0.0016
2020-01-14 10:42:00,0.0543,0.0495,-0.0048
2020-01-14 10:43:00,0.0529,0.0475,-0.0054
2020-01-14 10:44:00,0.0511,0.0439,-0.0073
2020-01-14 10:45:00,0.0496,0.0437,-0.006
2020-01-14 10:46:00,0.0464,0.0335,-0.0129
2020-01-14 10:47:00,0.0421,0.0247,-0.0174
2020-01-14 10:48:00,0.0356,0.0099,-0.0257
2020-01-14 10:49:00,0.0274,-0.0057,-0.0331
2020-01-14 10:50:00,0.0176,-0.0215,-0.0391
2020-01-14 10:51:00,0.0062,-0.0392,-0.0455
2020-01-14 10:52:00,-0.0058,-0.0539,-0.0481
2020-01-14 10:53:00,-0.0174,-0.0636,-0.0463
2020-01-14 10:54:00,-0.0277,-0.0692,-0.0415
2020-01-14 10:55:00,-0.0368,-0.0732,-0.0364
2020-01-14 10:56:00,-0.0463,-0.0839,-0.0377
2020-01-14 10:57:00,-0.054,-0.085,-0.031
2020-01-14 10:58:00,-0.0593,-0.0804,-0.0212
2020-01-14 10:59:00,-0.0616,-0.0708,-0.0092
2020-01-14 11:00:00,-0.0614,-0.0608,0.0006
2020-01-14 11:01:00,-0.0589,-0.0487,0.0102
2020-01-14 11:02:00,-0.0552,-0.0406,0.0146
2020-01-14 11:03:00,-0.0516,-0.0371,0.0145
2020-01-14 11:04:00,-0.0476,-0.0318,0.0158
2020-01-14 11:06:00,-0.0451,-0.035,0.0101
2020-01-14 11:07:00,-0.0429,-0.0342,0.0087
2020-01-14 11:08:00,-0.0405,-0.0309,0.0097
2020-01-14 11:09:00,-0.0378,-0.0271,0.0107
2020-01-14 11:10:00,-0.0358,-0.0274,0.0083
2020-01-14 11:11:00,-0.0338,-0.0258,0.008
2020-01-14 11:12:00,-0.032,-0.025,0.007
2020-01-14 11:13:00,-0.0306,-0.0248,0.0058
2020-01-14 11:14:00,-0.031,-0.0328,-0.0018
2020-01-14 11:15:00,-0.0333,-0.0423,-0.009
2020-01-14 11:16:00,-0.0356,-0.0449,-0.0093
2020-01-14 11:17:00,-0.038,-0.0476,-0.0096
2020-01-14 11:18:00,-0.0392,-0.0439,-0.0048
2020-01-14 11:19:00,-0.0396,-0.0414,-0.0018
2020-01-14 11:20:00,-0.0397,-0.0401,-0.0004
2020-01-14 11:21:00,-0.0395,-0.0387,0.0008
2020-01-14 11:22:00,-0.0414,-0.0491,-0.0077
2020-01-14 11:23:00,-0.0436,-0.0524,-0.0087
2020-01-14 11:24:00,-0.0444,-0.0475,-0.0031
2020-01-14 11:25:00,-0.0446,-0.0455,-0.0009
2020-01-14 11:26:00,-0.0442,-0.0426,0.0016
2020-01-14 11:27:00,-0.0446,-0.0459,-0.0014
2020-01-14 11:28:00,-0.0456,-0.0495,-0.004
2020-01-14 11:29:00,-0.0475,-0.0554,-0.0079
2020-01-14 11:30:00,-0.0504,-0.0617,-0.0114
2020-01-14 11:31:00,-0.0529,-0.0628,-0.01
2020-01-14 11:32:00,-0.0546,-0.0614,-0.0068
2020-01-14 11:33:00,-0.0553,-0.0585,-0.0031
2020-01-14 11:34:00,-0.0554,-0.0558,-0.0004
2020-01-14 11:35:00,-0.0542,-0.0491,0.0051
2020-01-14 11:36:00,-0.0525,-0.046,0.0065
2020-01-14 11:37:00,-0.0501,-0.0403,0.0098
2020-01-14 11:38:00,-0.0453,-0.0262,0.0191
2020-01-14 11:39:00,-0.0398,-0.0177,0.0221
2020-01-14 11:40:00,-0.0337,-0.0096,0.0242
2020-01-14 11:41:00,-0.0282,-0.0061,0.0221
2020-01-14 11:42:00,-0.0234,-0.0043,0.0191
2020-01-14 11:43:00,-0.0194,-0.0033,0.0161
2020-01-14 11:44:00,-0.0174,-0.0092,0.0082
2020-01-14 11:45:00,-0.0166,-0.0133,0.0032
2020-01-14 11:46:00,-0.0169,-0.018,-0.0012
2020-01-14 11:47:00,-0.0174,-0.0198,-0.0024
2020-01-14 11:48:00,-0.0183,-0.0219,-0.0036
2020-01-14 11:49:00,-0.0192,-0.0224,-0.0033
2020-01-14 11:50:00,-0.0194,-0.0202,-0.0009
2020-01-14 11:51:00,-0.0188,-0.0163,0.0025
2020-01-14 11:52:00,-0.0174,-0.0118,0.0056
2020-01-14 11:53:00,-0.015,-0.0057,0.0093
2020-01-14 11:54:00,-0.0121,-0.0001,0.0119
2020-01-14 11:55:00,-0.0082,0.0074,0.0156
2020-01-14 11:56:00,-0.0036,0.0145,0.0181
2020-01-14 11:57:00,0.0021,0.025,0.0229
2020-01-14 11:58:00,0.0088,0.0358,0.027
2020-01-14 11:59:00,0.0157,0.043,0.0273
2020-01-14 12:00:00,0.0224,0.0494,0.027
2020-01-14 12:01:00,0.0287,0.0538,0.0251
2020-01-14 12:02:00,0.0345,0.0579,0.0234
2020-01-14 12:03:00,0.0402,0.063,0.0227
2020-01-14 12:04:00,0.0453,0.0656,0.0203
2020-01-14 12:05:00,0.0493,0.0654,0.0161
2020-01-14 12:06:00,0.0523,0.0641,0.0118
2020-01-14 12:07:00,0.054,0.0611,0.0071
2020-01-14 12:08:00,0.055,0.0587,0.0037
2020-01-14 12:09:00,0.0549,0.0548,-0.0002
2020-01-14 12:10:00,0.0542,0.051,-0.0031
2020-01-14 12:11:00,0.0536,0.0515,-0.0021
2020-01-14 12:12:00,0.0532,0.0513,-0.0019
2020-01-14 12:13:00,0.0524,0.0492,-0.0032
2020-01-14 12:14:00,0.0513,0.0473,-0.0041
2020-01-14 12:15:00,0.0503,0.0463,-0.004
2020-01-14 12:16:00,0.0488,0.0426,-0.0062
2020-01-14 12:17:00,0.0462,0.0356,-0.0105
2020-01-14 12:18:00,0.0423,0.027,-0.0153
2020-01-14 12:19:00,0.0389,0.0251,-0.0138
2020-01-14 12:20:00,0.0353,0.0208,-0.0145
2020-01-14 12:21:00,0.0316,0.0169,-0.0147
2020-01-14 12:22:00,0.0283,0.0153,-0.013
2020-01-14 12:23:00,0.0264,0.0187,-0.0077
2020-01-14 12:24:00,0.0248,0.0183,-0.0065
2020-01-14 12:25:00,0.023,0.0157,-0.0072
2020-01-14 12:26:00,0.0212,0.014,-0.0072
2020-01-14 12:27:00,0.0199,0.0148,-0.0051
2020-01-14 12:28:00,0.0188,0.0145,-0.0043
2020-01-14 12:29:00,0.0173,0.0114,-0.006
2020-01-14 12:30:00,0.0157,0.0091,-0.0066
2020-01-14 12:31:00,0.0142,0.0083,-0.0059
2020-01-14 12:32:00,0.0131,0.0088,-0.0043
2020-01-14 12:33:00,0.0121,0.008,-0.0041
2020-01-14 12:34:00,0.0116,0.0096,-0.002
2020-01-14 12:35:00,0.0119,0.0132,0.0013
2020-01-14 12:36:00,0.013,0.0171,0.0042
2020-01-14 12:37:00,0.0152,0.0244,0.0091
2020-01-14 12:38:00,0.0186,0.0318,0.0132
2020-01-14 12:39:00,0.0223,0.0372,0.0149
2020-01-14 12:40:00,0.0265,0.0434,0.0169
2020-01-14 12:41:00,0.0309,0.0486,0.0177
2020-01-14 12:42:00,0.0351,0.0517,0.0166
2020-01-14 12:43:00,0.0391,0.0551,0.016
2020-01-14 12:44:00,0.0421,0.054,0.0119
2020-01-14 12:45:00,0.045,0.0565,0.0115
2020-01-14 12:46:00,0.0479,0.0594,0.0116
2020-01-14 12:47:00,0.05,0.0586,0.0086
2020-01-14 12:48:00,0.0507,0.0533,0.0027
2020-01-14 12:49:00,0.0509,0.052,0.0011
2020-01-14 12:50:00,0.0509,0.0507,-0.0002
2020-01-14 12:51:00,0.05,0.0466,-0.0035
2020-01-14 12:52:00,0.0487,0.0436,-0.0052
2020-01-14 12:53:00,0.0471,0.0404,-0.0067
2020-01-14 12:54:00,0.0449,0.0362,-0.0087
2020-01-14 12:55:00,0.042,0.0305,-0.0115
2020-01-14 12:56:00,0.0385,0.0245,-0.014
2020-01-14 12:57:00,0.0345,0.0185,-0.016
2020-01-14 12:58:00,0.0298,0.011,-0.0188
2020-01-14 12:59:00,0.0244,0.0027,-0.0217
2020-01-14 13:00:00,0.0182,-0.0063,-0.0246
2020-01-14 13:01:00,0.0127,-0.0093,-0.0221
2020-01-14 13:02:00,0.0086,-0.0076,-0.0163
2020-01-14 13:03:00,0.0055,-0.007,-0.0125
2020-01-14 13:04:00,0.0033,-0.0056,-0.0089
2020-01-14 13:05:00,0.0021,-0.0028,-0.0049
2020-01-14 13:06:00,0.0016,-0.0002,-0.0018
2020-01-14 13:07:00,0.0021,0.0038,0.0018
2020-01-14 13:08:00,0.0042,0.0125,0.0084
2020-01-14 13:09:00,0.0061,0.0141,0.008
2020-01-14 13:10:00,0.0073,0.0119,0.0046
2020-01-14 13:11:00,0.0078,0.01,0.0022
2020-01-14 13:12:00,0.0076,0.0064,-0.0012
2020-01-14 13:13:00,0.0069,0.0043,-0.0026
2020-01-14 13:14:00,0.0051,-0.0021,-0.0072
2020-01-14 13:15:00,0.0032,-0.0044,-0.0076
2020-01-14 13:16:00,0.0014,-0.0057,-0.0071
2020-01-14 13:17:00,0.0004,-0.0038,-0.0042
2020-01-14 13:18:00,0.0002,-0.0004,-0.0006
2020-01-14 13:19:00,0.0003,0.0008,0.0004
2020-01-14 13:20:00,-0.0,-0.0015,-0.0015
2020-01-14 13:21:00,-0.0002,-0.0009,-0.0007
2020-01-14 13:22:00,-0.0003,-0.0009,-0.0005
2020-01-14 13:23:00,-0.0004,-0.0008,-0.0003
2020-01-14 13:24:00,-0.0002,0.0005,0.0007
2020-01-14 13:25:00,0.0002,0.0019,0.0017
2020-01-14 13:26:00,0.0002,0.0005,0.0003
2020-01-14 13:27:00,0.0002,-0.0001,-0.0003
2020-01-14 13:28:00,0.0001,-0.0001,-0.0002
2020-01-14 13:29:00,0.0008,0.0038,0.0029
2020-01-14 13:30:00,0.0018,0.0056,0.0038
2020-01-14 13:31:00,0.0035,0.0101,0.0067
2020-01-14 13:32:00,0.0065,0.0187,0.0122
2020-01-14 13:33:00,0.011,0.0291,0.0181
2020-01-14 13:34:00,0.0158,0.0351,0.0192
2020-01-14 13:35:00,0.021,0.0417,0.0207
2020-01-14 13:36:00,0.0268,0.0501,0.0232
2020-01-14 13:37:00,0.0248,0.0165,-0.0082
2020-01-14 13:38:00,0.0172,-0.0129,-0.0301
2020-01-14 13:39:00,0.0069,-0.0344,-0.0413
2020-01-14 13:44:00,-0.0056,-0.0557,-0.0501
2020-01-14 13:45:00,-0.0193,-0.0741,-0.0548
2020-01-14 13:46:00,-0.0312,-0.0789,-0.0477
2020-01-14 13:47:00,-0.0428,-0.089,-0.0462
2020-01-14 13:48:00,-0.0527,-0.0926,-0.0399
2020-01-14 13:49:00,-0.0609,-0.0937,-0.0327
2020-01-14 13:50:00,-0.0658,-0.0854,-0.0196
2020-01-14 13:51:00,-0.0678,-0.0756,-0.0078
2020-01-14 13:52:00,-0.0689,-0.0734,-0.0045
2020-01-14 13:53:00,-0.0698,-0.0736,-0.0037
2020-01-14 13:54:00,-0.0704,-0.0725,-0.0022
2020-01-14 13:55:00,-0.0716,-0.0763,-0.0047
2020-01-14 13:56:00,-0.0746,-0.0869,-0.0123
2020-01-14 13:57:00,-0.078,-0.0915,-0.0135
2020-01-14 13:58:00,-0.0804,-0.0901,-0.0096
2020-01-14 13:59:00,-0.0824,-0.0903,-0.0079
2020-01-14 14:00:00,-0.0862,-0.1014,-0.0152
2020-01-14 14:01:00,-0.0909,-0.1097,-0.0188
2020-01-14 14:02:00,-0.0957,-0.115,-0.0193
2020-01-14 14:03:00,-0.1038,-0.1362,-0.0324
2020-01-14 14:04:00,-0.115,-0.1596,-0.0446
2020-01-14 14:05:00,-0.1255,-0.1678,-0.0422
2020-01-14 14:06:00,-0.1341,-0.1683,-0.0342
2020-01-14 14:07:00,-0.1394,-0.1608,-0.0213
2020-01-14 14:08:00,-0.1414,-0.1494,-0.008
2020-01-14 14:09:00,-0.1428,-0.1485,-0.0056
2020-01-14 14:10:00,-0.1428,-0.1428,0.0
2020-01-14 14:11:00,-0.1419,-0.1383,0.0036
2020-01-14 14:12:00,-0.1409,-0.1369,0.004
2020-01-14 14:13:00,-0.1401,-0.137,0.0032
2020-01-14 14:14:00,-0.1421,-0.1498,-0.0077
2020-01-14 14:15:00,-0.1424,-0.1438,-0.0014
2020-01-14 14:16:00,-0.1405,-0.1327,0.0078
2020-01-14 14:17:00,-0.1394,-0.1352,0.0042
2020-01-14 14:18:00,-0.1402,-0.1432,-0.003
2020-01-14 14:19:00,-0.1408,-0.1435,-0.0026
2020-01-14 14:20:00,-0.14,-0.1365,0.0035
2020-01-14 14:21:00,-0.138,-0.1302,0.0078
2020-01-14 14:22:00,-0.1351,-0.1234,0.0117
2020-01-14 14:23:00,-0.1294,-0.1067,0.0227
2020-01-14 14:24:00,-0.1224,-0.0946,0.0278
2020-01-14 14:25:00,-0.1146,-0.0835,0.0312
2020-01-14 14:26:00,-0.1043,-0.063,0.0413
2020-01-14 14:27:00,-0.092,-0.0427,0.0493
2020-01-14 14:28:00,-0.0795,-0.0295,0.05
2020-01-14 14:29:00,-0.0659,-0.0116,0.0543
2020-01-14 14:30:00,-0.0528,-0.0006,0.0522
2020-01-14 14:31:00,-0.0407,0.008,0.0486
2020-01-14 14:32:00,-0.0291,0.017,0.0461
2020-01-14 14:33:00,-0.0173,0.0303,0.0475
2020-01-14 14:34:00,-0.0065,0.0367,0.0432
2020-01-14 14:35:00,0.003,0.041,0.038
2020-01-14 14:36:00,0.0107,0.0416,0.0309
2020-01-14 14:37:00,0.0171,0.0426,0.0255
2020-01-14 14:38:00,0.0225,0.0442,0.0216
2020-01-14 14:39:00,0.0264,0.042,0.0155
2020-01-14 14:40:00,0.0288,0.0383,0.0095
2020-01-14 14:41:00,0.0293,0.0313,0.0021
2020-01-14 14:42:00,0.0293,0.0296,0.0002
2020-01-14 14:43:00,0.0289,0.027,-0.0019
2020-01-14 14:44:00,0.0284,0.0263,-0.002
2020-01-14 14:45:00,0.027,0.0215,-0.0055
2020-01-14 14:46:00,0.0252,0.0183,-0.007
2020-01-14 14:47:00,0.0231,0.0147,-0.0084
2020-01-14 14:48:00,0.0205,0.0098,-0.0107
2020-01-14 14:49:00,0.0175,0.0058,-0.0117
2020-01-14 14:50:00,0.0139,-0.0006,-0.0145
2020-01-14 14:51:00,0.0089,-0.0111,-0.02
2020-01-14 14:52:00,0.0025,-0.0229,-0.0254
2020-01-14 14:53:00,-0.0039,-0.0296,-0.0257
2020-01-14 14:54:00,-0.0105,-0.0371,-0.0266
2020-01-14 14:55:00,-0.0168,-0.0418,-0.025
2020-01-14 14:56:00,-0.0224,-0.045,-0.0226
2020-01-14 14:57:00,-0.0278,-0.0493,-0.0215
2020-01-14 14:58:00,-0.0321,-0.049,-0.017
2020-01-14 14:59:00,-0.0356,-0.05,-0.0143
2020-01-14 15:00:00,-0.0383,-0.0488,-0.0105
2020-01-14 15:01:00,-0.0395,-0.0442,-0.0047
2020-01-14 15:02:00,-0.0403,-0.0436,-0.0033
2020-01-14 15:03:00,-0.0398,-0.0378,0.002
2020-01-14 15:04:00,-0.0396,-0.0389,0.0007
2020-01-14 15:05:00,-0.0404,-0.0437,-0.0033
2020-01-14 15:06:00,-0.0418,-0.0473,-0.0055
2020-01-14 15:07:00,-0.0432,-0.0489,-0.0056
2020-01-14 15:08:00,-0.0449,-0.0519,-0.0069
2020-01-14 15:09:00,-0.0471,-0.0557,-0.0086
2020-01-14 15:10:00,-0.0497,-0.06,-0.0103
2020-01-14 15:11:00,-0.053,-0.0663,-0.0133
2020-01-14 15:12:00,-0.0572,-0.0741,-0.0168
2020-01-14 15:13:00,-0.0627,-0.0845,-0.0218
2020-01-14 15:14:00,-0.0692,-0.0953,-0.0261
2020-01-14 15:15:00,-0.0755,-0.1007,-0.0252
2020-01-14 15:16:00,-0.0811,-0.1037,-0.0226
2020-01-14 15:17:00,-0.0853,-0.1019,-0.0166
2020-01-14 15:18:00,-0.0876,-0.0968,-0.0092
2020-01-14 15:19:00,-0.089,-0.0949,-0.0058
2020-01-14 15:20:00,-0.0901,-0.0942,-0.0042
2020-01-14 15:21:00,-0.0885,-0.0823,0.0062
2020-01-14 15:22:00,-0.0852,-0.072,0.0132
2020-01-14 15:23:00,-0.0804,-0.0612,0.0192
2020-01-14 15:24:00,-0.0746,-0.0515,0.0231
2020-01-14 15:25:00,-0.0687,-0.045,0.0237
2020-01-14 15:26:00,-0.0637,-0.0434,0.0203
2020-01-14 15:27:00,-0.0601,-0.0456,0.0144
2020-01-14 15:28:00,-0.0564,-0.0416,0.0148
2020-01-14 15:29:00,-0.0555,-0.052,0.0035
2020-01-14 15:30:00,-0.0563,-0.0595,-0.0032
2020-01-14 15:31:00,-0.0586,-0.0679,-0.0093
2020-01-14 15:32:00,-0.061,-0.0706,-0.0096
2020-01-14 15:33:00,-0.0622,-0.0671,-0.0048
2020-01-14 15:34:00,-0.0617,-0.0596,0.0021
2020-01-14 15:35:00,-0.0603,-0.055,0.0054
2020-01-14 15:36:00,-0.0598,-0.0576,0.0022
2020-01-14 15:37:00,-0.0591,-0.0561,0.0029
2020-01-14 15:38:00,-0.0572,-0.05,0.0073
2020-01-14 15:39:00,-0.0561,-0.0518,0.0044
2020-01-14 15:40:00,-0.0556,-0.0532,0.0024
2020-01-14 15:41:00,-0.0538,-0.0467,0.0071
2020-01-14 15:42:00,-0.0508,-0.0387,0.0121
2020-01-14 15:43:00,-0.0459,-0.0264,0.0195
2020-01-14 15:44:00,-0.0402,-0.0173,0.0229
2020-01-14 15:45:00,-0.0351,-0.0147,0.0204
2020-01-14 15:46:00,-0.0299,-0.0093,0.0206
2020-01-14 15:47:00,-0.0241,-0.0006,0.0234
2020-01-14 15:48:00,-0.0191,0.001,0.0201
2020-01-14 15:49:00,-0.0168,-0.0077,0.0091
2020-01-14 15:50:00,-0.0181,-0.0236,-0.0054
2020-01-14 15:51:00,-0.0253,-0.0537,-0.0285
2020-01-14 15:52:00,-0.0367,-0.0827,-0.046
2020-01-14 15:53:00,-0.0477,-0.0913,-0.0437
2020-01-14 15:54:00,-0.0576,-0.0974,-0.0398
2020-01-14 15:55:00,-0.0649,-0.0939,-0.029
2020-01-14 15:56:00,-0.0681,-0.0809,-0.0128
2020-01-14 15:57:00,-0.0688,-0.0718,-0.003
2020-01-14 15:58:00,-0.0689,-0.0694,-0.0005
2020-01-14 15:59:00,-0.0693,-0.0708,-0.0015
2020-01-14 16:00:00,-0.0665,-0.0551,0.0114
2020-01-15 09:31:00,-0.0542,-0.0054,0.0488
2020-01-15 09:32:00,-0.0355,0.0395,0.075
2020-01-15 09:33:00,-0.0122,0.081,0.0932
2020-01-15 09:34:00,0.0152,0.1246,0.1094
2020-01-15 09:35:00,0.0436,0.1573,0.1137
2020-01-15 09:36:00,0.0729,0.19,0.1171
2020-01-15 09:37:00,0.1005,0.211,0.1105
2020-01-15 09:38:00,0.1268,0.2322,0.1054
2020-01-15 09:39:00,0.1525,0.255,0.1025
2020-01-15 09:40:00,0.1755,0.2675,0.092
2020-01-15 09:41:00,0.1983,0.2894,0.0912
2020-01-15 09:42:00,0.2174,0.2941,0.0767
2020-01-15 09:43:00,0.2331,0.2957,0.0626
2020-01-15 09:44:00,0.245,0.2928,0.0478
2020-01-15 09:45:00,0.2541,0.2903,0.0362
2020-01-15 09:46:00,0.2577,0.2723,0.0146
2020-01-15 09:47:00,0.2569,0.2535,-0.0034
2020-01-15 09:48:00,0.2533,0.239,-0.0143
2020-01-15 09:49:00,0.2464,0.2186,-0.0278
2020-01-15 09:50:00,0.2381,0.2053,-0.0329
2020-01-15 09:51:00,0.2291,0.1929,-0.0362
2020-01-15 09:52:00,0.2196,0.1818,-0.0378
2020-01-15 09:53:00,0.2071,0.1567,-0.0503
2020-01-15 09:54:00,0.193,0.1369,-0.0562
2020-01-15 09:55:00,0.1801,0.1285,-0.0516
2020-01-15 09:56:00,0.1682,0.1205,-0.0477
2020-01-15 09:57:00,0.1562,0.1081,-0.0481
2020-01-15 09:58:00,0.1453,0.1019,-0.0434
2020-01-15 09:59:00,0.1362,0.0998,-0.0364
2020-01-15 10:00:00,0.1294,0.1019,-0.0274
2020-01-15 10:01:00,0.1245,0.1052,-0.0193
2020-01-15 10:02:00,0.1213,0.1083,-0.013
2020-01-15 10:03:00,0.1183,0.1065,-0.0118
2020-01-15 10:04:00,0.1145,0.0994,-0.0151
2020-01-15 10:05:00,0.11,0.0917,-0.0183
2020-01-15 10:06:00,0.1054,0.087,-0.0184
2020-01-15 10:07:00,0.1025,0.091,-0.0115
2020-01-15 10:08:00,0.1009,0.0944,-0.0065
2020-01-15 10:09:00,0.1,0.0963,-0.0037
2020-01-15 10:10:00,0.0994,0.0971,-0.0023
2020-01-15 10:11:00,0.0981,0.0931,-0.0051
2020-01-15 10:12:00,0.096,0.0872,-0.0087
2020-01-15 10:13:00,0.0921,0.0769,-0.0153
2020-01-15 10:14:00,0.0876,0.0695,-0.0181
2020-01-15 10:15:00,0.0827,0.0633,-0.0194
2020-01-15 10:16:00,0.0777,0.0577,-0.02
2020-01-15 10:17:00,0.0725,0.0515,-0.021
2020-01-15 10:18:00,0.0691,0.0552,-0.0138
2020-01-15 10:19:00,0.0675,0.0611,-0.0063
2020-01-15 10:20:00,0.0669,0.0644,-0.0025
2020-01-15 10:21:00,0.0658,0.0617,-0.0041
2020-01-15 10:22:00,0.0645,0.0592,-0.0053
2020-01-15 10:23:00,0.0618,0.0511,-0.0107
2020-01-15 10:24:00,0.0587,0.0465,-0.0123
2020-01-15 10:25:00,0.0556,0.0431,-0.0125
2020-01-15 10:26:00,0.0528,0.0417,-0.0111
2020-01-15 10:27:00,0.0513,0.0452,-0.0061
2020-01-15 10:28:00,0.0504,0.0467,-0.0037
2020-01-15 10:29:00,0.0498,0.0477,-0.0022
2020-01-15 10:30:00,0.0512,0.0567,0.0055
2020-01-15 10:31:00,0.053,0.0599,0.007
2020-01-15 10:32:00,0.0538,0.0574,0.0035
2020-01-15 10:33:00,0.0539,0.0543,0.0004
2020-01-15 10:34:00,0.055,0.0593,0.0043
2020-01-15 10:35:00,0.0563,0.0617,0.0054
2020-01-15 10:36:00,0.058,0.0645,0.0065
2020-01-15 10:37:00,0.0608,0.0723,0.0115
2020-01-15 10:38:00,0.0656,0.0848,0.0192
2020-01-15 10:39:00,0.0709,0.092,0.0211
2020-01-15 10:40:00,0.0757,0.0948,0.0191
2020-01-15 10:41:00,0.0814,0.1041,0.0227
2020-01-15 10:42:00,0.0878,0.1133,0.0256
2020-01-15 10:43:00,0.0954,0.1261,0.0307
2020-01-15 10:44:00,0.1035,0.1359,0.0324
2020-01-15 10:45:00,0.1107,0.1393,0.0286
2020-01-15 10:46:00,0.1173,0.1439,0.0265
2020-01-15 10:47:00,0.1228,0.1445,0.0217
2020-01-15 10:48:00,0.1253,0.1355,0.0102
2020-01-15 10:49:00,0.1261,0.1293,0.0032
2020-01-15 10:50:00,0.1248,0.1198,-0.0051
2020-01-15 10:51:00,0.122,0.1105,-0.0114
2020-01-15 10:52:00,0.118,0.1021,-0.0159
2020-01-15 10:53:00,0.1127,0.0915,-0.0212
2020-01-15 10:54:00,0.1062,0.0801,-0.026
2020-01-15 10:55:00,0.0991,0.0706,-0.0285
2020-01-15 10:56:00,0.0929,0.0681,-0.0248
2020-01-15 10:57:00,0.0881,0.0689,-0.0192
2020-01-15 10:58:00,0.0841,0.0681,-0.016
2020-01-15 10:59:00,0.0798,0.063,-0.0169
2020-01-15 11:00:00,0.0763,0.0622,-0.0141
2020-01-15 11:01:00,0.0726,0.0577,-0.0149
2020-01-15 11:02:00,0.0661,0.0404,-0.0258
2020-01-15 11:03:00,0.0567,0.0191,-0.0376
2020-01-15 11:04:00,0.0476,0.0111,-0.0365
2020-01-15 11:05:00,0.0405,0.0122,-0.0283
2020-01-15 11:06:00,0.034,0.0077,-0.0262
2020-01-15 11:07:00,0.0267,-0.0022,-0.0289
2020-01-15 11:08:00,0.0202,-0.0061,-0.0263
2020-01-15 11:09:00,0.0152,-0.0045,-0.0197
2020-01-15 11:10:00,0.0114,-0.004,-0.0154
2020-01-15 11:11:00,0.0067,-0.012,-0.0187
2020-01-15 11:12:00,0.0009,-0.0222,-0.0231
2020-01-15 11:13:00,-0.0053,-0.0304,-0.025
2020-01-15 11:14:00,-0.0101,-0.029,-0.0189
2020-01-15 11:15:00,-0.0121,-0.0201,-0.0081
2020-01-15 11:16:00,-0.0112,-0.0078,0.0034
2020-01-15 11:17:00,-0.0083,0.0031,0.0115
2020-01-15 11:18:00,-0.0049,0.0089,0.0138
2020-01-15 11:19:00,-0.0009,0.0153,0.0162
2020-01-15 11:20:00,0.0037,0.0221,0.0184
2020-01-15 11:21:00,0.0079,0.0244,0.0166
2020-01-15 11:22:00,0.0102,0.0194,0.0092
2020-01-15 11:23:00,0.0111,0.0146,0.0035
2020-01-15 11:24:00,0.0115,0.0135,0.002
2020-01-15 11:25:00,0.0106,0.0069,-0.0037
2020-01-15 11:26:00,0.0078,-0.0036,-0.0113
2020-01-15 11:27:00,0.0045,-0.0085,-0.013
2020-01-15 11:28:00,0.0008,-0.0143,-0.015
2020-01-15 11:29:00,-0.0046,-0.0262,-0.0216
2020-01-15 11:30:00,-0.0125,-0.0441,-0.0315
2020-01-15 11:31:00,-0.0214,-0.0567,-0.0354
2020-01-15 11:32:00,-0.0293,-0.0612,-0.0319
2020-01-15 11:33:00,-0.0372,-0.0684,-0.0313
2020-01-15 11:34:00,-0.0438,-0.0705,-0.0267
2020-01-15 11:35:00,-0.0482,-0.0658,-0.0175
2020-01-15 11:36:00,-0.0509,-0.0618,-0.0109
2020-01-15 11:37:00,-0.053,-0.0611,-0.0081
2020-01-15 11:38:00,-0.0543,-0.0594,-0.0052
2020-01-15 11:39:00,-0.0542,-0.0538,0.0003
2020-01-15 11:40:00,-0.053,-0.0481,0.0049
2020-01-15 11:41:00,-0.0513,-0.0445,0.0068
2020-01-15 11:42:00,-0.0493,-0.0414,0.0079
2020-01-15 11:43:00,-0.0465,-0.0356,0.011
2020-01-15 11:44:00,-0.0441,-0.0345,0.0097
2020-01-15 11:45:00,-0.0423,-0.0349,0.0073
2020-01-15 11:46:00,-0.0421,-0.0413,0.0008
2020-01-15 11:47:00,-0.0428,-0.0458,-0.003
2020-01-15 11:48:00,-0.0427,-0.0424,0.0003
2020-01-15 11:49:00,-0.0407,-0.0325,0.0082
2020-01-15 11:50:00,-0.0381,-0.0276,0.0105
2020-01-15 11:51:00,-0.0344,-0.0198,0.0146
2020-01-15 11:52:00,-0.0297,-0.011,0.0188
2020-01-15 11:53:00,-0.0235,0.0015,0.025
2020-01-15 11:54:00,-0.0168,0.0097,0.0266
2020-01-15 11:55:00,-0.0122,0.0065,0.0186
2020-01-15 11:56:00,-0.0087,0.0054,0.0141
2020-01-15 11:57:00,-0.0066,0.0018,0.0083
2020-01-15 11:58:00,-0.0056,-0.0015,0.004
2020-01-15 11:59:00,-0.0072,-0.0137,-0.0065
2020-01-15 12:00:00,-0.0089,-0.0158,-0.0069
2020-01-15 12:01:00,-0.01,-0.0142,-0.0042
2020-01-15 12:02:00,-0.0098,-0.0091,0.0007
2020-01-15 12:03:00,-0.0088,-0.0047,0.0041
2020-01-15 12:04:00,-0.0066,0.002,0.0086
2020-01-15 12:05:00,-0.004,0.0065,0.0105
2020-01-15 12:06:00,-0.0011,0.0107,0.0118
2020-01-15 12:07:00,0.0043,0.0256,0.0214
2020-01-15 12:08:00,0.0104,0.0349,0.0245
2020-01-15 12:09:00,0.0167,0.0421,0.0254
2020-01-15 12:10:00,0.0235,0.0505,0.027
2020-01-15 12:11:00,0.0307,0.0593,0.0286
2020-01-15 12:12:00,0.0379,0.0667,0.0288
2020-01-15 12:13:00,0.0448,0.0725,0.0277
2020-01-15 12:14:00,0.05,0.071,0.021
2020-01-15 12:15:00,0.0547,0.0734,0.0186
2020-01-15 12:16:00,0.0595,0.0785,0.019
2020-01-15 12:17:00,0.0636,0.08,0.0164
2020-01-15 12:18:00,0.0653,0.0723,0.007
2020-01-15 12:19:00,0.0646,0.0618,-0.0028
2020-01-15 12:20:00,0.0615,0.049,-0.0125
2020-01-15 12:21:00,0.0569,0.0387,-0.0182
2020-01-15 12:22:00,0.0529,0.037,-0.0159
2020-01-15 12:23:00,0.0494,0.0353,-0.0141
2020-01-15 12:24:00,0.0457,0.0307,-0.0149
2020-01-15 12:25:00,0.0425,0.0296,-0.0129
2020-01-15 12:26:00,0.0393,0.0268,-0.0125
2020-01-15 12:27:00,0.0363,0.0243,-0.012
2020-01-15 12:28:00,0.0327,0.018,-0.0146
2020-01-15 12:29:00,0.0303,0.0208,-0.0095
2020-01-15 12:30:00,0.0285,0.0212,-0.0072
2020-01-15 12:31:00,0.0276,0.0241,-0.0035
2020-01-15 12:32:00,0.0258,0.0186,-0.0072
2020-01-15 12:33:00,0.0242,0.018,-0.0062
2020-01-15 12:34:00,0.0233,0.0196,-0.0037
2020-01-15 12:35:00,0.0215,0.0144,-0.0071
2020-01-15 12:36:00,0.0188,0.0081,-0.0107
2020-01-15 12:37:00,0.0177,0.0131,-0.0046
2020-01-15 12:38:00,0.0188,0.0232,0.0044
2020-01-15 12:39:00,0.0205,0.0273,0.0068
2020-01-15 12:40:00,0.0234,0.035,0.0116
2020-01-15 12:41:00,0.0272,0.0426,0.0154
2020-01-15 12:42:00,0.0318,0.0502,0.0184
2020-01-15 12:43:00,0.0352,0.0487,0.0135
2020-01-15 12:44:00,0.036,0.039,0.003
2020-01-15 12:45:00,0.0351,0.0317,-0.0034
2020-01-15 12:46:00,0.0341,0.03,-0.0041
2020-01-15 12:47:00,0.033,0.0285,-0.0045
2020-01-15 12:48:00,0.0312,0.0242,-0.007
2020-01-15 12:49:00,0.0294,0.022,-0.0074
2020-01-15 12:50:00,0.0265,0.0153,-0.0113
2020-01-15 12:51:00,0.0222,0.005,-0.0172
2020-01-15 12:52:00,0.017,-0.0039,-0.0209
2020-01-15 12:53:00,0.0086,-0.0252,-0.0337
2020-01-15 12:54:00,-0.0011,-0.0399,-0.0388
2020-01-15 12:55:00,-0.011,-0.0507,-0.0396
2020-01-15 12:56:00,-0.0207,-0.0595,-0.0388
2020-01-15 12:57:00,-0.0309,-0.0717,-0.0407
2020-01-15 12:58:00,-0.0405,-0.0786,-0.0382
2020-01-15 12:59:00,-0.0486,-0.0813,-0.0327
2020-01-15 13:00:00,-0.0553,-0.082,-0.0267
2020-01-15 13:01:00,-0.0623,-0.0903,-0.028
2020-01-15 13:02:00,-0.0679,-0.0903,-0.0224
2020-01-15 13:03:00,-0.0718,-0.0872,-0.0155
2020-01-15 13:04:00,-0.0749,-0.0874,-0.0125
2020-01-15 13:05:00,-0.0774,-0.0874,-0.01
2020-01-15 13:06:00,-0.0781,-0.0807,-0.0027
2020-01-15 13:07:00,-0.078,-0.0778,0.0002
2020-01-15 13:08:00,-0.0771,-0.0734,0.0037
2020-01-15 13:09:00,-0.0756,-0.0696,0.006
2020-01-15 13:10:00,-0.0729,-0.0621,0.0108
2020-01-15 13:11:00,-0.0694,-0.0552,0.0141
2020-01-15 13:12:00,-0.0664,-0.0544,0.012
2020-01-15 13:13:00,-0.0638,-0.0535,0.0103
2020-01-15 13:14:00,-0.06,-0.045,0.015
2020-01-15 13:15:00,-0.055,-0.0351,0.02
2020-01-15 13:16:00,-0.0498,-0.0289,0.0209
2020-01-15 13:17:00,-0.0441,-0.0213,0.0228
2020-01-15 13:18:00,-0.0374,-0.0103,0.027
2020-01-15 13:19:00,-0.032,-0.0104,0.0216
2020-01-15 13:20:00,-0.0269,-0.0067,0.0202
2020-01-15 13:21:00,-0.0222,-0.0034,0.0188
2020-01-15 13:22:00,-0.0174,0.0017,0.0191
2020-01-15 13:23:00,-0.0136,0.0016,0.0152
2020-01-15 13:24:00,-0.0109,-0.0,0.0109
2020-01-15 13:25:00,-0.0097,-0.0048,0.0049
2020-01-15 13:26:00,-0.0084,-0.0034,0.005
2020-01-15 13:27:00,-0.0072,-0.0023,0.0049
2020-01-15 13:28:00,-0.0063,-0.0026,0.0037
2020-01-15 13:29:00,-0.0053,-0.0012,0.0041
2020-01-15 13:30:00,-0.0042,0.0003,0.0045
2020-01-15 13:31:00,-0.0017,0.0079,0.0096
2020-01-15 13:32:00,0.0012,0.0129,0.0117
2020-01-15 13:33:00,0.0045,0.0175,0.0131
2020-01-15 13:34:00,0.0044,0.0042,-0.0002
2020-01-15 13:35:00,0.0035,0.0,-0.0035
2020-01-15 13:36:00,0.0031,0.0016,-0.0015
2020-01-15 13:37:00,0.0032,0.0036,0.0004
2020-01-15 13:38:00,0.0031,0.0027,-0.0004
2020-01-15 13:39:00,0.0031,0.0028,-0.0003
2020-01-15 13:40:00,0.0033,0.0044,0.0011
2020-01-15 13:41:00,0.0044,0.0088,0.0044
2020-01-15 13:42:00,0.0063,0.0136,0.0074
2020-01-15 13:43:00,0.0079,0.0142,0.0063
2020-01-15 13:44:00,0.0093,0.0153,0.0059
2020-01-15 13:45:00,0.0099,0.012,0.0021
2020-01-15 13:46:00,0.0104,0.0124,0.0021
2020-01-15 13:47:00,0.012,0.0184,0.0064
2020-01-15 13:48:00,0.0142,0.0231,0.0089
2020-01-15 13:49:00,0.0166,0.0261,0.0095
2020-01-15 13:50:00,0.0184,0.0258,0.0074
2020-01-15 13:51:00,0.0196,0.0244,0.0048
2020-01-15 13:52:00,0.02,0.0215,0.0015
2020-01-15 13:53:00,0.0182,0.011,-0.0072
2020-01-15 13:54:00,0.0137,-0.0045,-0.0182
2020-01-15 13:55:00,0.0076,-0.0167,-0.0243
2020-01-15 13:56:00,0.0008,-0.0262,-0.027
2020-01-15 13:57:00,-0.0065,-0.0359,-0.0294
2020-01-15 13:58:00,-0.0143,-0.0455,-0.0312
2020-01-15 13:59:00,-0.0218,-0.0516,-0.0298
2020-01-15 14:00:00,-0.0268,-0.0471,-0.0203
2020-01-15 14:01:00,-0.03,-0.0427,-0.0127
2020-01-15 14:02:00,-0.0314,-0.0372,-0.0057
2020-01-15 14:03:00,-0.0312,-0.0304,0.0008
2020-01-15 14:04:00,-0.0305,-0.0275,0.003
2020-01-15 14:05:00,-0.0291,-0.0234,0.0057
2020-01-15 14:06:00,-0.0282,-0.0247,0.0035
2020-01-15 14:07:00,-0.0267,-0.0206,0.0061
2020-01-15 14:08:00,-0.0246,-0.0164,0.0082
2020-01-15 14:09:00,-0.0224,-0.0137,0.0087
2020-01-15 14:10:00,-0.0193,-0.007,0.0123
2020-01-15 14:11:00,-0.0153,0.0007,0.016
2020-01-15 14:12:00,-0.011,0.0063,0.0173
2020-01-15 14:13:00,-0.006,0.0142,0.0202
2020-01-15 14:14:00,-0.0003,0.0222,0.0226
2020-01-15 14:15:00,0.0059,0.0307,0.0248
2020-01-15 14:16:00,0.0124,0.0385,0.0261
2020-01-15 14:17:00,0.0188,0.0443,0.0255
2020-01-15 14:18:00,0.0251,0.0506,0.0255
2020-01-15 14:19:00,0.0311,0.0548,0.0237
2020-01-15 14:20:00,0.0367,0.0593,0.0226
2020-01-15 14:21:00,0.0419,0.0629,0.0209
2020-01-15 14:22:00,0.047,0.0674,0.0204
2020-01-15 14:23:00,0.052,0.072,0.02
2020-01-15 14:24:00,0.0566,0.0747,0.0181
2020-01-15 14:25:00,0.0606,0.0768,0.0162
2020-01-15 14:26:00,0.0633,0.0739,0.0106
2020-01-15 14:27:00,0.0652,0.0731,0.0078
2020-01-15 14:28:00,0.0669,0.0736,0.0067
2020-01-15 14:29:00,0.068,0.0724,0.0044
2020-01-15 14:30:00,0.069,0.073,0.004
2020-01-15 14:31:00,0.0696,0.0722,0.0026
2020-01-15 14:32:00,0.0702,0.0724,0.0022
2020-01-15 14:33:00,0.07,0.0693,-0.0007
2020-01-15 14:34:00,0.0692,0.0657,-0.0034
2020-01-15 14:35:00,0.0685,0.0661,-0.0024
2020-01-15 14:36:00,0.0682,0.0667,-0.0015
2020-01-15 14:37:00,0.0666,0.0605,-0.0061
2020-01-15 14:38:00,0.0641,0.0539,-0.0102
2020-01-15 14:39:00,0.061,0.0484,-0.0125
2020-01-15 14:40:00,0.0566,0.0389,-0.0176
2020-01-15 14:41:00,0.0516,0.0318,-0.0198
2020-01-15 14:42:00,0.0468,0.0274,-0.0194
2020-01-15 14:43:00,0.0418,0.022,-0.0198
2020-01-15 14:44:00,0.037,0.0176,-0.0194
2020-01-15 14:45:00,0.0327,0.0155,-0.0172
2020-01-15 14:46:00,0.0284,0.0113,-0.0171
2020-01-15 14:47:00,0.0253,0.0127,-0.0126
2020-01-15 14:48:00,0.0223,0.0104,-0.0119
2020-01-15 14:49:00,0.0184,0.003,-0.0155
2020-01-15 14:50:00,0.0143,-0.0024,-0.0167
2020-01-15 14:51:00,0.0094,-0.0103,-0.0196
2020-01-15 14:52:00,0.0037,-0.0188,-0.0225
2020-01-15 14:53:00,-0.0023,-0.0265,-0.0242
2020-01-15 14:54:00,-0.008,-0.0306,-0.0226
2020-01-15 14:55:00,-0.0129,-0.0327,-0.0198
2020-01-15 14:56:00,-0.016,-0.0283,-0.0123
2020-01-15 14:57:00,-0.0173,-0.0225,-0.0052
2020-01-15 14:58:00,-0.0178,-0.0197,-0.0019
2020-01-15 14:59:00,-0.0183,-0.0201,-0.0019
2020-01-15 15:00:00,-0.0199,-0.0266,-0.0067
2020-01-15 15:01:00,-0.0222,-0.0313,-0.0091
2020-01-15 15:02:00,-0.0263,-0.0425,-0.0162
2020-01-15 15:03:00,-0.0312,-0.0509,-0.0197
2020-01-15 15:04:00,-0.0364,-0.0574,-0.0209
2020-01-15 15:05:00,-0.0417,-0.0626,-0.021
2020-01-15 15:06:00,-0.0469,-0.068,-0.021
2020-01-15 15:07:00,-0.0517,-0.071,-0.0192
2020-01-15 15:08:00,-0.0556,-0.0713,-0.0157
2020-01-15 15:09:00,-0.0586,-0.0702,-0.0116
2020-01-15 15:10:00,-0.062,-0.0757,-0.0137
2020-01-15 15:11:00,-0.0643,-0.0737,-0.0094
2020-01-15 15:12:00,-0.0669,-0.0773,-0.0104
2020-01-15 15:13:00,-0.0707,-0.0857,-0.015
2020-01-15 15:14:00,-0.0729,-0.0816,-0.0088
2020-01-15 15:15:00,-0.073,-0.0736,-0.0006
2020-01-15 15:16:00,-0.0727,-0.0712,0.0014
2020-01-15 15:17:00,-0.0722,-0.0705,0.0017
2020-01-15 15:18:00,-0.0716,-0.0692,0.0024
2020-01-15 15:19:00,-0.0727,-0.0771,-0.0044
2020-01-15 15:20:00,-0.0739,-0.0786,-0.0047
2020-01-15 15:21:00,-0.0743,-0.0758,-0.0015
2020-01-15 15:22:00,-0.0743,-0.0746,-0.0003
2020-01-15 15:23:00,-0.0751,-0.0781,-0.003
2020-01-15 15:24:00,-0.076,-0.0799,-0.0039
2020-01-15 15:25:00,-0.0772,-0.0816,-0.0045
2020-01-15 15:26:00,-0.0785,-0.0841,-0.0055
2020-01-15 15:27:00,-0.0807,-0.0893,-0.0086
2020-01-15 15:28:00,-0.0831,-0.0929,-0.0098
2020-01-15 15:29:00,-0.0864,-0.0994,-0.013
2020-01-15 15:30:00,-0.088,-0.0946,-0.0066
2020-01-15 15:31:00,-0.0897,-0.0962,-0.0065
2020-01-15 15:32:00,-0.09,-0.0915,-0.0015
2020-01-15 15:33:00,-0.091,-0.0947,-0.0038
2020-01-15 15:34:00,-0.0931,-0.1018,-0.0087
2020-01-15 15:35:00,-0.0942,-0.0982,-0.0041
2020-01-15 15:36:00,-0.0918,-0.0823,0.0095
2020-01-15 15:37:00,-0.0871,-0.0681,0.0189
2020-01-15 15:38:00,-0.0825,-0.0642,0.0183
2020-01-15 15:39:00,-0.0776,-0.058,0.0196
2020-01-15 15:40:00,-0.0733,-0.0561,0.0172
2020-01-15 15:41:00,-0.0704,-0.0591,0.0113
2020-01-15 15:42:00,-0.0692,-0.064,0.0052
2020-01-15 15:43:00,-0.0689,-0.0679,0.001
2020-01-15 15:44:00,-0.0674,-0.0614,0.006
2020-01-15 15:45:00,-0.0643,-0.0516,0.0126
2020-01-15 15:46:00,-0.0594,-0.0402,0.0192
2020-01-15 15:47:00,-0.0542,-0.0332,0.021
2020-01-15 15:48:00,-0.0479,-0.0225,0.0253
2020-01-15 15:49:00,-0.0414,-0.0155,0.0259
2020-01-15 15:50:00,-0.0363,-0.0162,0.0201
2020-01-15 15:51:00,-0.0319,-0.0142,0.0177
2020-01-15 15:52:00,-0.0277,-0.0108,0.0169
2020-01-15 15:53:00,-0.0244,-0.0113,0.0131
2020-01-15 15:54:00,-0.0218,-0.0111,0.0106
2020-01-15 15:55:00,-0.02,-0.0128,0.0071
2020-01-15 15:56:00,-0.0191,-0.0156,0.0035
2020-01-15 15:57:00,-0.0193,-0.02,-0.0008
2020-01-15 15:58:00,-0.0204,-0.0249,-0.0045
2020-01-15 15:59:00,-0.0211,-0.024,-0.0029
2020-01-15 16:00:00,-0.0192,-0.0114,0.0077
2020-01-16 09:31:00,-0.0006,0.074,0.0745
2020-01-16 09:32:00,0.0284,0.1443,0.1159
2020-01-16 09:33:00,0.0657,0.2146,0.1489
2020-01-16 09:34:00,0.1039,0.2568,0.1529
2020-01-16 09:35:00,0.1414,0.2916,0.1501
2020-01-16 09:36:00,0.1756,0.3125,0.1368
2020-01-16 09:37:00,0.2035,0.3149,0.1114
2020-01-16 09:38:00,0.2272,0.322,0.0948
2020-01-16 09:39:00,0.2486,0.3343,0.0857
2020-01-16 09:40:00,0.2647,0.3288,0.0642
2020-01-16 09:41:00,0.278,0.3313,0.0533
2020-01-16 09:42:00,0.2857,0.3166,0.0309
2020-01-16 09:43:00,0.289,0.3024,0.0133
2020-01-16 09:44:00,0.2886,0.287,-0.0017
2020-01-16 09:45:00,0.2857,0.274,-0.0117
2020-01-16 09:46:00,0.281,0.2623,-0.0187
2020-01-16 09:47:00,0.2741,0.2462,-0.0279
2020-01-16 09:48:00,0.2651,0.2292,-0.0359
2020-01-16 09:49:00,0.2545,0.2124,-0.0421
2020-01-16 09:50:00,0.2446,0.2048,-0.0398
2020-01-16 09:51:00,0.2371,0.2069,-0.0301
2020-01-16 09:52:00,0.2293,0.1982,-0.0311
2020-01-16 09:53:00,0.2223,0.1944,-0.0279
2020-01-16 09:54:00,0.2169,0.195,-0.0219
2020-01-16 09:55:00,0.2136,0.2005,-0.0131
2020-01-16 09:56:00,0.2103,0.197,-0.0133
2020-01-16 09:57:00,0.2063,0.1904,-0.0159
2020-01-16 09:58:00,0.2044,0.1966,-0.0077
2020-01-16 09:59:00,0.2017,0.1913,-0.0105
2020-01-16 10:00:00,0.1992,0.1889,-0.0103
2020-01-16 10:01:00,0.1973,0.1897,-0.0076
2020-01-16 10:02:00,0.1962,0.1921,-0.0041
2020-01-16 10:03:00,0.196,0.195,-0.001
2020-01-16 10:04:00,0.1963,0.1975,0.0012
2020-01-16 10:05:00,0.1965,0.1971,0.0007
2020-01-16 10:06:00,0.1972,0.2,0.0028
2020-01-16 10:07:00,0.1974,0.1982,0.0008
2020-01-16 10:08:00,0.1975,0.1981,0.0006
2020-01-16 10:09:00,0.1953,0.1863,-0.009
2020-01-16 10:10:00,0.193,0.184,-0.009
2020-01-16 10:11:00,0.1907,0.1813,-0.0094
2020-01-16 10:12:00,0.1854,0.1645,-0.0209
2020-01-16 10:13:00,0.1789,0.1529,-0.026
2020-01-16 10:14:00,0.1721,0.1449,-0.0272
2020-01-16 10:15:00,0.1641,0.1321,-0.032
2020-01-16 10:16:00,0.1557,0.1221,-0.0336
2020-01-16 10:17:00,0.1467,0.1106,-0.0361
2020-01-16 10:18:00,0.1371,0.0988,-0.0384
2020-01-16 10:19:00,0.1281,0.092,-0.0361
2020-01-16 10:20:00,0.1179,0.0772,-0.0407
2020-01-16 10:21:00,0.1053,0.0547,-0.0506
2020-01-16 10:22:00,0.0925,0.0417,-0.0509
2020-01-16 10:23:00,0.0826,0.043,-0.0397
2020-01-16 10:24:00,0.0745,0.0417,-0.0327
2020-01-16 10:25:00,0.0676,0.0401,-0.0275
2020-01-16 10:26:00,0.0623,0.0411,-0.0212
2020-01-16 10:27:00,0.0573,0.0374,-0.0199
2020-01-16 10:28:00,0.0533,0.0373,-0.016
2020-01-16 10:29:00,0.0504,0.0388,-0.0116
2020-01-16 10:30:00,0.0484,0.0404,-0.008
2020-01-16 10:31:00,0.047,0.0415,-0.0055
2020-01-16 10:32:00,0.0459,0.0414,-0.0045
2020-01-16 10:33:00,0.0445,0.039,-0.0056
2020-01-16 10:34:00,0.0435,0.0394,-0.0041
2020-01-16 10:35:00,0.0426,0.0389,-0.0037
2020-01-16 10:36:00,0.0415,0.0373,-0.0042
2020-01-16 10:37:00,0.0416,0.0418,0.0002
2020-01-16 10:38:00,0.0428,0.0476,0.0048
2020-01-16 10:39:00,0.0437,0.0475,0.0037
2020-01-16 10:40:00,0.044,0.0452,0.0012
2020-01-16 10:41:00,0.046,0.0541,0.0081
2020-01-16 10:42:00,0.05,0.066,0.016
2020-01-16 10:43:00,0.0539,0.0696,0.0157
2020-01-16 10:44:00,0.0574,0.071,0.0137
2020-01-16 10:45:00,0.0602,0.0713,0.0112
2020-01-16 10:46:00,0.0625,0.0719,0.0094
2020-01-16 10:47:00,0.0642,0.0708,0.0066
2020-01-16 10:48:00,0.0656,0.0714,0.0058
2020-01-16 10:49:00,0.0668,0.0715,0.0047
2020-01-16 10:50:00,0.068,0.0729,0.0048
2020-01-16 10:51:00,0.0682,0.0691,0.0008
2020-01-16 10:52:00,0.0671,0.0625,-0.0046
2020-01-16 10:53:00,0.0656,0.0599,-0.0058
2020-01-16 10:54:00,0.0641,0.0579,-0.0062
2020-01-16 10:55:00,0.0627,0.0573,-0.0054
2020-01-16 10:56:00,0.059,0.0442,-0.0148
2020-01-16 10:57:00,0.0541,0.0342,-0.0198
2020-01-16 10:58:00,0.0478,0.0229,-0.025
2020-01-16 10:59:00,0.0409,0.0133,-0.0276
2020-01-16 11:00:00,0.0328,0.0004,-0.0324
2020-01-16 11:01:00,0.025,-0.0061,-0.0311
2020-01-16 11:02:00,0.0183,-0.0087,-0.027
2020-01-16 11:03:00,0.0128,-0.009,-0.0219
2020-01-16 11:04:00,0.0088,-0.0072,-0.016
2020-01-16 11:05:00,0.0077,0.0031,-0.0046
2020-01-16 11:06:00,0.008,0.0092,0.0012
2020-01-16 11:07:00,0.0099,0.0177,0.0078
2020-01-16 11:08:00,0.0127,0.0238,0.0111
2020-01-16 11:09:00,0.0149,0.0236,0.0087
2020-01-16 11:10:00,0.0162,0.0217,0.0054
2020-01-16 11:11:00,0.0165,0.0174,0.0009
2020-01-16 11:12:00,0.0145,0.0067,-0.0078
2020-01-16 11:13:00,0.0093,-0.0118,-0.021
2020-01-16 11:14:00,0.0035,-0.0194,-0.0229
2020-01-16 11:15:00,-0.0032,-0.0303,-0.027
2020-01-16 11:16:00,-0.0113,-0.0436,-0.0323
2020-01-16 11:17:00,-0.0204,-0.0568,-0.0364
2020-01-16 11:18:00,-0.0291,-0.0638,-0.0347
2020-01-16 11:19:00,-0.0362,-0.0648,-0.0286
2020-01-16 11:20:00,-0.0433,-0.0717,-0.0284
2020-01-16 11:21:00,-0.0489,-0.0714,-0.0225
2020-01-16 11:22:00,-0.0532,-0.07,-0.0169
2020-01-16 11:23:00,-0.056,-0.0673,-0.0113
2020-01-16 11:24:00,-0.0577,-0.0645,-0.0068
2020-01-16 11:25:00,-0.0581,-0.0597,-0.0016
2020-01-16 11:26:00,-0.0577,-0.0562,0.0015
2020-01-16 11:27:00,-0.0562,-0.0504,0.0059
2020-01-16 11:28:00,-0.0547,-0.0485,0.0062
2020-01-16 11:29:00,-0.0532,-0.0472,0.006
2020-01-16 11:30:00,-0.0525,-0.0497,0.0028
2020-01-16 11:31:00,-0.0526,-0.0528,-0.0002
2020-01-16 11:32:00,-0.0527,-0.0533,-0.0006
2020-01-16 11:33:00,-0.053,-0.054,-0.001
2020-01-16 11:34:00,-0.0543,-0.0594,-0.0052
2020-01-16 11:35:00,-0.0564,-0.0651,-0.0086
2020-01-16 11:36:00,-0.0574,-0.0615,-0.0041
2020-01-16 11:37:00,-0.0572,-0.0565,0.0008
2020-01-16 11:38:00,-0.0565,-0.0534,0.003
2020-01-16 11:39:00,-0.0551,-0.0497,0.0054
2020-01-16 11:40:00,-0.0532,-0.0454,0.0078
2020-01-16 11:41:00,-0.05,-0.0375,0.0126
2020-01-16 11:42:00,-0.046,-0.0297,0.0163
2020-01-16 11:43:00,-0.0413,-0.0228,0.0185
2020-01-16 11:44:00,-0.0363,-0.0164,0.02
2020-01-16 11:45:00,-0.031,-0.0096,0.0214
2020-01-16 11:46:00,-0.0247,0.0007,0.0253
2020-01-16 11:47:00,-0.0177,0.0103,0.0279
2020-01-16 11:48:00,-0.0112,0.0149,0.026
2020-01-16 11:49:00,-0.0051,0.0191,0.0242
2020-01-16 11:50:00,0.0005,0.0226,0.0222
2020-01-16 11:51:00,0.0052,0.0243,0.0191
2020-01-16 11:52:00,0.0105,0.0318,0.0212
2020-01-16 11:53:00,0.0161,0.0384,0.0223
2020-01-16 11:54:00,0.0222,0.0468,0.0245
2020-01-16 11:55:00,0.0284,0.0532,0.0248
2020-01-16 11:56:00,0.0345,0.0588,0.0243
2020-01-16 11:57:00,0.0398,0.061,0.0212
2020-01-16 11:58:00,0.0443,0.0622,0.0179
2020-01-16 11:59:00,0.0481,0.0634,0.0153
2020-01-16 12:00:00,0.0511,0.0632,0.0121
2020-01-16 12:01:00,0.0532,0.0616,0.0083
2020-01-16 12:02:00,0.0543,0.0588,0.0044
2020-01-16 12:03:00,0.0554,0.0599,0.0044
2020-01-16 12:04:00,0.0569,0.0625,0.0056
2020-01-16 12:05:00,0.0585,0.0651,0.0066
2020-01-16 12:06:00,0.0603,0.0675,0.0072
2020-01-16 12:07:00,0.0619,0.0686,0.0066
2020-01-16 12:08:00,0.0635,0.0695,0.006
2020-01-16 12:09:00,0.0642,0.067,0.0028
2020-01-16 12:10:00,0.064,0.0635,-0.0005
2020-01-16 12:11:00,0.0624,0.0559,-0.0065
2020-01-16 12:12:00,0.0606,0.0535,-0.0072
2020-01-16 12:13:00,0.0577,0.0461,-0.0116
2020-01-16 12:14:00,0.0538,0.0383,-0.0156
2020-01-16 12:15:00,0.0506,0.0375,-0.013
2020-01-16 12:16:00,0.0475,0.0354,-0.0121
2020-01-16 12:17:00,0.045,0.035,-0.01
2020-01-16 12:18:00,0.0434,0.037,-0.0064
2020-01-16 12:19:00,0.042,0.0362,-0.0058
2020-01-16 12:20:00,0.0405,0.0347,-0.0058
2020-01-16 12:21:00,0.0381,0.0284,-0.0097
2020-01-16 12:22:00,0.035,0.0224,-0.0126
2020-01-16 12:23:00,0.0322,0.021,-0.0112
2020-01-16 12:24:00,0.0294,0.0184,-0.011
2020-01-16 12:25:00,0.0264,0.0142,-0.0121
2020-01-16 12:26:00,0.0233,0.0108,-0.0125
2020-01-16 12:27:00,0.0212,0.0131,-0.0081
2020-01-16 12:28:00,0.0204,0.0172,-0.0032
2020-01-16 12:29:00,0.0194,0.0155,-0.004
2020-01-16 12:30:00,0.0179,0.0118,-0.0061
2020-01-16 12:31:00,0.0163,0.0101,-0.0063
2020-01-16 12:32:00,0.0152,0.0105,-0.0046
2020-01-16 12:33:00,0.0145,0.0117,-0.0028
2020-01-16 12:34:00,0.0149,0.0164,0.0015
2020-01-16 12:35:00,0.0162,0.0215,0.0053
2020-01-16 12:36:00,0.0177,0.0239,0.0062
2020-01-16 12:37:00,0.02,0.0289,0.0089
2020-01-16 12:38:00,0.0226,0.0333,0.0107
2020-01-16 12:39:00,0.0266,0.0427,0.0161
2020-01-16 12:40:00,0.0315,0.0508,0.0193
2020-01-16 12:41:00,0.037,0.0589,0.022
2020-01-16 12:42:00,0.0425,0.0646,0.0221
2020-01-16 12:43:00,0.0465,0.0624,0.0159
2020-01-16 12:44:00,0.0493,0.0607,0.0114
2020-01-16 12:45:00,0.0513,0.0591,0.0078
2020-01-16 12:46:00,0.0534,0.062,0.0086
2020-01-16 12:47:00,0.0552,0.0621,0.007
2020-01-16 12:48:00,0.0554,0.0565,0.0011
2020-01-16 12:49:00,0.0543,0.0499,-0.0044
2020-01-16 12:50:00,0.0529,0.047,-0.0059
2020-01-16 12:51:00,0.0504,0.0405,-0.0099
2020-01-16 12:52:00,0.0468,0.0322,-0.0146
2020-01-16 12:53:00,0.0421,0.0237,-0.0184
2020-01-16 12:54:00,0.0373,0.018,-0.0193
2020-01-16 12:55:00,0.032,0.0105,-0.0214
2020-01-16 12:56:00,0.0262,0.0034,-0.0229
2020-01-16 12:57:00,0.0209,-0.0007,-0.0215
2020-01-16 12:58:00,0.0162,-0.0024,-0.0186
2020-01-16 12:59:00,0.0117,-0.0066,-0.0182
2020-01-16 13:00:00,0.0062,-0.0156,-0.0218
2020-01-16 13:01:00,0.0019,-0.0152,-0.0172
2020-01-16 13:02:00,-0.0022,-0.0189,-0.0166
2020-01-16 13:03:00,-0.006,-0.021,-0.015
2020-01-16 13:04:00,-0.0099,-0.0253,-0.0154
2020-01-16 13:05:00,-0.0136,-0.0286,-0.015
2020-01-16 13:06:00,-0.0175,-0.033,-0.0155
2020-01-16 13:07:00,-0.0214,-0.0372,-0.0158
2020-01-16 13:08:00,-0.0245,-0.0366,-0.0121
2020-01-16 13:09:00,-0.0277,-0.0405,-0.0129
2020-01-16 13:10:00,-0.0314,-0.0462,-0.0149
2020-01-16 13:11:00,-0.0356,-0.0526,-0.017
2020-01-16 13:12:00,-0.0396,-0.0553,-0.0158
2020-01-16 13:13:00,-0.0434,-0.0585,-0.0151
2020-01-16 13:14:00,-0.0473,-0.0631,-0.0158
2020-01-16 13:15:00,-0.0508,-0.0647,-0.014
2020-01-16 13:16:00,-0.0523,-0.0581,-0.0059
2020-01-16 13:17:00,-0.0519,-0.0507,0.0012
2020-01-16 13:18:00,-0.0508,-0.0463,0.0045
2020-01-16 13:19:00,-0.0497,-0.0451,0.0046
2020-01-16 13:20:00,-0.0483,-0.0429,0.0055
2020-01-16 13:21:00,-0.0462,-0.0376,0.0086
2020-01-16 13:22:00,-0.0442,-0.0365,0.0078
2020-01-16 13:23:00,-0.0426,-0.036,0.0066
2020-01-16 13:24:00,-0.0409,-0.034,0.0069
2020-01-16 13:25:00,-0.0385,-0.0292,0.0093
2020-01-16 13:26:00,-0.0357,-0.0243,0.0113
2020-01-16 13:27:00,-0.0328,-0.0211,0.0117
2020-01-16 13:28:00,-0.0297,-0.0175,0.0122
2020-01-16 13:29:00,-0.027,-0.0164,0.0106
2020-01-16 13:30:00,-0.0246,-0.015,0.0096
2020-01-16 13:31:00,-0.0232,-0.0174,0.0058
2020-01-16 13:32:00,-0.0211,-0.0126,0.0085
2020-01-16 13:33:00,-0.0183,-0.007,0.0112
2020-01-16 13:34:00,-0.0158,-0.0058,0.01
2020-01-16 13:35:00,-0.0137,-0.0056,0.0081
2020-01-16 13:36:00,-0.0122,-0.0062,0.006
2020-01-16 13:37:00,-0.0106,-0.0043,0.0064
2020-01-16 13:38:00,-0.0097,-0.0059,0.0038
2020-01-16 13:39:00,-0.0093,-0.0078,0.0015
2020-01-16 13:40:00,-0.0095,-0.0101,-0.0006
2020-01-16 13:41:00,-0.009,-0.007,0.002
2020-01-16 13:42:00,-0.0082,-0.0052,0.003
2020-01-16 13:43:00,-0.0071,-0.0026,0.0045
2020-01-16 13:44:00,-0.0049,0.0039,0.0088
2020-01-16 13:45:00,-0.0022,0.0089,0.011
2020-01-16 13:46:00,0.001,0.0136,0.0126
2020-01-16 13:47:00,0.0044,0.0179,0.0135
2020-01-16 13:48:00,0.008,0.0223,0.0143
2020-01-16 13:49:00,0.0115,0.0254,0.014
2020-01-16 13:50:00,0.0148,0.028,0.0132
2020-01-16 13:51:00,0.0178,0.03,0.0122
2020-01-16 13:52:00,0.0207,0.0321,0.0114
2020-01-16 13:53:00,0.0238,0.0362,0.0124
2020-01-16 13:54:00,0.0273,0.0413,0.014
2020-01-16 13:55:00,0.0305,0.0432,0.0128
2020-01-16 13:56:00,0.0328,0.0423,0.0095
2020-01-16 13:57:00,0.0343,0.0403,0.006
2020-01-16 13:58:00,0.035,0.0375,0.0025
2020-01-16 13:59:00,0.0351,0.0356,0.0005
2020-01-16 14:00:00,0.0349,0.0342,-0.0007
2020-01-16 14:01:00,0.0344,0.0322,-0.0021
2020-01-16 14:02:00,0.0337,0.0308,-0.0029
2020-01-16 14:03:00,0.0329,0.0298,-0.0031
2020-01-16 14:04:00,0.0317,0.0269,-0.0047
2020-01-16 14:05:00,0.0302,0.0244,-0.0058
2020-01-16 14:06:00,0.0286,0.0222,-0.0065
2020-01-16 14:07:00,0.027,0.0205,-0.0065
2020-01-16 14:08:00,0.0253,0.0186,-0.0067
2020-01-16 14:09:00,0.0245,0.0213,-0.0032
2020-01-16 14:10:00,0.0239,0.0216,-0.0024
2020-01-16 14:11:00,0.0235,0.0216,-0.0018
2020-01-16 14:12:00,0.0229,0.0205,-0.0024
2020-01-16 14:13:00,0.0228,0.0226,-0.0002
2020-01-16 14:14:00,0.0231,0.024,0.0009
2020-01-16 14:15:00,0.023,0.0228,-0.0002
2020-01-16 14:16:00,0.0228,0.0217,-0.0011
2020-01-16 14:17:00,0.0221,0.0193,-0.0028
2020-01-16 14:18:00,0.0221,0.022,-0.0001
2020-01-16 14:19:00,0.0224,0.0236,0.0012
2020-01-16 14:20:00,0.024,0.0304,0.0065
2020-01-16 14:21:00,0.0264,0.0362,0.0098
2020-01-16 14:22:00,0.0292,0.0404,0.0112
2020-01-16 14:23:00,0.0324,0.0452,0.0128
2020-01-16 14:24:00,0.0363,0.0516,0.0154
2020-01-16 14:25:00,0.0396,0.0528,0.0133
2020-01-16 14:26:00,0.0435,0.0592,0.0157
2020-01-16 14:27:00,0.0481,0.0667,0.0186
2020-01-16 14:28:00,0.0541,0.0778,0.0237
2020-01-16 14:29:00,0.0602,0.0848,0.0246
2020-01-16 14:30:00,0.066,0.0893,0.0233
2020-01-16 14:31:00,0.0711,0.0914,0.0203
2020-01-16 14:32:00,0.0744,0.0873,0.0129
2020-01-16 14:33:00,0.0759,0.0822,0.0063
2020-01-16 14:34:00,0.076,0.0761,0.0002
2020-01-16 14:35:00,0.0746,0.0689,-0.0056
2020-01-16 14:36:00,0.0718,0.0609,-0.0109
2020-01-16 14:37:00,0.0689,0.0571,-0.0118
2020-01-16 14:38:00,0.0659,0.0538,-0.012
2020-01-16 14:39:00,0.0635,0.0542,-0.0094
2020-01-16 14:40:00,0.0618,0.0551,-0.0067
2020-01-16 14:41:00,0.0609,0.0572,-0.0037
2020-01-16 14:42:00,0.0601,0.057,-0.0031
2020-01-16 14:43:00,0.0598,0.0582,-0.0015
2020-01-16 14:44:00,0.0593,0.0573,-0.002
2020-01-16 14:45:00,0.0585,0.0555,-0.003
2020-01-16 14:46:00,0.0574,0.0531,-0.0043
2020-01-16 14:47:00,0.0554,0.0474,-0.008
2020-01-16 14:48:00,0.0535,0.046,-0.0076
2020-01-16 14:49:00,0.0518,0.0451,-0.0067
2020-01-16 14:50:00,0.0503,0.044,-0.0063
2020-01-16 14:51:00,0.0489,0.0433,-0.0055
2020-01-16 14:52:00,0.0474,0.0416,-0.0058
2020-01-16 14:53:00,0.0463,0.0417,-0.0046
2020-01-16 14:54:00,0.0452,0.0409,-0.0043
2020-01-16 14:55:00,0.0445,0.0419,-0.0027
2020-01-16 14:56:00,0.0434,0.0389,-0.0045
2020-01-16 14:57:00,0.0419,0.0357,-0.0061
2020-01-16 14:58:00,0.0402,0.0333,-0.0069
2020-01-16 14:59:00,0.0386,0.0326,-0.0061
2020-01-16 15:00:00,0.0364,0.0276,-0.0088
2020-01-16 15:01:00,0.0341,0.0246,-0.0094
2020-01-16 15:02:00,0.0315,0.0212,-0.0103
2020-01-16 15:03:00,0.028,0.0139,-0.0141
2020-01-16 15:06:00,0.0261,0.0184,-0.0077
2020-01-16 15:07:00,0.025,0.0206,-0.0044
2020-01-16 15:08:00,0.0245,0.0224,-0.0021
2020-01-16 15:09:00,0.0244,0.0239,-0.0004
2020-01-16 15:10:00,0.0249,0.0272,0.0023
2020-01-16 15:11:00,0.0258,0.0293,0.0035
2020-01-16 15:12:00,0.0268,0.0308,0.004
2020-01-16 15:13:00,0.0284,0.0348,0.0064
2020-01-16 15:14:00,0.0307,0.04,0.0093
2020-01-16 15:15:00,0.0339,0.0464,0.0125
2020-01-16 15:16:00,0.0372,0.0505,0.0133
2020-01-16 15:17:00,0.0407,0.0547,0.014
2020-01-16 15:18:00,0.0437,0.0558,0.0121
2020-01-16 15:19:00,0.0462,0.056,0.0098
2020-01-16 15:20:00,0.0478,0.0543,0.0065
2020-01-16 15:21:00,0.0486,0.0516,0.0031
2020-01-16 15:22:00,0.0486,0.0485,-0.0001
2020-01-16 15:23:00,0.0483,0.0475,-0.0008
2020-01-16 15:24:00,0.0468,0.0406,-0.0062
2020-01-16 15:25:00,0.0427,0.0263,-0.0164
2020-01-16 15:26:00,0.0376,0.0173,-0.0204
2020-01-16 15:27:00,0.0316,0.0075,-0.0241
2020-01-16 15:28:00,0.0239,-0.0069,-0.0308
2020-01-16 15:29:00,0.0161,-0.015,-0.0311
2020-01-16 15:30:00,0.0094,-0.0175,-0.0269
2020-01-16 15:31:00,0.0047,-0.0142,-0.0188
2020-01-16 15:32:00,0.0019,-0.009,-0.0109
2020-01-16 15:33:00,0.0011,-0.0024,-0.0035
2020-01-16 15:34:00,0.001,0.0006,-0.0003
2020-01-16 15:35:00,0.0011,0.0016,0.0005
2020-01-16 15:36:00,0.0016,0.0035,0.0019
2020-01-16 15:37:00,0.003,0.0085,0.0055
2020-01-16 15:38:00,0.0048,0.012,0.0072
2020-01-16 15:39:00,0.0065,0.0134,0.0069
2020-01-16 15:40:00,0.0081,0.0147,0.0065
2020-01-16 15:41:00,0.0103,0.0191,0.0088
2020-01-16 15:42:00,0.0127,0.022,0.0093
2020-01-16 15:43:00,0.0149,0.0236,0.0088
2020-01-16 15:44:00,0.0175,0.0282,0.0107
2020-01-16 15:45:00,0.0208,0.0338,0.0131
2020-01-16 15:46:00,0.0244,0.0391,0.0146
2020-01-16 15:47:00,0.0293,0.0487,0.0194
2020-01-16 15:48:00,0.034,0.0529,0.0189
2020-01-16 15:49:00,0.0381,0.0544,0.0163
2020-01-16 15:50:00,0.0421,0.0582,0.0161
2020-01-16 15:51:00,0.0478,0.0704,0.0226
2020-01-16 15:52:00,0.0534,0.0756,0.0223
2020-01-16 15:53:00,0.0601,0.0868,0.0268
2020-01-16 15:54:00,0.0666,0.0926,0.026
2020-01-16 15:55:00,0.0749,0.108,0.0332
2020-01-16 15:56:00,0.0826,0.1133,0.0308
2020-01-16 15:57:00,0.0889,0.1143,0.0254
2020-01-16 15:58:00,0.0962,0.1251,0.029
2020-01-16 15:59:00,0.103,0.1303,0.0273
2020-01-16 16:00:00,0.1105,0.1408,0.0303
2020-01-17 09:31:00,0.1321,0.2184,0.0863
2020-01-17 09:32:00,0.1575,0.2592,0.1017
2020-01-17 09:33:00,0.183,0.285,0.102
2020-01-17 09:34:00,0.2028,0.2819,0.0791
2020-01-17 09:35:00,0.219,0.2836,0.0646
2020-01-17 09:36:00,0.2307,0.2776,0.047
2020-01-17 09:37:00,0.2333,0.2435,0.0103
2020-01-17 09:38:00,0.2285,0.2092,-0.0192
2020-01-17 09:39:00,0.2161,0.1664,-0.0496
2020-01-17 09:40:00,0.2005,0.1382,-0.0623
2020-01-17 09:41:00,0.1789,0.0925,-0.0864
2020-01-17 09:42:00,0.1526,0.0473,-0.1053
2020-01-17 09:43:00,0.1288,0.0337,-0.0951
2020-01-17 09:44:00,0.1088,0.029,-0.0798
2020-01-17 09:45:00,0.0956,0.0426,-0.053
2020-01-17 09:46:00,0.0843,0.0392,-0.0451
2020-01-17 09:47:00,0.0753,0.0392,-0.0361
2020-01-17 09:48:00,0.0678,0.038,-0.0298
2020-01-17 09:49:00,0.0642,0.0494,-0.0147
2020-01-17 09:50:00,0.0636,0.0613,-0.0023
2020-01-17 09:51:00,0.0645,0.068,0.0035
2020-01-17 09:52:00,0.0648,0.0661,0.0013
2020-01-17 09:53:00,0.066,0.071,0.005
2020-01-17 09:54:00,0.0658,0.0649,-0.0009
2020-01-17 09:55:00,0.0632,0.0526,-0.0106
2020-01-17 09:56:00,0.0592,0.0432,-0.016
2020-01-17 09:57:00,0.0587,0.0568,-0.0019
2020-01-17 09:58:00,0.0589,0.0596,0.0008
2020-01-17 09:59:00,0.0601,0.0652,0.005
2020-01-17 10:00:00,0.0638,0.0784,0.0146
2020-01-17 10:01:00,0.0665,0.0774,0.0109
2020-01-17 10:02:00,0.0671,0.0695,0.0024
2020-01-17 10:03:00,0.0668,0.0656,-0.0012
2020-01-17 10:04:00,0.0653,0.059,-0.0062
2020-01-17 10:05:00,0.063,0.054,-0.009
2020-01-17 10:06:00,0.0605,0.0506,-0.0099
2020-01-17 10:07:00,0.0552,0.0337,-0.0214
2020-01-17 10:08:00,0.0476,0.0174,-0.0302
2020-01-17 10:09:00,0.038,-0.0007,-0.0387
2020-01-17 10:10:00,0.0282,-0.0109,-0.0391
2020-01-17 10:11:00,0.0179,-0.0232,-0.0411
2020-01-17 10:12:00,0.0066,-0.0385,-0.0452
2020-01-17 10:13:00,-0.0064,-0.0587,-0.0523
2020-01-17 10:14:00,-0.0203,-0.0756,-0.0553
2020-01-17 10:15:00,-0.0334,-0.086,-0.0526
2020-01-17 10:16:00,-0.0469,-0.1007,-0.0539
2020-01-17 10:17:00,-0.0584,-0.1044,-0.046
2020-01-17 10:18:00,-0.0676,-0.1047,-0.037
2020-01-17 10:19:00,-0.074,-0.0995,-0.0255
2020-01-17 10:20:00,-0.0784,-0.0958,-0.0174
2020-01-17 10:21:00,-0.0818,-0.0955,-0.0137
2020-01-17 10:22:00,-0.0855,-0.1001,-0.0147
2020-01-17 10:23:00,-0.0883,-0.0998,-0.0115
2020-01-17 10:24:00,-0.0883,-0.0881,0.0002
2020-01-17 10:25:00,-0.0852,-0.073,0.0122
2020-01-17 10:26:00,-0.0807,-0.0623,0.0183
2020-01-17 10:27:00,-0.0738,-0.0462,0.0276
2020-01-17 10:28:00,-0.0644,-0.0268,0.0375
2020-01-17 10:29:00,-0.0526,-0.0056,0.047
2020-01-17 10:30:00,-0.0388,0.0167,0.0555
2020-01-17 10:31:00,-0.0236,0.0372,0.0607
2020-01-17 10:32:00,-0.0091,0.049,0.0581
2020-01-17 10:33:00,0.0047,0.0595,0.0549
2020-01-17 10:34:00,0.0168,0.0654,0.0486
2020-01-17 10:35:00,0.0264,0.0649,0.0385
2020-01-17 10:36:00,0.0337,0.0626,0.029
2020-01-17 10:37:00,0.0379,0.0549,0.017
2020-01-17 10:38:00,0.0393,0.0447,0.0054
2020-01-17 10:39:00,0.0389,0.0372,-0.0016
2020-01-17 10:40:00,0.0363,0.0263,-0.0101
2020-01-17 10:41:00,0.0344,0.0266,-0.0078
2020-01-17 10:42:00,0.033,0.0273,-0.0056
2020-01-17 10:43:00,0.0315,0.0256,-0.0059
2020-01-17 10:44:00,0.0306,0.0268,-0.0038
2020-01-17 10:45:00,0.0298,0.0266,-0.0032
2020-01-17 10:46:00,0.0277,0.0197,-0.008
2020-01-17 10:47:00,0.0253,0.0153,-0.0099
2020-01-17 10:48:00,0.0231,0.0145,-0.0086
2020-01-17 10:49:00,0.0217,0.0161,-0.0056
2020-01-17 10:50:00,0.0205,0.0156,-0.0049
2020-01-17 10:51:00,0.018,0.0078,-0.0101
2020-01-17 10:52:00,0.0153,0.0048,-0.0105
2020-01-17 10:53:00,0.012,-0.0016,-0.0135
2020-01-17 10:54:00,0.0081,-0.0074,-0.0155
2020-01-17 10:55:00,0.0033,-0.0158,-0.0191
2020-01-17 10:57:00,-0.0026,-0.0262,-0.0236
2020-01-17 10:58:00,-0.0083,-0.0313,-0.023
2020-01-17 10:59:00,-0.0144,-0.0384,-0.0241
2020-01-17 11:00:00,-0.0201,-0.0429,-0.0228
2020-01-17 11:01:00,-0.0243,-0.0415,-0.0171
2020-01-17 11:02:00,-0.027,-0.0375,-0.0105
2020-01-17 11:03:00,-0.0292,-0.0383,-0.0091
2020-01-17 11:04:00,-0.0305,-0.0354,-0.0049
2020-01-17 11:05:00,-0.0311,-0.0335,-0.0024
2020-01-17 11:06:00,-0.032,-0.0359,-0.0039
2020-01-17 11:07:00,-0.0353,-0.0483,-0.013
2020-01-17 11:08:00,-0.0402,-0.0598,-0.0196
2020-01-17 11:09:00,-0.0449,-0.0637,-0.0188
2020-01-17 11:10:00,-0.0496,-0.0685,-0.0189
2020-01-17 11:11:00,-0.0545,-0.0742,-0.0197
2020-01-17 11:12:00,-0.0604,-0.0838,-0.0234
2020-01-17 11:13:00,-0.0671,-0.094,-0.0269
2020-01-17 11:14:00,-0.0758,-0.1109,-0.035
2020-01-17 11:15:00,-0.0876,-0.1348,-0.0472
2020-01-17 11:16:00,-0.0979,-0.1388,-0.041
2020-01-17 11:17:00,-0.1054,-0.1353,-0.0299
2020-01-17 11:18:00,-0.1109,-0.1329,-0.022
2020-01-17 11:19:00,-0.1142,-0.1275,-0.0133
2020-01-17 11:20:00,-0.1149,-0.1175,-0.0026
2020-01-17 11:21:00,-0.1139,-0.1103,0.0036
2020-01-17 11:22:00,-0.112,-0.104,0.008
2020-01-17 11:25:00,-0.1104,-0.104,0.0063
2020-01-17 11:26:00,-0.1103,-0.1101,0.0002
2020-01-17 11:27:00,-0.1095,-0.1064,0.0032
2020-01-17 11:28:00,-0.1084,-0.1038,0.0045
2020-01-17 11:29:00,-0.1066,-0.0995,0.0071
2020-01-17 11:30:00,-0.1036,-0.0918,0.0119
2020-01-17 11:31:00,-0.0992,-0.0814,0.0177
2020-01-17 11:32:00,-0.0938,-0.0725,0.0214
2020-01-17 11:33:00,-0.0879,-0.0642,0.0237
2020-01-17 11:34:00,-0.0821,-0.0587,0.0234
2020-01-17 11:35:00,-0.0758,-0.0508,0.025
2020-01-17 11:36:00,-0.0695,-0.044,0.0254
2020-01-17 11:37:00,-0.0632,-0.0382,0.025
2020-01-17 11:38:00,-0.0573,-0.0337,0.0236
2020-01-17 11:39:00,-0.0524,-0.0329,0.0195
2020-01-17 11:40:00,-0.0497,-0.0391,0.0107
2020-01-17 11:41:00,-0.048,-0.0411,0.0069
2020-01-17 11:42:00,-0.0464,-0.0398,0.0066
2020-01-17 11:43:00,-0.0468,-0.0487,-0.0019
2020-01-17 11:44:00,-0.048,-0.0527,-0.0047
2020-01-17 11:45:00,-0.0482,-0.0489,-0.0007
2020-01-17 11:46:00,-0.0474,-0.0441,0.0032
2020-01-17 11:47:00,-0.0477,-0.0491,-0.0014
2020-01-17 11:48:00,-0.049,-0.0539,-0.005
2020-01-17 11:49:00,-0.0516,-0.062,-0.0104
2020-01-17 11:50:00,-0.0544,-0.0656,-0.0112
2020-01-17 11:51:00,-0.0568,-0.0665,-0.0097
2020-01-17 11:52:00,-0.0583,-0.0644,-0.0061
2020-01-17 11:53:00,-0.0602,-0.0677,-0.0076
2020-01-17 11:54:00,-0.0607,-0.0627,-0.002
2020-01-17 11:55:00,-0.0606,-0.06,0.0005
2020-01-17 11:56:00,-0.0592,-0.0537,0.0055
2020-01-17 11:57:00,-0.0569,-0.0477,0.0092
2020-01-17 11:58:00,-0.0544,-0.0444,0.01
2020-01-17 11:59:00,-0.0504,-0.0346,0.0158
2020-01-17 12:00:00,-0.0444,-0.0205,0.0239
2020-01-17 12:01:00,-0.0374,-0.0092,0.0282
2020-01-17 12:02:00,-0.0308,-0.0043,0.0265
2020-01-17 12:03:00,-0.0245,0.0008,0.0253
2020-01-17 12:04:00,-0.0192,0.002,0.0212
2020-01-17 12:05:00,-0.0145,0.0041,0.0186
2020-01-17 12:06:00,-0.0108,0.0042,0.0149
2020-01-17 12:07:00,-0.008,0.0029,0.011
2020-01-17 12:08:00,-0.0056,0.0039,0.0096
2020-01-17 12:09:00,-0.0048,-0.0013,0.0035
2020-01-17 12:10:00,-0.004,-0.0007,0.0033
2020-01-17 12:11:00,-0.003,0.0011,0.004
2020-01-17 12:12:00,-0.0005,0.0092,0.0097
2020-01-17 12:13:00,0.0045,0.0247,0.0201
2020-01-17 12:14:00,0.0101,0.0325,0.0224
2020-01-17 12:15:00,0.0187,0.053,0.0343
2020-01-17 12:16:00,0.0279,0.0645,0.0367
2020-01-17 12:17:00,0.0381,0.0789,0.0408
2020-01-17 12:18:00,0.0504,0.0995,0.0492
2020-01-17 12:19:00,0.0628,0.1125,0.0497
2020-01-17 12:20:00,0.0742,0.1198,0.0456
2020-01-17 12:21:00,0.0832,0.1194,0.0362
2020-01-17 12:22:00,0.0897,0.1158,0.026
2020-01-17 12:23:00,0.0939,0.1103,0.0165
2020-01-17 12:24:00,0.0963,0.1061,0.0097
2020-01-17 12:25:00,0.0968,0.0986,0.0018
2020-01-17 12:26:00,0.0964,0.0949,-0.0015
2020-01-17 12:27:00,0.0966,0.0973,0.0007
2020-01-17 12:28:00,0.0972,0.0999,0.0027
2020-01-17 12:29:00,0.0987,0.1046,0.0059
2020-01-17 12:30:00,0.1002,0.1063,0.0061
2020-01-17 12:31:00,0.1007,0.1024,0.0017
2020-01-17 12:32:00,0.0998,0.0962,-0.0036
2020-01-17 12:33:00,0.0979,0.0906,-0.0073
2020-01-17 12:34:00,0.0964,0.09,-0.0063
2020-01-17 12:35:00,0.094,0.0845,-0.0095
2020-01-17 12:36:00,0.0904,0.0761,-0.0143
2020-01-17 12:37:00,0.0873,0.0749,-0.0124
2020-01-17 12:38:00,0.0851,0.0764,-0.0087
2020-01-17 12:39:00,0.0831,0.0751,-0.008
2020-01-17 12:40:00,0.0811,0.0732,-0.0079
2020-01-17 12:41:00,0.0789,0.0701,-0.0088
2020-01-17 12:42:00,0.0771,0.0697,-0.0074
2020-01-17 12:43:00,0.0754,0.0685,-0.0068
2020-01-17 12:44:00,0.0733,0.0649,-0.0084
2020-01-17 12:45:00,0.0708,0.0609,-0.0099
2020-01-17 12:46:00,0.0692,0.063,-0.0062
2020-01-17 12:47:00,0.0693,0.0695,0.0002
2020-01-17 12:48:00,0.0691,0.0683,-0.0008
2020-01-17 12:49:00,0.0679,0.0629,-0.0049
2020-01-17 12:50:00,0.0671,0.064,-0.0031
2020-01-17 12:51:00,0.0665,0.0641,-0.0024
2020-01-17 12:52:00,0.0654,0.0611,-0.0043
2020-01-17 12:53:00,0.0628,0.0525,-0.0104
2020-01-17 12:54:00,0.0583,0.0401,-0.0182
2020-01-17 12:55:00,0.0517,0.0254,-0.0263
2020-01-17 12:56:00,0.0442,0.0139,-0.0302
2020-01-17 12:57:00,0.0361,0.004,-0.0321
2020-01-17 12:58:00,0.0281,-0.0042,-0.0323
2020-01-17 12:59:00,0.0204,-0.0102,-0.0306
2020-01-17 13:00:00,0.0136,-0.0136,-0.0272
2020-01-17 13:01:00,0.0078,-0.0153,-0.0231
2020-01-17 13:02:00,0.0038,-0.0121,-0.0159
2020-01-17 13:03:00,0.0019,-0.0058,-0.0077
2020-01-17 13:04:00,0.0015,-0.0,-0.0016
2020-01-17 13:05:00,0.002,0.0037,0.0017
2020-01-17 13:06:00,0.0024,0.0042,0.0018
2020-01-17 13:07:00,0.0032,0.0065,0.0033
2020-01-17 13:08:00,0.0034,0.0039,0.0005
2020-01-17 13:09:00,0.0037,0.0049,0.0013
2020-01-17 13:10:00,0.005,0.0101,0.0051
2020-01-17 13:11:00,0.0076,0.018,0.0105
2020-01-17 13:12:00,0.011,0.0248,0.0138
2020-01-17 13:13:00,0.0148,0.0299,0.0151
2020-01-17 13:14:00,0.0182,0.0318,0.0136
2020-01-17 13:15:00,0.0203,0.029,0.0087
2020-01-17 13:16:00,0.0213,0.0253,0.004
2020-01-17 13:17:00,0.0215,0.0222,0.0007
2020-01-17 13:18:00,0.0217,0.0226,0.0009
2020-01-17 13:19:00,0.0221,0.0235,0.0014
2020-01-17 13:20:00,0.0241,0.0324,0.0082
2020-01-17 13:21:00,0.0273,0.0401,0.0128
2020-01-17 13:22:00,0.03,0.0409,0.0109
2020-01-17 13:23:00,0.0333,0.0465,0.0131
2020-01-17 13:24:00,0.0372,0.0525,0.0153
2020-01-17 13:25:00,0.0403,0.053,0.0127
2020-01-17 13:26:00,0.0426,0.0516,0.009
2020-01-17 13:27:00,0.0449,0.0539,0.0091
2020-01-17 13:28:00,0.047,0.0555,0.0085
2020-01-17 13:29:00,0.0495,0.0593,0.0099
2020-01-17 13:30:00,0.0514,0.0593,0.0078
2020-01-17 13:31:00,0.0528,0.058,0.0053
2020-01-17 13:32:00,0.0526,0.0521,-0.0005
2020-01-17 13:33:00,0.0514,0.0465,-0.0049
2020-01-17 13:34:00,0.0493,0.0411,-0.0082
2020-01-17 13:35:00,0.046,0.0325,-0.0135
2020-01-17 13:36:00,0.041,0.0214,-0.0197
2020-01-17 13:37:00,0.0355,0.0132,-0.0223
2020-01-17 13:38:00,0.0292,0.0042,-0.025
2020-01-17 13:39:00,0.0226,-0.004,-0.0266
2020-01-17 13:40:00,0.0162,-0.0092,-0.0254
2020-01-17 13:41:00,0.0107,-0.0112,-0.022
2020-01-17 13:42:00,0.0057,-0.0143,-0.02
2020-01-17 13:43:00,0.0008,-0.0191,-0.0199
2020-01-17 13:44:00,-0.0033,-0.0196,-0.0163
2020-01-17 13:45:00,-0.0067,-0.0202,-0.0135
2020-01-17 13:46:00,-0.0089,-0.0177,-0.0088
2020-01-17 13:47:00,-0.01,-0.0143,-0.0043
2020-01-17 13:48:00,-0.0104,-0.0119,-0.0015
2020-01-17 13:49:00,-0.0097,-0.007,0.0027
2020-01-17 13:50:00,-0.0076,0.0008,0.0084
2020-01-17 13:51:00,-0.0034,0.0133,0.0167
2020-01-17 13:52:00,0.0017,0.0222,0.0205
2020-01-17 13:53:00,0.0075,0.0305,0.023
2020-01-17 13:54:00,0.0137,0.0386,0.0249
2020-01-17 13:55:00,0.02,0.0452,0.0252
2020-01-17 13:56:00,0.0258,0.0492,0.0234
2020-01-17 13:57:00,0.0311,0.0522,0.0211
2020-01-17 13:58:00,0.0353,0.0523,0.017
2020-01-17 13:59:00,0.0387,0.0522,0.0135
2020-01-17 14:00:00,0.0402,0.046,0.0058
2020-01-17 14:01:00,0.0397,0.0379,-0.0018
2020-01-17 14:02:00,0.0381,0.0318,-0.0063
2020-01-17 14:03:00,0.0358,0.0263,-0.0095
2020-01-17 14:04:00,0.0339,0.0264,-0.0075
2020-01-17 14:05:00,0.0327,0.0278,-0.0049
2020-01-17 14:06:00,0.0321,0.0298,-0.0023
2020-01-17 14:07:00,0.0326,0.0346,0.002
2020-01-17 14:08:00,0.0342,0.0408,0.0065
2020-01-17 14:09:00,0.0365,0.0455,0.009
2020-01-17 14:10:00,0.0389,0.0483,0.0095
2020-01-17 14:11:00,0.042,0.0548,0.0127
2020-01-17 14:12:00,0.0444,0.054,0.0096
2020-01-17 14:13:00,0.0464,0.0544,0.008
2020-01-17 14:14:00,0.0479,0.0537,0.0058
2020-01-17 14:15:00,0.049,0.0537,0.0047
2020-01-17 14:16:00,0.0503,0.0555,0.0052
2020-01-17 14:17:00,0.0515,0.0563,0.0047
2020-01-17 14:18:00,0.0521,0.0546,0.0025
2020-01-17 14:19:00,0.0515,0.0488,-0.0027
2020-01-17 14:20:00,0.0483,0.0356,-0.0127
2020-01-17 14:21:00,0.0438,0.0257,-0.0181
2020-01-17 14:22:00,0.0378,0.0141,-0.0238
2020-01-17 14:23:00,0.0309,0.0032,-0.0277
2020-01-17 14:24:00,0.0237,-0.005,-0.0287
2020-01-17 14:25:00,0.0173,-0.0085,-0.0258
2020-01-17 14:26:00,0.012,-0.0092,-0.0212
2020-01-17 14:27:00,0.0075,-0.0104,-0.0179
2020-01-17 14:28:00,0.0033,-0.0137,-0.0169
2020-01-17 14:29:00,-0.0008,-0.0169,-0.0161
2020-01-17 14:30:00,-0.0049,-0.0216,-0.0166
2020-01-17 14:31:00,-0.0086,-0.0234,-0.0148
2020-01-17 14:32:00,-0.0117,-0.0242,-0.0125
2020-01-17 14:33:00,-0.0141,-0.0233,-0.0093
2020-01-17 14:34:00,-0.0153,-0.0204,-0.005
2020-01-17 14:35:00,-0.0157,-0.0174,-0.0017
2020-01-17 14:36:00,-0.0162,-0.0181,-0.0019
2020-01-17 14:37:00,-0.0159,-0.0149,0.0011
2020-01-17 14:38:00,-0.0156,-0.0141,0.0014
2020-01-17 14:39:00,-0.0153,-0.0142,0.0011
2020-01-17 14:40:00,-0.0151,-0.0143,0.0008
2020-01-17 14:41:00,-0.015,-0.0144,0.0005
2020-01-17 14:42:00,-0.015,-0.0151,-0.0001
2020-01-17 14:43:00,-0.0157,-0.0183,-0.0027
2020-01-17 14:44:00,-0.0165,-0.0198,-0.0033
2020-01-17 14:45:00,-0.0181,-0.0243,-0.0063
2020-01-17 14:46:00,-0.0204,-0.0296,-0.0092
2020-01-17 14:47:00,-0.0228,-0.0327,-0.0098
2020-01-17 14:48:00,-0.0255,-0.0362,-0.0107
2020-01-17 14:49:00,-0.0288,-0.0418,-0.013
2020-01-17 14:50:00,-0.0318,-0.0437,-0.0119
2020-01-17 14:51:00,-0.034,-0.0432,-0.0092
2020-01-17 14:52:00,-0.0358,-0.0426,-0.0068
2020-01-17 14:53:00,-0.0368,-0.0408,-0.0041
2020-01-17 14:54:00,-0.0373,-0.0394,-0.0021
2020-01-17 14:55:00,-0.0372,-0.037,0.0002
2020-01-17 14:56:00,-0.036,-0.0311,0.0049
2020-01-17 14:57:00,-0.0339,-0.0254,0.0085
2020-01-17 14:58:00,-0.0307,-0.0182,0.0126
2020-01-17 14:59:00,-0.0263,-0.0083,0.0179
2020-01-17 15:00:00,-0.0205,0.0027,0.0231
2020-01-17 15:01:00,-0.0148,0.008,0.0228
2020-01-17 15:02:00,-0.0088,0.015,0.0238
2020-01-17 15:03:00,-0.003,0.0202,0.0232
2020-01-17 15:04:00,0.0023,0.0237,0.0214
2020-01-17 15:05:00,0.0071,0.0262,0.0191
2020-01-17 15:06:00,0.0111,0.027,0.0159
2020-01-17 15:07:00,0.0143,0.0274,0.013
2020-01-17 15:08:00,0.0161,0.0233,0.0072
2020-01-17 15:09:00,0.0156,0.0135,-0.0021
2020-01-17 15:10:00,0.0138,0.0065,-0.0073
2020-01-17 15:11:00,0.0117,0.0033,-0.0084
2020-01-17 15:12:00,0.0079,-0.0072,-0.0151
2020-01-17 15:13:00,0.0031,-0.0162,-0.0193
2020-01-17 15:14:00,-0.0014,-0.0192,-0.0179
2020-01-17 15:15:00,-0.0043,-0.016,-0.0117
2020-01-17 15:16:00,-0.0048,-0.0069,-0.002
2020-01-17 15:17:00,-0.0029,0.0047,0.0076
2020-01-17 15:18:00,0.0005,0.0141,0.0136
2020-01-17 15:19:00,0.0033,0.0146,0.0113
2020-01-17 15:20:00,0.0066,0.0196,0.013
2020-01-17 15:21:00,0.009,0.0188,0.0098
2020-01-17 15:22:00,0.0101,0.0144,0.0043
2020-01-17 15:23:00,0.011,0.0148,0.0038
2020-01-17 15:24:00,0.0115,0.0134,0.0019
2020-01-17 15:25:00,0.0118,0.0129,0.0011
2020-01-17 15:26:00,0.0121,0.0134,0.0013
2020-01-17 15:27:00,0.0128,0.0158,0.0029
2020-01-17 15:28:00,0.014,0.0187,0.0047
2020-01-17 15:29:00,0.0157,0.0223,0.0066
2020-01-17 15:30:00,0.0182,0.0281,0.01
2020-01-17 15:31:00,0.0228,0.0415,0.0187
2020-01-17 15:32:00,0.0298,0.0579,0.0281
2020-01-17 15:33:00,0.0396,0.0785,0.0389
2020-01-17 15:34:00,0.0505,0.0945,0.0439
2020-01-17 15:35:00,0.0608,0.1016,0.0408
2020-01-17 15:36:00,0.07,0.1068,0.0368
2020-01-17 15:37:00,0.0784,0.112,0.0336
2020-01-17 15:38:00,0.0849,0.1108,0.026
2020-01-17 15:39:00,0.0899,0.1099,0.02
2020-01-17 15:40:00,0.092,0.1004,0.0084
2020-01-17 15:41:00,0.0923,0.0937,0.0014
2020-01-17 15:42:00,0.0924,0.093,0.0006
2020-01-17 15:43:00,0.0929,0.0946,0.0017
2020-01-17 15:44:00,0.0933,0.0951,0.0018
2020-01-17 15:45:00,0.0927,0.0905,-0.0023
2020-01-17 15:46:00,0.0914,0.0862,-0.0052
2020-01-17 15:47:00,0.0905,0.0866,-0.0039
2020-01-17 15:48:00,0.0897,0.0868,-0.003
2020-01-17 15:49:00,0.09,0.0911,0.0011
2020-01-17 15:50:00,0.0912,0.0958,0.0047
2020-01-17 15:51:00,0.0933,0.1017,0.0084
2020-01-17 15:52:00,0.0956,0.1051,0.0094
2020-01-17 15:53:00,0.0986,0.1105,0.0119
2020-01-17 15:54:00,0.1016,0.1134,0.0118
2020-01-17 15:55:00,0.1067,0.1272,0.0205
2020-01-17 15:56:00,0.1128,0.1375,0.0246
2020-01-17 15:57:00,0.1197,0.1471,0.0274
2020-01-17 15:58:00,0.1271,0.1569,0.0298
2020-01-17 15:59:00,0.1317,0.1501,0.0184
2020-01-17 16:00:00,0.1334,0.1399,0.0065
