date,Real Middle Band,Real Upper Band,Real Lower Band
2020-06-15 16:00:00,4.0109,4.0706,3.9511
2020-06-15 15:59:00,4.01,4.0695,3.9506
2020-06-15 15:58:00,4.0092,4.0689,3.9495
2020-06-15 15:57:00,4.0079,4.0647,3.951
2020-06-15 15:56:00,4.0059,4.0623,3.9495
2020-06-15 15:55:00,4.0048,4.0583,3.9513
2020-06-15 15:54:00,4.0036,4.0534,3.9538
2020-06-15 15:53:00,4.0026,4.0476,3.9576
2020-06-15 15:52:00,4.0016,4.0434,3.9598
2020-06-15 15:51:00,4.0008,4.0417,3.96
2020-06-15 15:50:00,4.0003,4.0414,3.9592
2020-06-15 15:49:00,3.9985,4.0467,3.9503
2020-06-15 15:48:00,3.9977,4.0456,3.9498
2020-06-15 15:47:00,3.9977,4.0456,3.9498
2020-06-15 15:46:00,3.9986,4.0483,3.9488
2020-06-15 15:45:00,3.9987,4.0488,3.9486
2020-06-15 15:44:00,3.9996,4.0532,3.9459
2020-06-15 15:43:00,4.0007,4.0596,3.9418
2020-06-15 15:42:00,4.0025,4.0674,3.9376
2020-06-15 15:41:00,4.0037,4.0726,3.9349
2020-06-15 15:40:00,4.0058,4.0808,3.9308
2020-06-15 15:39:00,4.0075,4.0862,3.9287
2020-06-15 15:38:00,4.009,4.0897,3.9282
2020-06-15 15:37:00,4.0108,4.0938,3.9278
2020-06-15 15:36:00,4.0131,4.1003,3.9259
2020-06-15 15:35:00,4.0156,4.1063,3.925
2020-06-15 15:34:00,4.0174,4.11,3.9248
2020-06-15 15:33:00,4.0199,4.1174,3.9224
2020-06-15 15:32:00,4.0214,4.1198,3.923
2020-06-15 15:31:00,4.0234,4.124,3.9228
2020-06-15 15:30:00,4.0266,4.1332,3.9199
2020-06-15 15:29:00,4.0297,4.1407,3.9187
2020-06-15 15:28:00,4.0329,4.1477,3.9181
2020-06-15 15:27:00,4.0357,4.1544,3.917
2020-06-15 15:26:00,4.0384,4.1618,3.915
2020-06-15 15:25:00,4.0419,4.1735,3.9103
2020-06-15 15:24:00,4.0447,4.1803,3.909
2020-06-15 15:23:00,4.0475,4.1855,3.9095
2020-06-15 15:22:00,4.0496,4.1899,3.9092
2020-06-15 15:21:00,4.052,4.1962,3.9078
2020-06-15 15:20:00,4.0545,4.2022,3.9068
2020-06-15 15:19:00,4.0567,4.207,3.9065
2020-06-15 15:18:00,4.059,4.2104,3.9076
2020-06-15 15:17:00,4.061,4.2135,3.9085
2020-06-15 15:16:00,4.0635,4.2181,3.9089
2020-06-15 15:15:00,4.066,4.2226,3.9094
2020-06-15 15:14:00,4.0685,4.2256,3.9114
2020-06-15 15:13:00,4.0715,4.2293,3.9137
2020-06-15 15:12:00,4.0743,4.2323,3.9164
2020-06-15 15:11:00,4.0778,4.2348,3.9208
2020-06-15 15:10:00,4.0815,4.2385,3.9245
2020-06-15 15:09:00,4.0853,4.2426,3.9281
2020-06-15 15:08:00,4.0884,4.2457,3.931
2020-06-15 15:07:00,4.0913,4.2488,3.9338
2020-06-15 15:06:00,4.095,4.2531,3.9368
2020-06-15 15:05:00,4.0989,4.2605,3.9372
2020-06-15 15:04:00,4.1022,4.2655,3.9389
2020-06-15 15:03:00,4.1053,4.2703,3.9404
2020-06-15 15:02:00,4.109,4.2724,3.9456
2020-06-15 15:01:00,4.1128,4.2766,3.949
2020-06-15 15:00:00,4.1159,4.2769,3.955
2020-06-15 14:59:00,4.1186,4.2764,3.9608
2020-06-15 14:58:00,4.1213,4.275,3.9676
2020-06-15 14:57:00,4.1236,4.2741,3.9732
2020-06-15 14:56:00,4.1271,4.2709,3.9834
2020-06-15 14:55:00,4.1295,4.2701,3.9888
2020-06-15 14:54:00,4.1318,4.269,3.9946
2020-06-15 14:53:00,4.1341,4.2691,3.9992
2020-06-15 14:52:00,4.136,4.2669,4.0052
2020-06-15 14:51:00,4.1378,4.2635,4.0121
2020-06-15 14:50:00,4.1395,4.2592,4.0197
2020-06-15 14:49:00,4.1426,4.246,4.0392
2020-06-15 14:48:00,4.1446,4.2396,4.0496
2020-06-15 14:47:00,4.1458,4.2373,4.0543
2020-06-15 14:46:00,4.1468,4.2353,4.0582
2020-06-15 14:45:00,4.148,4.232,4.064
2020-06-15 14:44:00,4.1487,4.2311,4.0662
2020-06-15 14:43:00,4.149,4.2308,4.0673
2020-06-15 14:42:00,4.15,4.2311,4.0689
2020-06-15 14:41:00,4.1509,4.2307,4.0712
2020-06-15 14:40:00,4.1517,4.2311,4.0722
2020-06-15 14:39:00,4.1533,4.2326,4.0741
2020-06-15 14:38:00,4.1537,4.2318,4.0755
2020-06-15 14:37:00,4.1553,4.2322,4.0784
2020-06-15 14:36:00,4.1573,4.2363,4.0783
2020-06-15 14:35:00,4.1589,4.2389,4.0789
2020-06-15 14:34:00,4.161,4.2407,4.0813
2020-06-15 14:33:00,4.1628,4.2456,4.0801
2020-06-15 14:32:00,4.166,4.2503,4.0817
2020-06-15 14:31:00,4.1687,4.2558,4.0815
2020-06-15 14:30:00,4.1702,4.2604,4.08
2020-06-15 14:29:00,4.1725,4.2686,4.0764
2020-06-15 14:28:00,4.1744,4.274,4.0749
2020-06-15 14:27:00,4.1761,4.2779,4.0742
2020-06-15 14:26:00,4.1777,4.2822,4.0732
2020-06-15 14:25:00,4.1782,4.2838,4.0726
2020-06-15 14:24:00,4.1793,4.2861,4.0725
2020-06-15 14:23:00,4.1813,4.291,4.0716
2020-06-15 14:22:00,4.1835,4.2957,4.0712
2020-06-15 14:21:00,4.1863,4.3064,4.0663
2020-06-15 14:20:00,4.1888,4.3145,4.0632
2020-06-15 14:19:00,4.1913,4.3206,4.0619
2020-06-15 14:18:00,4.1946,4.329,4.0601
2020-06-15 14:17:00,4.1985,4.34,4.0571
2020-06-15 14:16:00,4.2018,4.3496,4.054
2020-06-15 14:15:00,4.204,4.3537,4.0543
2020-06-15 14:14:00,4.2062,4.3564,4.0559
2020-06-15 14:13:00,4.2074,4.3578,4.0571
2020-06-15 14:12:00,4.2094,4.3604,4.0585
2020-06-15 14:11:00,4.2108,4.3617,4.0598
2020-06-15 14:10:00,4.2114,4.3623,4.0605
2020-06-15 14:09:00,4.2116,4.3624,4.0607
2020-06-15 14:08:00,4.2117,4.3625,4.0609
2020-06-15 14:07:00,4.2115,4.3625,4.0605
2020-06-15 14:06:00,4.2108,4.3622,4.0595
2020-06-15 14:05:00,4.2097,4.3609,4.0585
2020-06-15 14:04:00,4.209,4.3604,4.0576
2020-06-15 14:03:00,4.208,4.3598,4.0562
2020-06-15 14:02:00,4.2073,4.3597,4.0548
2020-06-15 14:01:00,4.2068,4.3591,4.0544
2020-06-15 14:00:00,4.2072,4.3593,4.0552
2020-06-15 13:59:00,4.208,4.3594,4.0567
2020-06-15 13:58:00,4.2087,4.3592,4.0581
2020-06-15 13:57:00,4.2097,4.3592,4.0602
2020-06-15 13:56:00,4.2102,4.3592,4.0612
2020-06-15 13:55:00,4.2108,4.3591,4.0624
2020-06-15 13:54:00,4.2115,4.3591,4.0639
2020-06-15 13:53:00,4.2116,4.3591,4.0642
2020-06-15 13:52:00,4.2124,4.3584,4.0665
2020-06-15 13:51:00,4.2137,4.3568,4.0705
2020-06-15 13:50:00,4.2145,4.3551,4.0739
2020-06-15 13:49:00,4.2151,4.3539,4.0762
2020-06-15 13:48:00,4.2156,4.353,4.0781
2020-06-15 13:47:00,4.216,4.3523,4.0797
2020-06-15 13:46:00,4.2163,4.3517,4.0808
2020-06-15 13:45:00,4.2167,4.3509,4.0826
2020-06-15 13:44:00,4.217,4.3504,4.0837
2020-06-15 13:43:00,4.2172,4.3501,4.0843
2020-06-15 13:42:00,4.2166,4.3507,4.0825
2020-06-15 13:41:00,4.2161,4.3515,4.0807
2020-06-15 13:40:00,4.2153,4.3523,4.0783
2020-06-15 13:39:00,4.214,4.3531,4.0749
2020-06-15 13:38:00,4.2143,4.3524,4.0762
2020-06-15 13:37:00,4.2129,4.3537,4.0721
2020-06-15 13:36:00,4.2106,4.3544,4.0667
2020-06-15 13:35:00,4.2084,4.3555,4.0613
2020-06-15 13:34:00,4.2065,4.3558,4.0573
2020-06-15 13:33:00,4.2042,4.3551,4.0533
2020-06-15 13:32:00,4.2017,4.3531,4.0503
2020-06-15 13:31:00,4.1992,4.351,4.0475
2020-06-15 13:30:00,4.1969,4.3491,4.0446
2020-06-15 13:29:00,4.1937,4.3452,4.0423
2020-06-15 13:28:00,4.191,4.3424,4.0395
2020-06-15 13:27:00,4.1883,4.3404,4.0362
2020-06-15 13:26:00,4.1856,4.3377,4.0336
2020-06-15 13:25:00,4.1836,4.3354,4.0319
2020-06-15 13:24:00,4.1818,4.3334,4.0302
2020-06-15 13:23:00,4.1795,4.3293,4.0297
2020-06-15 13:22:00,4.1772,4.325,4.0294
2020-06-15 13:21:00,4.1738,4.3147,4.0329
2020-06-15 13:20:00,4.1708,4.3057,4.0359
2020-06-15 13:19:00,4.1678,4.298,4.0376
2020-06-15 13:18:00,4.1646,4.2866,4.0425
2020-06-15 13:17:00,4.1607,4.2697,4.0516
2020-06-15 13:16:00,4.157,4.2516,4.0624
2020-06-15 13:15:00,4.1545,4.2415,4.0675
2020-06-15 13:14:00,4.1519,4.2329,4.071
2020-06-15 13:13:00,4.1498,4.2272,4.0724
2020-06-15 13:12:00,4.1473,4.2171,4.0775
2020-06-15 13:11:00,4.1447,4.2106,4.0789
2020-06-15 13:10:00,4.1426,4.2055,4.0796
2020-06-15 13:09:00,4.1404,4.2029,4.078
2020-06-15 13:08:00,4.1385,4.2024,4.0745
2020-06-15 13:07:00,4.1373,4.2015,4.0731
2020-06-15 13:06:00,4.1361,4.2005,4.0717
2020-06-15 13:05:00,4.1348,4.1988,4.0708
2020-06-15 13:04:00,4.1335,4.1969,4.0701
2020-06-15 13:03:00,4.1326,4.196,4.0693
2020-06-15 13:02:00,4.1319,4.1952,4.0686
2020-06-15 13:01:00,4.1306,4.1914,4.0697
2020-06-15 13:00:00,4.1289,4.1878,4.0701
2020-06-15 12:59:00,4.1274,4.1835,4.0714
2020-06-15 12:58:00,4.1261,4.1809,4.0713
2020-06-15 12:57:00,4.1244,4.1761,4.0728
2020-06-15 12:56:00,4.1232,4.172,4.0744
2020-06-15 12:55:00,4.1218,4.1682,4.0753
2020-06-15 12:54:00,4.1199,4.1634,4.0763
2020-06-15 12:53:00,4.1186,4.16,4.0772
2020-06-15 12:52:00,4.1173,4.157,4.0775
2020-06-15 12:51:00,4.1163,4.1537,4.0788
2020-06-15 12:50:00,4.1153,4.1544,4.0762
2020-06-15 12:49:00,4.1151,4.1542,4.076
2020-06-15 12:48:00,4.1146,4.1536,4.0755
2020-06-15 12:47:00,4.114,4.1528,4.0752
2020-06-15 12:46:00,4.114,4.153,4.0751
2020-06-15 12:45:00,4.1142,4.1535,4.0749
2020-06-15 12:44:00,4.1142,4.1535,4.0749
2020-06-15 12:43:00,4.1144,4.154,4.0748
2020-06-15 12:42:00,4.1145,4.1545,4.0746
2020-06-15 12:41:00,4.1151,4.1561,4.0741
2020-06-15 12:40:00,4.1154,4.1569,4.074
2020-06-15 12:39:00,4.1154,4.1569,4.074
2020-06-15 12:38:00,4.1154,4.1569,4.074
2020-06-15 12:37:00,4.115,4.1574,4.0726
2020-06-15 12:36:00,4.115,4.1574,4.0726
2020-06-15 12:35:00,4.1149,4.1575,4.0723
2020-06-15 12:34:00,4.1148,4.1575,4.072
2020-06-15 12:33:00,4.1144,4.1576,4.0713
2020-06-15 12:32:00,4.1144,4.1576,4.0713
2020-06-15 12:31:00,4.1141,4.1574,4.0708
2020-06-15 12:30:00,4.1137,4.1572,4.0702
2020-06-15 12:29:00,4.1139,4.1574,4.0704
2020-06-15 12:28:00,4.1137,4.1574,4.0701
2020-06-15 12:27:00,4.1139,4.1574,4.0704
2020-06-15 12:26:00,4.1141,4.1576,4.0706
2020-06-15 12:25:00,4.1141,4.1576,4.0706
2020-06-15 12:24:00,4.1133,4.1574,4.0693
2020-06-15 12:23:00,4.1122,4.1571,4.0673
2020-06-15 12:22:00,4.1104,4.1583,4.0626
2020-06-15 12:21:00,4.109,4.1572,4.0609
2020-06-15 12:20:00,4.1078,4.1555,4.0601
2020-06-15 12:19:00,4.1065,4.156,4.057
2020-06-15 12:18:00,4.1047,4.1553,4.0541
2020-06-15 12:17:00,4.1036,4.154,4.0532
2020-06-15 12:16:00,4.1023,4.1519,4.0527
2020-06-15 12:15:00,4.1013,4.1494,4.0532
2020-06-15 12:14:00,4.1013,4.1495,4.0531
2020-06-15 12:13:00,4.1016,4.1506,4.0527
2020-06-15 12:12:00,4.1011,4.1496,4.0527
2020-06-15 12:11:00,4.1011,4.1495,4.0526
2020-06-15 12:10:00,4.0999,4.1517,4.0481
2020-06-15 12:09:00,4.0996,4.1521,4.047
2020-06-15 12:08:00,4.0987,4.155,4.0423
2020-06-15 12:07:00,4.097,4.1587,4.0353
2020-06-15 12:06:00,4.0949,4.1642,4.0256
2020-06-15 12:05:00,4.0933,4.1667,4.0198
2020-06-15 12:04:00,4.0919,4.1676,4.0161
2020-06-15 12:03:00,4.0896,4.1713,4.0078
2020-06-15 12:02:00,4.087,4.1752,3.9988
2020-06-15 12:01:00,4.0842,4.1787,3.9897
2020-06-15 12:00:00,4.0817,4.1821,3.9812
2020-06-15 11:59:00,4.0789,4.1854,3.9723
2020-06-15 11:58:00,4.0759,4.1897,3.962
2020-06-15 11:57:00,4.0739,4.1901,3.9576
2020-06-15 11:56:00,4.0714,4.1902,3.9527
2020-06-15 11:55:00,4.0695,4.1902,3.9488
2020-06-15 11:54:00,4.0683,4.1899,3.9467
2020-06-15 11:53:00,4.0671,4.1889,3.9454
2020-06-15 11:52:00,4.0665,4.1881,3.9448
2020-06-15 11:51:00,4.0653,4.1866,3.944
2020-06-15 11:50:00,4.0648,4.1863,3.9433
2020-06-15 11:49:00,4.0634,4.1846,3.9421
2020-06-15 11:48:00,4.0622,4.1834,3.941
2020-06-15 11:47:00,4.0612,4.1821,3.9403
2020-06-15 11:46:00,4.0595,4.1793,3.9397
2020-06-15 11:45:00,4.058,4.176,3.94
2020-06-15 11:44:00,4.056,4.1725,3.9396
2020-06-15 11:43:00,4.0535,4.1691,3.938
2020-06-15 11:42:00,4.0509,4.1656,3.9362
2020-06-15 11:41:00,4.0481,4.1612,3.935
2020-06-15 11:40:00,4.0456,4.1571,3.9341
2020-06-15 11:39:00,4.0439,4.1539,3.934
2020-06-15 11:38:00,4.0424,4.1506,3.9341
2020-06-15 11:37:00,4.0404,4.1502,3.9305
2020-06-15 11:36:00,4.0389,4.1481,3.9298
2020-06-15 11:35:00,4.0372,4.1467,3.9277
2020-06-15 11:34:00,4.0355,4.1443,3.9267
2020-06-15 11:33:00,4.034,4.1422,3.9257
2020-06-15 11:32:00,4.0315,4.1385,3.9244
2020-06-15 11:31:00,4.0305,4.1361,3.9248
2020-06-15 11:30:00,4.0302,4.1352,3.9252
2020-06-15 11:29:00,4.0307,4.1377,3.9237
2020-06-15 11:28:00,4.0288,4.1347,3.923
2020-06-15 11:27:00,4.0265,4.1313,3.9217
2020-06-15 11:26:00,4.0235,4.1276,3.9194
2020-06-15 11:25:00,4.0202,4.1232,3.9172
2020-06-15 11:24:00,4.0178,4.1215,3.9141
2020-06-15 11:23:00,4.0156,4.1203,3.9109
2020-06-15 11:22:00,4.0141,4.12,3.9083
2020-06-15 11:21:00,4.0127,4.1181,3.9074
2020-06-15 11:20:00,4.0113,4.1155,3.9071
2020-06-15 11:19:00,4.0105,4.1142,3.9067
2020-06-15 11:18:00,4.0094,4.113,3.9057
2020-06-15 11:17:00,4.0082,4.1104,3.9059
2020-06-15 11:16:00,4.006,4.1084,3.9036
2020-06-15 11:15:00,4.0039,4.1045,3.9032
2020-06-15 11:14:00,4.0009,4.0973,3.9045
2020-06-15 11:13:00,3.9971,4.0892,3.9049
2020-06-15 11:12:00,3.9919,4.0948,3.889
2020-06-15 11:11:00,3.9869,4.099,3.8748
2020-06-15 11:10:00,3.9825,4.1075,3.8574
2020-06-15 11:09:00,3.9771,4.1151,3.8391
2020-06-15 11:08:00,3.9725,4.1234,3.8216
2020-06-15 11:07:00,3.9676,4.1329,3.8023
2020-06-15 11:06:00,3.9637,4.1389,3.7885
2020-06-15 11:05:00,3.9591,4.1443,3.774
2020-06-15 11:04:00,3.954,4.149,3.7589
2020-06-15 11:03:00,3.9498,4.1538,3.7458
2020-06-15 11:02:00,3.9457,4.1586,3.7328
2020-06-15 11:01:00,3.9412,4.1647,3.7177
2020-06-15 11:00:00,3.9372,4.1684,3.706
2020-06-15 10:59:00,3.9335,4.1713,3.6958
2020-06-15 10:58:00,3.9305,4.1734,3.6876
2020-06-15 10:57:00,3.9262,4.1746,3.6778
2020-06-15 10:56:00,3.9223,4.1752,3.6694
2020-06-15 10:55:00,3.9182,4.1749,3.6616
2020-06-15 10:54:00,3.9137,4.1733,3.6542
2020-06-15 10:53:00,3.9096,4.1695,3.6496
2020-06-15 10:52:00,3.9051,4.1645,3.6456
2020-06-15 10:51:00,3.9001,4.1604,3.6397
2020-06-15 10:50:00,3.8958,4.1553,3.6362
2020-06-15 10:49:00,3.8917,4.1507,3.6327
2020-06-15 10:48:00,3.8878,4.1453,3.6304
2020-06-15 10:47:00,3.8846,4.1392,3.63
2020-06-15 10:45:00,3.8814,4.1334,3.6294
2020-06-15 10:44:00,3.8771,4.1263,3.6279
2020-06-15 10:43:00,3.8744,4.1209,3.628
2020-06-15 10:42:00,3.8707,4.1167,3.6247
2020-06-15 10:41:00,3.8665,4.1134,3.6197
2020-06-15 10:40:00,3.8628,4.1093,3.6163
2020-06-15 10:39:00,3.8588,4.1047,3.6129
2020-06-15 10:38:00,3.8536,4.0989,3.6082
2020-06-15 10:36:00,3.848,4.0927,3.6033
2020-06-15 10:35:00,3.8425,4.0917,3.5933
2020-06-15 10:34:00,3.8354,4.0893,3.5815
2020-06-15 10:33:00,3.8297,4.0856,3.5739
2020-06-15 10:32:00,3.8236,4.081,3.5661
2020-06-15 10:31:00,3.8164,4.0777,3.5551
2020-06-15 10:30:00,3.8092,4.077,3.5413
2020-06-15 10:29:00,3.8068,4.069,3.5447
2020-06-15 10:28:00,3.8036,4.0568,3.5504
2020-06-15 10:27:00,3.7995,4.0375,3.5614
2020-06-15 10:26:00,3.798,4.0323,3.5636
2020-06-15 10:25:00,3.7966,4.0279,3.5653
2020-06-15 10:24:00,3.7961,4.0263,3.566
2020-06-15 10:23:00,3.796,4.0257,3.5662
2020-06-15 10:22:00,3.7958,4.0252,3.5664
2020-06-15 10:21:00,3.7957,4.0247,3.5666
2020-06-15 10:20:00,3.795,4.0225,3.5675
2020-06-15 10:19:00,3.7936,4.0175,3.5697
2020-06-15 10:18:00,3.792,4.0118,3.5723
2020-06-15 10:17:00,3.7902,4.0047,3.5757
2020-06-15 10:16:00,3.7888,3.9994,3.5782
2020-06-15 10:15:00,3.7871,3.9923,3.5818
2020-06-15 10:14:00,3.7863,3.9895,3.5831
2020-06-15 10:13:00,3.7853,3.9856,3.585
2020-06-15 10:12:00,3.7844,3.9824,3.5865
2020-06-15 10:11:00,3.784,3.9811,3.587
2020-06-15 10:10:00,3.7859,3.9851,3.5867
2020-06-15 10:09:00,3.7874,3.988,3.5867
2020-06-15 10:08:00,3.7891,3.9908,3.5875
2020-06-15 10:07:00,3.7909,3.9926,3.5891
2020-06-15 10:06:00,3.7925,3.994,3.591
2020-06-15 10:05:00,3.7944,3.9948,3.594
2020-06-15 10:04:00,3.7959,3.996,3.5958
2020-06-15 10:03:00,3.7976,3.9971,3.5982
2020-06-15 10:02:00,3.7993,3.9975,3.6011
2020-06-15 10:01:00,3.8009,3.998,3.6037
2020-06-15 10:00:00,3.8027,3.9985,3.6069
2020-06-15 09:59:00,3.8048,3.998,3.6116
2020-06-15 09:58:00,3.8063,3.998,3.6147
2020-06-15 09:57:00,3.8078,3.9981,3.6175
2020-06-15 09:56:00,3.8093,3.9989,3.6198
2020-06-15 09:55:00,3.8113,3.9995,3.623
2020-06-15 09:54:00,3.8131,4.0005,3.6258
2020-06-15 09:53:00,3.8148,4.0013,3.6283
2020-06-15 09:52:00,3.8163,4.0018,3.6307
2020-06-15 09:51:00,3.8169,4.0022,3.6317
2020-06-15 09:50:00,3.8174,4.0024,3.6324
2020-06-15 09:49:00,3.8184,4.0025,3.6344
2020-06-15 09:48:00,3.8189,4.0026,3.6351
2020-06-15 09:47:00,3.8193,4.0028,3.6357
2020-06-15 09:46:00,3.8194,4.0029,3.6358
2020-06-15 09:45:00,3.8187,4.0021,3.6353
2020-06-15 09:44:00,3.818,4.0014,3.6345
2020-06-15 09:43:00,3.8181,4.0015,3.6347
2020-06-15 09:42:00,3.8169,4.0001,3.6338
2020-06-15 09:41:00,3.8171,4.0001,3.6341
2020-06-15 09:40:00,3.8179,3.9998,3.6361
2020-06-15 09:39:00,3.8181,3.9998,3.6364
2020-06-15 09:38:00,3.8186,3.9997,3.6375
2020-06-15 09:37:00,3.82,3.9988,3.6411
2020-06-15 09:36:00,3.8215,3.9974,3.6455
2020-06-15 09:35:00,3.824,3.9931,3.6549
2020-06-15 09:34:00,3.8272,3.985,3.6695
2020-06-15 09:33:00,3.8296,3.9801,3.679
2020-06-15 09:32:00,3.8316,3.9741,3.6892
2020-06-15 09:31:00,3.8345,3.962,3.7069
2020-06-12 16:00:00,3.8379,3.9422,3.7336
2020-06-12 15:59:00,3.8352,3.9412,3.7292
2020-06-12 15:58:00,3.8325,3.9409,3.7242
2020-06-12 15:57:00,3.8296,3.9401,3.719
2020-06-12 15:56:00,3.8266,3.9391,3.714
2020-06-12 15:55:00,3.8237,3.9383,3.7092
2020-06-12 15:54:00,3.8202,3.9368,3.7036
2020-06-12 15:53:00,3.817,3.9331,3.7009
2020-06-12 15:52:00,3.8136,3.928,3.6992
2020-06-12 15:51:00,3.8102,3.9223,3.6981
2020-06-12 15:50:00,3.8074,3.9179,3.697
2020-06-12 15:49:00,3.8048,3.9142,3.6954
2020-06-12 15:48:00,3.8021,3.9102,3.694
2020-06-12 15:47:00,3.7997,3.9063,3.6932
2020-06-12 15:46:00,3.797,3.9018,3.6923
2020-06-12 15:45:00,3.794,3.8979,3.69
2020-06-12 15:44:00,3.791,3.8933,3.6888
2020-06-12 15:43:00,3.7877,3.8885,3.6869
2020-06-12 15:42:00,3.7842,3.8837,3.6848
2020-06-12 15:41:00,3.7812,3.8794,3.683
2020-06-12 15:40:00,3.7778,3.8735,3.682
2020-06-12 15:39:00,3.7748,3.8687,3.6809
2020-06-12 15:38:00,3.772,3.8645,3.6795
2020-06-12 15:37:00,3.7696,3.8619,3.6773
2020-06-12 15:36:00,3.7675,3.8595,3.6756
2020-06-12 15:35:00,3.766,3.8574,3.6746
2020-06-12 15:34:00,3.7642,3.8548,3.6735
2020-06-12 15:33:00,3.7624,3.8519,3.673
2020-06-12 15:32:00,3.761,3.8501,3.6719
2020-06-12 15:31:00,3.7591,3.8484,3.6698
2020-06-12 15:30:00,3.757,3.8463,3.6676
2020-06-12 15:29:00,3.7548,3.8453,3.6644
2020-06-12 15:28:00,3.7527,3.8449,3.6605
2020-06-12 15:27:00,3.7506,3.8432,3.658
2020-06-12 15:26:00,3.7479,3.8405,3.6554
2020-06-12 15:25:00,3.7456,3.8362,3.655
2020-06-12 15:24:00,3.7428,3.8312,3.6545
2020-06-12 15:23:00,3.7402,3.8263,3.6541
2020-06-12 15:22:00,3.7376,3.8221,3.6531
2020-06-12 15:21:00,3.7354,3.8181,3.6528
2020-06-12 15:20:00,3.7334,3.8149,3.6519
2020-06-12 15:19:00,3.7315,3.8115,3.6514
2020-06-12 15:18:00,3.7295,3.808,3.651
2020-06-12 15:17:00,3.7273,3.8046,3.65
2020-06-12 15:16:00,3.7257,3.8005,3.651
2020-06-12 15:15:00,3.7238,3.7962,3.6514
2020-06-12 15:14:00,3.7222,3.7924,3.652
2020-06-12 15:13:00,3.7204,3.7882,3.6526
2020-06-12 15:12:00,3.7186,3.7846,3.6527
2020-06-12 15:11:00,3.717,3.7816,3.6523
2020-06-12 15:10:00,3.7156,3.7783,3.653
2020-06-12 15:09:00,3.7136,3.7769,3.6504
2020-06-12 15:08:00,3.7116,3.7741,3.649
2020-06-12 15:07:00,3.7096,3.7699,3.6493
2020-06-12 15:06:00,3.7081,3.7658,3.6504
2020-06-12 15:05:00,3.7064,3.7613,3.6515
2020-06-12 15:04:00,3.7047,3.7566,3.6529
2020-06-12 15:03:00,3.703,3.7516,3.6544
2020-06-12 15:02:00,3.7014,3.7503,3.6524
2020-06-12 15:01:00,3.6997,3.75,3.6493
2020-06-12 15:00:00,3.6977,3.751,3.6444
2020-06-12 14:59:00,3.6955,3.7522,3.6388
2020-06-12 14:58:00,3.694,3.7517,3.6363
2020-06-12 14:57:00,3.6928,3.7512,3.6344
2020-06-12 14:56:00,3.6915,3.751,3.6319
2020-06-12 14:55:00,3.6903,3.7503,3.6303
2020-06-12 14:54:00,3.6886,3.7529,3.6244
2020-06-12 14:53:00,3.6866,3.754,3.6191
2020-06-12 14:52:00,3.6846,3.7537,3.6154
2020-06-12 14:51:00,3.6829,3.7525,3.6132
2020-06-12 14:50:00,3.6814,3.7499,3.6129
2020-06-12 14:49:00,3.6801,3.7471,3.613
2020-06-12 14:48:00,3.6789,3.7444,3.6133
2020-06-12 14:47:00,3.6774,3.7408,3.6141
2020-06-12 14:46:00,3.6762,3.7378,3.6145
2020-06-12 14:45:00,3.6754,3.7365,3.6143
2020-06-12 14:44:00,3.6745,3.7345,3.6145
2020-06-12 14:43:00,3.674,3.7337,3.6144
2020-06-12 14:42:00,3.6735,3.733,3.6139
2020-06-12 14:41:00,3.6727,3.7321,3.6134
2020-06-12 14:40:00,3.672,3.7313,3.6127
2020-06-12 14:39:00,3.6715,3.7302,3.6127
2020-06-12 14:38:00,3.6709,3.7292,3.6125
2020-06-12 14:37:00,3.6704,3.7282,3.6125
2020-06-12 14:36:00,3.6699,3.7268,3.6129
2020-06-12 14:35:00,3.6689,3.7237,3.6141
2020-06-12 14:34:00,3.6686,3.7224,3.6147
2020-06-12 14:33:00,3.6683,3.7211,3.6154
2020-06-12 14:32:00,3.6679,3.7194,3.6164
2020-06-12 14:31:00,3.6684,3.7217,3.6151
2020-06-12 14:30:00,3.669,3.7242,3.6138
2020-06-12 14:29:00,3.67,3.728,3.612
2020-06-12 14:28:00,3.6708,3.7302,3.6114
2020-06-12 14:27:00,3.6715,3.7327,3.6104
2020-06-12 14:26:00,3.6724,3.7348,3.61
2020-06-12 14:25:00,3.6728,3.7361,3.6095
2020-06-12 14:24:00,3.6733,3.7373,3.6093
2020-06-12 14:23:00,3.6742,3.7401,3.6083
2020-06-12 14:22:00,3.6752,3.7427,3.6076
2020-06-12 14:21:00,3.676,3.7455,3.6065
2020-06-12 14:20:00,3.6763,3.746,3.6065
2020-06-12 14:19:00,3.6764,3.7463,3.6065
2020-06-12 14:18:00,3.6768,3.7472,3.6064
2020-06-12 14:17:00,3.6775,3.7486,3.6065
2020-06-12 14:16:00,3.6775,3.7486,3.6065
2020-06-12 14:15:00,3.6779,3.7496,3.6063
2020-06-12 14:14:00,3.6783,3.7505,3.606
2020-06-12 14:13:00,3.6788,3.7517,3.6058
2020-06-12 14:12:00,3.6794,3.7531,3.6057
2020-06-12 14:11:00,3.6802,3.755,3.6054
2020-06-12 14:10:00,3.6807,3.7564,3.605
2020-06-12 14:09:00,3.6825,3.7604,3.6046
2020-06-12 14:08:00,3.6843,3.7647,3.6039
2020-06-12 14:07:00,3.6858,3.7684,3.6032
2020-06-12 14:06:00,3.6872,3.7726,3.6018
2020-06-12 14:05:00,3.6885,3.7759,3.6012
2020-06-12 14:04:00,3.69,3.7798,3.6002
2020-06-12 14:03:00,3.6916,3.7836,3.5996
2020-06-12 14:02:00,3.6936,3.7872,3.6001
2020-06-12 14:01:00,3.695,3.7877,3.6022
2020-06-12 14:00:00,3.6965,3.7872,3.6058
2020-06-12 13:59:00,3.6982,3.7862,3.6102
2020-06-12 13:58:00,3.6999,3.7872,3.6126
2020-06-12 13:57:00,3.7016,3.7887,3.6144
2020-06-12 13:56:00,3.7037,3.7911,3.6164
2020-06-12 13:55:00,3.7059,3.7943,3.6175
2020-06-12 13:54:00,3.7086,3.7936,3.6235
2020-06-12 13:53:00,3.7116,3.7937,3.6295
2020-06-12 13:52:00,3.7141,3.7931,3.6352
2020-06-12 13:51:00,3.7165,3.7934,3.6396
2020-06-12 13:50:00,3.7187,3.7953,3.642
2020-06-12 13:49:00,3.7207,3.7974,3.644
2020-06-12 13:48:00,3.7224,3.7987,3.6461
2020-06-12 13:47:00,3.7241,3.7992,3.6489
2020-06-12 13:46:00,3.7254,3.7988,3.652
2020-06-12 13:45:00,3.7263,3.7978,3.6548
2020-06-12 13:44:00,3.7271,3.7972,3.6571
2020-06-12 13:43:00,3.7279,3.7964,3.6593
2020-06-12 13:42:00,3.7286,3.7951,3.6621
2020-06-12 13:41:00,3.7295,3.7934,3.6655
2020-06-12 13:40:00,3.7304,3.7913,3.6696
2020-06-12 13:39:00,3.7315,3.7902,3.6727
2020-06-12 13:38:00,3.733,3.7895,3.6765
2020-06-12 13:37:00,3.7347,3.7895,3.6798
2020-06-12 13:36:00,3.7358,3.7889,3.6827
2020-06-12 13:35:00,3.737,3.7873,3.6867
2020-06-12 13:34:00,3.7401,3.8022,3.6779
2020-06-12 13:33:00,3.7427,3.8127,3.6727
2020-06-12 13:32:00,3.7446,3.8163,3.673
2020-06-12 13:31:00,3.746,3.8195,3.6725
2020-06-12 13:30:00,3.7476,3.8241,3.6712
2020-06-12 13:29:00,3.7492,3.8288,3.6696
2020-06-12 13:28:00,3.7512,3.8338,3.6687
2020-06-12 13:27:00,3.7538,3.843,3.6647
2020-06-12 13:26:00,3.7568,3.8531,3.6606
2020-06-12 13:25:00,3.7603,3.8658,3.6549
2020-06-12 13:24:00,3.764,3.8772,3.6508
2020-06-12 13:23:00,3.7672,3.8879,3.6466
2020-06-12 13:22:00,3.771,3.901,3.6411
2020-06-12 13:21:00,3.7749,3.9142,3.6355
2020-06-12 13:20:00,3.7799,3.9293,3.6305
2020-06-12 13:19:00,3.7844,3.94,3.6287
2020-06-12 13:18:00,3.7887,3.95,3.6274
2020-06-12 13:17:00,3.7923,3.9567,3.6279
2020-06-12 13:16:00,3.7962,3.9634,3.6289
2020-06-12 13:15:00,3.7996,3.9684,3.6307
2020-06-12 13:14:00,3.8032,3.9746,3.6319
2020-06-12 13:13:00,3.8071,3.981,3.6331
2020-06-12 13:12:00,3.8106,3.986,3.6352
2020-06-12 13:11:00,3.8133,3.9885,3.6381
2020-06-12 13:10:00,3.8161,3.9914,3.6409
2020-06-12 13:09:00,3.8189,3.9958,3.6421
2020-06-12 13:08:00,3.8216,4.0,3.6432
2020-06-12 13:07:00,3.8248,4.0055,3.6441
2020-06-12 13:06:00,3.8283,4.0127,3.6439
2020-06-12 13:05:00,3.832,4.0196,3.6444
2020-06-12 13:04:00,3.835,4.0243,3.6457
2020-06-12 13:03:00,3.8391,4.0331,3.6451
2020-06-12 10:56:00,3.8424,4.0384,3.6463
2020-06-12 10:55:00,3.8479,4.0482,3.6475
2020-06-12 10:54:00,3.854,4.0597,3.6483
2020-06-12 10:53:00,3.8588,4.0646,3.653
2020-06-12 10:52:00,3.8625,4.0676,3.6573
2020-06-12 10:51:00,3.8663,4.0715,3.6611
2020-06-12 10:50:00,3.8685,4.0722,3.6647
2020-06-12 10:49:00,3.8696,4.0721,3.667
2020-06-12 10:48:00,3.8704,4.0716,3.6693
2020-06-12 10:47:00,3.8702,4.0718,3.6686
2020-06-12 10:46:00,3.8701,4.0719,3.6683
2020-06-12 10:45:00,3.8697,4.0724,3.667
2020-06-12 10:44:00,3.8685,4.0741,3.663
2020-06-12 10:43:00,3.8672,4.076,3.6584
2020-06-12 10:42:00,3.8678,4.0757,3.6599
2020-06-12 10:41:00,3.8687,4.0752,3.6621
2020-06-12 10:40:00,3.862,4.107,3.617
2020-06-12 10:39:00,3.8561,4.1304,3.5817
2020-06-12 10:38:00,3.8499,4.1515,3.5483
2020-06-12 10:37:00,3.8437,4.1706,3.5167
2020-06-12 10:36:00,3.8377,4.1867,3.4888
2020-06-12 10:35:00,3.8317,4.2014,3.462
2020-06-12 10:34:00,3.8256,4.215,3.4362
2020-06-12 10:33:00,3.8193,4.2262,3.4124
2020-06-12 10:32:00,3.8125,4.2366,3.3885
2020-06-12 10:31:00,3.8053,4.2465,3.364
2020-06-12 10:30:00,3.7989,4.2541,3.3436
2020-06-12 10:18:00,3.7924,4.2617,3.323
2020-06-12 10:17:00,3.7832,4.2662,3.3002
2020-06-12 10:16:00,3.7742,4.2704,3.278
2020-06-12 10:15:00,3.7665,4.274,3.259
2020-06-12 10:14:00,3.7588,4.2772,3.2404
2020-06-12 10:13:00,3.7503,4.2804,3.2203
2020-06-12 10:12:00,3.7421,4.2819,3.2023
2020-06-12 10:11:00,3.7335,4.2831,3.184
2020-06-12 10:10:00,3.724,4.2824,3.1657
2020-06-12 10:09:00,3.7142,4.2806,3.1478
2020-06-12 10:08:00,3.7039,4.2767,3.1311
2020-06-12 10:07:00,3.6935,4.272,3.1151
2020-06-12 10:06:00,3.6838,4.2657,3.1019
2020-06-12 10:05:00,3.6734,4.2574,3.0895
2020-06-12 10:04:00,3.6629,4.2478,3.078
2020-06-12 10:03:00,3.6518,4.2361,3.0674
2020-06-12 10:02:00,3.641,4.2253,3.0568
2020-06-12 10:01:00,3.6304,4.2137,3.0471
2020-06-12 10:00:00,3.6202,4.2032,3.0373
2020-06-12 09:59:00,3.6099,4.1918,3.028
2020-06-12 09:58:00,3.5999,4.1808,3.019
2020-06-12 09:57:00,3.5896,4.1678,3.0114
2020-06-12 09:56:00,3.5791,4.1537,3.0046
2020-06-12 09:55:00,3.5689,4.1397,2.9982
2020-06-12 09:54:00,3.5595,4.1274,2.9915
2020-06-12 09:53:00,3.5499,4.1139,2.9859
2020-06-12 09:52:00,3.5401,4.098,2.9823
2020-06-12 09:51:00,3.5304,4.0814,2.9794
2020-06-12 09:50:00,3.5204,4.0621,2.9788
2020-06-12 09:49:00,3.5101,4.0399,2.9802
2020-06-12 09:48:00,3.4996,4.0164,2.9828
2020-06-12 09:47:00,3.49,3.9943,2.9857
2020-06-12 09:46:00,3.4792,3.9655,2.993
2020-06-12 09:45:00,3.4694,3.9391,2.9997
2020-06-12 09:44:00,3.4586,3.9037,3.0134
2020-06-12 09:43:00,3.4473,3.8622,3.0325
2020-06-12 09:42:00,3.4372,3.8265,3.048
2020-06-12 09:41:00,3.428,3.7926,3.0635
2020-06-12 09:40:00,3.418,3.7532,3.0829
2020-06-12 09:39:00,3.4095,3.7203,3.0988
2020-06-12 09:38:00,3.4019,3.6911,3.1126
2020-06-12 09:37:00,3.3947,3.6636,3.1257
2020-06-12 09:36:00,3.389,3.6402,3.1378
2020-06-12 09:35:00,3.3833,3.6153,3.1512
2020-06-12 09:34:00,3.3777,3.5899,3.1654
2020-06-12 09:33:00,3.3725,3.5664,3.1786
2020-06-12 09:32:00,3.3673,3.5416,3.1931
2020-06-12 09:31:00,3.3602,3.4914,3.2289
2020-06-11 16:00:00,3.353,3.4125,3.2934
2020-06-11 15:59:00,3.3531,3.4126,3.2936
2020-06-11 15:58:00,3.3531,3.4125,3.2936
2020-06-11 15:57:00,3.3532,3.4127,3.2937
2020-06-11 15:56:00,3.3541,3.4142,3.2939
2020-06-11 15:55:00,3.3549,3.4162,3.2936
2020-06-11 15:54:00,3.3562,3.4196,3.2927
2020-06-11 15:53:00,3.3577,3.4237,3.2916
2020-06-11 15:52:00,3.3584,3.4254,3.2915
2020-06-11 15:51:00,3.3597,3.4291,3.2904
2020-06-11 15:50:00,3.3614,3.4331,3.2897
2020-06-11 15:49:00,3.3626,3.437,3.2883
2020-06-11 15:48:00,3.3641,3.4406,3.2875
2020-06-11 15:47:00,3.3656,3.4437,3.2876
2020-06-11 15:46:00,3.3678,3.4489,3.2867
2020-06-11 15:45:00,3.3696,3.4544,3.2849
2020-06-11 15:44:00,3.3716,3.4599,3.2833
2020-06-11 15:43:00,3.3741,3.4649,3.2833
2020-06-11 15:42:00,3.3763,3.4699,3.2827
2020-06-11 15:41:00,3.3786,3.4738,3.2833
2020-06-11 15:40:00,3.381,3.4771,3.2849
2020-06-11 15:39:00,3.383,3.4782,3.2879
2020-06-11 15:38:00,3.3849,3.4786,3.2912
2020-06-11 15:37:00,3.3875,3.4813,3.2936
2020-06-11 15:36:00,3.3896,3.4853,3.2939
2020-06-11 15:35:00,3.3919,3.4891,3.2946
2020-06-11 15:34:00,3.3943,3.4934,3.2951
2020-06-11 15:33:00,3.3966,3.4962,3.297
2020-06-11 15:32:00,3.3999,3.503,3.2969
2020-06-11 15:31:00,3.4031,3.509,3.2972
2020-06-11 15:30:00,3.4064,3.5149,3.298
2020-06-11 15:29:00,3.4099,3.5205,3.2993
2020-06-11 15:28:00,3.4134,3.5257,3.3012
2020-06-11 15:27:00,3.4169,3.5306,3.3031
2020-06-11 15:26:00,3.4205,3.5357,3.3053
2020-06-11 15:25:00,3.4245,3.5421,3.3069
2020-06-11 15:24:00,3.4285,3.5481,3.3088
2020-06-11 15:23:00,3.4325,3.5541,3.3108
2020-06-11 15:22:00,3.4364,3.561,3.3117
2020-06-11 15:21:00,3.4399,3.5652,3.3145
2020-06-11 15:20:00,3.443,3.5692,3.3168
2020-06-11 15:19:00,3.4461,3.5727,3.3195
2020-06-11 15:18:00,3.4492,3.5757,3.3226
2020-06-11 15:17:00,3.4519,3.5786,3.3252
2020-06-11 15:16:00,3.4545,3.5808,3.3283
2020-06-11 15:15:00,3.4568,3.5827,3.331
2020-06-11 15:14:00,3.459,3.5853,3.3326
2020-06-11 15:13:00,3.4611,3.5879,3.3342
2020-06-11 15:12:00,3.4632,3.5897,3.3366
2020-06-11 15:11:00,3.4651,3.5918,3.3383
2020-06-11 15:10:00,3.468,3.595,3.3411
2020-06-11 15:09:00,3.471,3.5986,3.3433
2020-06-11 15:08:00,3.4739,3.6015,3.3462
2020-06-11 15:07:00,3.4768,3.6038,3.3498
2020-06-11 15:06:00,3.4792,3.6076,3.3508
2020-06-11 15:05:00,3.4816,3.6106,3.3526
2020-06-11 15:04:00,3.4841,3.613,3.3551
2020-06-11 15:03:00,3.4865,3.6145,3.3585
2020-06-11 15:02:00,3.4887,3.6144,3.3629
2020-06-11 15:01:00,3.4917,3.6155,3.3678
2020-06-11 15:00:00,3.4951,3.6172,3.3729
2020-06-11 14:59:00,3.4989,3.617,3.3808
2020-06-11 14:58:00,3.5026,3.6164,3.3889
2020-06-11 14:57:00,3.5061,3.6149,3.3973
2020-06-11 14:56:00,3.5086,3.6134,3.4038
2020-06-11 14:55:00,3.5108,3.612,3.4097
2020-06-11 14:54:00,3.5128,3.6114,3.4142
2020-06-11 14:53:00,3.5144,3.6107,3.4181
2020-06-11 14:52:00,3.5166,3.6082,3.425
2020-06-11 14:51:00,3.5183,3.6071,3.4294
2020-06-11 14:50:00,3.5196,3.6058,3.4334
2020-06-11 14:49:00,3.5203,3.6045,3.436
2020-06-11 14:48:00,3.5214,3.6028,3.4399
2020-06-11 14:47:00,3.522,3.6011,3.443
2020-06-11 14:46:00,3.5222,3.6007,3.4437
2020-06-11 14:45:00,3.5225,3.6003,3.4446
2020-06-11 14:44:00,3.5232,3.5998,3.4465
2020-06-11 14:43:00,3.5238,3.5993,3.4483
2020-06-11 14:42:00,3.5247,3.5989,3.4505
2020-06-11 14:41:00,3.5257,3.5982,3.4532
2020-06-11 14:40:00,3.5264,3.5971,3.4556
2020-06-11 14:39:00,3.5272,3.5945,3.46
2020-06-11 14:38:00,3.5282,3.5908,3.4657
2020-06-11 14:37:00,3.5287,3.5898,3.4675
2020-06-11 14:36:00,3.5293,3.5889,3.4696
2020-06-11 14:35:00,3.53,3.588,3.472
2020-06-11 14:34:00,3.5299,3.5882,3.4716
2020-06-11 14:33:00,3.5303,3.5874,3.4731
2020-06-11 14:32:00,3.5295,3.588,3.471
2020-06-11 14:31:00,3.529,3.5884,3.4697
2020-06-11 14:30:00,3.5279,3.5899,3.466
2020-06-11 14:29:00,3.5266,3.5917,3.4615
2020-06-11 14:28:00,3.525,3.5945,3.4554
2020-06-11 14:27:00,3.5236,3.5957,3.4515
2020-06-11 14:26:00,3.5221,3.5965,3.4478
2020-06-11 14:25:00,3.5205,3.5958,3.4452
2020-06-11 14:24:00,3.5186,3.5954,3.4419
2020-06-11 14:23:00,3.5164,3.5954,3.4374
2020-06-11 14:22:00,3.5135,3.5964,3.4305
2020-06-11 14:21:00,3.5108,3.599,3.4226
2020-06-11 14:20:00,3.5083,3.6009,3.4158
2020-06-11 14:19:00,3.5059,3.6026,3.4091
2020-06-11 14:18:00,3.5034,3.6041,3.4026
2020-06-11 14:17:00,3.5011,3.605,3.3973
2020-06-11 14:16:00,3.4989,3.6063,3.3914
2020-06-11 14:15:00,3.4967,3.6075,3.3858
2020-06-11 14:14:00,3.4942,3.6086,3.3798
2020-06-11 14:13:00,3.4914,3.6104,3.3724
2020-06-11 14:12:00,3.4885,3.6127,3.3644
2020-06-11 14:11:00,3.4855,3.6149,3.356
2020-06-11 14:10:00,3.4818,3.6151,3.3486
2020-06-11 14:09:00,3.4784,3.6135,3.3434
2020-06-11 14:08:00,3.4749,3.6123,3.3376
2020-06-11 14:07:00,3.4716,3.6105,3.3328
2020-06-11 14:06:00,3.4679,3.6082,3.3275
2020-06-11 14:05:00,3.4644,3.6058,3.3229
2020-06-11 14:04:00,3.4609,3.6034,3.3185
2020-06-11 14:03:00,3.4576,3.6013,3.3139
2020-06-11 14:02:00,3.4547,3.6003,3.3091
2020-06-11 14:01:00,3.451,3.5969,3.3051
2020-06-11 14:00:00,3.4469,3.5918,3.302
2020-06-11 13:59:00,3.4427,3.5865,3.299
2020-06-11 13:58:00,3.4388,3.5803,3.2974
2020-06-11 13:57:00,3.4354,3.5741,3.2967
2020-06-11 13:56:00,3.4327,3.5694,3.296
2020-06-11 13:55:00,3.43,3.5649,3.295
2020-06-11 13:54:00,3.4271,3.5599,3.2944
2020-06-11 13:53:00,3.4244,3.5558,3.293
2020-06-11 13:52:00,3.4217,3.5508,3.2926
2020-06-11 13:51:00,3.419,3.5457,3.2924
2020-06-11 13:50:00,3.4167,3.5413,3.292
2020-06-11 13:49:00,3.4148,3.5389,3.2907
2020-06-11 13:48:00,3.4127,3.5353,3.2901
2020-06-11 13:47:00,3.4108,3.5332,3.2884
2020-06-11 13:46:00,3.4089,3.531,3.2869
2020-06-11 13:45:00,3.4069,3.5283,3.2855
2020-06-11 13:44:00,3.4043,3.5234,3.2852
2020-06-11 13:43:00,3.4018,3.5181,3.2854
2020-06-11 13:42:00,3.399,3.5113,3.2867
2020-06-11 13:41:00,3.3962,3.5047,3.2877
2020-06-11 13:40:00,3.3937,3.4993,3.288
2020-06-11 13:39:00,3.3915,3.495,3.288
2020-06-11 13:38:00,3.3896,3.4906,3.2886
2020-06-11 13:37:00,3.3877,3.4853,3.2902
2020-06-11 13:36:00,3.3854,3.4777,3.2931
2020-06-11 13:35:00,3.3828,3.4683,3.2973
2020-06-11 13:34:00,3.3806,3.4627,3.2985
2020-06-11 13:33:00,3.3783,3.4556,3.301
2020-06-11 13:32:00,3.3757,3.4494,3.3019
2020-06-11 13:31:00,3.3728,3.4419,3.3037
2020-06-11 13:30:00,3.3705,3.4371,3.3038
2020-06-11 13:29:00,3.3682,3.4331,3.3034
2020-06-11 13:28:00,3.3665,3.43,3.303
2020-06-11 13:27:00,3.3643,3.4251,3.3036
2020-06-11 13:26:00,3.3621,3.4198,3.3043
2020-06-11 13:25:00,3.3599,3.4123,3.3075
2020-06-11 13:24:00,3.3577,3.4056,3.3099
2020-06-11 13:23:00,3.3559,3.4009,3.3109
2020-06-11 13:22:00,3.3546,3.3991,3.31
2020-06-11 13:21:00,3.3532,3.3982,3.3083
2020-06-11 13:20:00,3.352,3.3963,3.3077
2020-06-11 13:19:00,3.3509,3.3943,3.3076
2020-06-11 13:18:00,3.3498,3.3925,3.3072
2020-06-11 13:17:00,3.3486,3.3896,3.3076
2020-06-11 13:16:00,3.3471,3.3886,3.3057
2020-06-11 13:15:00,3.346,3.3864,3.3055
2020-06-11 13:14:00,3.345,3.3849,3.305
2020-06-11 13:13:00,3.3443,3.3845,3.3041
2020-06-11 13:12:00,3.3438,3.3845,3.3031
2020-06-11 13:11:00,3.3434,3.3846,3.3023
2020-06-11 13:10:00,3.3433,3.3846,3.302
2020-06-11 13:09:00,3.3426,3.3841,3.3011
2020-06-11 13:08:00,3.3423,3.3838,3.3007
2020-06-11 13:07:00,3.3418,3.3833,3.3003
2020-06-11 13:06:00,3.3416,3.3832,3.3
2020-06-11 13:05:00,3.3419,3.3841,3.2997
2020-06-11 13:04:00,3.3426,3.3865,3.2987
2020-06-11 13:03:00,3.3433,3.3889,3.2978
2020-06-11 13:02:00,3.3437,3.3898,3.2977
2020-06-11 13:01:00,3.3444,3.3914,3.2974
2020-06-11 13:00:00,3.3451,3.3926,3.2976
2020-06-11 12:59:00,3.3462,3.3956,3.2969
2020-06-11 12:58:00,3.3473,3.3993,3.2953
2020-06-11 12:57:00,3.348,3.4016,3.2943
2020-06-11 12:56:00,3.348,3.4019,3.2942
2020-06-11 12:55:00,3.348,3.4019,3.2942
2020-06-11 12:54:00,3.3481,3.4021,3.2942
2020-06-11 12:53:00,3.3479,3.4018,3.294
2020-06-11 12:52:00,3.3473,3.401,3.2936
2020-06-11 12:51:00,3.3468,3.4003,3.2934
2020-06-11 12:50:00,3.3462,3.3992,3.2933
2020-06-11 12:49:00,3.3452,3.3986,3.2918
2020-06-11 12:48:00,3.3445,3.3977,3.2914
2020-06-11 12:47:00,3.3438,3.3973,3.2903
2020-06-11 12:46:00,3.3433,3.3968,3.2897
2020-06-11 12:45:00,3.3432,3.3967,3.2897
2020-06-11 12:44:00,3.3426,3.3963,3.2889
2020-06-11 12:43:00,3.3422,3.3957,3.2886
2020-06-11 12:42:00,3.3425,3.3967,3.2883
2020-06-11 12:41:00,3.3423,3.3965,3.2881
2020-06-11 12:40:00,3.3425,3.3969,3.2881
2020-06-11 12:39:00,3.3431,3.3985,3.2877
2020-06-11 12:38:00,3.3441,3.4034,3.2847
2020-06-11 12:37:00,3.3448,3.4065,3.283
2020-06-11 12:36:00,3.3456,3.4101,3.2812
2020-06-11 12:35:00,3.3464,3.4127,3.28
2020-06-11 12:34:00,3.347,3.4143,3.2798
2020-06-11 12:33:00,3.347,3.4143,3.2797
2020-06-11 12:32:00,3.3471,3.4143,3.2799
2020-06-11 12:31:00,3.348,3.415,3.2811
2020-06-11 12:30:00,3.3487,3.4153,3.2821
2020-06-11 12:29:00,3.3498,3.4163,3.2833
2020-06-11 12:28:00,3.3508,3.4179,3.2837
2020-06-11 12:27:00,3.3522,3.4202,3.2842
2020-06-11 12:26:00,3.3543,3.4252,3.2834
2020-06-11 12:25:00,3.3565,3.4326,3.2805
2020-06-11 12:24:00,3.3591,3.4404,3.2778
2020-06-11 12:23:00,3.3619,3.4492,3.2747
2020-06-11 12:22:00,3.3647,3.4567,3.2727
2020-06-11 12:21:00,3.3674,3.4622,3.2726
2020-06-11 12:20:00,3.3704,3.4702,3.2705
2020-06-11 12:19:00,3.3732,3.4778,3.2686
2020-06-11 12:18:00,3.3756,3.4823,3.2689
2020-06-11 12:17:00,3.3783,3.4882,3.2685
2020-06-11 12:16:00,3.3818,3.4948,3.2689
2020-06-11 12:15:00,3.385,3.5015,3.2685
2020-06-11 12:14:00,3.3882,3.5077,3.2686
2020-06-11 12:13:00,3.3915,3.5143,3.2686
2020-06-11 12:12:00,3.3947,3.5201,3.2694
2020-06-11 12:11:00,3.3978,3.5245,3.271
2020-06-11 12:10:00,3.4003,3.5275,3.273
2020-06-11 12:09:00,3.4028,3.5296,3.276
2020-06-11 12:08:00,3.4057,3.5337,3.2777
2020-06-11 12:07:00,3.4084,3.5366,3.2802
2020-06-11 12:06:00,3.4107,3.5382,3.2832
2020-06-11 12:05:00,3.4124,3.5403,3.2845
2020-06-11 12:04:00,3.4131,3.5409,3.2852
2020-06-11 12:03:00,3.4137,3.5415,3.2859
2020-06-11 12:02:00,3.4159,3.5451,3.2867
2020-06-11 12:01:00,3.4179,3.5485,3.2873
2020-06-11 12:00:00,3.4205,3.5537,3.2873
2020-06-11 11:59:00,3.4227,3.5586,3.2867
2020-06-11 11:58:00,3.4248,3.564,3.2857
2020-06-11 11:57:00,3.4275,3.5707,3.2843
2020-06-11 11:56:00,3.4306,3.5779,3.2832
2020-06-11 11:55:00,3.4345,3.5876,3.2814
2020-06-11 11:54:00,3.4386,3.598,3.2791
2020-06-11 11:53:00,3.443,3.6069,3.2792
2020-06-11 11:52:00,3.448,3.6162,3.2797
2020-06-11 11:51:00,3.4526,3.6241,3.2811
2020-06-11 11:50:00,3.4575,3.6323,3.2827
2020-06-11 11:49:00,3.463,3.6396,3.2864
2020-06-11 11:48:00,3.4683,3.6478,3.2889
2020-06-11 11:47:00,3.4738,3.6544,3.2933
2020-06-11 11:46:00,3.4791,3.6604,3.2977
2020-06-11 11:45:00,3.4839,3.6667,3.3011
2020-06-11 11:44:00,3.4892,3.6713,3.3072
2020-06-11 11:43:00,3.4942,3.6755,3.3129
2020-06-11 11:42:00,3.4985,3.6808,3.3162
2020-06-11 11:41:00,3.5031,3.6832,3.3231
2020-06-11 11:40:00,3.5075,3.6864,3.3287
2020-06-11 11:39:00,3.5118,3.6909,3.3327
2020-06-11 11:38:00,3.5152,3.6956,3.3347
2020-06-11 11:37:00,3.5189,3.7007,3.3372
2020-06-11 11:36:00,3.5226,3.7051,3.3402
2020-06-11 11:35:00,3.5263,3.7084,3.3442
2020-06-11 11:34:00,3.5305,3.7114,3.3495
2020-06-11 11:33:00,3.535,3.711,3.3589
2020-06-11 11:32:00,3.5399,3.709,3.3707
2020-06-11 11:31:00,3.5442,3.709,3.3794
2020-06-11 11:30:00,3.5486,3.7076,3.3897
2020-06-11 11:29:00,3.5526,3.7064,3.3989
2020-06-11 11:28:00,3.5566,3.7054,3.4077
2020-06-11 11:27:00,3.5601,3.7043,3.4158
2020-06-11 11:26:00,3.5631,3.7047,3.4214
2020-06-11 11:25:00,3.5653,3.7049,3.4257
2020-06-11 11:24:00,3.5677,3.706,3.4294
2020-06-11 11:23:00,3.5694,3.7063,3.4325
2020-06-11 11:22:00,3.5712,3.7065,3.436
2020-06-11 11:21:00,3.5731,3.7058,3.4404
2020-06-11 11:20:00,3.5746,3.706,3.4432
2020-06-11 11:19:00,3.5763,3.7063,3.4462
2020-06-11 11:18:00,3.5781,3.7052,3.4511
2020-06-11 11:17:00,3.5796,3.7046,3.4546
2020-06-11 11:16:00,3.5807,3.7043,3.4571
2020-06-11 11:15:00,3.582,3.7043,3.4597
2020-06-11 11:14:00,3.5839,3.7052,3.4626
2020-06-11 11:13:00,3.5857,3.7064,3.4651
2020-06-11 11:12:00,3.5874,3.7069,3.468
2020-06-11 11:11:00,3.5893,3.7069,3.4717
2020-06-11 11:10:00,3.5913,3.7054,3.4772
2020-06-11 11:09:00,3.5935,3.7032,3.4837
2020-06-11 11:08:00,3.5954,3.7029,3.4879
2020-06-11 11:07:00,3.5967,3.7009,3.4925
2020-06-11 11:06:00,3.5985,3.6975,3.4996
2020-06-11 11:05:00,3.6003,3.6936,3.507
2020-06-11 11:04:00,3.6023,3.6855,3.519
2020-06-11 11:03:00,3.605,3.6752,3.5347
2020-06-11 11:02:00,3.6063,3.6714,3.5412
2020-06-11 11:01:00,3.608,3.6669,3.549
2020-06-11 11:00:00,3.6093,3.6646,3.554
2020-06-11 10:59:00,3.6103,3.6619,3.5587
2020-06-11 10:58:00,3.6122,3.6613,3.563
2020-06-11 10:57:00,3.6133,3.6607,3.5659
2020-06-11 10:56:00,3.614,3.6601,3.5679
2020-06-11 10:55:00,3.6142,3.6603,3.5682
2020-06-11 10:54:00,3.6146,3.6611,3.5681
2020-06-11 10:53:00,3.6153,3.6632,3.5674
2020-06-11 10:52:00,3.6158,3.6651,3.5666
2020-06-11 10:51:00,3.6169,3.6692,3.5646
2020-06-11 10:50:00,3.6179,3.6734,3.5625
2020-06-11 10:49:00,3.6189,3.6779,3.5599
2020-06-11 10:48:00,3.6196,3.6809,3.5583
2020-06-11 10:47:00,3.621,3.6879,3.554
2020-06-11 10:46:00,3.6216,3.6901,3.5532
2020-06-11 10:45:00,3.6221,3.6916,3.5527
2020-06-11 10:44:00,3.6217,3.691,3.5524
2020-06-11 10:43:00,3.6213,3.6906,3.552
2020-06-11 10:42:00,3.621,3.6902,3.5518
2020-06-11 10:41:00,3.6204,3.6902,3.5506
2020-06-11 10:40:00,3.6202,3.69,3.5504
2020-06-11 10:39:00,3.6192,3.6896,3.5488
2020-06-11 10:38:00,3.6185,3.6892,3.5478
2020-06-11 10:37:00,3.6172,3.6887,3.5458
2020-06-11 10:36:00,3.6159,3.6886,3.5432
2020-06-11 10:35:00,3.6144,3.6895,3.5393
2020-06-11 10:34:00,3.6145,3.6898,3.5392
2020-06-11 10:33:00,3.6133,3.6904,3.5362
2020-06-11 10:32:00,3.6111,3.6942,3.528
2020-06-11 10:31:00,3.6074,3.705,3.5099
2020-06-11 10:30:00,3.6016,3.7314,3.4717
2020-06-11 10:29:00,3.6067,3.7614,3.4521
2020-06-11 10:28:00,3.6118,3.7872,3.4364
2020-06-11 10:27:00,3.6176,3.8143,3.4208
2020-06-11 10:26:00,3.6226,3.8341,3.411
2020-06-11 10:25:00,3.6276,3.8507,3.4045
2020-06-11 10:24:00,3.6324,3.867,3.3979
2020-06-11 10:23:00,3.6381,3.8844,3.3918
2020-06-11 10:22:00,3.6433,3.8986,3.388
2020-06-11 10:21:00,3.6495,3.9169,3.3821
2020-06-11 10:20:00,3.6558,3.935,3.3767
2020-06-11 10:19:00,3.6619,3.9512,3.3725
2020-06-11 10:18:00,3.6684,3.9675,3.3692
2020-06-11 10:17:00,3.6744,3.9806,3.3682
2020-06-11 10:16:00,3.6806,3.9936,3.3677
2020-06-11 10:15:00,3.6867,4.0065,3.3669
2020-06-11 10:14:00,3.6922,4.0187,3.3657
2020-06-11 10:13:00,3.6981,4.0323,3.3638
2020-06-11 10:12:00,3.7044,4.0464,3.3623
2020-06-11 10:11:00,3.7109,4.0606,3.3611
2020-06-11 10:10:00,3.7176,4.0741,3.3611
2020-06-11 10:09:00,3.7246,4.088,3.3612
2020-06-11 10:08:00,3.7312,4.1011,3.3613
2020-06-11 10:07:00,3.7387,4.1134,3.364
2020-06-11 10:06:00,3.7462,4.1259,3.3665
2020-06-11 10:05:00,3.754,4.1383,3.3696
2020-06-11 10:04:00,3.7624,4.1506,3.3741
2020-06-11 10:03:00,3.7701,4.1628,3.3774
2020-06-11 10:02:00,3.7778,4.1733,3.3822
2020-06-11 10:01:00,3.7852,4.1838,3.3866
2020-06-11 10:00:00,3.7926,4.1944,3.3908
2020-06-11 09:59:00,3.8002,4.2036,3.3968
2020-06-11 09:58:00,3.8066,4.2124,3.4007
2020-06-11 09:57:00,3.8134,4.2209,3.4059
2020-06-11 09:56:00,3.8203,4.2279,3.4128
2020-06-11 09:55:00,3.8273,4.2354,3.4193
2020-06-11 09:54:00,3.8339,4.2424,3.4255
2020-06-11 09:53:00,3.8402,4.2492,3.4311
2020-06-11 09:52:00,3.8463,4.2555,3.4371
2020-06-11 09:51:00,3.8521,4.2617,3.4424
2020-06-11 09:50:00,3.8579,4.2681,3.4476
2020-06-11 09:49:00,3.8637,4.2748,3.4527
2020-06-11 09:48:00,3.8697,4.281,3.4585
2020-06-11 09:47:00,3.8748,4.2863,3.4632
2020-06-11 09:46:00,3.8808,4.2913,3.4702
2020-06-11 09:45:00,3.8874,4.297,3.4778
2020-06-11 09:44:00,3.8949,4.3007,3.4891
2020-06-11 09:43:00,3.9024,4.3035,3.5013
2020-06-11 09:42:00,3.9098,4.3058,3.5138
2020-06-11 09:41:00,3.9176,4.306,3.5292
2020-06-11 09:40:00,3.9247,4.3061,3.5433
2020-06-11 09:39:00,3.9324,4.3041,3.5606
2020-06-11 09:38:00,3.94,4.302,3.5781
2020-06-11 09:37:00,3.9474,4.2967,3.5981
2020-06-11 09:36:00,3.9551,4.2899,3.6202
2020-06-11 09:35:00,3.9627,4.2798,3.6457
2020-06-11 09:34:00,3.9686,4.2749,3.6623
2020-06-11 09:33:00,3.9766,4.2631,3.6901
2020-06-11 09:32:00,3.9857,4.2433,3.7282
2020-06-11 09:31:00,3.9961,4.2057,3.7864
2020-06-10 16:00:00,4.009,4.1013,3.9168
2020-06-10 15:59:00,4.011,4.1016,3.9205
2020-06-10 15:58:00,4.013,4.1016,3.9245
2020-06-10 15:57:00,4.0149,4.1035,3.9262
2020-06-10 15:56:00,4.017,4.1027,3.9314
2020-06-10 15:55:00,4.0197,4.1005,3.9389
2020-06-10 15:54:00,4.0224,4.0992,3.9456
2020-06-10 15:53:00,4.0248,4.0987,3.9509
2020-06-10 15:52:00,4.0274,4.0951,3.9597
2020-06-10 15:51:00,4.0291,4.095,3.9632
2020-06-10 15:50:00,4.0306,4.0952,3.9661
2020-06-10 15:49:00,4.0325,4.0954,3.9696
2020-06-10 15:48:00,4.0342,4.0957,3.9727
2020-06-10 15:47:00,4.036,4.0926,3.9795
2020-06-10 15:46:00,4.0375,4.0893,3.9857
2020-06-10 15:45:00,4.0387,4.086,3.9915
2020-06-10 15:44:00,4.0403,4.0819,3.9986
2020-06-10 15:43:00,4.0412,4.0798,4.0027
2020-06-10 15:42:00,4.042,4.0786,4.0054
2020-06-10 15:41:00,4.0426,4.0779,4.0072
2020-06-10 15:40:00,4.0433,4.0773,4.0093
2020-06-10 15:39:00,4.0442,4.0784,4.01
2020-06-10 15:38:00,4.045,4.0788,4.0112
2020-06-10 15:37:00,4.0463,4.0822,4.0104
2020-06-10 15:36:00,4.0473,4.0848,4.0099
2020-06-10 15:35:00,4.0482,4.0871,4.0092
2020-06-10 15:34:00,4.0487,4.0891,4.0084
2020-06-10 15:33:00,4.0497,4.093,4.0064
2020-06-10 15:32:00,4.0506,4.0953,4.0058
2020-06-10 15:31:00,4.0514,4.0973,4.0054
2020-06-10 15:30:00,4.0518,4.0984,4.0052
2020-06-10 15:29:00,4.0525,4.0998,4.0051
2020-06-10 15:28:00,4.0535,4.1016,4.0053
2020-06-10 15:27:00,4.0542,4.1029,4.0055
2020-06-10 15:26:00,4.0548,4.1029,4.0067
2020-06-10 15:25:00,4.0553,4.1034,4.0072
2020-06-10 15:24:00,4.0557,4.1035,4.0079
2020-06-10 15:23:00,4.0559,4.1035,4.0083
2020-06-10 15:22:00,4.056,4.1034,4.0086
2020-06-10 15:21:00,4.0562,4.1032,4.0092
2020-06-10 15:20:00,4.0567,4.1036,4.0098
2020-06-10 15:19:00,4.0573,4.1048,4.0098
2020-06-10 15:18:00,4.0583,4.1076,4.009
2020-06-10 15:17:00,4.0596,4.1101,4.0091
2020-06-10 15:16:00,4.0606,4.1119,4.0093
2020-06-10 15:15:00,4.0611,4.1133,4.0089
2020-06-10 15:14:00,4.0615,4.1142,4.0088
2020-06-10 15:13:00,4.0619,4.1147,4.009
2020-06-10 15:12:00,4.0621,4.1152,4.0091
2020-06-10 15:11:00,4.0626,4.1158,4.0095
2020-06-10 15:10:00,4.0631,4.116,4.0103
2020-06-10 15:09:00,4.0635,4.116,4.011
2020-06-10 15:08:00,4.0637,4.1161,4.0113
2020-06-10 15:07:00,4.0657,4.1191,4.0124
2020-06-10 15:06:00,4.0675,4.1216,4.0134
2020-06-10 15:05:00,4.0697,4.1232,4.0161
2020-06-10 15:04:00,4.0713,4.1222,4.0204
2020-06-10 15:03:00,4.072,4.1218,4.0223
2020-06-10 15:02:00,4.0726,4.1216,4.0236
2020-06-10 15:01:00,4.0731,4.121,4.0253
2020-06-10 15:00:00,4.0736,4.1211,4.0261
2020-06-10 14:59:00,4.074,4.1211,4.0269
2020-06-10 14:58:00,4.0738,4.1213,4.0263
2020-06-10 14:57:00,4.0735,4.1213,4.0256
2020-06-10 14:56:00,4.0737,4.1212,4.0261
2020-06-10 14:55:00,4.0742,4.1218,4.0265
2020-06-10 14:54:00,4.0742,4.1219,4.0266
2020-06-10 14:53:00,4.0747,4.1228,4.0266
2020-06-10 14:52:00,4.0753,4.1238,4.0269
2020-06-10 14:51:00,4.076,4.1246,4.0273
2020-06-10 14:50:00,4.0764,4.125,4.0278
2020-06-10 14:49:00,4.0763,4.1249,4.0276
2020-06-10 14:48:00,4.0763,4.1249,4.0276
2020-06-10 14:47:00,4.0766,4.1248,4.0284
2020-06-10 14:46:00,4.0773,4.1244,4.0302
2020-06-10 14:45:00,4.0771,4.1249,4.0294
2020-06-10 14:44:00,4.0766,4.1267,4.0264
2020-06-10 14:43:00,4.0761,4.1283,4.0239
2020-06-10 14:42:00,4.0755,4.13,4.021
2020-06-10 14:41:00,4.0748,4.132,4.0177
2020-06-10 14:40:00,4.0741,4.1334,4.0149
2020-06-10 14:39:00,4.0729,4.1352,4.0107
2020-06-10 14:38:00,4.0719,4.1368,4.0069
2020-06-10 14:37:00,4.0704,4.1368,4.0039
2020-06-10 14:36:00,4.0689,4.1375,4.0002
2020-06-10 14:35:00,4.0674,4.1379,3.9968
2020-06-10 14:34:00,4.0659,4.138,3.9939
2020-06-10 14:33:00,4.0644,4.1365,3.9924
2020-06-10 14:32:00,4.063,4.136,3.9901
2020-06-10 14:31:00,4.0619,4.1351,3.9887
2020-06-10 14:30:00,4.0611,4.1345,3.9876
2020-06-10 14:29:00,4.0605,4.1337,3.9872
2020-06-10 14:28:00,4.0596,4.1325,3.9867
2020-06-10 14:27:00,4.059,4.1317,3.9863
2020-06-10 14:26:00,4.0588,4.1316,3.9861
2020-06-10 14:25:00,4.058,4.1313,3.9847
2020-06-10 14:24:00,4.0578,4.1312,3.9845
2020-06-10 14:23:00,4.0579,4.1312,3.9846
2020-06-10 14:22:00,4.0584,4.1315,3.9853
2020-06-10 14:21:00,4.059,4.1322,3.9858
2020-06-10 14:20:00,4.0592,4.1325,3.9859
2020-06-10 14:19:00,4.0591,4.1323,3.9859
2020-06-10 14:18:00,4.0586,4.1308,3.9864
2020-06-10 14:17:00,4.0579,4.129,3.9869
2020-06-10 14:16:00,4.0576,4.128,3.9872
2020-06-10 14:15:00,4.0566,4.1263,3.9869
2020-06-10 14:14:00,4.0557,4.125,3.9864
2020-06-10 14:13:00,4.055,4.1242,3.9857
2020-06-10 14:12:00,4.0542,4.1234,3.9851
2020-06-10 14:11:00,4.0535,4.1225,3.9845
2020-06-10 14:10:00,4.0528,4.122,3.9837
2020-06-10 14:09:00,4.0524,4.1216,3.9833
2020-06-10 14:08:00,4.052,4.1213,3.9828
2020-06-10 14:07:00,4.0505,4.1166,3.9843
2020-06-10 14:06:00,4.0487,4.1124,3.9851
2020-06-10 14:05:00,4.0471,4.1073,3.9868
2020-06-10 14:04:00,4.0457,4.1048,3.9867
2020-06-10 14:03:00,4.0449,4.1038,3.9859
2020-06-10 14:02:00,4.0443,4.1027,3.9858
2020-06-10 14:01:00,4.0441,4.1025,3.9858
2020-06-10 14:00:00,4.0438,4.1015,3.986
2020-06-10 13:59:00,4.0439,4.102,3.9858
2020-06-10 13:58:00,4.0442,4.1024,3.986
2020-06-10 13:57:00,4.044,4.1021,3.9858
2020-06-10 13:56:00,4.0435,4.1016,3.9853
2020-06-10 13:55:00,4.0423,4.0994,3.9851
2020-06-10 13:54:00,4.0416,4.0979,3.9853
2020-06-10 13:53:00,4.041,4.0955,3.9865
2020-06-10 13:52:00,4.0407,4.094,3.9874
2020-06-10 13:51:00,4.0404,4.0925,3.9882
2020-06-10 13:50:00,4.0402,4.0919,3.9886
2020-06-10 13:49:00,4.0404,4.0927,3.9882
2020-06-10 13:48:00,4.0407,4.0936,3.9878
2020-06-10 13:47:00,4.041,4.095,3.9871
2020-06-10 13:46:00,4.0411,4.095,3.9871
2020-06-10 13:45:00,4.0419,4.0961,3.9876
2020-06-10 13:44:00,4.0434,4.099,3.9878
2020-06-10 13:43:00,4.0448,4.1012,3.9884
2020-06-10 13:42:00,4.0462,4.1028,3.9897
2020-06-10 13:41:00,4.0476,4.1034,3.9917
2020-06-10 13:40:00,4.0485,4.1036,3.9934
2020-06-10 13:39:00,4.0493,4.103,3.9957
2020-06-10 13:38:00,4.0507,4.1033,3.998
2020-06-10 13:37:00,4.0518,4.1039,3.9997
2020-06-10 13:36:00,4.0532,4.104,4.0023
2020-06-10 13:35:00,4.0548,4.1052,4.0045
2020-06-10 13:34:00,4.0564,4.1065,4.0064
2020-06-10 13:33:00,4.0583,4.1114,4.0053
2020-06-10 13:32:00,4.0605,4.116,4.005
2020-06-10 13:31:00,4.0627,4.1231,4.0024
2020-06-10 13:30:00,4.0654,4.1334,3.9974
2020-06-10 13:29:00,4.0676,4.1415,3.9937
2020-06-10 13:28:00,4.0696,4.1471,3.9922
2020-06-10 13:27:00,4.0711,4.1505,3.9918
2020-06-10 13:26:00,4.0725,4.153,3.9919
2020-06-10 13:25:00,4.0748,4.1572,3.9924
2020-06-10 13:24:00,4.0766,4.1616,3.9916
2020-06-10 13:23:00,4.0784,4.1654,3.9913
2020-06-10 13:22:00,4.0798,4.1686,3.991
2020-06-10 13:21:00,4.0808,4.1709,3.9906
2020-06-10 13:20:00,4.0816,4.1724,3.9907
2020-06-10 13:19:00,4.0822,4.1736,3.9908
2020-06-10 13:18:00,4.0825,4.1739,3.991
2020-06-10 13:17:00,4.0829,4.1743,3.9914
2020-06-10 13:16:00,4.0832,4.1747,3.9917
2020-06-10 13:15:00,4.0839,4.1747,3.993
2020-06-10 13:14:00,4.0853,4.1757,3.9949
2020-06-10 13:13:00,4.0866,4.1764,3.9968
2020-06-10 13:12:00,4.0875,4.1763,3.9987
2020-06-10 13:11:00,4.0879,4.1759,3.9999
2020-06-10 13:10:00,4.0893,4.1761,4.0024
2020-06-10 13:09:00,4.0913,4.179,4.0035
2020-06-10 13:08:00,4.0933,4.1817,4.005
2020-06-10 13:07:00,4.0954,4.1843,4.0064
2020-06-10 13:06:00,4.098,4.1874,4.0087
2020-06-10 13:05:00,4.1004,4.1898,4.0109
2020-06-10 13:04:00,4.1035,4.1949,4.0122
2020-06-10 13:03:00,4.1068,4.1999,4.0137
2020-06-10 13:02:00,4.1096,4.2047,4.0146
2020-06-10 13:01:00,4.112,4.208,4.016
2020-06-10 13:00:00,4.1135,4.209,4.018
2020-06-10 12:59:00,4.1153,4.2124,4.0183
2020-06-10 12:58:00,4.1178,4.2165,4.0192
2020-06-10 12:57:00,4.1211,4.2215,4.0207
2020-06-10 12:56:00,4.1243,4.2253,4.0233
2020-06-10 12:55:00,4.1272,4.226,4.0284
2020-06-10 12:54:00,4.1284,4.2246,4.0321
2020-06-10 12:53:00,4.129,4.224,4.034
2020-06-10 12:52:00,4.1291,4.2239,4.0344
2020-06-10 12:51:00,4.1293,4.2237,4.0349
2020-06-10 12:50:00,4.1293,4.2237,4.0349
2020-06-10 12:49:00,4.1286,4.2251,4.032
2020-06-10 12:48:00,4.1273,4.228,4.0267
2020-06-10 12:47:00,4.126,4.2306,4.0214
2020-06-10 12:46:00,4.125,4.2325,4.0175
2020-06-10 12:45:00,4.124,4.2344,4.0137
2020-06-10 12:44:00,4.1225,4.2366,4.0085
2020-06-10 12:43:00,4.1213,4.2381,4.0045
2020-06-10 12:42:00,4.1201,4.2397,4.0005
2020-06-10 12:41:00,4.1191,4.241,3.9972
2020-06-10 12:40:00,4.1183,4.2422,3.9943
2020-06-10 12:39:00,4.1174,4.2439,3.991
2020-06-10 12:38:00,4.1161,4.2457,3.9864
2020-06-10 12:37:00,4.1148,4.2475,3.982
2020-06-10 12:36:00,4.1139,4.2481,3.9797
2020-06-10 12:35:00,4.1127,4.2487,3.9767
2020-06-10 12:34:00,4.1115,4.2491,3.9739
2020-06-10 12:33:00,4.1099,4.2486,3.9712
2020-06-10 12:32:00,4.1079,4.2483,3.9676
2020-06-10 12:31:00,4.1057,4.2469,3.9644
2020-06-10 12:30:00,4.1029,4.244,3.9618
2020-06-10 12:29:00,4.1006,4.2411,3.96
2020-06-10 12:28:00,4.0981,4.2394,3.9568
2020-06-10 12:27:00,4.096,4.2384,3.9536
2020-06-10 12:26:00,4.0935,4.2387,3.9483
2020-06-10 12:25:00,4.0905,4.2375,3.9435
2020-06-10 12:24:00,4.0873,4.2364,3.9383
2020-06-10 12:23:00,4.0849,4.2342,3.9357
2020-06-10 12:22:00,4.0828,4.232,3.9336
2020-06-10 12:21:00,4.0814,4.23,3.9329
2020-06-10 12:20:00,4.0802,4.2285,3.9318
2020-06-10 12:19:00,4.079,4.2272,3.9307
2020-06-10 12:18:00,4.0782,4.2266,3.9298
2020-06-10 12:17:00,4.0775,4.226,3.929
2020-06-10 12:16:00,4.0762,4.2253,3.9271
2020-06-10 12:15:00,4.0752,4.2249,3.9254
2020-06-10 12:14:00,4.0727,4.2244,3.921
2020-06-10 12:13:00,4.0693,4.2258,3.9128
2020-06-10 12:12:00,4.0663,4.228,3.9047
2020-06-10 12:11:00,4.064,4.2299,3.8981
2020-06-10 12:10:00,4.0607,4.2308,3.8906
2020-06-10 12:09:00,4.0567,4.2285,3.8848
2020-06-10 12:08:00,4.0527,4.2257,3.8797
2020-06-10 12:07:00,4.0489,4.2223,3.8754
2020-06-10 12:06:00,4.0447,4.2173,3.8721
2020-06-10 12:05:00,4.0407,4.2127,3.8686
2020-06-10 12:04:00,4.036,4.2045,3.8675
2020-06-10 12:03:00,4.0315,4.1949,3.868
2020-06-10 12:02:00,4.0273,4.185,3.8696
2020-06-10 12:01:00,4.0238,4.1761,3.8715
2020-06-10 12:00:00,4.0208,4.1701,3.8715
2020-06-10 11:59:00,4.017,4.1604,3.8735
2020-06-10 11:58:00,4.013,4.1481,3.8779
2020-06-10 11:57:00,4.0083,4.132,3.8846
2020-06-10 11:56:00,4.0034,4.115,3.8918
2020-06-10 11:55:00,3.9989,4.1011,3.8966
2020-06-10 11:54:00,3.9954,4.0966,3.8942
2020-06-10 11:53:00,3.9919,4.0928,3.8909
2020-06-10 11:52:00,3.9887,4.0891,3.8884
2020-06-10 11:51:00,3.9856,4.0849,3.8862
2020-06-10 11:50:00,3.9824,4.0816,3.8832
2020-06-10 11:49:00,3.9803,4.0802,3.8803
2020-06-10 11:48:00,3.9786,4.0799,3.8773
2020-06-10 11:47:00,3.9768,4.0797,3.8738
2020-06-10 11:46:00,3.9758,4.0781,3.8734
2020-06-10 11:45:00,3.9749,4.0769,3.8729
2020-06-10 11:44:00,3.9743,4.0758,3.8727
2020-06-10 11:43:00,3.9736,4.0745,3.8727
2020-06-10 11:42:00,3.9726,4.073,3.8723
2020-06-10 11:41:00,3.9724,4.0725,3.8724
2020-06-10 11:40:00,3.9725,4.0727,3.8723
2020-06-10 11:39:00,3.9722,4.0722,3.8722
2020-06-10 11:38:00,3.972,4.0719,3.8722
2020-06-10 11:37:00,3.9701,4.0722,3.868
2020-06-10 11:36:00,3.9676,4.071,3.8642
2020-06-10 11:35:00,3.9653,4.0694,3.8613
2020-06-10 11:34:00,3.9627,4.0681,3.8572
2020-06-10 11:33:00,3.9598,4.066,3.8536
2020-06-10 11:32:00,3.956,4.0696,3.8424
2020-06-10 11:31:00,3.9538,4.0671,3.8405
2020-06-10 11:30:00,3.951,4.0656,3.8364
2020-06-10 11:29:00,3.9472,4.0649,3.8294
2020-06-10 11:28:00,3.9442,4.0638,3.8247
2020-06-10 11:27:00,3.941,4.0632,3.8187
2020-06-10 11:26:00,3.9394,4.0621,3.8168
2020-06-10 11:25:00,3.9376,4.061,3.8141
2020-06-10 11:24:00,3.9352,4.0614,3.8091
2020-06-10 11:23:00,3.9332,4.0584,3.8081
2020-06-10 11:22:00,3.9299,4.0563,3.8035
2020-06-10 11:21:00,3.9274,4.0493,3.8055
2020-06-10 11:20:00,3.9246,4.0428,3.8064
2020-06-10 11:19:00,3.9232,4.0375,3.8088
2020-06-10 11:18:00,3.9219,4.0322,3.8116
2020-06-10 11:17:00,3.9204,4.0261,3.8148
2020-06-10 11:16:00,3.9206,4.0269,3.8143
2020-06-10 11:15:00,3.9191,4.0222,3.8159
2020-06-10 11:14:00,3.9181,4.0204,3.8159
2020-06-10 11:13:00,3.9184,4.0207,3.8161
2020-06-10 11:12:00,3.9182,4.0207,3.8158
2020-06-10 11:11:00,3.9161,4.0237,3.8085
2020-06-10 11:10:00,3.9161,4.0237,3.8086
2020-06-10 11:09:00,3.9188,4.0343,3.8033
2020-06-10 11:08:00,3.9219,4.0474,3.7964
2020-06-10 11:07:00,3.9251,4.0605,3.7897
2020-06-10 11:06:00,3.9284,4.0736,3.7832
2020-06-10 11:05:00,3.932,4.0869,3.777
2020-06-10 11:04:00,3.936,4.1025,3.7694
2020-06-10 11:03:00,3.9389,4.1119,3.7658
2020-06-10 11:02:00,3.9413,4.1194,3.7631
2020-06-10 11:01:00,3.9439,4.1286,3.7592
2020-06-10 11:00:00,3.947,4.1398,3.7543
2020-06-10 10:59:00,3.9495,4.1467,3.7524
2020-06-10 10:58:00,3.9533,4.1602,3.7464
2020-06-10 10:57:00,3.9558,4.166,3.7456
2020-06-10 10:56:00,3.9604,4.1799,3.7408
2020-06-10 10:55:00,3.9667,4.2025,3.7309
2020-06-10 10:54:00,3.9737,4.2255,3.7219
2020-06-10 10:53:00,3.9815,4.251,3.712
2020-06-10 10:52:00,3.9898,4.279,3.7007
2020-06-10 10:51:00,3.9977,4.3017,3.6936
2020-06-10 10:50:00,4.0067,4.3289,3.6844
2020-06-10 10:49:00,4.0143,4.3486,3.68
2020-06-10 10:48:00,4.0215,4.3649,3.6782
2020-06-10 10:47:00,4.029,4.381,3.6771
2020-06-10 10:46:00,4.0359,4.398,3.6737
2020-06-10 10:45:00,4.0435,4.4182,3.6688
2020-06-10 10:44:00,4.0515,4.4398,3.6631
2020-06-10 10:43:00,4.0596,4.462,3.6573
2020-06-10 10:42:00,4.068,4.4823,3.6538
2020-06-10 10:41:00,4.076,4.5038,3.6483
2020-06-10 10:40:00,4.0824,4.5182,3.6467
2020-06-10 10:39:00,4.0889,4.53,3.6479
2020-06-10 10:38:00,4.0958,4.5431,3.6484
2020-06-10 10:37:00,4.1035,4.5521,3.655
2020-06-10 10:36:00,4.113,4.5664,3.6597
2020-06-10 10:35:00,4.1242,4.5879,3.6605
2020-06-10 10:34:00,4.1359,4.6085,3.6632
2020-06-10 10:33:00,4.1475,4.6279,3.6672
2020-06-10 10:32:00,4.1599,4.6409,3.6788
2020-06-10 10:31:00,4.17,4.6535,3.6864
