date,1. open,2. high,3. low,4. close,5. volume
2020-06-15 16:00:00,4.03,4.1,4.03,4.04,210053.0
2020-06-15 15:59:00,4.085,4.085,4.02,4.03,106939.0
2020-06-15 15:58:00,4.08,4.09,4.07,4.0801,50875.0
2020-06-15 15:57:00,4.07,4.08,4.045,4.07,105549.0
2020-06-15 15:56:00,4.072,4.09,4.05,4.075,84157.0
2020-06-15 15:55:00,4.09,4.09,4.05,4.08,91266.0
2020-06-15 15:54:00,4.07,4.09,4.0502,4.0899,55596.0
2020-06-15 15:53:00,4.035,4.08,4.035,4.0668,65777.0
2020-06-15 15:52:00,4.02,4.04,4.01,4.037,31104.0
2020-06-15 15:51:00,4.0101,4.04,4.0,4.01,56904.0
2020-06-15 15:50:00,4.03,4.04,4.01,4.0119,30524.0
2020-06-15 15:49:00,4.03,4.04,4.01,4.025,24663.0
2020-06-15 15:48:00,4.01,4.07,4.005,4.04,67786.0
2020-06-15 15:47:00,4.0151,4.02,4.0,4.0001,39078.0
2020-06-15 15:46:00,4.03,4.04,4.005,4.02,48885.0
2020-06-15 15:45:00,4.03,4.04,4.0201,4.03,30690.0
2020-06-15 15:44:00,4.0,4.03,4.0,4.03,53344.0
2020-06-15 15:43:00,4.0161,4.02,4.0,4.0,19867.0
2020-06-15 15:42:00,3.9904,4.02,3.99,4.02,26493.0
2020-06-15 15:41:00,4.0099,4.0099,3.99,3.995,26873.0
2020-06-15 15:40:00,3.9953,4.01,3.99,4.0,19755.0
2020-06-15 15:39:00,3.98,4.01,3.97,3.99,63575.0
2020-06-15 15:38:00,3.98,4.0,3.97,3.98,21800.0
2020-06-15 15:37:00,3.98,3.9901,3.9798,3.9802,22883.0
2020-06-15 15:36:00,3.9801,4.0,3.97,3.9701,39343.0
2020-06-15 15:35:00,3.99,4.0,3.97,3.9896,54074.0
2020-06-15 15:34:00,3.985,3.99,3.97,3.99,42862.0
2020-06-15 15:33:00,3.99,3.9901,3.97,3.99,31212.0
2020-06-15 15:32:00,3.975,3.995,3.97,3.99,35019.0
2020-06-15 15:31:00,3.98,3.985,3.97,3.98,13602.0
2020-06-15 15:30:00,3.98,3.98,3.96,3.9701,16679.0
2020-06-15 15:29:00,3.9838,4.0,3.97,3.97,31648.0
2020-06-15 15:28:00,4.015,4.02,3.97,3.99,32130.0
2020-06-15 15:27:00,4.01,4.025,4.0,4.01,6214.0
2020-06-15 15:26:00,4.0003,4.02,4.0,4.01,12720.0
2020-06-15 15:25:00,3.99,4.01,3.99,4.008,5203.0
2020-06-15 15:24:00,4.03,4.03,3.985,3.99,56172.0
2020-06-15 15:23:00,4.04,4.04,4.02,4.025,27993.0
2020-06-15 15:22:00,4.025,4.04,4.025,4.035,14681.0
2020-06-15 15:21:00,4.025,4.05,4.02,4.03,76092.0
2020-06-15 15:20:00,4.01,4.03,4.0,4.03,35033.0
2020-06-15 15:19:00,4.025,4.03,4.0,4.0099,61544.0
2020-06-15 15:18:00,4.015,4.03,4.01,4.0201,62874.0
2020-06-15 15:17:00,4.02,4.03,4.01,4.02,32153.0
2020-06-15 15:16:00,4.0,4.02,3.98,4.02,33928.0
2020-06-15 15:15:00,3.985,4.01,3.97,4.0,35340.0
2020-06-15 15:14:00,3.975,3.99,3.96,3.99,14244.0
2020-06-15 15:13:00,3.96,4.01,3.95,3.9899,102871.0
2020-06-15 15:12:00,3.97,3.98,3.93,3.96,93942.0
2020-06-15 15:11:00,3.97,4.0,3.96,3.97,59528.0
2020-06-15 15:10:00,3.9915,4.0274,3.9668,3.9712,119316.0
2020-06-15 15:09:00,4.0,4.0001,3.9901,3.9967,6968.0
2020-06-15 15:08:00,3.9801,4.01,3.9801,4.0035,26881.0
2020-06-15 15:07:00,4.0101,4.03,3.98,3.99,19812.0
2020-06-15 15:06:00,4.03,4.03,4.01,4.016,45228.0
2020-06-15 15:05:00,4.03,4.04,4.0,4.0217,17283.0
2020-06-15 15:04:00,3.99,4.04,3.9899,4.03,147315.0
2020-06-15 15:03:00,4.0,4.0,3.98,3.98,33695.0
2020-06-15 15:02:00,3.9899,4.0,3.97,4.0,19639.0
2020-06-15 15:01:00,3.9964,4.01,3.97,3.984,60886.0
2020-06-15 15:00:00,3.99,4.01,3.97,3.99,38722.0
2020-06-15 14:59:00,4.0098,4.01,3.98,3.98,30333.0
2020-06-15 14:58:00,3.96,4.02,3.96,4.0,171947.0
2020-06-15 14:57:00,4.01,4.02,3.95,3.95,31331.0
2020-06-15 14:56:00,4.0058,4.0515,3.971,4.0107,122672.0
2020-06-15 14:55:00,4.03,4.0523,4.0,4.01,100310.0
2020-06-15 14:54:00,4.0099,4.04,4.0099,4.03,81942.0
2020-06-15 14:53:00,3.995,4.035,3.995,4.0054,81883.0
2020-06-15 14:52:00,3.97,4.04,3.97,3.99,151010.0
2020-06-15 14:51:00,3.9,3.98,3.9,3.98,241434.0
2020-06-15 14:50:00,3.9713,4.0086,3.8774,3.9013,331330.0
2020-06-15 14:49:00,4.04,4.05,3.96,3.98,280120.0
2020-06-15 14:48:00,4.04,4.09,4.04,4.04,84133.0
2020-06-15 14:47:00,4.03,4.08,4.02,4.05,66813.0
2020-06-15 14:46:00,4.08,4.09,4.01,4.0299,143517.0
2020-06-15 14:45:00,4.0999,4.0999,4.07,4.08,55118.0
2020-06-15 14:44:00,4.105,4.11,4.09,4.0985,23431.0
2020-06-15 14:43:00,4.0901,4.13,4.09,4.1075,33429.0
2020-06-15 14:42:00,4.1199,4.12,4.08,4.0935,35303.0
2020-06-15 14:41:00,4.1,4.12,4.07,4.12,71903.0
2020-06-15 14:40:00,4.09,4.11,4.08,4.1001,26076.0
2020-06-15 14:39:00,4.095,4.13,4.08,4.08,31554.0
2020-06-15 14:38:00,4.12,4.13,4.09,4.0901,38028.0
2020-06-15 14:37:00,4.13,4.13,4.1,4.12,26310.0
2020-06-15 14:36:00,4.095,4.13,4.08,4.12,14834.0
2020-06-15 14:35:00,4.1201,4.1201,4.08,4.095,41127.0
2020-06-15 14:34:00,4.08,4.14,4.08,4.14,69682.0
2020-06-15 14:33:00,4.115,4.115,4.07,4.08,108426.0
2020-06-15 14:32:00,4.15,4.15,4.11,4.11,72276.0
2020-06-15 14:31:00,4.17,4.17,4.15,4.1699,2851.0
2020-06-15 14:30:00,4.16,4.17,4.14,4.16,34122.0
2020-06-15 14:29:00,4.17,4.17,4.15,4.16,7526.0
2020-06-15 14:28:00,4.165,4.17,4.1599,4.1599,22047.0
2020-06-15 14:27:00,4.21,4.21,4.167,4.17,46013.0
2020-06-15 14:26:00,4.1765,4.22,4.17,4.22,51668.0
2020-06-15 14:25:00,4.15,4.18,4.15,4.175,30907.0
2020-06-15 14:24:00,4.16,4.17,4.14,4.1599,19435.0
2020-06-15 14:23:00,4.18,4.18,4.15,4.15,17311.0
2020-06-15 14:22:00,4.1899,4.19,4.17,4.18,30182.0
2020-06-15 14:21:00,4.165,4.19,4.16,4.18,17151.0
2020-06-15 14:20:00,4.15,4.17,4.125,4.165,29519.0
2020-06-15 14:19:00,4.1486,4.155,4.14,4.145,23084.0
2020-06-15 14:18:00,4.17,4.17,4.1401,4.1401,23538.0
2020-06-15 14:17:00,4.153,4.18,4.14,4.17,46880.0
2020-06-15 14:16:00,4.15,4.18,4.14,4.17,56213.0
2020-06-15 14:15:00,4.165,4.17,4.15,4.15,29406.0
2020-06-15 14:14:00,4.1657,4.18,4.16,4.1699,7349.0
2020-06-15 14:13:00,4.17,4.19,4.16,4.1601,50589.0
2020-06-15 14:12:00,4.18,4.1899,4.15,4.17,50611.0
2020-06-15 14:11:00,4.2099,4.21,4.18,4.19,21837.0
2020-06-15 14:10:00,4.18,4.23,4.18,4.2,25179.0
2020-06-15 14:09:00,4.18,4.1998,4.1684,4.18,36632.0
2020-06-15 14:08:00,4.21,4.24,4.18,4.1801,29154.0
2020-06-15 14:07:00,4.25,4.26,4.18,4.21,58780.0
2020-06-15 14:06:00,4.23,4.27,4.22,4.2501,101446.0
2020-06-15 14:05:00,4.215,4.25,4.21,4.22,59682.0
2020-06-15 14:04:00,4.21,4.23,4.21,4.22,48156.0
2020-06-15 14:03:00,4.2182,4.23,4.1801,4.2,46824.0
2020-06-15 14:02:00,4.165,4.24,4.165,4.2299,91735.0
2020-06-15 14:01:00,4.1599,4.17,4.14,4.17,55678.0
2020-06-15 14:00:00,4.15,4.16,4.13,4.15,17117.0
2020-06-15 13:59:00,4.14,4.17,4.14,4.143,26499.0
2020-06-15 13:58:00,4.17,4.17,4.12,4.1385,14699.0
2020-06-15 13:57:00,4.15,4.18,4.13,4.1603,29179.0
2020-06-15 13:56:00,4.16,4.16,4.13,4.15,52453.0
2020-06-15 13:55:00,4.17,4.18,4.14,4.15,86527.0
2020-06-15 13:54:00,4.12,4.17,4.11,4.17,109294.0
2020-06-15 13:53:00,4.1,4.12,4.1,4.1199,36038.0
2020-06-15 13:52:00,4.08,4.1,4.07,4.095,40330.0
2020-06-15 13:51:00,4.09,4.1,4.06,4.08,105757.0
2020-06-15 13:50:00,4.11,4.12,4.08,4.0899,45497.0
2020-06-15 13:49:00,4.11,4.11,4.1,4.1001,47704.0
2020-06-15 13:48:00,4.1002,4.13,4.1,4.1098,25316.0
2020-06-15 13:47:00,4.1,4.12,4.1,4.11,56196.0
2020-06-15 13:46:00,4.115,4.12,4.07,4.1029,88475.0
2020-06-15 13:45:00,4.1213,4.1705,4.1099,4.1212,111082.0
2020-06-15 13:44:00,4.16,4.17,4.12,4.12,114200.0
2020-06-15 13:43:00,4.145,4.18,4.1301,4.165,65711.0
2020-06-15 13:42:00,4.165,4.17,4.12,4.1501,135036.0
2020-06-15 13:41:00,4.195,4.2,4.16,4.165,74851.0
2020-06-15 13:40:00,4.1001,4.2,4.1,4.2,224921.0
2020-06-15 13:39:00,4.195,4.195,4.1,4.1,399012.0
2020-06-15 13:38:00,4.24,4.25,4.19,4.19,148261.0
2020-06-15 13:37:00,4.22,4.25,4.21,4.235,95381.0
2020-06-15 13:36:00,4.23,4.24,4.2,4.22,84495.0
2020-06-15 13:35:00,4.27,4.27,4.22,4.22,80694.0
2020-06-15 13:34:00,4.25,4.29,4.24,4.25,79158.0
2020-06-15 13:33:00,4.2718,4.29,4.24,4.27,98021.0
2020-06-15 13:32:00,4.265,4.275,4.23,4.27,74847.0
2020-06-15 13:31:00,4.299,4.3,4.25,4.26,81422.0
2020-06-15 13:30:00,4.27,4.32,4.2636,4.3,94195.0
2020-06-15 13:29:00,4.2577,4.275,4.24,4.275,65957.0
2020-06-15 13:28:00,4.2699,4.2699,4.24,4.26,70798.0
2020-06-15 13:27:00,4.26,4.2699,4.23,4.268,70721.0
2020-06-15 13:26:00,4.2401,4.28,4.22,4.25,158987.0
2020-06-15 13:25:00,4.28,4.29,4.22,4.2399,147674.0
2020-06-15 13:24:00,4.285,4.31,4.26,4.28,145099.0
2020-06-15 13:23:00,4.33,4.35,4.27,4.28,135403.0
2020-06-15 13:22:00,4.34,4.35,4.31,4.35,76748.0
2020-06-15 13:21:00,4.3236,4.4009,4.3201,4.3315,174666.0
2020-06-15 13:20:00,4.35,4.37,4.31,4.311,176614.0
2020-06-15 13:19:00,4.38,4.39,4.31,4.3431,225049.0
2020-06-15 13:18:00,4.37,4.38,4.34,4.3759,185978.0
2020-06-15 13:17:00,4.2908,4.37,4.2908,4.369,293799.0
2020-06-15 13:16:00,4.281,4.33,4.2701,4.3,209911.0
2020-06-15 13:15:00,4.2499,4.28,4.24,4.28,132760.0
2020-06-15 13:14:00,4.275,4.29,4.24,4.2472,186741.0
2020-06-15 13:13:00,4.2499,4.28,4.24,4.2799,243768.0
2020-06-15 13:12:00,4.235,4.25,4.22,4.249,133448.0
2020-06-15 13:11:00,4.22,4.24,4.21,4.23,123930.0
2020-06-15 13:10:00,4.19,4.2161,4.1899,4.2101,94651.0
2020-06-15 13:09:00,4.177,4.187,4.17,4.185,51468.0
2020-06-15 13:08:00,4.17,4.18,4.16,4.17,35221.0
2020-06-15 13:07:00,4.175,4.19,4.15,4.17,84118.0
2020-06-15 13:06:00,4.173,4.18,4.16,4.18,15357.0
2020-06-15 13:05:00,4.154,4.19,4.154,4.1798,25076.0
2020-06-15 13:04:00,4.16,4.18,4.14,4.16,87711.0
2020-06-15 13:03:00,4.2,4.2,4.14,4.155,147959.0
2020-06-15 13:02:00,4.1977,4.21,4.19,4.2,73872.0
2020-06-15 13:01:00,4.2,4.2,4.19,4.197,45172.0
2020-06-15 13:00:00,4.19,4.2,4.17,4.2,49727.0
2020-06-15 12:59:00,4.2099,4.21,4.1701,4.1801,124638.0
2020-06-15 12:58:00,4.195,4.21,4.19,4.2,90389.0
2020-06-15 12:57:00,4.185,4.21,4.181,4.19,59690.0
2020-06-15 12:56:00,4.1992,4.21,4.17,4.185,159911.0
2020-06-15 12:55:00,4.18,4.21,4.17,4.195,395049.0
2020-06-15 12:54:00,4.165,4.18,4.15,4.1759,178496.0
2020-06-15 12:53:00,4.165,4.18,4.15,4.17,60440.0
2020-06-15 12:52:00,4.1242,4.18,4.12,4.169,155503.0
2020-06-15 12:51:00,4.13,4.14,4.12,4.1299,23904.0
2020-06-15 12:50:00,4.13,4.14,4.12,4.123,12580.0
2020-06-15 12:49:00,4.13,4.14,4.12,4.13,6546.0
2020-06-15 12:48:00,4.13,4.14,4.12,4.136,14012.0
2020-06-15 12:47:00,4.13,4.14,4.12,4.1263,34025.0
2020-06-15 12:46:00,4.13,4.14,4.13,4.13,21348.0
2020-06-15 12:45:00,4.125,4.14,4.12,4.14,25057.0
2020-06-15 12:44:00,4.125,4.13,4.12,4.13,18083.0
2020-06-15 12:43:00,4.12,4.13,4.11,4.1299,16187.0
2020-06-15 12:42:00,4.115,4.12,4.1,4.1181,37380.0
2020-06-15 12:41:00,4.115,4.13,4.1,4.12,20802.0
2020-06-15 12:40:00,4.1199,4.12,4.1,4.1199,18152.0
2020-06-15 12:39:00,4.1002,4.12,4.1,4.12,16484.0
2020-06-15 12:38:00,4.0901,4.11,4.09,4.1053,16002.0
2020-06-15 12:37:00,4.0902,4.11,4.09,4.095,17977.0
2020-06-15 12:36:00,4.11,4.11,4.09,4.09,21212.0
2020-06-15 12:35:00,4.11,4.12,4.1,4.1079,22539.0
2020-06-15 12:34:00,4.115,4.13,4.11,4.11,18691.0
2020-06-15 12:33:00,4.11,4.13,4.11,4.1199,15846.0
2020-06-15 12:32:00,4.115,4.13,4.11,4.12,29520.0
2020-06-15 12:31:00,4.1115,4.12,4.11,4.12,11665.0
2020-06-15 12:30:00,4.1101,4.12,4.11,4.1101,27766.0
2020-06-15 12:29:00,4.1001,4.12,4.0999,4.1101,25544.0
2020-06-15 12:28:00,4.11,4.12,4.1,4.1001,23090.0
2020-06-15 12:27:00,4.125,4.125,4.08,4.108,64427.0
2020-06-15 12:26:00,4.13,4.14,4.12,4.13,66915.0
2020-06-15 12:25:00,4.1399,4.14,4.12,4.13,24418.0
2020-06-15 12:24:00,4.15,4.15,4.12,4.14,40182.0
2020-06-15 12:23:00,4.1452,4.16,4.135,4.1429,18610.0
2020-06-15 12:22:00,4.143,4.16,4.13,4.1499,54128.0
2020-06-15 12:21:00,4.13,4.15,4.1299,4.15,25664.0
2020-06-15 12:20:00,4.145,4.1598,4.12,4.1299,64934.0
2020-06-15 12:19:00,4.15,4.16,4.14,4.15,50677.0
2020-06-15 12:18:00,4.15,4.15,4.13,4.14,45043.0
2020-06-15 12:17:00,4.15,4.15,4.125,4.15,47715.0
2020-06-15 12:16:00,4.13,4.17,4.1201,4.15,204476.0
2020-06-15 12:15:00,4.1199,4.13,4.1153,4.125,24922.0
2020-06-15 12:14:00,4.11,4.12,4.1,4.12,23212.0
2020-06-15 12:13:00,4.11,4.13,4.1,4.1299,23939.0
2020-06-15 12:12:00,4.1058,4.1726,4.092,4.0958,151054.0
2020-06-15 12:11:00,4.08,4.105,4.07,4.1001,21424.0
2020-06-15 12:10:00,4.0601,4.09,4.0598,4.08,25515.0
2020-06-15 12:09:00,4.1,4.11,4.06,4.069,75573.0
2020-06-15 12:08:00,4.12,4.12,4.09,4.1001,20771.0
2020-06-15 12:07:00,4.1021,4.12,4.09,4.0975,42857.0
2020-06-15 12:06:00,4.1001,4.12,4.0966,4.1,30767.0
2020-06-15 12:05:00,4.105,4.1244,4.09,4.1039,59825.0
2020-06-15 12:04:00,4.115,4.14,4.1,4.1082,139417.0
2020-06-15 12:03:00,4.115,4.12,4.1099,4.11,21363.0
2020-06-15 12:02:00,4.0939,4.12,4.0939,4.1198,26112.0
2020-06-15 12:01:00,4.1088,4.12,4.09,4.0998,43940.0
2020-06-15 12:00:00,4.11,4.12,4.1,4.11,42233.0
2020-06-15 11:59:00,4.0901,4.12,4.0901,4.1001,21743.0
2020-06-15 11:58:00,4.12,4.12,4.09,4.1,29204.0
2020-06-15 11:57:00,4.1,4.13,4.1,4.115,65590.0
2020-06-15 11:56:00,4.0874,4.1,4.08,4.1,26597.0
2020-06-15 11:55:00,4.11,4.11,4.07,4.08,43444.0
2020-06-15 11:54:00,4.09,4.12,4.08,4.1,39568.0
2020-06-15 11:53:00,4.095,4.12,4.09,4.09,39750.0
2020-06-15 11:52:00,4.085,4.11,4.075,4.11,35263.0
2020-06-15 11:51:00,4.11,4.1122,4.05,4.07,44113.0
2020-06-15 11:50:00,4.1015,4.1586,4.0877,4.1114,105016.0
2020-06-15 11:49:00,4.11,4.11,4.09,4.1,49649.0
2020-06-15 11:48:00,4.1201,4.1346,4.1,4.1001,45849.0
2020-06-15 11:47:00,4.13,4.18,4.1,4.13,165132.0
2020-06-15 11:46:00,4.14,4.15,4.13,4.14,76954.0
2020-06-15 11:45:00,4.1401,4.16,4.12,4.14,57028.0
2020-06-15 11:44:00,4.12,4.16,4.11,4.14,78071.0
2020-06-15 11:43:00,4.1418,4.16,4.11,4.1399,137904.0
2020-06-15 11:42:00,4.1358,4.16,4.13,4.15,118844.0
2020-06-15 11:41:00,4.12,4.15,4.11,4.14,74760.0
2020-06-15 11:40:00,4.12,4.12,4.11,4.12,35508.0
2020-06-15 11:39:00,4.1,4.13,4.08,4.12,55044.0
2020-06-15 11:38:00,4.0998,4.11,4.08,4.08,26995.0
2020-06-15 11:37:00,4.09,4.11,4.08,4.095,82937.0
2020-06-15 11:36:00,4.09,4.1,4.08,4.0847,22100.0
2020-06-15 11:35:00,4.1,4.11,4.08,4.1,20322.0
2020-06-15 11:34:00,4.11,4.11,4.08,4.09,55476.0
2020-06-15 11:33:00,4.09,4.12,4.07,4.12,26357.0
2020-06-15 11:32:00,4.1,4.12,4.07,4.0999,74266.0
2020-06-15 11:31:00,4.12,4.12,4.0902,4.0973,49508.0
2020-06-15 11:30:00,4.0901,4.13,4.0901,4.1199,100876.0
2020-06-15 11:29:00,4.1109,4.1705,4.0998,4.1013,86263.0
2020-06-15 11:28:00,4.1199,4.14,4.1,4.11,70876.0
2020-06-15 11:27:00,4.1267,4.1798,4.1192,4.1217,66612.0
2020-06-15 11:26:00,4.08,4.14,4.0685,4.13,124339.0
2020-06-15 11:25:00,4.0678,4.09,4.06,4.0819,30732.0
2020-06-15 11:24:00,4.04,4.08,4.03,4.0699,56179.0
2020-06-15 11:23:00,4.0638,4.08,4.03,4.0399,42016.0
2020-06-15 11:22:00,4.08,4.09,4.05,4.065,72607.0
2020-06-15 11:21:00,4.05,4.08,4.04,4.075,51873.0
2020-06-15 11:20:00,4.04,4.06,4.03,4.051,62078.0
2020-06-15 11:19:00,4.071,4.071,4.03,4.045,69660.0
2020-06-15 11:18:00,4.08,4.1,4.06,4.074,81197.0
2020-06-15 11:17:00,4.08,4.11,4.0702,4.0702,86450.0
2020-06-15 11:16:00,4.123,4.13,4.07,4.09,102888.0
2020-06-15 11:15:00,4.1414,4.1785,4.1179,4.1265,167529.0
2020-06-15 11:14:00,4.11,4.165,4.1,4.14,321834.0
2020-06-15 11:13:00,4.095,4.12,4.07,4.1,386584.0
2020-06-15 11:12:00,4.035,4.11,4.03,4.09,365997.0
2020-06-15 11:11:00,4.06,4.07,4.03,4.0301,115251.0
2020-06-15 11:10:00,4.01,4.07,4.01,4.06,292771.0
2020-06-15 11:09:00,4.0,4.05,3.9928,4.015,142189.0
2020-06-15 11:08:00,3.97,4.0,3.97,3.9998,48536.0
2020-06-15 11:07:00,4.0,4.0,3.96,3.9739,65262.0
2020-06-15 11:06:00,4.01,4.02,3.99,4.0,49626.0
2020-06-15 11:05:00,3.9601,4.02,3.96,4.02,130718.0
2020-06-15 11:04:00,3.9598,3.98,3.9598,3.97,31773.0
2020-06-15 11:03:00,3.9499,3.97,3.94,3.9581,37606.0
2020-06-15 11:02:00,3.94,3.95,3.93,3.95,41111.0
2020-06-15 11:01:00,3.9496,3.97,3.9298,3.9499,67467.0
2020-06-15 11:00:00,3.92,3.95,3.9,3.94,142538.0
2020-06-15 10:59:00,3.9739,3.975,3.92,3.92,78711.0
2020-06-15 10:58:00,3.97,3.98,3.96,3.98,44058.0
2020-06-15 10:57:00,3.9899,3.99,3.97,3.9701,39105.0
2020-06-15 10:56:00,4.0116,4.0484,3.9777,3.9817,168273.0
2020-06-15 10:55:00,4.03,4.03,4.01,4.01,67669.0
2020-06-15 10:54:00,4.0403,4.05,4.01,4.03,55982.0
2020-06-15 10:53:00,4.0399,4.05,4.01,4.05,47884.0
2020-06-15 10:52:00,4.0497,4.05,4.0201,4.04,40072.0
2020-06-15 10:51:00,4.0239,4.04,4.02,4.04,56878.0
2020-06-15 10:50:00,4.032,4.05,4.02,4.025,42534.0
2020-06-15 10:49:00,4.04,4.05,4.015,4.03,39428.0
2020-06-15 10:48:00,4.04,4.07,4.02,4.04,71144.0
2020-06-15 10:47:00,4.015,4.05,4.01,4.03,221900.0
2020-06-15 10:45:00,4.02,4.05,4.02,4.05,158462.0
2020-06-15 10:44:00,3.98,4.03,3.98,4.02,114659.0
2020-06-15 10:43:00,3.98,4.0,3.98,3.99,17895.0
2020-06-15 10:42:00,3.9801,4.0,3.97,3.9821,50833.0
2020-06-15 10:41:00,3.96,4.0,3.96,3.982,72072.0
2020-06-15 10:40:00,4.0299,4.03,3.98,3.9907,30288.0
2020-06-15 10:39:00,4.02,4.02,4.02,4.02,48469.0
2020-06-15 10:38:00,3.995,4.0299,3.9801,4.025,410354.0
2020-06-15 10:36:00,3.9939,4.01,3.95,3.9598,79799.0
2020-06-15 10:35:00,3.97,4.01,3.96,4.01,81334.0
2020-06-15 10:34:00,4.0,4.02,3.96,3.98,126902.0
2020-06-15 10:33:00,3.99,4.02,3.98,3.996,109451.0
2020-06-15 10:32:00,3.9664,4.02,3.9601,4.0,170821.0
2020-06-15 10:31:00,4.06,4.08,3.95,3.97,312891.0
2020-06-15 10:30:00,4.09,4.12,4.04,4.04,433166.0
2020-06-15 10:29:00,4.1467,4.1898,4.0484,4.0813,337213.0
2020-06-15 10:28:00,3.98,4.15,3.98,4.15,550344.0
2020-06-15 10:27:00,3.9652,3.99,3.9599,3.99,73763.0
2020-06-15 10:26:00,3.9301,3.97,3.93,3.97,67679.0
2020-06-15 10:25:00,3.93,3.95,3.92,3.94,70453.0
2020-06-15 10:24:00,3.94,3.94,3.92,3.9315,57683.0
2020-06-15 10:23:00,3.9401,3.96,3.94,3.94,53331.0
2020-06-15 10:22:00,3.94,3.97,3.91,3.94,102903.0
2020-06-15 10:21:00,3.98,3.98,3.93,3.9499,117617.0
2020-06-15 10:20:00,3.98,4.01,3.955,3.98,258305.0
2020-06-15 10:19:00,3.99,4.01,3.97,3.9899,192219.0
2020-06-15 10:18:00,3.9838,4.0,3.96,4.0,158951.0
2020-06-15 10:17:00,4.0007,4.0447,3.9439,3.9806,412737.0
2020-06-15 10:16:00,3.94,4.0,3.93,4.0,513779.0
2020-06-15 10:15:00,3.9515,4.0274,3.9365,3.9415,462581.0
2020-06-15 10:14:00,3.9607,3.9912,3.9408,3.9607,206505.0
2020-06-15 10:13:00,3.91,3.9599,3.89,3.95,257833.0
2020-06-15 10:12:00,3.79,3.9689,3.79,3.91,605509.0
2020-06-15 10:11:00,3.785,3.81,3.775,3.7882,57264.0
2020-06-15 10:10:00,3.7662,3.8,3.7601,3.79,76270.0
2020-06-15 10:09:00,3.7301,3.78,3.73,3.765,82875.0
2020-06-15 10:08:00,3.731,3.74,3.72,3.74,24821.0
2020-06-15 10:07:00,3.71,3.76,3.68,3.735,94847.0
2020-06-15 10:06:00,3.74,3.74,3.7,3.7072,26381.0
2020-06-15 10:05:00,3.72,3.74,3.71,3.74,51961.0
2020-06-15 10:04:00,3.7,3.73,3.7,3.727,42403.0
2020-06-15 10:03:00,3.7,3.73,3.69,3.71,46459.0
2020-06-15 10:02:00,3.69,3.73,3.68,3.72,44075.0
2020-06-15 10:01:00,3.7115,3.7758,3.6952,3.7115,84384.0
2020-06-15 10:00:00,3.72,3.72,3.66,3.68,147599.0
2020-06-15 09:59:00,3.72,3.75,3.7,3.71,127336.0
2020-06-15 09:58:00,3.73,3.75,3.71,3.7202,33902.0
2020-06-15 09:57:00,3.74,3.75,3.72,3.7389,32455.0
2020-06-15 09:56:00,3.74,3.74,3.71,3.7216,38444.0
2020-06-15 09:55:00,3.745,3.76,3.73,3.7336,29415.0
2020-06-15 09:54:00,3.75,3.76,3.72,3.7401,53986.0
2020-06-15 09:53:00,3.76,3.79,3.73,3.74,73260.0
2020-06-15 09:52:00,3.77,3.7823,3.76,3.7799,31722.0
2020-06-15 09:51:00,3.7601,3.78,3.74,3.7789,25367.0
2020-06-15 09:50:00,3.8,3.82,3.742,3.742,81460.0
2020-06-15 09:49:00,3.781,3.8,3.76,3.78,46088.0
2020-06-15 09:48:00,3.81,3.82,3.76,3.78,85678.0
2020-06-15 09:47:00,3.829,3.85,3.8,3.8001,42072.0
2020-06-15 09:46:00,3.8606,3.9035,3.8037,3.8446,81894.0
2020-06-15 09:45:00,3.79,3.88,3.78,3.84,141574.0
2020-06-15 09:44:00,3.86,3.87,3.76,3.79,159800.0
2020-06-15 09:43:00,3.7686,3.86,3.7501,3.86,173719.0
2020-06-15 09:42:00,3.7218,3.78,3.72,3.77,89490.0
2020-06-15 09:41:00,3.75,3.79,3.73,3.73,109968.0
2020-06-15 09:40:00,3.7511,3.7969,3.7464,3.7592,58346.0
2020-06-15 09:39:00,3.7099,3.76,3.7,3.75,115549.0
2020-06-15 09:38:00,3.69,3.7299,3.67,3.705,87580.0
2020-06-15 09:37:00,3.66,3.7,3.6401,3.69,64600.0
2020-06-15 09:36:00,3.58,3.68,3.56,3.63,129029.0
2020-06-15 09:35:00,3.65,3.67,3.58,3.585,101178.0
2020-06-15 09:34:00,3.68,3.69,3.64,3.64,158539.0
2020-06-15 09:33:00,3.622,3.65,3.6,3.625,144183.0
2020-06-15 09:32:00,3.535,3.57,3.53,3.57,25813.0
2020-06-15 09:31:00,3.65,3.65,3.53,3.536,1068589.0
2020-06-12 16:00:00,3.89,3.91,3.89,3.9,168782.0
2020-06-12 15:59:00,3.895,3.9,3.875,3.89,135279.0
2020-06-12 15:58:00,3.895,3.9,3.88,3.9,132866.0
2020-06-12 15:57:00,3.899,3.9,3.89,3.9,60976.0
2020-06-12 15:56:00,3.905,3.92,3.89,3.8901,94225.0
2020-06-12 15:55:00,3.93,3.93,3.89,3.9099,150421.0
2020-06-12 15:54:00,3.94,3.94,3.92,3.921,77149.0
2020-06-12 15:53:00,3.93,3.94,3.92,3.9301,110416.0
2020-06-12 15:52:00,3.9,3.94,3.9,3.9323,97608.0
2020-06-12 15:51:00,3.9,3.91,3.89,3.91,189555.0
2020-06-12 15:50:00,3.895,3.9,3.89,3.895,58713.0
2020-06-12 15:49:00,3.881,3.9,3.88,3.8975,90988.0
2020-06-12 15:48:00,3.8933,3.91,3.89,3.89,97270.0
2020-06-12 15:47:00,3.895,3.9001,3.89,3.8969,77782.0
2020-06-12 15:46:00,3.89,3.9,3.89,3.895,42856.0
2020-06-12 15:45:00,3.895,3.905,3.89,3.895,120120.0
2020-06-12 15:44:00,3.891,3.91,3.89,3.9,144795.0
2020-06-12 15:43:00,3.89,3.9,3.88,3.9,42578.0
2020-06-12 15:42:00,3.8901,3.9,3.88,3.885,60801.0
2020-06-12 15:41:00,3.89,3.9,3.88,3.899,63180.0
2020-06-12 15:40:00,3.865,3.89,3.8608,3.88,74159.0
2020-06-12 15:39:00,3.85,3.87,3.84,3.869,88178.0
2020-06-12 15:38:00,3.84,3.85,3.8301,3.845,35430.0
2020-06-12 15:37:00,3.83,3.84,3.82,3.8347,16193.0
2020-06-12 15:36:00,3.8201,3.84,3.82,3.8201,35500.0
2020-06-12 15:35:00,3.84,3.84,3.8201,3.8299,17510.0
2020-06-12 15:34:00,3.8199,3.84,3.81,3.831,66942.0
2020-06-12 15:33:00,3.815,3.82,3.8,3.8102,33316.0
2020-06-12 15:32:00,3.815,3.82,3.81,3.815,10975.0
2020-06-12 15:31:00,3.81,3.82,3.8002,3.8199,66266.0
2020-06-12 15:30:00,3.8001,3.81,3.8,3.809,34181.0
2020-06-12 15:29:00,3.8076,3.81,3.8,3.8001,24588.0
2020-06-12 15:28:00,3.8201,3.829,3.8,3.809,72742.0
2020-06-12 15:27:00,3.8301,3.84,3.83,3.8301,39202.0
2020-06-12 15:26:00,3.8443,3.85,3.83,3.8362,125708.0
2020-06-12 15:25:00,3.845,3.85,3.8338,3.845,69172.0
2020-06-12 15:24:00,3.825,3.84,3.82,3.84,34895.0
2020-06-12 15:23:00,3.8299,3.83,3.82,3.829,56025.0
2020-06-12 15:22:00,3.8066,3.83,3.8,3.82,59441.0
2020-06-12 15:21:00,3.81,3.81,3.8,3.8067,20564.0
2020-06-12 15:20:00,3.8099,3.81,3.8,3.8053,40907.0
2020-06-12 15:19:00,3.8016,3.81,3.8,3.805,23008.0
2020-06-12 15:18:00,3.805,3.81,3.8,3.805,54445.0
2020-06-12 15:17:00,3.81,3.81,3.8035,3.805,33803.0
2020-06-12 15:16:00,3.795,3.81,3.792,3.805,137552.0
2020-06-12 15:15:00,3.795,3.8,3.79,3.795,26213.0
2020-06-12 15:14:00,3.79,3.8,3.79,3.799,14178.0
2020-06-12 15:13:00,3.79,3.79,3.78,3.79,53905.0
2020-06-12 15:12:00,3.7701,3.79,3.7701,3.78,36488.0
2020-06-12 15:11:00,3.7799,3.78,3.76,3.7799,31161.0
2020-06-12 15:10:00,3.78,3.79,3.77,3.77,35541.0
2020-06-12 15:09:00,3.78,3.78,3.7701,3.78,21511.0
2020-06-12 15:08:00,3.785,3.79,3.78,3.787,15566.0
2020-06-12 15:07:00,3.781,3.8,3.78,3.78,30030.0
2020-06-12 15:06:00,3.78,3.79,3.78,3.781,29030.0
2020-06-12 15:05:00,3.78,3.79,3.775,3.78,28011.0
2020-06-12 15:04:00,3.75,3.78,3.7499,3.7799,70143.0
2020-06-12 15:03:00,3.749,3.75,3.74,3.7485,29342.0
2020-06-12 15:02:00,3.7399,3.75,3.735,3.7401,23653.0
2020-06-12 15:01:00,3.735,3.74,3.73,3.7398,32115.0
2020-06-12 15:00:00,3.74,3.75,3.73,3.74,30974.0
2020-06-12 14:59:00,3.7227,3.73,3.72,3.73,12126.0
2020-06-12 14:58:00,3.73,3.74,3.71,3.721,15478.0
2020-06-12 14:57:00,3.73,3.74,3.7101,3.7199,22466.0
2020-06-12 14:56:00,3.7085,3.728,3.705,3.72,6680.0
2020-06-12 14:55:00,3.7267,3.7299,3.7,3.7,10853.0
2020-06-12 14:54:00,3.726,3.73,3.72,3.725,273651.0
2020-06-12 14:53:00,3.74,3.74,3.72,3.73,10713.0
2020-06-12 14:52:00,3.735,3.75,3.73,3.7301,33875.0
2020-06-12 14:51:00,3.7301,3.74,3.73,3.74,26752.0
2020-06-12 14:50:00,3.7328,3.74,3.7328,3.739,5401.0
2020-06-12 14:49:00,3.75,3.75,3.7301,3.7357,15200.0
2020-06-12 14:48:00,3.74,3.75,3.74,3.7466,20280.0
2020-06-12 14:47:00,3.72,3.74,3.72,3.7356,28038.0
2020-06-12 14:46:00,3.715,3.7201,3.71,3.7101,17991.0
2020-06-12 14:45:00,3.7001,3.72,3.7001,3.72,8534.0
2020-06-12 14:44:00,3.691,3.7075,3.69,3.7,14236.0
2020-06-12 14:43:00,3.6947,3.7,3.6901,3.6922,6553.0
2020-06-12 14:42:00,3.69,3.7,3.68,3.7,49636.0
2020-06-12 14:41:00,3.708,3.71,3.68,3.695,69892.0
2020-06-12 14:40:00,3.71,3.71,3.7,3.7025,27678.0
2020-06-12 14:39:00,3.705,3.71,3.7,3.7001,16293.0
2020-06-12 14:38:00,3.715,3.719,3.7,3.701,38285.0
2020-06-12 14:37:00,3.7262,3.73,3.7101,3.7101,10581.0
2020-06-12 14:36:00,3.7182,3.73,3.71,3.729,20100.0
2020-06-12 14:35:00,3.721,3.73,3.71,3.7199,26460.0
2020-06-12 14:34:00,3.725,3.73,3.7201,3.7261,35369.0
2020-06-12 14:33:00,3.705,3.7399,3.705,3.725,72357.0
2020-06-12 14:32:00,3.695,3.7,3.6901,3.7,307994.0
2020-06-12 14:31:00,3.689,3.699,3.689,3.695,20559.0
2020-06-12 14:30:00,3.6766,3.69,3.6766,3.6801,20763.0
2020-06-12 14:29:00,3.68,3.68,3.67,3.6701,10035.0
2020-06-12 14:28:00,3.68,3.69,3.679,3.685,6686.0
2020-06-12 14:27:00,3.7,3.71,3.67,3.67,70980.0
2020-06-12 14:26:00,3.6701,3.7,3.6701,3.695,21183.0
2020-06-12 14:25:00,3.68,3.68,3.66,3.68,4872.0
2020-06-12 14:24:00,3.6601,3.69,3.6601,3.68,4039.0
2020-06-12 14:23:00,3.69,3.69,3.66,3.6744,16526.0
2020-06-12 14:22:00,3.69,3.7,3.68,3.689,8217.0
2020-06-12 14:21:00,3.69,3.7,3.682,3.686,11013.0
2020-06-12 14:20:00,3.68,3.7,3.68,3.69,8524.0
2020-06-12 14:19:00,3.69,3.696,3.67,3.6876,7988.0
2020-06-12 14:18:00,3.681,3.7,3.67,3.672,20514.0
2020-06-12 14:17:00,3.69,3.71,3.67,3.71,22695.0
2020-06-12 14:16:00,3.69,3.7,3.69,3.69,11927.0
2020-06-12 14:15:00,3.6927,3.7,3.69,3.6999,15357.0
2020-06-12 14:14:00,3.689,3.704,3.689,3.69,28796.0
2020-06-12 14:13:00,3.6827,3.69,3.68,3.6842,14982.0
2020-06-12 14:12:00,3.69,3.7,3.68,3.6801,25612.0
2020-06-12 14:11:00,3.67,3.71,3.65,3.7,49763.0
2020-06-12 14:10:00,3.659,3.659,3.65,3.6501,5694.0
2020-06-12 14:09:00,3.679,3.68,3.65,3.656,11750.0
2020-06-12 14:08:00,3.681,3.6891,3.6701,3.6701,25546.0
2020-06-12 14:07:00,3.672,3.69,3.672,3.6877,22840.0
2020-06-12 14:06:00,3.67,3.7,3.66,3.68,39764.0
2020-06-12 14:05:00,3.671,3.68,3.66,3.68,26814.0
2020-06-12 14:04:00,3.6501,3.675,3.65,3.675,54609.0
2020-06-12 14:03:00,3.6461,3.66,3.6461,3.65,23025.0
2020-06-12 14:02:00,3.63,3.64,3.63,3.64,24500.0
2020-06-12 14:01:00,3.629,3.629,3.6111,3.6198,10153.0
2020-06-12 14:00:00,3.64,3.64,3.61,3.61,27307.0
2020-06-12 13:59:00,3.635,3.64,3.63,3.64,13530.0
2020-06-12 13:58:00,3.6401,3.65,3.64,3.648,24422.0
2020-06-12 13:57:00,3.6401,3.65,3.64,3.6401,14137.0
2020-06-12 13:56:00,3.605,3.65,3.602,3.6499,82852.0
2020-06-12 13:55:00,3.6,3.61,3.6,3.6001,21969.0
2020-06-12 13:54:00,3.6138,3.62,3.6,3.6,21654.0
2020-06-12 13:53:00,3.625,3.63,3.61,3.611,52361.0
2020-06-12 13:52:00,3.65,3.655,3.62,3.6269,27121.0
2020-06-12 13:51:00,3.65,3.66,3.65,3.6514,21914.0
2020-06-12 13:50:00,3.6601,3.67,3.65,3.66,23122.0
2020-06-12 13:49:00,3.6699,3.67,3.66,3.665,15713.0
2020-06-12 13:48:00,3.66,3.67,3.66,3.66,30951.0
2020-06-12 13:47:00,3.6634,3.67,3.66,3.66,5535.0
2020-06-12 13:46:00,3.67,3.67,3.66,3.6612,15538.0
2020-06-12 13:45:00,3.665,3.67,3.66,3.67,15509.0
2020-06-12 13:44:00,3.6608,3.675,3.66,3.67,29286.0
2020-06-12 13:43:00,3.659,3.67,3.65,3.66,26102.0
2020-06-12 13:42:00,3.6501,3.67,3.65,3.655,40429.0
2020-06-12 13:41:00,3.6685,3.6699,3.65,3.6502,23518.0
2020-06-12 13:40:00,3.66,3.67,3.66,3.67,14432.0
2020-06-12 13:39:00,3.675,3.6803,3.66,3.665,20884.0
2020-06-12 13:38:00,3.68,3.69,3.67,3.67,17203.0
2020-06-12 13:37:00,3.679,3.69,3.67,3.6801,14467.0
2020-06-12 13:36:00,3.7,3.7099,3.66,3.67,65601.0
2020-06-12 13:35:00,3.708,3.71,3.7,3.701,9242.0
2020-06-12 13:34:00,3.709,3.71,3.7,3.7099,31331.0
2020-06-12 13:33:00,3.71,3.71,3.7,3.7021,7344.0
2020-06-12 13:32:00,3.7289,3.7299,3.71,3.7299,13383.0
2020-06-12 13:31:00,3.7201,3.7399,3.71,3.73,21728.0
2020-06-12 13:30:00,3.7199,3.75,3.71,3.7399,25267.0
2020-06-12 13:29:00,3.725,3.73,3.7101,3.72,15637.0
2020-06-12 13:28:00,3.7201,3.73,3.72,3.729,16048.0
2020-06-12 13:27:00,3.7299,3.7299,3.7101,3.72,13753.0
2020-06-12 13:26:00,3.715,3.73,3.7102,3.7201,3358.0
2020-06-12 13:25:00,3.7399,3.7399,3.71,3.71,8613.0
2020-06-12 13:24:00,3.7302,3.74,3.7301,3.735,8920.0
2020-06-12 13:23:00,3.73,3.75,3.72,3.7319,29978.0
2020-06-12 13:22:00,3.7047,3.74,3.7,3.74,33689.0
2020-06-12 13:21:00,3.71,3.71,3.7,3.7,18907.0
2020-06-12 13:20:00,3.7,3.71,3.7,3.7001,26066.0
2020-06-12 13:19:00,3.7138,3.7199,3.7,3.71,25268.0
2020-06-12 13:18:00,3.715,3.72,3.71,3.715,7264.0
2020-06-12 13:17:00,3.7139,3.72,3.71,3.711,10712.0
2020-06-12 13:16:00,3.7078,3.72,3.7,3.715,16263.0
2020-06-12 13:15:00,3.71,3.72,3.7,3.72,8430.0
2020-06-12 13:14:00,3.72,3.72,3.7,3.7198,44292.0
2020-06-12 13:13:00,3.73,3.73,3.72,3.7201,34653.0
2020-06-12 13:12:00,3.725,3.73,3.72,3.729,13493.0
2020-06-12 13:11:00,3.7501,3.76,3.72,3.729,24950.0
2020-06-12 13:10:00,3.7625,3.77,3.75,3.76,56473.0
2020-06-12 13:09:00,3.7602,3.77,3.76,3.765,5415.0
2020-06-12 13:08:00,3.7602,3.77,3.76,3.76,46471.0
2020-06-12 13:07:00,3.769,3.77,3.7601,3.77,6337.0
2020-06-12 13:06:00,3.7699,3.77,3.76,3.76,9090.0
2020-06-12 13:05:00,3.76,3.77,3.76,3.77,9599.0
2020-06-12 13:04:00,3.78,3.78,3.77,3.77,19797.0
2020-06-12 13:03:00,3.7701,3.78,3.7701,3.771,5483112.0
2020-06-12 10:56:00,3.719,3.73,3.71,3.72,63517.0
2020-06-12 10:55:00,3.715,3.72,3.71,3.7101,22278.0
2020-06-12 10:54:00,3.75,3.75,3.71,3.715,72697.0
2020-06-12 10:53:00,3.7401,3.76,3.74,3.7401,55114.0
2020-06-12 10:52:00,3.771,3.78,3.74,3.75,48167.0
2020-06-12 10:51:00,3.775,3.79,3.77,3.77,31287.0
2020-06-12 10:50:00,3.769,3.78,3.7601,3.78,13911.0
2020-06-12 10:49:00,3.775,3.7799,3.76,3.76,22466.0
2020-06-12 10:48:00,3.7698,3.78,3.76,3.779,25165.0
2020-06-12 10:47:00,3.7702,3.7794,3.76,3.765,37792.0
2020-06-12 10:46:00,3.78,3.79,3.77,3.7701,29238.0
2020-06-12 10:45:00,3.78,3.78,3.77,3.78,52286.0
2020-06-12 10:44:00,3.7699,3.78,3.76,3.78,69120.0
2020-06-12 10:43:00,3.76,3.77,3.76,3.77,65793.0
2020-06-12 10:42:00,3.733,3.77,3.73,3.76,88641.0
2020-06-12 10:41:00,3.715,3.74,3.71,3.7399,32356.0
2020-06-12 10:40:00,3.71,3.72,3.71,3.7139,54936.0
2020-06-12 10:39:00,3.72,3.73,3.71,3.7199,92858.0
2020-06-12 10:38:00,3.71,3.75,3.7001,3.715,82178.0
2020-06-12 10:37:00,3.7001,3.71,3.7,3.705,69071.0
2020-06-12 10:36:00,3.7102,3.7199,3.7,3.705,90707.0
2020-06-12 10:35:00,3.7335,3.7335,3.7,3.7101,149265.0
2020-06-12 10:34:00,3.7532,3.7599,3.73,3.7301,43592.0
2020-06-12 10:33:00,3.77,3.77,3.74,3.758,70575.0
2020-06-12 10:32:00,3.73,3.78,3.73,3.77,102288.0
2020-06-12 10:31:00,3.74,3.75,3.73,3.75,122908.0
2020-06-12 10:30:00,3.76,3.7699,3.73,3.7399,1437637.0
2020-06-12 10:18:00,3.87,3.899,3.87,3.885,19922.0
2020-06-12 10:17:00,3.855,3.87,3.852,3.87,176628.0
2020-06-12 10:16:00,3.819,3.82,3.81,3.8162,23326.0
2020-06-12 10:15:00,3.839,3.85,3.81,3.8102,91426.0
2020-06-12 10:14:00,3.835,3.85,3.83,3.83,100808.0
2020-06-12 10:13:00,3.845,3.86,3.82,3.835,165813.0
2020-06-12 10:12:00,3.885,3.89,3.8401,3.8401,172975.0
2020-06-12 10:11:00,3.9066,3.91,3.88,3.885,127982.0
2020-06-12 10:10:00,3.934,3.934,3.9,3.9001,89070.0
2020-06-12 10:09:00,3.94,3.95,3.92,3.93,76584.0
2020-06-12 10:08:00,3.93,3.96,3.92,3.9302,43455.0
2020-06-12 10:07:00,3.954,3.97,3.9,3.93,71440.0
2020-06-12 10:06:00,3.98,4.01,3.93,3.96,203720.0
2020-06-12 10:05:00,4.0,4.0,3.97,3.9701,186200.0
2020-06-12 10:04:00,3.9899,4.0,3.98,3.9999,177665.0
2020-06-12 10:03:00,3.9699,3.99,3.95,3.97,132762.0
2020-06-12 10:02:00,3.94,3.97,3.93,3.9675,116209.0
2020-06-12 10:01:00,3.935,3.95,3.925,3.935,56979.0
2020-06-12 10:00:00,3.91,3.95,3.91,3.94,49470.0
2020-06-12 09:59:00,3.939,3.94,3.9,3.9199,89493.0
2020-06-12 09:58:00,3.95,3.95,3.93,3.94,102942.0
2020-06-12 09:57:00,3.9399,3.95,3.92,3.9499,101223.0
2020-06-12 09:56:00,3.89,3.94,3.88,3.9328,140650.0
2020-06-12 09:55:00,3.91,3.91,3.88,3.89,154943.0
2020-06-12 09:54:00,3.9214,3.93,3.9,3.9,126101.0
2020-06-12 09:53:00,3.92,3.95,3.91,3.927,107612.0
2020-06-12 09:52:00,3.9278,3.96,3.9,3.925,169773.0
2020-06-12 09:51:00,3.976,4.0,3.9473,3.9525,184333.0
2020-06-12 09:50:00,3.985,4.0,3.96,3.979,97139.0
2020-06-12 09:49:00,3.9501,3.99,3.93,3.981,122581.0
2020-06-12 09:48:00,4.02,4.02,3.93,3.9501,248684.0
2020-06-12 09:47:00,3.969,4.05,3.95,4.015,271617.0
2020-06-12 09:46:00,4.035,4.0399,3.95,3.97,464638.0
2020-06-12 09:45:00,4.0701,4.1,4.03,4.0485,558675.0
2020-06-12 09:44:00,4.0,4.14,4.0,4.08,642061.0
2020-06-12 09:43:00,3.9761,4.0,3.9602,4.0,351739.0
2020-06-12 09:42:00,3.9914,4.0282,3.9374,3.9616,342612.0
2020-06-12 09:41:00,3.893,3.99,3.89,3.98,354017.0
2020-06-12 09:40:00,3.849,3.9,3.8401,3.9,399291.0
2020-06-12 09:39:00,3.8105,3.85,3.81,3.8467,195500.0
2020-06-12 09:38:00,3.77,3.82,3.7602,3.811,154553.0
2020-06-12 09:37:00,3.77,3.78,3.74,3.765,110046.0
2020-06-12 09:36:00,3.744,3.78,3.72,3.76,124554.0
2020-06-12 09:35:00,3.71,3.75,3.7,3.745,213327.0
2020-06-12 09:34:00,3.705,3.72,3.7,3.71,167291.0
2020-06-12 09:33:00,3.8123,3.8123,3.7,3.7001,311039.0
2020-06-12 09:32:00,3.82,3.84,3.8,3.808,201178.0
2020-06-12 09:31:00,3.82,3.87,3.8,3.81,1651627.0
2020-06-11 16:00:00,3.36,3.37,3.33,3.34,131474.0
2020-06-11 15:59:00,3.345,3.36,3.34,3.359,196928.0
2020-06-11 15:58:00,3.3425,3.35,3.33,3.35,57609.0
2020-06-11 15:57:00,3.341,3.35,3.34,3.3401,110304.0
2020-06-11 15:56:00,3.34,3.35,3.34,3.35,43538.0
2020-06-11 15:55:00,3.3499,3.35,3.34,3.3441,32419.0
2020-06-11 15:54:00,3.3501,3.3598,3.34,3.3401,103976.0
2020-06-11 15:53:00,3.35,3.36,3.34,3.356,31251.0
2020-06-11 15:52:00,3.335,3.36,3.335,3.35,52937.0
2020-06-11 15:51:00,3.37,3.37,3.331,3.3352,86853.0
2020-06-11 15:50:00,3.35,3.37,3.341,3.365,52434.0
2020-06-11 15:49:00,3.3357,3.35,3.3357,3.35,57665.0
2020-06-11 15:48:00,3.3499,3.35,3.33,3.335,120777.0
2020-06-11 15:47:00,3.355,3.3699,3.33,3.3301,80728.0
2020-06-11 15:46:00,3.35,3.36,3.34,3.355,49949.0
2020-06-11 15:45:00,3.3299,3.35,3.32,3.35,89754.0
2020-06-11 15:44:00,3.345,3.35,3.32,3.32,63705.0
2020-06-11 15:43:00,3.33,3.35,3.32,3.341,59794.0
2020-06-11 15:42:00,3.317,3.33,3.31,3.325,24259.0
2020-06-11 15:41:00,3.3101,3.32,3.31,3.3155,20987.0
2020-06-11 15:40:00,3.311,3.32,3.31,3.31,57105.0
2020-06-11 15:39:00,3.32,3.32,3.31,3.3102,41406.0
2020-06-11 15:38:00,3.3401,3.349,3.31,3.31,46795.0
2020-06-11 15:37:00,3.335,3.35,3.33,3.345,50397.0
2020-06-11 15:36:00,3.335,3.34,3.33,3.339,41107.0
2020-06-11 15:35:00,3.3399,3.34,3.33,3.34,24782.0
2020-06-11 15:34:00,3.33,3.34,3.32,3.33,38959.0
2020-06-11 15:33:00,3.33,3.33,3.32,3.325,56266.0
2020-06-11 15:32:00,3.3227,3.33,3.32,3.33,39194.0
2020-06-11 15:31:00,3.3199,3.33,3.31,3.325,151495.0
2020-06-11 15:30:00,3.33,3.33,3.3101,3.32,43678.0
2020-06-11 15:29:00,3.325,3.33,3.32,3.3201,33986.0
2020-06-11 15:28:00,3.3267,3.33,3.31,3.325,74731.0
2020-06-11 15:27:00,3.32,3.33,3.32,3.3201,31903.0
2020-06-11 15:26:00,3.32,3.33,3.31,3.32,23270.0
2020-06-11 15:25:00,3.325,3.33,3.31,3.3237,39287.0
2020-06-11 15:24:00,3.3301,3.34,3.31,3.3259,77575.0
2020-06-11 15:23:00,3.3399,3.34,3.33,3.34,34559.0
2020-06-11 15:22:00,3.36,3.36,3.33,3.34,70015.0
2020-06-11 15:21:00,3.35,3.36,3.35,3.355,30236.0
2020-06-11 15:20:00,3.3501,3.37,3.35,3.3563,55093.0
2020-06-11 15:19:00,3.37,3.38,3.355,3.355,20035.0
2020-06-11 15:18:00,3.3701,3.38,3.36,3.37,13410.0
2020-06-11 15:17:00,3.37,3.38,3.36,3.37,32301.0
2020-06-11 15:16:00,3.4056,3.4345,3.379,3.3806,107917.0
2020-06-11 15:15:00,3.405,3.41,3.39,3.4001,15130.0
2020-06-11 15:14:00,3.4,3.41,3.3901,3.405,15102.0
2020-06-11 15:13:00,3.405,3.42,3.395,3.395,22021.0
2020-06-11 15:12:00,3.385,3.415,3.3805,3.41,37769.0
2020-06-11 15:11:00,3.3801,3.39,3.38,3.3801,16800.0
2020-06-11 15:10:00,3.39,3.39,3.38,3.39,10915.0
2020-06-11 15:09:00,3.3801,3.39,3.38,3.385,10657.0
2020-06-11 15:08:00,3.421,3.43,3.375,3.38,87756.0
2020-06-11 15:07:00,3.4173,3.43,3.41,3.425,26114.0
2020-06-11 15:06:00,3.405,3.42,3.405,3.415,12415.0
2020-06-11 15:05:00,3.3998,3.41,3.39,3.409,49997.0
2020-06-11 15:04:00,3.395,3.4,3.38,3.4,82676.0
2020-06-11 15:03:00,3.3701,3.4,3.3701,3.3901,52058.0
2020-06-11 15:02:00,3.375,3.38,3.3601,3.38,26512.0
2020-06-11 15:01:00,3.37,3.38,3.36,3.3764,87768.0
2020-06-11 15:00:00,3.35,3.36,3.35,3.35,27796.0
2020-06-11 14:59:00,3.3699,3.37,3.35,3.355,59092.0
2020-06-11 14:58:00,3.39,3.4,3.35,3.36,44025.0
2020-06-11 14:57:00,3.4001,3.4099,3.39,3.39,18320.0
2020-06-11 14:56:00,3.425,3.43,3.4,3.401,80139.0
2020-06-11 14:55:00,3.4244,3.43,3.42,3.4202,22111.0
2020-06-11 14:54:00,3.4002,3.43,3.4,3.43,34521.0
2020-06-11 14:53:00,3.43,3.43,3.4,3.4,60620.0
2020-06-11 14:52:00,3.435,3.435,3.42,3.43,14082.0
2020-06-11 14:51:00,3.439,3.44,3.42,3.435,16606.0
2020-06-11 14:50:00,3.44,3.44,3.422,3.439,22331.0
2020-06-11 14:49:00,3.43,3.44,3.43,3.435,13720.0
2020-06-11 14:48:00,3.46,3.4648,3.42,3.43,61615.0
2020-06-11 14:47:00,3.47,3.47,3.45,3.46,13161.0
2020-06-11 14:46:00,3.4656,3.47,3.46,3.465,9615.0
2020-06-11 14:45:00,3.479,3.48,3.45,3.469,14206.0
2020-06-11 14:44:00,3.475,3.48,3.4601,3.47,9820.0
2020-06-11 14:43:00,3.4692,3.48,3.465,3.4701,25861.0
2020-06-11 14:42:00,3.462,3.48,3.46,3.4632,48490.0
2020-06-11 14:41:00,3.4418,3.4799,3.4401,3.4604,52807.0
2020-06-11 14:40:00,3.43,3.4408,3.415,3.432,37145.0
2020-06-11 14:39:00,3.465,3.4699,3.42,3.421,73916.0
2020-06-11 14:38:00,3.4702,3.48,3.4602,3.465,10451.0
2020-06-11 14:37:00,3.48,3.49,3.47,3.4732,25287.0
2020-06-11 14:36:00,3.4802,3.49,3.47,3.475,30069.0
2020-06-11 14:35:00,3.4607,3.5,3.4607,3.485,14818.0
2020-06-11 14:34:00,3.52,3.52,3.46,3.47,56136.0
2020-06-11 14:33:00,3.5232,3.53,3.52,3.525,6193.0
2020-06-11 14:32:00,3.5248,3.529,3.52,3.52,6614.0
2020-06-11 14:31:00,3.53,3.54,3.52,3.525,12126.0
2020-06-11 14:30:00,3.533,3.54,3.52,3.53,9030.0
2020-06-11 14:29:00,3.52,3.54,3.52,3.53,22287.0
2020-06-11 14:28:00,3.5357,3.54,3.51,3.53,37679.0
2020-06-11 14:27:00,3.56,3.56,3.54,3.54,20934.0
2020-06-11 14:26:00,3.5557,3.56,3.55,3.56,9658.0
2020-06-11 14:25:00,3.569,3.57,3.55,3.5599,16211.0
2020-06-11 14:24:00,3.58,3.58,3.5601,3.5657,13282.0
2020-06-11 14:23:00,3.55,3.58,3.5436,3.575,34073.0
2020-06-11 14:22:00,3.5403,3.55,3.5401,3.5493,10558.0
2020-06-11 14:21:00,3.5301,3.55,3.5301,3.545,24095.0
2020-06-11 14:20:00,3.54,3.54,3.53,3.54,18832.0
2020-06-11 14:19:00,3.535,3.54,3.52,3.54,24118.0
2020-06-11 14:18:00,3.526,3.54,3.5163,3.535,41034.0
2020-06-11 14:17:00,3.525,3.53,3.52,3.525,5212.0
2020-06-11 14:16:00,3.5299,3.53,3.51,3.5201,17708.0
2020-06-11 14:15:00,3.512,3.53,3.5101,3.53,8361.0
2020-06-11 14:14:00,3.511,3.53,3.5101,3.53,16929.0
2020-06-11 14:13:00,3.525,3.53,3.5,3.5199,32862.0
2020-06-11 14:12:00,3.55,3.55,3.5201,3.5246,14902.0
2020-06-11 14:11:00,3.56,3.57,3.54,3.558,70482.0
2020-06-11 14:10:00,3.56,3.57,3.552,3.565,16365.0
2020-06-11 14:09:00,3.56,3.57,3.55,3.559,32164.0
2020-06-11 14:08:00,3.565,3.57,3.5452,3.557,38268.0
2020-06-11 14:07:00,3.5584,3.57,3.55,3.5687,23228.0
2020-06-11 14:06:00,3.555,3.56,3.55,3.5599,24050.0
2020-06-11 14:05:00,3.5506,3.5851,3.5477,3.5557,24569.0
2020-06-11 14:04:00,3.515,3.5497,3.515,3.5462,18918.0
2020-06-11 14:03:00,3.5594,3.57,3.5,3.52,85730.0
2020-06-11 14:02:00,3.5799,3.58,3.5501,3.56,124381.0
2020-06-11 14:01:00,3.5899,3.59,3.5701,3.58,23181.0
2020-06-11 14:00:00,3.58,3.59,3.56,3.58,46296.0
2020-06-11 13:59:00,3.5601,3.6,3.56,3.579,52046.0
2020-06-11 13:58:00,3.54,3.6,3.5234,3.5689,255226.0
2020-06-11 13:57:00,3.53,3.55,3.52,3.54,24934.0
2020-06-11 13:56:00,3.535,3.54,3.524,3.535,42389.0
2020-06-11 13:55:00,3.527,3.54,3.5201,3.539,37952.0
2020-06-11 13:54:00,3.5301,3.54,3.52,3.525,54562.0
2020-06-11 13:53:00,3.529,3.54,3.525,3.5318,34538.0
2020-06-11 13:52:00,3.515,3.53,3.51,3.5299,37171.0
2020-06-11 13:51:00,3.49,3.53,3.48,3.515,61502.0
2020-06-11 13:50:00,3.495,3.5,3.48,3.48,29601.0
2020-06-11 13:49:00,3.48,3.5,3.47,3.5,72894.0
2020-06-11 13:48:00,3.471,3.48,3.4701,3.4701,15288.0
2020-06-11 13:47:00,3.4702,3.48,3.47,3.4722,14683.0
2020-06-11 13:46:00,3.5042,3.51,3.4701,3.48,36827.0
2020-06-11 13:45:00,3.51,3.51,3.5,3.51,26470.0
2020-06-11 13:44:00,3.529,3.53,3.5,3.51,50162.0
2020-06-11 13:43:00,3.5133,3.53,3.51,3.525,29284.0
2020-06-11 13:42:00,3.5066,3.53,3.5,3.52,61325.0
2020-06-11 13:41:00,3.481,3.52,3.47,3.5002,36023.0
2020-06-11 13:40:00,3.4701,3.5,3.4601,3.485,36533.0
2020-06-11 13:39:00,3.5113,3.5436,3.473,3.4805,67548.0
2020-06-11 13:38:00,3.5105,3.52,3.4902,3.4902,83266.0
2020-06-11 13:37:00,3.519,3.52,3.51,3.5105,55074.0
2020-06-11 13:36:00,3.49,3.53,3.49,3.52,117777.0
2020-06-11 13:35:00,3.4801,3.49,3.48,3.48,24559.0
2020-06-11 13:34:00,3.489,3.5,3.4801,3.49,63093.0
2020-06-11 13:33:00,3.49,3.5,3.475,3.4811,39971.0
2020-06-11 13:32:00,3.455,3.49,3.455,3.4893,53807.0
2020-06-11 13:31:00,3.44,3.46,3.44,3.4593,26833.0
2020-06-11 13:30:00,3.44,3.45,3.43,3.4499,42461.0
2020-06-11 13:29:00,3.4604,3.4923,3.4226,3.4314,77806.0
2020-06-11 13:28:00,3.455,3.46,3.445,3.45,53720.0
2020-06-11 13:27:00,3.455,3.46,3.45,3.451,42488.0
2020-06-11 13:26:00,3.4431,3.46,3.44,3.46,104484.0
2020-06-11 13:25:00,3.43,3.45,3.421,3.4499,93556.0
2020-06-11 13:24:00,3.4,3.43,3.39,3.4299,150780.0
2020-06-11 13:23:00,3.3884,3.4,3.3801,3.4,38632.0
2020-06-11 13:22:00,3.3901,3.4,3.38,3.39,25165.0
2020-06-11 13:21:00,3.395,3.4,3.39,3.396,24278.0
2020-06-11 13:20:00,3.395,3.4,3.39,3.3925,30722.0
2020-06-11 13:19:00,3.395,3.4,3.39,3.3901,36175.0
2020-06-11 13:18:00,3.4,3.4,3.38,3.4,29644.0
2020-06-11 13:17:00,3.381,3.4,3.38,3.3901,54035.0
2020-06-11 13:16:00,3.3898,3.39,3.38,3.3899,44234.0
2020-06-11 13:15:00,3.3615,3.39,3.3615,3.381,48064.0
2020-06-11 13:14:00,3.34,3.37,3.34,3.3601,34077.0
2020-06-11 13:13:00,3.3402,3.35,3.34,3.35,30985.0
2020-06-11 13:12:00,3.3499,3.35,3.34,3.3401,17240.0
2020-06-11 13:11:00,3.3546,3.359,3.34,3.3401,22105.0
2020-06-11 13:10:00,3.35,3.36,3.35,3.36,11780.0
2020-06-11 13:09:00,3.359,3.36,3.35,3.3501,22957.0
2020-06-11 13:08:00,3.3472,3.37,3.3363,3.358,59418.0
2020-06-11 13:07:00,3.345,3.35,3.34,3.3425,22149.0
2020-06-11 13:06:00,3.3496,3.35,3.34,3.35,14126.0
2020-06-11 13:05:00,3.3401,3.35,3.34,3.35,24290.0
2020-06-11 13:04:00,3.3401,3.35,3.34,3.345,20683.0
2020-06-11 13:03:00,3.33,3.35,3.33,3.345,15096.0
2020-06-11 13:02:00,3.3301,3.34,3.33,3.34,47359.0
2020-06-11 13:01:00,3.335,3.34,3.31,3.335,41335.0
2020-06-11 13:00:00,3.35,3.36,3.33,3.33,36017.0
2020-06-11 12:59:00,3.3602,3.37,3.34,3.345,38720.0
2020-06-11 12:58:00,3.38,3.38,3.36,3.361,26021.0
2020-06-11 12:57:00,3.3661,3.38,3.36,3.38,15028.0
2020-06-11 12:56:00,3.3701,3.38,3.36,3.37,37227.0
2020-06-11 12:55:00,3.375,3.38,3.37,3.3701,34940.0
2020-06-11 12:54:00,3.369,3.38,3.36,3.3602,21278.0
2020-06-11 12:53:00,3.3503,3.37,3.3503,3.37,18612.0
2020-06-11 12:52:00,3.375,3.38,3.35,3.368,22502.0
2020-06-11 12:51:00,3.365,3.38,3.36,3.375,21605.0
2020-06-11 12:50:00,3.369,3.37,3.36,3.37,13527.0
2020-06-11 12:49:00,3.3599,3.38,3.35,3.37,39090.0
2020-06-11 12:48:00,3.36,3.36,3.34,3.36,32934.0
2020-06-11 12:47:00,3.3501,3.36,3.34,3.359,18485.0
2020-06-11 12:46:00,3.355,3.37,3.34,3.355,83944.0
2020-06-11 12:45:00,3.36,3.37,3.35,3.355,43675.0
2020-06-11 12:44:00,3.351,3.37,3.35,3.36,20003.0
2020-06-11 12:43:00,3.351,3.36,3.35,3.36,20455.0
2020-06-11 12:42:00,3.3587,3.36,3.35,3.3501,15424.0
2020-06-11 12:41:00,3.3699,3.3699,3.35,3.35,12401.0
2020-06-11 12:40:00,3.365,3.379,3.3502,3.3502,20633.0
2020-06-11 12:39:00,3.3799,3.38,3.3699,3.37,37743.0
2020-06-11 12:38:00,3.37,3.39,3.362,3.378,72206.0
2020-06-11 12:37:00,3.365,3.37,3.36,3.3676,39485.0
2020-06-11 12:36:00,3.36,3.365,3.35,3.365,17848.0
2020-06-11 12:35:00,3.341,3.36,3.34,3.35,41762.0
2020-06-11 12:34:00,3.33,3.35,3.325,3.35,39933.0
2020-06-11 12:33:00,3.315,3.33,3.3101,3.325,65651.0
2020-06-11 12:32:00,3.3101,3.32,3.31,3.3162,95128.0
2020-06-11 12:31:00,3.3102,3.32,3.31,3.32,21935.0
2020-06-11 12:30:00,3.31,3.315,3.31,3.315,48077.0
2020-06-11 12:29:00,3.32,3.33,3.32,3.329,27682.0
2020-06-11 12:28:00,3.31,3.33,3.31,3.32,72731.0
2020-06-11 12:27:00,3.32,3.33,3.31,3.315,51243.0
2020-06-11 12:26:00,3.325,3.33,3.32,3.3299,27587.0
2020-06-11 12:25:00,3.3229,3.33,3.32,3.3201,31500.0
2020-06-11 12:24:00,3.311,3.33,3.31,3.3201,52564.0
2020-06-11 12:23:00,3.32,3.32,3.31,3.3185,36941.0
2020-06-11 12:22:00,3.315,3.32,3.31,3.311,35430.0
2020-06-11 12:21:00,3.325,3.33,3.31,3.32,31698.0
2020-06-11 12:20:00,3.325,3.33,3.32,3.33,16813.0
2020-06-11 12:19:00,3.3285,3.33,3.32,3.325,46758.0
2020-06-11 12:18:00,3.301,3.33,3.3,3.3262,99077.0
2020-06-11 12:17:00,3.33,3.33,3.3,3.3,102294.0
2020-06-11 12:16:00,3.3201,3.33,3.31,3.32,36308.0
2020-06-11 12:15:00,3.3299,3.33,3.31,3.3211,37262.0
2020-06-11 12:14:00,3.3199,3.33,3.31,3.32,30714.0
2020-06-11 12:13:00,3.3201,3.33,3.3102,3.319,53003.0
2020-06-11 12:12:00,3.33,3.33,3.32,3.3202,17734.0
2020-06-11 12:11:00,3.32,3.34,3.31,3.33,51927.0
2020-06-11 12:10:00,3.3237,3.33,3.31,3.32,51855.0
2020-06-11 12:09:00,3.32,3.33,3.32,3.33,44543.0
2020-06-11 12:08:00,3.32,3.34,3.32,3.329,62457.0
2020-06-11 12:07:00,3.361,3.37,3.32,3.33,70493.0
2020-06-11 12:06:00,3.3711,3.388,3.36,3.37,23453.0
2020-06-11 12:05:00,3.385,3.39,3.37,3.3899,25122.0
2020-06-11 12:04:00,3.37,3.39,3.37,3.39,23644.0
2020-06-11 12:03:00,3.362,3.38,3.362,3.3702,31858.0
2020-06-11 12:02:00,3.375,3.38,3.3601,3.38,29305.0
2020-06-11 12:01:00,3.4008,3.408,3.37,3.3739,23177.0
2020-06-11 12:00:00,3.41,3.41,3.38,3.4,85489.0
2020-06-11 11:59:00,3.3852,3.41,3.3852,3.41,144834.0
2020-06-11 11:58:00,3.3801,3.4,3.38,3.4,88521.0
2020-06-11 11:57:00,3.3699,3.39,3.36,3.385,40676.0
2020-06-11 11:56:00,3.38,3.38,3.36,3.37,61589.0
2020-06-11 11:55:00,3.3401,3.38,3.34,3.375,53010.0
2020-06-11 11:54:00,3.34,3.35,3.33,3.3462,26351.0
2020-06-11 11:53:00,3.349,3.36,3.33,3.335,37021.0
2020-06-11 11:52:00,3.339,3.36,3.3301,3.34,92491.0
2020-06-11 11:51:00,3.315,3.34,3.31,3.3383,97903.0
2020-06-11 11:50:00,3.329,3.33,3.31,3.3101,57788.0
2020-06-11 11:49:00,3.3101,3.33,3.3,3.3289,142113.0
2020-06-11 11:48:00,3.3299,3.33,3.3,3.315,238651.0
2020-06-11 11:47:00,3.35,3.35,3.31,3.3267,43180.0
2020-06-11 11:46:00,3.3263,3.35,3.31,3.35,95905.0
2020-06-11 11:45:00,3.335,3.339,3.31,3.32,105366.0
2020-06-11 11:44:00,3.3701,3.375,3.33,3.335,68750.0
2020-06-11 11:43:00,3.3399,3.379,3.3301,3.379,50923.0
2020-06-11 11:42:00,3.36,3.37,3.33,3.3394,105007.0
2020-06-11 11:41:00,3.385,3.39,3.35,3.3612,47117.0
2020-06-11 11:40:00,3.42,3.43,3.38,3.385,46366.0
2020-06-11 11:39:00,3.411,3.43,3.41,3.43,24243.0
2020-06-11 11:38:00,3.41,3.42,3.4,3.419,49164.0
2020-06-11 11:37:00,3.405,3.42,3.4,3.4199,56981.0
2020-06-11 11:36:00,3.3832,3.42,3.37,3.4099,65934.0
2020-06-11 11:35:00,3.3401,3.4,3.34,3.3899,95700.0
2020-06-11 11:34:00,3.3205,3.35,3.31,3.349,153874.0
2020-06-11 11:33:00,3.36,3.4,3.33,3.33,198904.0
2020-06-11 11:32:00,3.379,3.41,3.36,3.3699,117967.0
2020-06-11 11:31:00,3.3805,3.39,3.36,3.36,104072.0
2020-06-11 11:30:00,3.4,3.408,3.3773,3.38,87183.0
2020-06-11 11:29:00,3.4082,3.41,3.38,3.3902,128328.0
2020-06-11 11:28:00,3.44,3.445,3.4,3.405,138769.0
2020-06-11 11:27:00,3.465,3.465,3.44,3.44,101581.0
2020-06-11 11:26:00,3.475,3.48,3.46,3.465,18490.0
2020-06-11 11:25:00,3.48,3.49,3.47,3.475,18257.0
2020-06-11 11:24:00,3.4802,3.49,3.48,3.49,17681.0
2020-06-11 11:23:00,3.47,3.49,3.4607,3.485,52683.0
2020-06-11 11:22:00,3.4802,3.51,3.46,3.47,93149.0
2020-06-11 11:21:00,3.48,3.5,3.48,3.5,38692.0
2020-06-11 11:20:00,3.4701,3.5,3.47,3.4994,23738.0
2020-06-11 11:19:00,3.495,3.505,3.47,3.47,34432.0
2020-06-11 11:18:00,3.5,3.51,3.49,3.4902,34948.0
2020-06-11 11:17:00,3.5196,3.53,3.5,3.509,23277.0
2020-06-11 11:16:00,3.51,3.52,3.49,3.511,73208.0
2020-06-11 11:15:00,3.5101,3.53,3.51,3.51,43093.0
2020-06-11 11:14:00,3.515,3.53,3.51,3.519,40609.0
2020-06-11 11:13:00,3.51,3.5299,3.49,3.515,101559.0
2020-06-11 11:12:00,3.4913,3.52,3.47,3.502,75910.0
2020-06-11 11:11:00,3.4701,3.49,3.47,3.48,13498.0
2020-06-11 11:10:00,3.505,3.51,3.47,3.4712,64095.0
2020-06-11 11:09:00,3.4874,3.53,3.4874,3.505,90529.0
2020-06-11 11:08:00,3.47,3.49,3.46,3.49,65524.0
2020-06-11 11:07:00,3.475,3.49,3.45,3.47,64613.0
2020-06-11 11:06:00,3.4302,3.49,3.43,3.4702,97053.0
2020-06-11 11:05:00,3.435,3.45,3.4,3.4301,159932.0
2020-06-11 11:04:00,3.5099,3.5099,3.43,3.43,199631.0
2020-06-11 11:03:00,3.5099,3.51,3.5,3.5001,116044.0
2020-06-11 11:02:00,3.53,3.54,3.5,3.5,121538.0
2020-06-11 11:01:00,3.52,3.53,3.51,3.53,184809.0
2020-06-11 11:00:00,3.53,3.54,3.52,3.53,52784.0
2020-06-11 10:59:00,3.569,3.57,3.53,3.539,210851.0
2020-06-11 10:58:00,3.57,3.57,3.56,3.56,25405.0
2020-06-11 10:57:00,3.605,3.61,3.56,3.57,132734.0
2020-06-11 10:56:00,3.61,3.62,3.6,3.605,64144.0
2020-06-11 10:55:00,3.61,3.62,3.61,3.62,20719.0
2020-06-11 10:54:00,3.621,3.63,3.615,3.615,20160.0
2020-06-11 10:53:00,3.62,3.63,3.62,3.63,25062.0
2020-06-11 10:52:00,3.63,3.64,3.62,3.62,36752.0
2020-06-11 10:51:00,3.6399,3.64,3.63,3.63,50259.0
2020-06-11 10:50:00,3.635,3.64,3.63,3.64,26746.0
2020-06-11 10:49:00,3.6499,3.65,3.632,3.6499,40586.0
2020-06-11 10:48:00,3.6418,3.65,3.63,3.645,37475.0
2020-06-11 10:47:00,3.6372,3.65,3.6372,3.6401,22668.0
2020-06-11 10:46:00,3.6498,3.65,3.63,3.64,26900.0
2020-06-11 10:45:00,3.6383,3.65,3.63,3.64,25368.0
2020-06-11 10:44:00,3.6301,3.64,3.62,3.635,39570.0
2020-06-11 10:43:00,3.6188,3.645,3.6188,3.635,51707.0
2020-06-11 10:42:00,3.625,3.63,3.61,3.6188,23550.0
2020-06-11 10:41:00,3.635,3.6399,3.61,3.625,68491.0
2020-06-11 10:40:00,3.64,3.65,3.6382,3.64,19596.0
2020-06-11 10:39:00,3.645,3.65,3.63,3.6326,50295.0
2020-06-11 10:38:00,3.6397,3.65,3.63,3.645,62198.0
2020-06-11 10:37:00,3.635,3.65,3.63,3.64,52054.0
2020-06-11 10:36:00,3.64,3.65,3.62,3.6301,27773.0
2020-06-11 10:35:00,3.6201,3.65,3.62,3.6415,80703.0
2020-06-11 10:34:00,3.629,3.64,3.62,3.62,38896.0
2020-06-11 10:33:00,3.6366,3.65,3.62,3.622,35899.0
2020-06-11 10:32:00,3.625,3.65,3.62,3.632,115400.0
2020-06-11 10:31:00,3.629,3.63,3.61,3.625,52137.0
2020-06-11 10:30:00,3.6202,3.63,3.62,3.62,24863.0
2020-06-11 10:29:00,3.6102,3.63,3.61,3.625,72899.0
2020-06-11 10:28:00,3.62,3.62,3.6,3.615,39044.0
2020-06-11 10:27:00,3.6037,3.62,3.6,3.6199,28828.0
2020-06-11 10:26:00,3.611,3.62,3.58,3.6,49633.0
2020-06-11 10:25:00,3.591,3.63,3.59,3.62,71053.0
2020-06-11 10:24:00,3.59,3.61,3.585,3.5901,41440.0
2020-06-11 10:23:00,3.585,3.6,3.58,3.595,17303.0
2020-06-11 10:22:00,3.595,3.6,3.585,3.585,18717.0
2020-06-11 10:21:00,3.58,3.6,3.58,3.5901,33768.0
2020-06-11 10:20:00,3.585,3.6,3.5701,3.598,41009.0
2020-06-11 10:19:00,3.5799,3.605,3.57,3.5801,60467.0
2020-06-11 10:18:00,3.5736,3.58,3.56,3.579,65801.0
2020-06-11 10:17:00,3.589,3.59,3.57,3.575,26170.0
2020-06-11 10:16:00,3.621,3.625,3.58,3.59,82722.0
2020-06-11 10:15:00,3.6299,3.63,3.61,3.6235,56238.0
2020-06-11 10:14:00,3.6178,3.64,3.6101,3.629,48239.0
2020-06-11 10:13:00,3.6195,3.62,3.61,3.6164,65174.0
2020-06-11 10:12:00,3.595,3.63,3.591,3.615,63181.0
2020-06-11 10:11:00,3.605,3.61,3.57,3.6,78333.0
2020-06-11 10:10:00,3.6101,3.62,3.59,3.6001,45679.0
2020-06-11 10:09:00,3.57,3.65,3.565,3.6199,184282.0
2020-06-11 10:08:00,3.5748,3.58,3.55,3.57,77440.0
2020-06-11 10:07:00,3.571,3.58,3.5501,3.58,66694.0
2020-06-11 10:06:00,3.555,3.58,3.55,3.5755,73958.0
2020-06-11 10:05:00,3.58,3.58,3.55,3.5501,120636.0
2020-06-11 10:04:00,3.5915,3.6245,3.5842,3.5905,94180.0
2020-06-11 10:03:00,3.6023,3.61,3.58,3.58,86065.0
2020-06-11 10:02:00,3.61,3.62,3.59,3.6001,84011.0
2020-06-11 10:01:00,3.59,3.63,3.58,3.61,107587.0
2020-06-11 10:00:00,3.66,3.66,3.59,3.59,92810.0
2020-06-11 09:59:00,3.631,3.66,3.631,3.6501,101058.0
2020-06-11 09:58:00,3.61,3.64,3.6,3.63,56383.0
2020-06-11 09:57:00,3.62,3.6401,3.59,3.6101,165415.0
2020-06-11 09:56:00,3.63,3.64,3.6,3.6202,90972.0
2020-06-11 09:55:00,3.6661,3.67,3.6103,3.64,138014.0
2020-06-11 09:54:00,3.65,3.68,3.64,3.66,102028.0
2020-06-11 09:53:00,3.6862,3.7261,3.6353,3.6612,561849.0
2020-06-11 09:52:00,3.6933,3.7,3.672,3.685,108899.0
2020-06-11 09:51:00,3.691,3.7,3.68,3.69,124236.0
2020-06-11 09:50:00,3.6805,3.7,3.65,3.6996,110184.0
2020-06-11 09:49:00,3.73,3.74,3.6701,3.69,303420.0
2020-06-11 09:48:00,3.6505,3.73,3.65,3.7275,196691.0
2020-06-11 09:47:00,3.6705,3.709,3.6485,3.6806,184343.0
2020-06-11 09:46:00,3.61,3.67,3.61,3.6698,155158.0
2020-06-11 09:45:00,3.613,3.62,3.6,3.615,150255.0
2020-06-11 09:44:00,3.615,3.63,3.6,3.6107,95345.0
2020-06-11 09:43:00,3.588,3.62,3.5801,3.615,100297.0
2020-06-11 09:42:00,3.6099,3.62,3.56,3.585,135650.0
2020-06-11 09:41:00,3.59,3.62,3.58,3.6123,198519.0
2020-06-11 09:40:00,3.59,3.6,3.56,3.5801,89744.0
2020-06-11 09:39:00,3.5858,3.6,3.56,3.5892,173954.0
2020-06-11 09:38:00,3.5466,3.59,3.53,3.57,183027.0
2020-06-11 09:37:00,3.51,3.58,3.51,3.5599,237411.0
2020-06-11 09:36:00,3.63,3.66,3.53,3.54,324779.0
2020-06-11 09:35:00,3.5499,3.65,3.5401,3.647,315304.0
2020-06-11 09:34:00,3.495,3.55,3.49,3.549,217398.0
2020-06-11 09:33:00,3.4865,3.5539,3.4327,3.4915,319503.0
2020-06-11 09:32:00,3.28,3.44,3.2591,3.4101,509442.0
2020-06-11 09:31:00,3.44,3.44,3.25,3.272,4077557.0
2020-06-10 16:00:00,3.92,3.96,3.9,3.93,243502.0
2020-06-10 15:59:00,3.9551,3.96,3.92,3.93,98665.0
2020-06-10 15:58:00,3.93,3.97,3.924,3.96,96277.0
2020-06-10 15:57:00,3.9,3.95,3.9,3.921,114589.0
2020-06-10 15:56:00,3.9173,3.92,3.9,3.901,83747.0
2020-06-10 15:55:00,3.925,3.93,3.91,3.91,52835.0
2020-06-10 15:54:00,3.9099,3.94,3.9,3.93,63767.0
2020-06-10 15:53:00,3.955,3.96,3.88,3.905,433191.0
2020-06-10 15:52:00,3.97,3.97,3.95,3.96,58375.0
2020-06-10 15:51:00,3.97,3.98,3.9687,3.97,52129.0
2020-06-10 15:50:00,3.98,3.99,3.96,3.96,62527.0
2020-06-10 15:49:00,3.945,3.98,3.9401,3.971,73275.0
2020-06-10 15:48:00,3.949,3.95,3.94,3.9401,98504.0
2020-06-10 15:47:00,3.955,3.9599,3.94,3.949,63852.0
2020-06-10 15:46:00,3.951,3.96,3.95,3.955,64931.0
2020-06-10 15:45:00,3.98,3.99,3.95,3.953,133286.0
2020-06-10 15:44:00,3.995,4.0,3.98,3.98,80186.0
2020-06-10 15:43:00,4.0,4.0063,3.99,3.995,55003.0
2020-06-10 15:42:00,4.0036,4.01,4.0,4.005,40383.0
2020-06-10 15:41:00,4.015,4.019,4.0,4.0049,69912.0
2020-06-10 15:40:00,4.01,4.02,4.01,4.0199,24072.0
2020-06-10 15:39:00,4.015,4.02,4.01,4.016,17335.0
2020-06-10 15:38:00,4.035,4.039,4.01,4.02,51970.0
2020-06-10 15:37:00,4.05,4.05,4.03,4.0301,13560.0
2020-06-10 15:36:00,4.055,4.06,4.04,4.04,26446.0
2020-06-10 15:35:00,4.06,4.065,4.05,4.055,47882.0
2020-06-10 15:34:00,4.0401,4.06,4.0401,4.055,11516.0
2020-06-10 15:33:00,4.045,4.05,4.04,4.04,10765.0
2020-06-10 15:32:00,4.0599,4.06,4.04,4.045,27383.0
2020-06-10 15:31:00,4.0499,4.06,4.04,4.055,51758.0
2020-06-10 15:30:00,4.031,4.05,4.03,4.0454,8353.0
2020-06-10 15:29:00,4.048,4.05,4.03,4.0327,13662.0
2020-06-10 15:28:00,4.0268,4.04,4.02,4.04,11474.0
2020-06-10 15:27:00,4.0433,4.05,4.02,4.025,24540.0
2020-06-10 15:26:00,4.04,4.07,4.04,4.041,41819.0
2020-06-10 15:25:00,4.039,4.04,4.03,4.035,7058.0
2020-06-10 15:24:00,4.03,4.04,4.0201,4.0337,35238.0
2020-06-10 15:23:00,4.031,4.035,4.02,4.03,15638.0
2020-06-10 15:22:00,4.0439,4.05,4.03,4.0301,17425.0
2020-06-10 15:21:00,4.0442,4.05,4.04,4.04,5842.0
2020-06-10 15:20:00,4.045,4.05,4.04,4.05,32073.0
2020-06-10 15:19:00,4.0399,4.05,4.03,4.05,16480.0
2020-06-10 15:18:00,4.0401,4.05,4.02,4.0301,17976.0
2020-06-10 15:17:00,4.07,4.07,4.04,4.0401,44984.0
2020-06-10 15:16:00,4.061,4.07,4.06,4.069,8531.0
2020-06-10 15:15:00,4.063,4.07,4.06,4.065,13389.0
2020-06-10 15:14:00,4.065,4.07,4.06,4.06,4272.0
2020-06-10 15:13:00,4.051,4.07,4.05,4.06,24984.0
2020-06-10 15:12:00,4.04,4.059,4.04,4.05,54195.0
2020-06-10 15:11:00,4.045,4.05,4.04,4.04,24810.0
2020-06-10 15:10:00,4.045,4.05,4.04,4.0403,23260.0
2020-06-10 15:09:00,4.011,4.05,4.01,4.05,30940.0
2020-06-10 15:08:00,4.01,4.02,4.01,4.0102,24395.0
2020-06-10 15:07:00,4.0001,4.02,4.0,4.02,40363.0
2020-06-10 15:06:00,4.01,4.01,4.0,4.0,105938.0
2020-06-10 15:05:00,4.039,4.039,4.0,4.0,46389.0
2020-06-10 15:04:00,4.0327,4.04,4.03,4.03,11182.0
2020-06-10 15:03:00,4.0302,4.039,4.03,4.039,9663.0
2020-06-10 15:02:00,4.0461,4.05,4.03,4.03,9652.0
2020-06-10 15:01:00,4.04,4.05,4.04,4.05,6384.0
2020-06-10 15:00:00,4.05,4.05,4.04,4.05,18431.0
2020-06-10 14:59:00,4.0634,4.0634,4.05,4.05,10975.0
2020-06-10 14:58:00,4.07,4.07,4.05,4.07,14087.0
2020-06-10 14:57:00,4.07,4.07,4.05,4.05,25698.0
2020-06-10 14:56:00,4.075,4.08,4.06,4.06,33929.0
2020-06-10 14:55:00,4.08,4.08,4.07,4.075,32167.0
2020-06-10 14:54:00,4.0661,4.08,4.06,4.07,22647.0
2020-06-10 14:53:00,4.07,4.07,4.06,4.065,24234.0
2020-06-10 14:52:00,4.06,4.07,4.06,4.0608,13923.0
2020-06-10 14:51:00,4.0601,4.08,4.0601,4.0601,6804.0
2020-06-10 14:50:00,4.065,4.08,4.0606,4.0759,8282.0
2020-06-10 14:49:00,4.05,4.07,4.0401,4.07,24284.0
2020-06-10 14:48:00,4.035,4.05,4.03,4.0499,70276.0
2020-06-10 14:47:00,4.02,4.04,4.02,4.0373,33597.0
2020-06-10 14:46:00,4.04,4.0401,4.02,4.03,23098.0
2020-06-10 14:45:00,4.03,4.05,4.02,4.0436,79850.0
2020-06-10 14:44:00,4.06,4.06,4.03,4.0385,26560.0
2020-06-10 14:43:00,4.04,4.05,4.04,4.04,19919.0
2020-06-10 14:42:00,4.04,4.05,4.03,4.04,36205.0
2020-06-10 14:41:00,4.0658,4.0799,4.04,4.05,71836.0
2020-06-10 14:40:00,4.065,4.0799,4.06,4.0716,19425.0
2020-06-10 14:39:00,4.09,4.1,4.05,4.065,27352.0
2020-06-10 14:38:00,4.0952,4.1,4.09,4.099,15101.0
2020-06-10 14:37:00,4.1,4.1,4.09,4.0914,8103.0
2020-06-10 14:36:00,4.1099,4.1099,4.08,4.09,45838.0
2020-06-10 14:35:00,4.1001,4.11,4.09,4.0902,44473.0
2020-06-10 14:34:00,4.095,4.11,4.09,4.1099,35807.0
2020-06-10 14:33:00,4.099,4.1,4.0801,4.095,19697.0
2020-06-10 14:32:00,4.089,4.1,4.08,4.0914,22604.0
2020-06-10 14:31:00,4.09,4.1,4.08,4.0818,34686.0
2020-06-10 14:30:00,4.0909,4.098,4.0801,4.0852,17819.0
2020-06-10 14:29:00,4.08,4.1,4.08,4.0928,38547.0
2020-06-10 14:28:00,4.0601,4.085,4.06,4.085,28230.0
2020-06-10 14:27:00,4.07,4.08,4.0601,4.0603,40677.0
2020-06-10 14:26:00,4.06,4.08,4.06,4.0699,118231.0
2020-06-10 14:25:00,4.04,4.06,4.04,4.06,31313.0
2020-06-10 14:24:00,4.03,4.05,4.03,4.045,19856.0
2020-06-10 14:23:00,4.0401,4.045,4.03,4.035,43207.0
2020-06-10 14:22:00,4.06,4.07,4.04,4.045,72734.0
2020-06-10 14:21:00,4.081,4.09,4.06,4.0671,25256.0
2020-06-10 14:20:00,4.1,4.12,4.075,4.0863,104296.0
2020-06-10 14:19:00,4.11,4.11,4.1,4.1099,21040.0
2020-06-10 14:18:00,4.1,4.11,4.0913,4.1099,28070.0
2020-06-10 14:17:00,4.082,4.1099,4.082,4.0999,18605.0
2020-06-10 14:16:00,4.089,4.1,4.08,4.1,20019.0
2020-06-10 14:15:00,4.075,4.09,4.0701,4.089,21210.0
2020-06-10 14:14:00,4.075,4.08,4.0701,4.0799,4890.0
2020-06-10 14:13:00,4.08,4.1,4.07,4.0778,51499.0
2020-06-10 14:12:00,4.0601,4.09,4.0601,4.08,17526.0
2020-06-10 14:11:00,4.06,4.0699,4.04,4.0688,23671.0
2020-06-10 14:10:00,4.0598,4.08,4.05,4.065,30386.0
2020-06-10 14:09:00,4.1,4.1,4.06,4.061,32210.0
2020-06-10 14:08:00,4.1295,4.1684,4.1078,4.1315,60648.0
2020-06-10 14:07:00,4.1223,4.1399,4.12,4.125,31575.0
2020-06-10 14:06:00,4.0999,4.13,4.08,4.1299,78212.0
2020-06-10 14:05:00,4.08,4.1,4.0501,4.1,36669.0
2020-06-10 14:04:00,4.0702,4.09,4.04,4.072,26108.0
2020-06-10 14:03:00,4.06,4.08,4.05,4.075,42655.0
2020-06-10 14:02:00,4.0797,4.08,4.05,4.06,22483.0
2020-06-10 14:01:00,4.07,4.09,4.0601,4.08,17323.0
2020-06-10 14:00:00,4.04,4.07,4.04,4.07,23205.0
2020-06-10 13:59:00,4.0439,4.045,4.02,4.04,13101.0
2020-06-10 13:58:00,4.0616,4.1089,4.0484,4.0515,74022.0
2020-06-10 13:57:00,4.08,4.0899,4.06,4.06,12943.0
2020-06-10 13:56:00,4.08,4.1,4.08,4.09,8618.0
2020-06-10 13:55:00,4.0958,4.1,4.08,4.08,33688.0
2020-06-10 13:54:00,4.0909,4.1,4.085,4.1,34906.0
2020-06-10 13:53:00,4.09,4.1,4.09,4.1,70935.0
2020-06-10 13:52:00,4.09,4.1,4.07,4.099,23434.0
2020-06-10 13:51:00,4.0699,4.0883,4.065,4.0883,93947.0
2020-06-10 13:50:00,4.07,4.07,4.06,4.0661,18708.0
2020-06-10 13:49:00,4.07,4.07,4.052,4.07,9656.0
2020-06-10 13:48:00,4.0816,4.1192,4.0587,4.0697,51731.0
2020-06-10 13:47:00,4.03,4.08,4.03,4.079,101466.0
2020-06-10 13:46:00,4.001,4.03,4.0,4.021,74063.0
2020-06-10 13:45:00,4.009,4.01,4.0,4.009,12541.0
2020-06-10 13:44:00,4.005,4.0099,4.0,4.009,27522.0
2020-06-10 13:43:00,4.01,4.01,4.0,4.005,20444.0
2020-06-10 13:42:00,4.009,4.0099,4.0,4.0,15005.0
2020-06-10 13:41:00,4.0,4.01,4.0,4.009,29378.0
2020-06-10 13:40:00,4.0099,4.01,4.0,4.0,8375.0
2020-06-10 13:39:00,4.0099,4.01,4.0,4.0,21839.0
2020-06-10 13:38:00,4.0,4.01,4.0,4.01,168651.0
2020-06-10 13:37:00,4.0001,4.01,4.0,4.0,59701.0
2020-06-10 13:36:00,4.009,4.01,4.0,4.0,52008.0
2020-06-10 13:35:00,4.01,4.0199,4.0,4.0059,63518.0
2020-06-10 13:34:00,4.02,4.03,4.01,4.02,19148.0
2020-06-10 13:33:00,4.0201,4.025,4.01,4.0102,18002.0
2020-06-10 13:32:00,4.03,4.03,4.02,4.025,20995.0
2020-06-10 13:31:00,4.05,4.05,4.02,4.03,23521.0
2020-06-10 13:30:00,4.049,4.05,4.04,4.05,10747.0
2020-06-10 13:29:00,4.04,4.05,4.04,4.04,6674.0
2020-06-10 13:28:00,4.05,4.05,4.04,4.05,3454.0
2020-06-10 13:27:00,4.03,4.0499,4.0257,4.0499,15851.0
2020-06-10 13:26:00,4.055,4.055,4.01,4.02,51602.0
2020-06-10 13:25:00,4.06,4.06,4.05,4.0501,14955.0
2020-06-10 13:24:00,4.0679,4.0679,4.05,4.0504,33648.0
2020-06-10 13:23:00,4.0799,4.08,4.065,4.065,15322.0
2020-06-10 13:22:00,4.0701,4.08,4.0701,4.0791,11626.0
2020-06-10 13:21:00,4.08,4.08,4.07,4.079,10084.0
2020-06-10 13:20:00,4.08,4.08,4.0701,4.0799,9082.0
2020-06-10 13:19:00,4.075,4.08,4.0701,4.0799,9994.0
2020-06-10 13:18:00,4.08,4.08,4.0701,4.0701,3966.0
2020-06-10 13:17:00,4.05,4.08,4.05,4.079,55097.0
2020-06-10 13:16:00,4.0301,4.04,4.03,4.04,23500.0
2020-06-10 13:15:00,4.035,4.04,4.0302,4.036,5949.0
2020-06-10 13:14:00,4.0399,4.05,4.0301,4.035,12150.0
2020-06-10 13:13:00,4.0374,4.04,4.0301,4.035,14835.0
2020-06-10 13:12:00,4.0396,4.0396,4.03,4.035,12676.0
2020-06-10 13:11:00,4.0301,4.04,4.0301,4.0301,12642.0
2020-06-10 13:10:00,4.035,4.04,4.03,4.04,20492.0
2020-06-10 13:09:00,4.0399,4.04,4.03,4.0363,11669.0
2020-06-10 13:08:00,4.0231,4.04,4.022,4.04,16499.0
2020-06-10 13:07:00,4.012,4.03,4.01,4.0201,23805.0
2020-06-10 13:06:00,4.02,4.03,4.0,4.0299,95970.0
2020-06-10 13:05:00,4.0202,4.03,4.02,4.02,12420.0
2020-06-10 13:04:00,4.04,4.05,4.02,4.02,39561.0
2020-06-10 13:03:00,4.0532,4.0532,4.03,4.039,36172.0
2020-06-10 13:02:00,4.07,4.07,4.0501,4.0501,10424.0
2020-06-10 13:01:00,4.08,4.08,4.06,4.06,12281.0
2020-06-10 13:00:00,4.07,4.09,4.06,4.08,36307.0
2020-06-10 12:59:00,4.035,4.07,4.03,4.056,61070.0
2020-06-10 12:58:00,4.03,4.04,4.02,4.036,12319.0
2020-06-10 12:57:00,4.03,4.04,4.01,4.03,36394.0
2020-06-10 12:56:00,4.045,4.045,4.01,4.02,63715.0
2020-06-10 12:55:00,4.07,4.07,4.04,4.0401,62860.0
2020-06-10 12:54:00,4.08,4.09,4.0601,4.0629,14430.0
2020-06-10 12:53:00,4.085,4.09,4.08,4.08,5060.0
2020-06-10 12:52:00,4.085,4.089,4.08,4.08,6290.0
2020-06-10 12:51:00,4.085,4.0888,4.08,4.08,10207.0
2020-06-10 12:50:00,4.0801,4.1,4.08,4.08,65605.0
2020-06-10 12:49:00,4.085,4.09,4.0801,4.085,9168.0
2020-06-10 12:48:00,4.09,4.09,4.08,4.09,19601.0
2020-06-10 12:47:00,4.0793,4.097,4.0793,4.0802,21692.0
2020-06-10 12:46:00,4.1,4.1,4.07,4.07,22902.0
2020-06-10 12:45:00,4.1,4.12,4.09,4.1007,26685.0
2020-06-10 12:44:00,4.08,4.1,4.07,4.095,19179.0
2020-06-10 12:43:00,4.0799,4.098,4.0701,4.089,29024.0
2020-06-10 12:42:00,4.06,4.08,4.06,4.0799,36385.0
2020-06-10 12:41:00,4.059,4.0699,4.05,4.0643,30724.0
2020-06-10 12:40:00,4.0749,4.075,4.05,4.0501,26771.0
2020-06-10 12:39:00,4.08,4.09,4.07,4.08,73064.0
2020-06-10 12:38:00,4.09,4.1,4.08,4.08,37097.0
2020-06-10 12:37:00,4.109,4.11,4.08,4.08,30881.0
2020-06-10 12:36:00,4.1065,4.1499,4.098,4.1016,80833.0
2020-06-10 12:35:00,4.135,4.135,4.1,4.1001,72618.0
2020-06-10 12:34:00,4.1426,4.15,4.1301,4.1349,19225.0
2020-06-10 12:33:00,4.15,4.1542,4.14,4.1401,14326.0
2020-06-10 12:32:00,4.17,4.1801,4.16,4.16,27111.0
2020-06-10 12:31:00,4.1813,4.19,4.17,4.19,56740.0
2020-06-10 12:30:00,4.17,4.19,4.15,4.18,66590.0
2020-06-10 12:29:00,4.155,4.17,4.1467,4.1626,15895.0
2020-06-10 12:28:00,4.1283,4.17,4.11,4.1401,42696.0
2020-06-10 12:27:00,4.17,4.175,4.12,4.13,51696.0
2020-06-10 12:26:00,4.16,4.18,4.16,4.1602,30326.0
2020-06-10 12:25:00,4.151,4.1699,4.15,4.16,29952.0
2020-06-10 12:24:00,4.165,4.165,4.15,4.155,90558.0
2020-06-10 12:23:00,4.149,4.149,4.149,4.149,204.0
2020-06-10 12:22:00,4.125,4.14,4.11,4.14,32853.0
2020-06-10 12:21:00,4.12,4.15,4.11,4.125,77256.0
2020-06-10 12:20:00,4.1,4.12,4.0901,4.12,69597.0
2020-06-10 12:19:00,4.0902,4.1,4.08,4.095,40158.0
2020-06-10 12:18:00,4.1,4.11,4.09,4.093,50537.0
2020-06-10 12:17:00,4.09,4.11,4.08,4.0999,43929.0
2020-06-10 12:16:00,4.125,4.125,4.08,4.08,30400.0
2020-06-10 12:15:00,4.115,4.16,4.115,4.1192,54809.0
2020-06-10 12:14:00,4.09,4.1164,4.08,4.1164,119663.0
2020-06-10 12:13:00,4.06,4.1,4.05,4.089,48880.0
2020-06-10 12:12:00,4.115,4.115,4.05,4.06,153026.0
2020-06-10 12:11:00,4.15,4.16,4.1,4.11,90821.0
2020-06-10 12:10:00,4.16,4.17,4.15,4.16,37332.0
2020-06-10 12:09:00,4.17,4.18,4.16,4.16,24701.0
2020-06-10 12:08:00,4.18,4.2,4.16,4.162,45666.0
2020-06-10 12:07:00,4.1601,4.2,4.16,4.18,28878.0
2020-06-10 12:06:00,4.2035,4.21,4.17,4.17,52558.0
2020-06-10 12:05:00,4.2114,4.2563,4.2109,4.2113,72524.0
2020-06-10 12:04:00,4.2247,4.23,4.2,4.215,61609.0
2020-06-10 12:03:00,4.182,4.23,4.182,4.2101,93122.0
2020-06-10 12:02:00,4.16,4.2,4.14,4.19,70851.0
2020-06-10 12:01:00,4.1901,4.1969,4.12,4.15,145406.0
2020-06-10 12:00:00,4.2,4.21,4.18,4.19,59249.0
2020-06-10 11:59:00,4.2385,4.2909,4.2,4.2078,215355.0
2020-06-10 11:58:00,4.23,4.27,4.225,4.23,165768.0
2020-06-10 11:57:00,4.195,4.25,4.1846,4.225,362105.0
2020-06-10 11:56:00,4.12,4.2,4.11,4.1922,273111.0
2020-06-10 11:55:00,4.1,4.12,4.09,4.11,114960.0
2020-06-10 11:54:00,4.0827,4.1,4.08,4.1,75742.0
2020-06-10 11:53:00,4.09,4.09,4.08,4.09,91483.0
2020-06-10 11:52:00,4.0701,4.1,4.0701,4.0899,121352.0
2020-06-10 11:51:00,4.035,4.08,4.035,4.0799,168864.0
2020-06-10 11:50:00,4.019,4.04,4.012,4.0363,43596.0
2020-06-10 11:49:00,4.01,4.03,4.01,4.0101,28872.0
2020-06-10 11:48:00,4.011,4.02,4.01,4.0101,33570.0
2020-06-10 11:47:00,4.01,4.02,4.01,4.02,25099.0
2020-06-10 11:46:00,4.01,4.02,4.0,4.013,22180.0
2020-06-10 11:45:00,4.0102,4.02,4.0,4.01,20127.0
2020-06-10 11:44:00,4.0101,4.02,4.0,4.02,31872.0
2020-06-10 11:43:00,4.0218,4.0299,4.01,4.0163,31388.0
2020-06-10 11:42:00,4.01,4.03,4.01,4.02,53089.0
2020-06-10 11:41:00,4.0,4.0196,4.0,4.0158,21957.0
2020-06-10 11:40:00,4.01,4.01,4.0,4.0,55839.0
2020-06-10 11:39:00,4.0,4.01,4.0,4.0,22498.0
2020-06-10 11:38:00,4.019,4.019,4.0,4.0,18987.0
2020-06-10 11:37:00,4.02,4.03,4.0001,4.03,27834.0
2020-06-10 11:36:00,4.03,4.04,4.0,4.0276,58914.0
2020-06-10 11:35:00,4.03,4.04,4.03,4.03,16382.0
2020-06-10 11:34:00,4.021,4.04,4.02,4.039,26846.0
2020-06-10 11:33:00,4.029,4.03,4.01,4.02,32601.0
2020-06-10 11:32:00,4.03,4.04,4.0201,4.025,17719.0
2020-06-10 11:31:00,4.0401,4.05,4.01,4.023,52935.0
2020-06-10 11:30:00,4.0142,4.05,4.01,4.04,89934.0
2020-06-10 11:29:00,4.02,4.04,4.0101,4.015,78425.0
2020-06-10 11:28:00,3.98,4.02,3.97,4.015,63398.0
2020-06-10 11:27:00,3.9897,3.99,3.97,3.98,60252.0
2020-06-10 11:26:00,3.97,3.99,3.96,3.98,56468.0
2020-06-10 11:25:00,4.0101,4.02,3.96,3.9699,109842.0
2020-06-10 11:24:00,4.03,4.03,4.01,4.0108,55628.0
2020-06-10 11:23:00,4.06,4.06,4.01,4.02,93424.0
2020-06-10 11:22:00,4.06,4.06,4.0401,4.059,59016.0
2020-06-10 11:21:00,4.04,4.06,4.03,4.05,51558.0
2020-06-10 11:20:00,4.055,4.06,4.02,4.0458,77777.0
2020-06-10 11:19:00,4.04,4.06,4.03,4.0501,65962.0
2020-06-10 11:18:00,4.03,4.06,4.0,4.05,191746.0
2020-06-10 11:17:00,4.012,4.04,4.002,4.0202,95766.0
2020-06-10 11:16:00,3.9694,4.02,3.965,4.02,125134.0
2020-06-10 11:15:00,3.919,3.97,3.91,3.97,99794.0
2020-06-10 11:14:00,3.919,3.92,3.91,3.915,21198.0
2020-06-10 11:13:00,3.929,3.929,3.9,3.91,108482.0
2020-06-10 11:12:00,3.9199,3.93,3.91,3.92,39639.0
2020-06-10 11:11:00,3.9199,3.93,3.91,3.91,25591.0
2020-06-10 11:10:00,3.9201,3.9299,3.91,3.92,76640.0
2020-06-10 11:09:00,3.93,3.94,3.92,3.924,25788.0
2020-06-10 11:08:00,3.92,3.94,3.91,3.93,40716.0
2020-06-10 11:07:00,3.93,3.97,3.93,3.93,77418.0
2020-06-10 11:06:00,3.915,3.94,3.9132,3.928,55518.0
2020-06-10 11:05:00,3.95,3.96,3.91,3.93,167291.0
2020-06-10 11:04:00,3.97,3.97,3.93,3.945,60326.0
2020-06-10 11:03:00,3.98,3.99,3.95,3.9596,95104.0
2020-06-10 11:02:00,3.9666,3.99,3.961,3.9801,37866.0
2020-06-10 11:01:00,3.965,4.0,3.95,3.9699,56519.0
2020-06-10 11:00:00,3.96,3.98,3.95,3.96,51659.0
2020-06-10 10:59:00,3.9499,3.98,3.94,3.968,84285.0
2020-06-10 10:58:00,3.9201,3.95,3.9201,3.949,38097.0
2020-06-10 10:57:00,3.91,3.94,3.9,3.9319,63013.0
2020-06-10 10:56:00,3.8901,3.93,3.89,3.92,75559.0
2020-06-10 10:55:00,3.895,3.91,3.89,3.8999,89023.0
2020-06-10 10:54:00,3.9001,3.91,3.89,3.891,45337.0
2020-06-10 10:53:00,3.9073,3.93,3.88,3.9,39986.0
2020-06-10 10:52:00,3.9,3.92,3.89,3.9001,144017.0
2020-06-10 10:51:00,3.91,3.94,3.88,3.89,149563.0
2020-06-10 10:50:00,3.91,3.94,3.88,3.909,140693.0
2020-06-10 10:49:00,3.9077,3.91,3.9,3.909,65689.0
2020-06-10 10:48:00,3.96,3.97,3.9,3.9,123039.0
2020-06-10 10:47:00,3.9739,3.98,3.96,3.9601,135593.0
2020-06-10 10:46:00,3.98,3.98,3.96,3.961,68952.0
2020-06-10 10:45:00,3.9878,3.99,3.95,3.9726,56139.0
2020-06-10 10:44:00,3.96,4.01,3.94,3.98,211656.0
2020-06-10 10:43:00,4.01,4.03,3.94,3.9573,163647.0
2020-06-10 10:42:00,4.0203,4.05,4.0,4.01,205875.0
2020-06-10 10:41:00,3.979,4.04,3.97,4.0202,333210.0
2020-06-10 10:40:00,3.9903,4.0288,3.9582,3.9813,256487.0
2020-06-10 10:39:00,3.881,3.99,3.87,3.99,257474.0
2020-06-10 10:38:00,3.885,3.89,3.87,3.8836,190490.0
2020-06-10 10:37:00,3.8888,3.9206,3.8803,3.8809,128192.0
2020-06-10 10:36:00,3.8699,3.89,3.86,3.8899,152417.0
2020-06-10 10:35:00,3.87,3.9,3.86,3.87,136295.0
2020-06-10 10:34:00,3.795,3.87,3.7901,3.87,149073.0
2020-06-10 10:33:00,3.8843,3.9,3.79,3.79,274505.0
2020-06-10 10:32:00,3.8566,3.9274,3.8366,3.8916,281223.0
2020-06-10 10:31:00,3.8298,3.86,3.8,3.8556,177927.0
2020-06-10 10:30:00,3.8301,3.84,3.8,3.8102,245187.0
2020-06-10 10:29:00,3.8201,3.86,3.8,3.84,204062.0
2020-06-10 10:28:00,3.8899,3.9,3.8,3.8201,292198.0
2020-06-10 10:27:00,3.87,3.9,3.84,3.885,226413.0
2020-06-10 10:26:00,3.85,3.93,3.85,3.87,128990.0
2020-06-10 10:25:00,3.87,3.9,3.8,3.83,269574.0
2020-06-10 10:24:00,3.81,3.9,3.81,3.89,249445.0
2020-06-10 10:23:00,3.9,3.9,3.81,3.82,323443.0
2020-06-10 10:22:00,3.8813,3.95,3.88,3.9102,296296.0
2020-06-10 10:21:00,3.952,3.97,3.88,3.88,224054.0
2020-06-10 10:20:00,3.99,4.01,3.95,3.96,168324.0
2020-06-10 10:19:00,3.978,4.0,3.9601,3.975,93828.0
2020-06-10 10:18:00,4.0301,4.04,3.95,3.96,224836.0
2020-06-10 10:17:00,3.93,4.05,3.91,4.03,417551.0
2020-06-10 10:16:00,3.95,3.95,3.9,3.929,216166.0
2020-06-10 10:15:00,3.9315,3.9878,3.8869,3.915,320448.0
2020-06-10 10:14:00,3.9016,3.9678,3.887,3.9316,352845.0
2020-06-10 10:13:00,3.7801,3.93,3.77,3.9,576264.0
2020-06-10 10:12:00,3.9206,3.9539,3.7825,3.7896,1314278.0
2020-06-10 10:11:00,4.0802,4.09,3.91,3.9139,980326.0
2020-06-10 10:10:00,4.1199,4.14,4.08,4.08,172182.0
2020-06-10 10:09:00,4.1199,4.14,4.11,4.111,85738.0
2020-06-10 10:08:00,4.1377,4.14,4.1,4.12,208561.0
2020-06-10 10:07:00,4.1327,4.15,4.13,4.13,93751.0
2020-06-10 10:06:00,4.1899,4.1899,4.13,4.14,85100.0
2020-06-10 10:05:00,4.125,4.19,4.12,4.1701,141383.0
2020-06-10 10:04:00,4.105,4.12,4.1,4.12,186227.0
2020-06-10 10:03:00,4.135,4.14,4.1,4.105,142556.0
2020-06-10 10:02:00,4.1501,4.2,4.13,4.135,172821.0
2020-06-10 10:01:00,4.12,4.16,4.12,4.16,166630.0
2020-06-10 10:00:00,4.2,4.2,4.09,4.11,267108.0
2020-06-10 09:59:00,4.0904,4.23,4.07,4.195,350801.0
2020-06-10 09:58:00,4.2016,4.2494,4.0879,4.0976,639912.0
2020-06-10 09:57:00,4.302,4.305,4.2,4.205,331243.0
2020-06-10 09:56:00,4.31,4.3299,4.3,4.3,226774.0
2020-06-10 09:55:00,4.3502,4.36,4.31,4.319,161206.0
2020-06-10 09:54:00,4.4,4.4,4.35,4.36,77055.0
2020-06-10 09:53:00,4.38,4.4,4.3701,4.4,63035.0
2020-06-10 09:52:00,4.4299,4.4399,4.37,4.37,107649.0
2020-06-10 09:51:00,4.38,4.44,4.37,4.4301,167971.0
2020-06-10 09:50:00,4.3301,4.39,4.33,4.37,150699.0
2020-06-10 09:49:00,4.355,4.36,4.33,4.34,254998.0
2020-06-10 09:48:00,4.3744,4.3806,4.35,4.3501,310521.0
2020-06-10 09:47:00,4.4101,4.43,4.37,4.371,165886.0
2020-06-10 09:46:00,4.448,4.45,4.4,4.4199,210511.0
2020-06-10 09:45:00,4.461,4.48,4.4201,4.45,132924.0
2020-06-10 09:44:00,4.4524,4.49,4.43,4.47,113125.0
2020-06-10 09:43:00,4.49,4.5,4.42,4.46,222825.0
2020-06-10 09:42:00,4.4001,4.5,4.4,4.4899,240790.0
2020-06-10 09:41:00,4.3608,4.44,4.36,4.4058,178431.0
2020-06-10 09:40:00,4.4,4.45,4.351,4.37,145548.0
2020-06-10 09:39:00,4.35,4.43,4.32,4.4,312990.0
2020-06-10 09:38:00,4.455,4.46,4.35,4.35,357462.0
2020-06-10 09:37:00,4.56,4.56,4.45,4.4501,291655.0
2020-06-10 09:36:00,4.57,4.6,4.55,4.56,275444.0
2020-06-10 09:35:00,4.57,4.62,4.53,4.57,315100.0
2020-06-10 09:34:00,4.65,4.65,4.54,4.57,723616.0
2020-06-10 09:32:00,4.5007,4.5692,4.4885,4.5307,323112.0
2020-06-10 09:31:00,4.47,4.56,4.46,4.498,3453516.0
