date,VWAP
2020-01-08 09:31:00,297.416
2020-01-08 09:32:00,297.5141
2020-01-08 09:33:00,297.6589
2020-01-08 09:34:00,297.729
2020-01-08 09:35:00,297.7633
2020-01-08 09:36:00,297.7964
2020-01-08 09:37:00,297.8169
2020-01-08 09:38:00,297.8345
2020-01-08 09:39:00,297.868
2020-01-08 09:40:00,297.8781
2020-01-08 09:41:00,297.8905
2020-01-08 09:42:00,297.9045
2020-01-08 09:43:00,297.9197
2020-01-08 09:44:00,297.9269
2020-01-08 09:45:00,297.9466
2020-01-08 09:46:00,297.9561
2020-01-08 09:47:00,297.9595
2020-01-08 09:48:00,297.963
2020-01-08 09:49:00,297.9674
2020-01-08 09:50:00,297.9691
2020-01-08 09:51:00,297.9711
2020-01-08 09:52:00,297.9724
2020-01-08 09:53:00,297.9728
2020-01-08 09:54:00,297.9734
2020-01-08 09:55:00,297.9772
2020-01-08 09:56:00,297.9846
2020-01-08 09:57:00,297.9927
2020-01-08 09:58:00,297.9975
2020-01-08 09:59:00,297.9996
2020-01-08 10:00:00,298.0031
2020-01-08 10:01:00,298.0089
2020-01-08 10:02:00,298.0144
2020-01-08 10:03:00,298.0206
2020-01-08 10:04:00,298.0269
2020-01-08 10:05:00,298.031
2020-01-08 10:06:00,298.0337
2020-01-08 10:07:00,298.0359
2020-01-08 10:08:00,298.0393
2020-01-08 10:09:00,298.0426
2020-01-08 10:10:00,298.046
2020-01-08 10:11:00,298.0495
2020-01-08 10:12:00,298.0507
2020-01-08 10:13:00,298.0547
2020-01-08 10:14:00,298.0592
2020-01-08 10:15:00,298.0631
2020-01-08 10:16:00,298.0712
2020-01-08 10:17:00,298.0771
2020-01-08 10:18:00,298.0799
2020-01-08 10:19:00,298.0819
2020-01-08 10:20:00,298.0842
2020-01-08 10:21:00,298.0868
2020-01-08 10:22:00,298.0897
2020-01-08 10:23:00,298.0909
2020-01-08 10:24:00,298.0931
2020-01-08 10:25:00,298.0944
2020-01-08 10:26:00,298.0959
2020-01-08 10:27:00,298.0971
2020-01-08 10:28:00,298.0988
2020-01-08 10:29:00,298.1004
2020-01-08 10:30:00,298.1033
2020-01-08 10:31:00,298.1048
2020-01-08 10:32:00,298.1068
2020-01-08 10:33:00,298.1109
2020-01-08 10:34:00,298.1122
2020-01-08 10:35:00,298.1135
2020-01-08 10:36:00,298.1143
2020-01-08 10:37:00,298.1153
2020-01-08 10:38:00,298.1155
2020-01-08 10:39:00,298.1156
2020-01-08 10:40:00,298.1159
2020-01-08 10:41:00,298.116
2020-01-08 10:42:00,298.1154
2020-01-08 10:43:00,298.1152
2020-01-08 10:44:00,298.1149
2020-01-08 10:45:00,298.1124
2020-01-08 10:46:00,298.1101
2020-01-08 10:47:00,298.1091
2020-01-08 10:48:00,298.109
2020-01-08 10:49:00,298.0973
2020-01-08 10:50:00,298.0911
2020-01-08 10:51:00,298.0882
2020-01-08 10:52:00,298.0861
2020-01-08 10:53:00,298.0839
2020-01-08 10:54:00,298.0828
2020-01-08 10:55:00,298.0815
2020-01-08 10:56:00,298.0794
2020-01-08 10:57:00,298.0776
2020-01-08 10:58:00,298.0767
2020-01-08 10:59:00,298.0755
2020-01-08 11:00:00,298.0736
2020-01-08 11:01:00,298.0715
2020-01-08 11:02:00,298.068
2020-01-08 11:03:00,298.065
2020-01-08 11:04:00,298.0618
2020-01-08 11:05:00,298.0607
2020-01-08 11:06:00,298.0595
2020-01-08 11:07:00,298.0589
2020-01-08 11:08:00,298.058
2020-01-08 11:09:00,298.058
2020-01-08 11:10:00,298.0583
2020-01-08 11:11:00,298.059
2020-01-08 11:12:00,298.0591
2020-01-08 11:13:00,298.0594
2020-01-08 11:14:00,298.0594
2020-01-08 11:17:00,298.0643
2020-01-08 11:18:00,298.0653
2020-01-08 11:19:00,298.0672
2020-01-08 11:21:00,298.0709
2020-01-08 11:22:00,298.0722
2020-01-08 11:23:00,298.0733
2020-01-08 11:24:00,298.0737
2020-01-08 11:25:00,298.0745
2020-01-08 11:26:00,298.0751
2020-01-08 11:27:00,298.0756
2020-01-08 11:28:00,298.0763
2020-01-08 11:29:00,298.0816
2020-01-08 11:30:00,298.1081
2020-01-08 11:31:00,298.1177
2020-01-08 11:32:00,298.1238
2020-01-08 11:33:00,298.1284
2020-01-08 11:34:00,298.1315
2020-01-08 11:35:00,298.137
2020-01-08 11:36:00,298.141
2020-01-08 11:37:00,298.1503
2020-01-08 11:38:00,298.1605
2020-01-08 11:41:00,298.236
2020-01-08 11:42:00,298.2738
2020-01-08 11:43:00,298.2997
2020-01-08 11:44:00,298.3159
2020-01-08 11:45:00,298.3261
2020-01-08 11:46:00,298.3435
2020-01-08 11:47:00,298.3586
2020-01-08 11:48:00,298.3741
2020-01-08 11:49:00,298.3856
2020-01-08 11:50:00,298.396
2020-01-08 11:51:00,298.4035
2020-01-08 11:52:00,298.4168
2020-01-08 11:53:00,298.4325
2020-01-08 11:54:00,298.444
2020-01-08 11:55:00,298.4551
2020-01-08 11:56:00,298.4632
2020-01-08 11:57:00,298.4745
2020-01-08 11:58:00,298.4823
2020-01-08 11:59:00,298.4921
2020-01-08 12:00:00,298.4998
2020-01-08 12:01:00,298.5273
2020-01-08 12:02:00,298.5493
2020-01-08 12:03:00,298.5589
2020-01-08 12:04:00,298.5679
2020-01-08 12:05:00,298.5782
2020-01-08 12:06:00,298.5969
2020-01-08 12:07:00,298.6091
2020-01-08 12:08:00,298.6196
2020-01-08 12:09:00,298.6517
2020-01-08 12:10:00,298.6771
2020-01-08 12:11:00,298.695
2020-01-08 12:12:00,298.7124
2020-01-08 12:13:00,298.7237
2020-01-08 12:14:00,298.7331
2020-01-08 12:15:00,298.7419
2020-01-08 12:16:00,298.7576
2020-01-08 12:17:00,298.7683
2020-01-08 12:18:00,298.7821
2020-01-08 12:19:00,298.7937
2020-01-08 12:20:00,298.8167
2020-01-08 12:21:00,298.8326
2020-01-08 12:22:00,298.8482
2020-01-08 12:23:00,298.8881
2020-01-08 12:24:00,298.9208
2020-01-08 12:25:00,298.9456
2020-01-08 12:26:00,298.9624
2020-01-08 12:27:00,298.9766
2020-01-08 12:28:00,299.0036
2020-01-08 12:29:00,299.0204
2020-01-08 12:30:00,299.0424
2020-01-08 12:31:00,299.075
2020-01-08 12:32:00,299.1126
2020-01-08 12:33:00,299.1427
2020-01-08 12:34:00,299.1881
2020-01-08 12:35:00,299.2136
2020-01-08 12:36:00,299.2428
2020-01-08 12:37:00,299.2687
2020-01-08 12:38:00,299.2875
2020-01-08 12:39:00,299.3066
2020-01-08 12:40:00,299.3171
2020-01-08 12:41:00,299.3279
2020-01-08 12:42:00,299.3432
2020-01-08 12:43:00,299.3624
2020-01-08 12:44:00,299.384
2020-01-08 12:45:00,299.392
2020-01-08 12:46:00,299.4098
2020-01-08 12:47:00,299.4211
2020-01-08 12:48:00,299.4416
2020-01-08 12:49:00,299.4559
2020-01-08 12:50:00,299.4637
2020-01-08 12:51:00,299.4737
2020-01-08 12:52:00,299.4812
2020-01-08 12:53:00,299.4895
2020-01-08 12:54:00,299.4957
2020-01-08 12:55:00,299.5035
2020-01-08 12:56:00,299.5131
2020-01-08 12:57:00,299.5207
2020-01-08 12:58:00,299.5268
2020-01-08 12:59:00,299.5426
2020-01-08 13:00:00,299.5518
2020-01-08 13:01:00,299.5584
2020-01-08 13:02:00,299.5647
2020-01-08 13:03:00,299.5748
2020-01-08 13:04:00,299.579
2020-01-08 13:05:00,299.5867
2020-01-08 13:06:00,299.5913
2020-01-08 13:07:00,299.5984
2020-01-08 13:08:00,299.6098
2020-01-08 13:09:00,299.619
2020-01-08 13:10:00,299.6265
2020-01-08 13:11:00,299.6349
2020-01-08 13:12:00,299.6379
2020-01-08 13:13:00,299.6426
2020-01-08 13:14:00,299.6512
2020-01-08 13:15:00,299.6808
2020-01-08 13:16:00,299.6906
2020-01-08 13:17:00,299.7038
2020-01-08 13:18:00,299.7099
2020-01-08 13:19:00,299.7174
2020-01-08 13:20:00,299.724
2020-01-08 13:21:00,299.7302
2020-01-08 13:22:00,299.7366
2020-01-08 13:23:00,299.7419
2020-01-08 13:24:00,299.7471
2020-01-08 13:25:00,299.7523
2020-01-08 13:26:00,299.7593
2020-01-08 13:27:00,299.7688
2020-01-08 13:28:00,299.7727
2020-01-08 13:29:00,299.7787
2020-01-08 13:30:00,299.7842
2020-01-08 13:31:00,299.7925
2020-01-08 13:32:00,299.7983
2020-01-08 13:33:00,299.8083
2020-01-08 13:34:00,299.8274
2020-01-08 13:35:00,299.8374
2020-01-08 13:36:00,299.8453
2020-01-08 13:37:00,299.8536
2020-01-08 13:38:00,299.8598
2020-01-08 13:39:00,299.8637
2020-01-08 13:40:00,299.8739
2020-01-08 13:41:00,299.8782
2020-01-08 13:42:00,299.8832
2020-01-08 13:43:00,299.8894
2020-01-08 13:44:00,299.8934
2020-01-08 13:45:00,299.8994
2020-01-08 13:46:00,299.9097
2020-01-08 13:47:00,299.9133
2020-01-08 13:48:00,299.9175
2020-01-08 13:49:00,299.9221
2020-01-08 13:50:00,299.9287
2020-01-08 13:51:00,299.9332
2020-01-08 13:52:00,299.9376
2020-01-08 13:53:00,299.9412
2020-01-08 13:54:00,299.9456
2020-01-08 13:55:00,299.9496
2020-01-08 13:56:00,299.9541
2020-01-08 13:57:00,299.9569
2020-01-08 13:58:00,299.9628
2020-01-08 13:59:00,299.9686
2020-01-08 14:00:00,299.9745
2020-01-08 14:01:00,299.9811
2020-01-08 14:02:00,299.9845
2020-01-08 14:03:00,299.9877
2020-01-08 14:04:00,299.9938
2020-01-08 14:05:00,299.9972
2020-01-08 14:06:00,300.002
2020-01-08 14:07:00,300.0058
2020-01-08 14:08:00,300.0102
2020-01-08 14:09:00,300.0144
2020-01-08 14:10:00,300.0179
2020-01-08 14:11:00,300.0211
2020-01-08 14:12:00,300.0238
2020-01-08 14:13:00,300.0283
2020-01-08 14:14:00,300.0338
2020-01-08 14:15:00,300.0359
2020-01-08 14:16:00,300.0393
2020-01-08 14:17:00,300.0448
2020-01-08 14:18:00,300.0505
2020-01-08 14:19:00,300.0531
2020-01-08 14:20:00,300.0569
2020-01-08 14:21:00,300.0603
2020-01-08 14:22:00,300.0627
2020-01-08 14:23:00,300.0663
2020-01-08 14:24:00,300.0692
2020-01-08 14:25:00,300.0716
2020-01-08 14:26:00,300.0744
2020-01-08 14:27:00,300.0774
2020-01-08 14:28:00,300.081
2020-01-08 14:29:00,300.0839
2020-01-08 14:30:00,300.0892
2020-01-08 14:31:00,300.0924
2020-01-08 14:32:00,300.0954
2020-01-08 14:33:00,300.098
2020-01-08 14:34:00,300.1011
2020-01-08 14:35:00,300.1043
2020-01-08 14:36:00,300.1088
2020-01-08 14:37:00,300.1142
2020-01-08 14:38:00,300.1177
2020-01-08 14:39:00,300.1214
2020-01-08 14:40:00,300.1245
2020-01-08 14:41:00,300.1272
2020-01-08 14:42:00,300.1334
2020-01-08 14:43:00,300.1387
2020-01-08 14:44:00,300.1418
2020-01-08 14:45:00,300.1448
2020-01-08 14:46:00,300.1481
2020-01-08 14:47:00,300.1522
2020-01-08 14:48:00,300.1555
2020-01-08 14:49:00,300.1582
2020-01-08 14:50:00,300.1647
2020-01-08 14:51:00,300.1687
2020-01-08 14:52:00,300.1715
2020-01-08 14:53:00,300.1743
2020-01-08 14:54:00,300.1829
2020-01-08 14:55:00,300.1864
2020-01-08 14:56:00,300.1924
2020-01-08 14:57:00,300.1978
2020-01-08 14:58:00,300.2016
2020-01-08 14:59:00,300.2077
2020-01-08 15:00:00,300.2119
2020-01-08 15:01:00,300.2239
2020-01-08 15:02:00,300.2418
2020-01-08 15:03:00,300.2491
2020-01-08 15:04:00,300.2542
2020-01-08 15:05:00,300.266
2020-01-08 15:06:00,300.2776
2020-01-08 15:07:00,300.2887
2020-01-08 15:08:00,300.3027
2020-01-08 15:09:00,300.3165
2020-01-08 15:10:00,300.3304
2020-01-08 15:11:00,300.3397
2020-01-08 15:12:00,300.3464
2020-01-08 15:13:00,300.3541
2020-01-08 15:14:00,300.3754
2020-01-08 15:15:00,300.3898
2020-01-08 15:16:00,300.4041
2020-01-08 15:17:00,300.4137
2020-01-08 15:18:00,300.4211
2020-01-08 15:19:00,300.4284
2020-01-08 15:20:00,300.4373
2020-01-08 15:21:00,300.4446
2020-01-08 15:22:00,300.4522
2020-01-08 15:23:00,300.4737
2020-01-08 15:24:00,300.4838
2020-01-08 15:25:00,300.4986
2020-01-08 15:26:00,300.51
2020-01-08 15:27:00,300.5183
2020-01-08 15:28:00,300.5269
2020-01-08 15:29:00,300.5333
2020-01-08 15:30:00,300.5394
2020-01-08 15:31:00,300.5512
2020-01-08 15:32:00,300.5597
2020-01-08 15:33:00,300.5685
2020-01-08 15:34:00,300.575
2020-01-08 15:35:00,300.5812
2020-01-08 15:36:00,300.5871
2020-01-08 15:37:00,300.5941
2020-01-08 15:38:00,300.6063
2020-01-08 15:39:00,300.6209
2020-01-08 15:40:00,300.6373
2020-01-08 15:41:00,300.6509
2020-01-08 15:42:00,300.6716
2020-01-08 15:43:00,300.681
2020-01-08 15:44:00,300.692
2020-01-08 15:45:00,300.7052
2020-01-08 15:46:00,300.7199
2020-01-08 15:47:00,300.7407
2020-01-08 15:48:00,300.7651
2020-01-08 15:49:00,300.7809
2020-01-08 15:50:00,300.8004
2020-01-08 15:51:00,300.814
2020-01-08 15:52:00,300.8239
2020-01-08 15:53:00,300.8364
2020-01-08 15:54:00,300.8453
2020-01-08 15:55:00,300.8578
2020-01-08 15:56:00,300.8727
2020-01-08 15:57:00,300.8844
2020-01-08 15:58:00,300.8945
2020-01-08 15:59:00,300.9114
2020-01-08 16:00:00,300.9393
2020-01-09 09:31:00,307.7
2020-01-09 09:32:00,307.7147
2020-01-09 09:33:00,307.725
2020-01-09 09:34:00,307.768
2020-01-09 09:35:00,307.7611
2020-01-09 09:36:00,307.7258
2020-01-09 09:37:00,307.6821
2020-01-09 09:38:00,307.6816
2020-01-09 09:39:00,307.7123
2020-01-09 09:40:00,307.7415
2020-01-09 09:41:00,307.7635
2020-01-09 09:42:00,307.7707
2020-01-09 09:43:00,307.7869
2020-01-09 09:44:00,307.8143
2020-01-09 09:45:00,307.8524
2020-01-09 09:46:00,307.8878
2020-01-09 09:47:00,307.91
2020-01-09 09:48:00,307.9163
2020-01-09 09:49:00,307.919
2020-01-09 09:50:00,307.9104
2020-01-09 09:51:00,307.9028
2020-01-09 09:52:00,307.9025
2020-01-09 09:53:00,307.916
2020-01-09 09:54:00,307.9232
2020-01-09 09:55:00,307.9323
2020-01-09 09:56:00,307.9385
2020-01-09 09:57:00,307.9412
2020-01-09 09:58:00,307.9442
2020-01-09 09:59:00,307.9449
2020-01-09 10:00:00,307.9482
2020-01-09 10:01:00,307.9478
2020-01-09 10:02:00,307.9416
2020-01-09 10:03:00,307.9364
2020-01-09 10:04:00,307.9378
2020-01-09 10:05:00,307.9398
2020-01-09 10:06:00,307.9427
2020-01-09 10:07:00,307.9438
2020-01-09 10:08:00,307.9438
2020-01-09 10:09:00,307.9438
2020-01-09 10:10:00,307.9431
2020-01-09 10:11:00,307.9433
2020-01-09 10:12:00,307.9421
2020-01-09 10:13:00,307.9415
2020-01-09 10:14:00,307.9433
2020-01-09 10:15:00,307.9441
2020-01-09 10:16:00,307.9448
2020-01-09 10:17:00,307.9469
2020-01-09 10:18:00,307.9504
2020-01-09 10:19:00,307.9597
2020-01-09 10:20:00,307.9642
2020-01-09 10:21:00,307.9688
2020-01-09 10:22:00,307.9722
2020-01-09 10:23:00,307.9753
2020-01-09 10:24:00,307.9782
2020-01-09 10:25:00,307.98
2020-01-09 10:26:00,307.983
2020-01-09 10:27:00,307.9846
2020-01-09 10:28:00,307.9856
2020-01-09 10:29:00,307.9878
2020-01-09 10:30:00,307.9894
2020-01-09 10:31:00,307.9909
2020-01-09 10:32:00,307.9924
2020-01-09 10:33:00,307.9937
2020-01-09 10:34:00,307.9953
2020-01-09 10:35:00,307.9973
2020-01-09 10:36:00,308.0005
2020-01-09 10:37:00,308.0016
2020-01-09 10:38:00,308.0026
2020-01-09 10:39:00,308.0047
2020-01-09 10:40:00,308.0111
2020-01-09 10:41:00,308.0138
2020-01-09 10:42:00,308.0248
2020-01-09 10:43:00,308.0299
2020-01-09 10:44:00,308.0345
2020-01-09 10:45:00,308.0377
2020-01-09 10:46:00,308.0406
2020-01-09 10:47:00,308.043
2020-01-09 10:48:00,308.0446
2020-01-09 10:49:00,308.0491
2020-01-09 10:50:00,308.0629
2020-01-09 10:51:00,308.0744
2020-01-09 10:52:00,308.0816
2020-01-09 10:53:00,308.0873
2020-01-09 10:54:00,308.0955
2020-01-09 10:55:00,308.102
2020-01-09 10:56:00,308.1102
2020-01-09 10:57:00,308.1203
2020-01-09 10:58:00,308.1292
2020-01-09 10:59:00,308.1337
2020-01-09 11:00:00,308.1449
2020-01-09 11:02:00,308.1676
2020-01-09 11:03:00,308.1712
2020-01-09 11:04:00,308.1762
2020-01-09 11:05:00,308.1806
2020-01-09 11:06:00,308.1862
2020-01-09 11:07:00,308.1891
2020-01-09 11:08:00,308.1925
2020-01-09 11:09:00,308.1972
2020-01-09 11:10:00,308.2013
2020-01-09 11:11:00,308.2048
2020-01-09 11:12:00,308.2072
2020-01-09 11:13:00,308.2175
2020-01-09 11:14:00,308.2257
2020-01-09 11:15:00,308.2347
2020-01-09 11:16:00,308.242
2020-01-09 11:17:00,308.2528
2020-01-09 11:18:00,308.2578
2020-01-09 11:19:00,308.2679
2020-01-09 11:20:00,308.279
2020-01-09 11:21:00,308.2907
2020-01-09 11:22:00,308.3065
2020-01-09 11:23:00,308.3345
2020-01-09 11:24:00,308.3552
2020-01-09 11:25:00,308.3616
2020-01-09 11:26:00,308.3623
2020-01-09 11:27:00,308.3717
2020-01-09 11:28:00,308.3735
2020-01-09 11:29:00,308.3836
2020-01-09 11:30:00,308.3896
2020-01-09 11:31:00,308.4053
2020-01-09 11:32:00,308.4217
2020-01-09 11:33:00,308.4264
2020-01-09 11:34:00,308.4324
2020-01-09 11:35:00,308.4389
2020-01-09 11:36:00,308.4419
2020-01-09 11:37:00,308.451
2020-01-09 11:38:00,308.4562
2020-01-09 11:39:00,308.4599
2020-01-09 11:40:00,308.4654
2020-01-09 11:41:00,308.4715
2020-01-09 11:42:00,308.4765
2020-01-09 11:43:00,308.4802
2020-01-09 11:44:00,308.4849
2020-01-09 11:45:00,308.4887
2020-01-09 11:46:00,308.4934
2020-01-09 11:47:00,308.4958
2020-01-09 11:48:00,308.5001
2020-01-09 11:49:00,308.5127
2020-01-09 11:50:00,308.5256
2020-01-09 11:51:00,308.5422
2020-01-09 11:52:00,308.5498
2020-01-09 11:53:00,308.5588
2020-01-09 11:54:00,308.5668
2020-01-09 11:55:00,308.5768
2020-01-09 11:56:00,308.5833
2020-01-09 11:57:00,308.5886
2020-01-09 11:58:00,308.5946
2020-01-09 11:59:00,308.5996
2020-01-09 12:00:00,308.6046
2020-01-09 12:01:00,308.6076
2020-01-09 12:02:00,308.6129
2020-01-09 12:03:00,308.6173
2020-01-09 12:04:00,308.621
2020-01-09 12:05:00,308.6235
2020-01-09 12:06:00,308.6268
2020-01-09 12:07:00,308.6292
2020-01-09 12:08:00,308.6312
2020-01-09 12:09:00,308.634
2020-01-09 12:10:00,308.6387
2020-01-09 12:11:00,308.643
2020-01-09 12:12:00,308.645
2020-01-09 12:13:00,308.6476
2020-01-09 12:14:00,308.65
2020-01-09 12:15:00,308.6561
2020-01-09 12:16:00,308.6581
2020-01-09 12:17:00,308.6599
2020-01-09 12:18:00,308.661
2020-01-09 12:19:00,308.662
2020-01-09 12:20:00,308.6627
2020-01-09 12:21:00,308.6626
2020-01-09 12:22:00,308.6609
2020-01-09 12:23:00,308.6575
2020-01-09 12:24:00,308.6537
2020-01-09 12:25:00,308.6509
2020-01-09 12:26:00,308.6476
2020-01-09 12:27:00,308.6412
2020-01-09 12:28:00,308.6352
2020-01-09 12:29:00,308.6299
2020-01-09 12:30:00,308.6263
2020-01-09 12:31:00,308.6229
2020-01-09 12:32:00,308.6184
2020-01-09 12:33:00,308.616
2020-01-09 12:34:00,308.6042
2020-01-09 12:35:00,308.5868
2020-01-09 12:36:00,308.5757
2020-01-09 12:37:00,308.5662
2020-01-09 12:38:00,308.5567
2020-01-09 12:39:00,308.5513
2020-01-09 12:40:00,308.5466
2020-01-09 12:41:00,308.5376
2020-01-09 12:42:00,308.5308
2020-01-09 12:43:00,308.5273
2020-01-09 12:44:00,308.5173
2020-01-09 12:45:00,308.5042
2020-01-09 12:46:00,308.4919
2020-01-09 12:47:00,308.4837
2020-01-09 12:48:00,308.4742
2020-01-09 12:49:00,308.4663
2020-01-09 12:50:00,308.4613
2020-01-09 12:51:00,308.458
2020-01-09 12:52:00,308.454
2020-01-09 12:53:00,308.4494
2020-01-09 12:54:00,308.4471
2020-01-09 12:55:00,308.4452
2020-01-09 12:56:00,308.4422
2020-01-09 12:57:00,308.4395
2020-01-09 12:58:00,308.4379
2020-01-09 12:59:00,308.4344
2020-01-09 13:00:00,308.4294
2020-01-09 13:01:00,308.426
2020-01-09 13:02:00,308.4239
2020-01-09 13:03:00,308.42
2020-01-09 13:04:00,308.4188
2020-01-09 13:05:00,308.418
2020-01-09 13:06:00,308.4176
2020-01-09 13:07:00,308.4175
2020-01-09 13:08:00,308.4173
2020-01-09 13:09:00,308.4172
2020-01-09 13:10:00,308.4162
2020-01-09 13:11:00,308.4151
2020-01-09 13:12:00,308.4147
2020-01-09 13:13:00,308.415
2020-01-09 13:14:00,308.4171
2020-01-09 13:15:00,308.4205
2020-01-09 13:16:00,308.4222
2020-01-09 13:17:00,308.423
2020-01-09 13:18:00,308.4258
2020-01-09 13:19:00,308.4285
2020-01-09 13:20:00,308.431
2020-01-09 13:21:00,308.4322
2020-01-09 13:22:00,308.4327
2020-01-09 13:23:00,308.4341
2020-01-09 13:24:00,308.4353
2020-01-09 13:25:00,308.4362
2020-01-09 13:26:00,308.4368
2020-01-09 13:27:00,308.4377
2020-01-09 13:28:00,308.4398
2020-01-09 13:29:00,308.4414
2020-01-09 13:30:00,308.4438
2020-01-09 13:31:00,308.4463
2020-01-09 13:32:00,308.448
2020-01-09 13:33:00,308.4511
2020-01-09 13:34:00,308.4528
2020-01-09 13:35:00,308.4545
2020-01-09 13:36:00,308.4559
2020-01-09 13:37:00,308.4576
2020-01-09 13:38:00,308.4587
2020-01-09 13:39:00,308.4594
2020-01-09 13:40:00,308.4612
2020-01-09 13:41:00,308.4621
2020-01-09 13:42:00,308.4631
2020-01-09 13:43:00,308.4661
2020-01-09 13:44:00,308.4683
2020-01-09 13:45:00,308.4707
2020-01-09 13:46:00,308.4725
2020-01-09 13:47:00,308.4738
2020-01-09 13:48:00,308.4768
2020-01-09 13:49:00,308.4784
2020-01-09 13:50:00,308.4803
2020-01-09 13:51:00,308.4818
2020-01-09 13:52:00,308.4855
2020-01-09 13:53:00,308.4872
2020-01-09 13:54:00,308.4895
2020-01-09 13:55:00,308.4907
2020-01-09 13:56:00,308.4918
2020-01-09 13:57:00,308.4931
2020-01-09 13:58:00,308.4943
2020-01-09 13:59:00,308.4956
2020-01-09 14:00:00,308.4965
2020-01-09 14:01:00,308.4979
2020-01-09 14:02:00,308.4993
2020-01-09 14:03:00,308.5001
2020-01-09 14:04:00,308.5008
2020-01-09 14:05:00,308.5014
2020-01-09 14:06:00,308.5018
2020-01-09 14:07:00,308.5029
2020-01-09 14:08:00,308.5037
2020-01-09 14:09:00,308.5044
2020-01-09 14:10:00,308.505
2020-01-09 14:11:00,308.5053
2020-01-09 14:12:00,308.5057
2020-01-09 14:13:00,308.5061
2020-01-09 14:14:00,308.5066
2020-01-09 14:15:00,308.5071
2020-01-09 14:16:00,308.5084
2020-01-09 14:17:00,308.5097
2020-01-09 14:18:00,308.5111
2020-01-09 14:19:00,308.5123
2020-01-09 14:20:00,308.5129
2020-01-09 14:21:00,308.5146
2020-01-09 14:22:00,308.5161
2020-01-09 14:23:00,308.5172
2020-01-09 14:24:00,308.5184
2020-01-09 14:25:00,308.5192
2020-01-09 14:26:00,308.5205
2020-01-09 14:27:00,308.5215
2020-01-09 14:28:00,308.5224
2020-01-09 14:29:00,308.5229
2020-01-09 14:30:00,308.5232
2020-01-09 14:31:00,308.5241
2020-01-09 14:32:00,308.5249
2020-01-09 14:33:00,308.5256
2020-01-09 14:34:00,308.5262
2020-01-09 14:35:00,308.527
2020-01-09 14:36:00,308.5278
2020-01-09 14:37:00,308.5284
2020-01-09 14:38:00,308.5295
2020-01-09 14:39:00,308.5308
2020-01-09 14:40:00,308.5335
2020-01-09 14:41:00,308.5348
2020-01-09 14:42:00,308.5356
2020-01-09 14:43:00,308.5364
2020-01-09 14:44:00,308.5372
2020-01-09 14:45:00,308.538
2020-01-09 14:46:00,308.5385
2020-01-09 14:47:00,308.539
2020-01-09 14:48:00,308.5395
2020-01-09 14:49:00,308.5401
2020-01-09 14:50:00,308.5408
2020-01-09 14:51:00,308.5411
2020-01-09 14:52:00,308.5414
2020-01-09 14:53:00,308.5417
2020-01-09 14:54:00,308.542
2020-01-09 14:55:00,308.5423
2020-01-09 14:56:00,308.5429
2020-01-09 14:57:00,308.5436
2020-01-09 14:58:00,308.5439
2020-01-09 14:59:00,308.5442
2020-01-09 15:00:00,308.5446
2020-01-09 15:01:00,308.5451
2020-01-09 15:02:00,308.5455
2020-01-09 15:03:00,308.546
2020-01-09 15:04:00,308.5462
2020-01-09 15:05:00,308.5466
2020-01-09 15:06:00,308.5469
2020-01-09 15:07:00,308.5476
2020-01-09 15:08:00,308.5479
2020-01-09 15:09:00,308.5482
2020-01-09 15:10:00,308.5484
2020-01-09 15:11:00,308.5484
2020-01-09 15:12:00,308.5476
2020-01-09 15:13:00,308.5475
2020-01-09 15:14:00,308.5474
2020-01-09 15:15:00,308.5474
2020-01-09 15:16:00,308.5474
2020-01-09 15:17:00,308.5474
2020-01-09 15:18:00,308.5478
2020-01-09 15:19:00,308.5481
2020-01-09 15:20:00,308.5482
2020-01-09 15:21:00,308.5486
2020-01-09 15:22:00,308.5485
2020-01-09 15:23:00,308.5485
2020-01-09 15:24:00,308.5483
2020-01-09 15:25:00,308.5483
2020-01-09 15:26:00,308.5483
2020-01-09 15:27:00,308.5484
2020-01-09 15:28:00,308.5485
2020-01-09 15:29:00,308.5489
2020-01-09 15:30:00,308.5502
2020-01-09 15:31:00,308.5513
2020-01-09 15:32:00,308.5529
2020-01-09 15:33:00,308.5546
2020-01-09 15:34:00,308.5561
2020-01-09 15:35:00,308.5572
2020-01-09 15:36:00,308.5582
2020-01-09 15:37:00,308.5586
2020-01-09 15:38:00,308.559
2020-01-09 15:39:00,308.5596
2020-01-09 15:40:00,308.56
2020-01-09 15:41:00,308.5607
2020-01-09 15:42:00,308.5613
2020-01-09 15:43:00,308.562
2020-01-09 15:44:00,308.5625
2020-01-09 15:45:00,308.5639
2020-01-09 15:46:00,308.565
2020-01-09 15:47:00,308.5658
2020-01-09 15:48:00,308.5668
2020-01-09 15:49:00,308.5677
2020-01-09 15:50:00,308.5683
2020-01-09 15:51:00,308.5698
2020-01-09 15:52:00,308.5714
2020-01-09 15:53:00,308.5729
2020-01-09 15:54:00,308.5759
2020-01-09 15:55:00,308.5797
2020-01-09 15:56:00,308.5844
2020-01-09 15:57:00,308.5882
2020-01-09 15:58:00,308.5917
2020-01-09 15:59:00,308.5961
2020-01-09 16:00:00,308.6067
2020-01-10 09:31:00,310.8571
2020-01-10 09:32:00,310.9047
2020-01-10 09:33:00,310.8963
2020-01-10 09:34:00,310.8575
2020-01-10 09:35:00,310.7405
2020-01-10 09:36:00,310.7015
2020-01-10 09:37:00,310.6844
2020-01-10 09:38:00,310.6538
2020-01-10 09:39:00,310.6194
2020-01-10 09:40:00,310.5961
2020-01-10 09:41:00,310.596
2020-01-10 09:42:00,310.5969
2020-01-10 09:43:00,310.5942
2020-01-10 09:44:00,310.6039
2020-01-10 09:45:00,310.6215
2020-01-10 09:46:00,310.6363
2020-01-10 09:47:00,310.638
2020-01-10 09:48:00,310.6413
2020-01-10 09:49:00,310.642
2020-01-10 09:50:00,310.6482
2020-01-10 09:51:00,310.6508
2020-01-10 09:52:00,310.6558
2020-01-10 09:53:00,310.6651
2020-01-10 09:54:00,310.6772
2020-01-10 09:55:00,310.6853
2020-01-10 09:56:00,310.6937
2020-01-10 09:57:00,310.7005
2020-01-10 09:58:00,310.7423
2020-01-10 09:59:00,310.7705
2020-01-10 10:00:00,310.8067
2020-01-10 10:01:00,310.8335
2020-01-10 10:02:00,310.8541
2020-01-10 10:03:00,310.8706
2020-01-10 10:04:00,310.8994
2020-01-10 10:05:00,310.9252
2020-01-10 10:06:00,310.9704
2020-01-10 10:07:00,310.9992
2020-01-10 10:08:00,311.0305
2020-01-10 10:09:00,311.0479
2020-01-10 10:10:00,311.0644
2020-01-10 10:11:00,311.0817
2020-01-10 10:12:00,311.0951
2020-01-10 10:13:00,311.108
2020-01-10 10:14:00,311.12
2020-01-10 10:15:00,311.1261
2020-01-10 10:16:00,311.138
2020-01-10 10:17:00,311.1569
2020-01-10 10:18:00,311.171
2020-01-10 10:19:00,311.1834
2020-01-10 10:20:00,311.2011
2020-01-10 10:21:00,311.2077
2020-01-10 10:22:00,311.215
2020-01-10 10:23:00,311.2266
2020-01-10 10:24:00,311.2326
2020-01-10 10:25:00,311.2372
2020-01-10 10:26:00,311.2443
2020-01-10 10:27:00,311.2501
2020-01-10 10:28:00,311.2544
2020-01-10 10:29:00,311.2618
2020-01-10 10:30:00,311.2754
2020-01-10 10:31:00,311.2922
2020-01-10 10:32:00,311.2966
2020-01-10 10:33:00,311.3033
2020-01-10 10:34:00,311.3088
2020-01-10 10:35:00,311.3153
2020-01-10 10:36:00,311.3195
2020-01-10 10:37:00,311.3233
2020-01-10 10:38:00,311.3274
2020-01-10 10:39:00,311.3381
2020-01-10 10:40:00,311.3432
2020-01-10 10:41:00,311.3508
2020-01-10 10:42:00,311.3542
2020-01-10 10:43:00,311.3581
2020-01-10 10:44:00,311.3614
2020-01-10 10:45:00,311.3649
2020-01-10 10:46:00,311.3689
2020-01-10 10:47:00,311.3712
2020-01-10 10:48:00,311.3733
2020-01-10 10:49:00,311.3758
2020-01-10 10:50:00,311.3794
2020-01-10 10:51:00,311.3839
2020-01-10 10:52:00,311.3877
2020-01-10 10:53:00,311.3925
2020-01-10 10:54:00,311.3935
2020-01-10 10:57:00,311.4034
2020-01-10 10:58:00,311.4055
2020-01-10 10:59:00,311.4081
2020-01-10 11:00:00,311.41
2020-01-10 11:01:00,311.4118
2020-01-10 11:02:00,311.4129
2020-01-10 11:03:00,311.4155
2020-01-10 11:04:00,311.4176
2020-01-10 11:05:00,311.4192
2020-01-10 11:06:00,311.4207
2020-01-10 11:07:00,311.4265
2020-01-10 11:08:00,311.4313
2020-01-10 11:09:00,311.4334
2020-01-10 11:10:00,311.4376
2020-01-10 11:11:00,311.4406
2020-01-10 11:12:00,311.4425
2020-01-10 11:13:00,311.4455
2020-01-10 11:14:00,311.4471
2020-01-10 11:15:00,311.4488
2020-01-10 11:16:00,311.4526
2020-01-10 11:17:00,311.4548
2020-01-10 11:18:00,311.4557
2020-01-10 11:19:00,311.4562
2020-01-10 11:20:00,311.4561
2020-01-10 11:21:00,311.4566
2020-01-10 11:22:00,311.458
2020-01-10 11:23:00,311.4586
2020-01-10 11:24:00,311.459
2020-01-10 11:25:00,311.459
2020-01-10 11:26:00,311.4587
2020-01-10 11:27:00,311.4572
2020-01-10 11:28:00,311.4558
2020-01-10 11:29:00,311.4539
2020-01-10 11:30:00,311.4493
2020-01-10 11:31:00,311.4442
2020-01-10 11:32:00,311.4388
2020-01-10 11:33:00,311.4306
2020-01-10 11:34:00,311.4264
2020-01-10 11:35:00,311.4243
2020-01-10 11:36:00,311.4229
2020-01-10 11:37:00,311.4218
2020-01-10 11:38:00,311.4215
2020-01-10 11:39:00,311.4215
2020-01-10 11:40:00,311.4221
2020-01-10 11:41:00,311.4225
2020-01-10 11:42:00,311.4226
2020-01-10 11:43:00,311.4225
2020-01-10 11:44:00,311.422
2020-01-10 11:45:00,311.4204
2020-01-10 11:46:00,311.4189
2020-01-10 11:47:00,311.4182
2020-01-10 11:48:00,311.4171
2020-01-10 11:50:00,311.4105
2020-01-10 11:51:00,311.4064
2020-01-10 11:52:00,311.4044
2020-01-10 11:53:00,311.4033
2020-01-10 11:54:00,311.4025
2020-01-10 11:55:00,311.4016
2020-01-10 11:56:00,311.401
2020-01-10 11:57:00,311.4004
2020-01-10 11:58:00,311.3999
2020-01-10 11:59:00,311.3996
2020-01-10 12:00:00,311.3989
2020-01-10 12:01:00,311.3973
2020-01-10 12:02:00,311.3943
2020-01-10 12:03:00,311.3896
2020-01-10 12:04:00,311.3859
2020-01-10 12:05:00,311.3824
2020-01-10 12:06:00,311.3796
2020-01-10 12:07:00,311.377
2020-01-10 12:08:00,311.37
2020-01-10 12:09:00,311.3574
2020-01-10 12:10:00,311.3442
2020-01-10 12:11:00,311.3242
2020-01-10 12:12:00,311.3055
2020-01-10 12:13:00,311.2952
2020-01-10 12:14:00,311.2882
2020-01-10 12:15:00,311.2815
2020-01-10 12:16:00,311.2728
2020-01-10 12:17:00,311.2639
2020-01-10 12:18:00,311.2544
2020-01-10 12:19:00,311.2458
2020-01-10 12:20:00,311.2392
2020-01-10 12:21:00,311.2102
2020-01-10 12:22:00,311.191
2020-01-10 12:23:00,311.172
2020-01-10 12:24:00,311.1494
2020-01-10 12:25:00,311.1331
2020-01-10 12:26:00,311.1133
2020-01-10 12:27:00,311.1019
2020-01-10 12:28:00,311.0889
2020-01-10 12:29:00,311.0816
2020-01-10 12:30:00,311.0712
2020-01-10 12:31:00,311.0654
2020-01-10 12:32:00,311.0613
2020-01-10 12:33:00,311.058
2020-01-10 12:34:00,311.055
2020-01-10 12:35:00,311.0509
2020-01-10 12:36:00,311.0446
2020-01-10 12:37:00,311.0414
2020-01-10 12:38:00,311.038
2020-01-10 12:39:00,311.0354
2020-01-10 12:40:00,311.0309
2020-01-10 12:41:00,311.0289
2020-01-10 12:42:00,311.0279
2020-01-10 12:43:00,311.025
2020-01-10 12:44:00,311.0233
2020-01-10 12:45:00,311.0219
2020-01-10 12:46:00,311.02
2020-01-10 12:47:00,311.0181
2020-01-10 12:48:00,311.0165
2020-01-10 12:49:00,311.0136
2020-01-10 12:50:00,311.0122
2020-01-10 12:51:00,311.0106
2020-01-10 12:52:00,311.0082
2020-01-10 12:53:00,311.0057
2020-01-10 12:54:00,311.0041
2020-01-10 12:55:00,311.0025
2020-01-10 12:56:00,311.0014
2020-01-10 12:57:00,310.999
2020-01-10 12:58:00,310.9981
2020-01-10 12:59:00,310.9962
2020-01-10 13:00:00,310.9936
2020-01-10 13:01:00,310.9921
2020-01-10 13:02:00,310.9901
2020-01-10 13:03:00,310.9876
2020-01-10 13:04:00,310.9865
2020-01-10 13:05:00,310.9853
2020-01-10 13:06:00,310.9839
2020-01-10 13:07:00,310.9819
2020-01-10 13:08:00,310.9799
2020-01-10 13:09:00,310.9788
2020-01-10 13:10:00,310.9779
2020-01-10 13:11:00,310.9768
2020-01-10 13:12:00,310.9763
2020-01-10 13:13:00,310.9759
2020-01-10 13:14:00,310.9756
2020-01-10 13:15:00,310.9753
2020-01-10 13:16:00,310.9749
2020-01-10 13:17:00,310.9746
2020-01-10 13:18:00,310.9743
2020-01-10 13:19:00,310.9735
2020-01-10 13:20:00,310.9731
2020-01-10 13:21:00,310.9726
2020-01-10 13:22:00,310.972
2020-01-10 13:23:00,310.9703
2020-01-10 13:24:00,310.9695
2020-01-10 13:25:00,310.9686
2020-01-10 13:26:00,310.968
2020-01-10 13:27:00,310.967
2020-01-10 13:28:00,310.9664
2020-01-10 13:29:00,310.966
2020-01-10 13:30:00,310.9657
2020-01-10 13:31:00,310.9652
2020-01-10 13:32:00,310.9649
2020-01-10 13:33:00,310.9647
2020-01-10 13:34:00,310.9646
2020-01-10 13:35:00,310.9641
2020-01-10 13:36:00,310.9637
2020-01-10 13:37:00,310.9635
2020-01-10 13:38:00,310.9633
2020-01-10 13:39:00,310.963
2020-01-10 13:40:00,310.9622
2020-01-10 13:41:00,310.9602
2020-01-10 13:42:00,310.9578
2020-01-10 13:43:00,310.9558
2020-01-10 13:44:00,310.9545
2020-01-10 13:45:00,310.9538
2020-01-10 13:46:00,310.9534
2020-01-10 13:47:00,310.953
2020-01-10 13:48:00,310.9528
2020-01-10 13:49:00,310.9525
2020-01-10 13:50:00,310.9522
2020-01-10 13:51:00,310.9517
2020-01-10 13:52:00,310.9513
2020-01-10 13:53:00,310.9505
2020-01-10 13:54:00,310.9493
2020-01-10 13:55:00,310.9485
2020-01-10 13:56:00,310.9481
2020-01-10 13:57:00,310.9477
2020-01-10 13:58:00,310.9474
2020-01-10 13:59:00,310.9472
2020-01-10 14:00:00,310.947
2020-01-10 14:01:00,310.9466
2020-01-10 14:02:00,310.9462
2020-01-10 14:03:00,310.946
2020-01-10 14:04:00,310.946
2020-01-10 14:05:00,310.9458
2020-01-10 14:06:00,310.9457
2020-01-10 14:07:00,310.9456
2020-01-10 14:08:00,310.9455
2020-01-10 14:09:00,310.9453
2020-01-10 14:10:00,310.945
2020-01-10 14:11:00,310.9449
2020-01-10 14:12:00,310.9445
2020-01-10 14:13:00,310.9435
2020-01-10 14:14:00,310.9427
2020-01-10 14:15:00,310.9416
2020-01-10 14:16:00,310.941
2020-01-10 14:17:00,310.9404
2020-01-10 14:18:00,310.9399
2020-01-10 14:19:00,310.9393
2020-01-10 14:20:00,310.9386
2020-01-10 14:21:00,310.9376
2020-01-10 14:22:00,310.9369
2020-01-10 14:23:00,310.9357
2020-01-10 14:24:00,310.9339
2020-01-10 14:25:00,310.9321
2020-01-10 14:26:00,310.9299
2020-01-10 14:27:00,310.9281
2020-01-10 14:28:00,310.9264
2020-01-10 14:29:00,310.9256
2020-01-10 14:30:00,310.9229
2020-01-10 14:31:00,310.9209
2020-01-10 14:32:00,310.9176
2020-01-10 14:33:00,310.9158
2020-01-10 14:34:00,310.9129
2020-01-10 14:35:00,310.9088
2020-01-10 14:36:00,310.9057
2020-01-10 14:37:00,310.9029
2020-01-10 14:38:00,310.9008
2020-01-10 14:39:00,310.8995
2020-01-10 14:40:00,310.8975
2020-01-10 14:41:00,310.896
2020-01-10 14:42:00,310.8938
2020-01-10 14:43:00,310.8895
2020-01-10 14:44:00,310.8873
2020-01-10 14:45:00,310.8854
2020-01-10 14:46:00,310.8837
2020-01-10 14:47:00,310.8801
2020-01-10 14:48:00,310.8758
2020-01-10 14:49:00,310.8693
2020-01-10 14:50:00,310.8672
2020-01-10 14:51:00,310.8652
2020-01-10 14:52:00,310.8635
2020-01-10 14:53:00,310.8625
2020-01-10 14:54:00,310.8607
2020-01-10 14:55:00,310.8591
2020-01-10 14:56:00,310.8574
2020-01-10 14:57:00,310.8558
2020-01-10 14:58:00,310.8519
2020-01-10 14:59:00,310.8494
2020-01-10 15:00:00,310.8474
2020-01-10 15:01:00,310.8462
2020-01-10 15:02:00,310.841
2020-01-10 15:03:00,310.838
2020-01-10 15:04:00,310.8367
2020-01-10 15:05:00,310.8351
2020-01-10 15:06:00,310.8323
2020-01-10 15:07:00,310.8287
2020-01-10 15:08:00,310.8262
2020-01-10 15:09:00,310.8238
2020-01-10 15:10:00,310.8216
2020-01-10 15:11:00,310.8198
2020-01-10 15:12:00,310.8172
2020-01-10 15:13:00,310.8148
2020-01-10 15:14:00,310.8126
2020-01-10 15:15:00,310.8098
2020-01-10 15:16:00,310.8073
2020-01-10 15:17:00,310.8047
2020-01-10 15:18:00,310.803
2020-01-10 15:19:00,310.8021
2020-01-10 15:20:00,310.7994
2020-01-10 15:21:00,310.7978
2020-01-10 15:22:00,310.7955
2020-01-10 15:23:00,310.794
2020-01-10 15:24:00,310.7911
2020-01-10 15:25:00,310.7893
2020-01-10 15:26:00,310.787
2020-01-10 15:27:00,310.7854
2020-01-10 15:28:00,310.7841
2020-01-10 15:29:00,310.7831
2020-01-10 15:30:00,310.782
2020-01-10 15:31:00,310.7799
2020-01-10 15:32:00,310.7783
2020-01-10 15:33:00,310.7771
2020-01-10 15:34:00,310.7746
2020-01-10 15:35:00,310.7729
2020-01-10 15:36:00,310.771
2020-01-10 15:37:00,310.769
2020-01-10 15:38:00,310.7676
2020-01-10 15:39:00,310.766
2020-01-10 15:40:00,310.7632
2020-01-10 15:41:00,310.7609
2020-01-10 15:42:00,310.7586
2020-01-10 15:43:00,310.7522
2020-01-10 15:44:00,310.748
2020-01-10 15:45:00,310.745
2020-01-10 15:46:00,310.7423
2020-01-10 15:47:00,310.74
2020-01-10 15:48:00,310.738
2020-01-10 15:49:00,310.7365
2020-01-10 15:50:00,310.7312
2020-01-10 15:51:00,310.7279
2020-01-10 15:52:00,310.7249
2020-01-10 15:53:00,310.7221
2020-01-10 15:54:00,310.7191
2020-01-10 15:55:00,310.7166
2020-01-10 15:56:00,310.7141
2020-01-10 15:57:00,310.7115
2020-01-10 15:58:00,310.7085
2020-01-10 15:59:00,310.7059
2020-01-10 16:00:00,310.7019
2020-01-13 09:31:00,312.0633
2020-01-13 09:32:00,312.0747
2020-01-13 09:33:00,312.0916
2020-01-13 09:34:00,312.1783
2020-01-13 09:35:00,312.2757
2020-01-13 09:36:00,312.363
2020-01-13 09:37:00,312.4502
2020-01-13 09:38:00,312.4881
2020-01-13 09:39:00,312.5042
2020-01-13 09:40:00,312.5157
2020-01-13 09:41:00,312.5074
2020-01-13 09:42:00,312.4986
2020-01-13 09:43:00,312.4856
2020-01-13 09:44:00,312.4815
2020-01-13 09:45:00,312.4818
2020-01-13 09:46:00,312.5055
2020-01-13 09:47:00,312.5148
2020-01-13 09:48:00,312.5197
2020-01-13 09:49:00,312.5214
2020-01-13 09:50:00,312.5255
2020-01-13 09:51:00,312.5274
2020-01-13 09:52:00,312.5235
2020-01-13 09:53:00,312.5218
2020-01-13 09:54:00,312.518
2020-01-13 09:55:00,312.5142
2020-01-13 09:56:00,312.5131
2020-01-13 09:57:00,312.514
2020-01-13 09:58:00,312.5175
2020-01-13 09:59:00,312.5306
2020-01-13 10:00:00,312.5421
2020-01-13 10:01:00,312.5473
2020-01-13 10:02:00,312.5502
2020-01-13 10:03:00,312.5481
2020-01-13 10:04:00,312.5459
2020-01-13 10:05:00,312.5453
2020-01-13 10:06:00,312.5408
2020-01-13 10:07:00,312.5242
2020-01-13 10:08:00,312.5165
2020-01-13 10:09:00,312.5126
2020-01-13 10:10:00,312.5034
2020-01-13 10:11:00,312.4969
2020-01-13 10:12:00,312.4921
2020-01-13 10:13:00,312.4889
2020-01-13 10:14:00,312.485
2020-01-13 10:15:00,312.481
2020-01-13 10:16:00,312.4782
2020-01-13 10:17:00,312.4754
2020-01-13 10:18:00,312.4742
2020-01-13 10:19:00,312.4706
2020-01-13 10:20:00,312.4678
2020-01-13 10:21:00,312.4575
2020-01-13 10:22:00,312.4531
2020-01-13 10:23:00,312.4502
2020-01-13 10:24:00,312.448
2020-01-13 10:25:00,312.4463
2020-01-13 10:26:00,312.4436
2020-01-13 10:27:00,312.4409
2020-01-13 10:28:00,312.4377
2020-01-13 10:29:00,312.4341
2020-01-13 10:30:00,312.4311
2020-01-13 10:31:00,312.4283
2020-01-13 10:32:00,312.4193
2020-01-13 10:33:00,312.4104
2020-01-13 10:34:00,312.406
2020-01-13 10:35:00,312.4019
2020-01-13 10:36:00,312.3945
2020-01-13 10:37:00,312.3888
2020-01-13 10:38:00,312.3825
2020-01-13 10:39:00,312.3792
2020-01-13 10:40:00,312.375
2020-01-13 10:41:00,312.3686
2020-01-13 10:42:00,312.3664
2020-01-13 10:43:00,312.3585
2020-01-13 10:44:00,312.3536
2020-01-13 10:45:00,312.3416
2020-01-13 10:46:00,312.3333
2020-01-13 10:47:00,312.3267
2020-01-13 10:48:00,312.3214
2020-01-13 10:49:00,312.3171
2020-01-13 10:50:00,312.3119
2020-01-13 10:51:00,312.3084
2020-01-13 10:52:00,312.3048
2020-01-13 10:53:00,312.3033
2020-01-13 10:54:00,312.3012
2020-01-13 10:55:00,312.299
2020-01-13 10:56:00,312.2979
2020-01-13 10:57:00,312.2962
2020-01-13 10:58:00,312.2939
2020-01-13 10:59:00,312.2932
2020-01-13 11:04:00,312.2747
2020-01-13 11:05:00,312.2728
2020-01-13 11:06:00,312.2709
2020-01-13 11:07:00,312.2682
2020-01-13 11:08:00,312.2663
2020-01-13 11:09:00,312.2633
2020-01-13 11:10:00,312.2567
2020-01-13 11:11:00,312.2531
2020-01-13 11:12:00,312.2513
2020-01-13 11:13:00,312.2503
2020-01-13 11:14:00,312.249
2020-01-13 11:15:00,312.2477
2020-01-13 11:16:00,312.246
2020-01-13 11:17:00,312.2446
2020-01-13 11:18:00,312.2431
2020-01-13 11:19:00,312.2421
2020-01-13 11:20:00,312.2412
2020-01-13 11:21:00,312.2403
2020-01-13 11:22:00,312.2393
2020-01-13 11:23:00,312.2385
2020-01-13 11:24:00,312.2376
2020-01-13 11:25:00,312.2368
2020-01-13 11:26:00,312.2345
2020-01-13 11:27:00,312.2342
2020-01-13 11:28:00,312.2334
2020-01-13 11:29:00,312.2257
2020-01-13 11:30:00,312.2248
2020-01-13 11:31:00,312.2265
2020-01-13 11:32:00,312.2296
2020-01-13 11:33:00,312.2317
2020-01-13 11:34:00,312.2327
2020-01-13 11:35:00,312.233
2020-01-13 11:36:00,312.2335
2020-01-13 11:37:00,312.2347
2020-01-13 11:38:00,312.2352
2020-01-13 11:39:00,312.2359
2020-01-13 11:40:00,312.2363
2020-01-13 11:41:00,312.2365
2020-01-13 11:42:00,312.2366
2020-01-13 11:43:00,312.2368
2020-01-13 11:44:00,312.2372
2020-01-13 11:45:00,312.2377
2020-01-13 11:46:00,312.2381
2020-01-13 11:47:00,312.2393
2020-01-13 11:48:00,312.24
2020-01-13 11:49:00,312.2452
2020-01-13 11:50:00,312.2496
2020-01-13 11:51:00,312.2511
2020-01-13 11:52:00,312.2523
2020-01-13 11:53:00,312.2535
2020-01-13 11:54:00,312.2544
2020-01-13 11:57:00,312.2561
2020-01-13 11:58:00,312.2567
2020-01-13 11:59:00,312.2587
2020-01-13 12:00:00,312.2612
2020-01-13 12:01:00,312.2639
2020-01-13 12:02:00,312.2666
2020-01-13 12:03:00,312.2691
2020-01-13 12:04:00,312.2724
2020-01-13 12:05:00,312.2735
2020-01-13 12:06:00,312.2742
2020-01-13 12:07:00,312.2752
2020-01-13 12:08:00,312.276
2020-01-13 12:09:00,312.2771
2020-01-13 12:10:00,312.2783
2020-01-13 12:11:00,312.2797
2020-01-13 12:12:00,312.2808
2020-01-13 12:13:00,312.2817
2020-01-13 12:14:00,312.2832
2020-01-13 12:15:00,312.2849
2020-01-13 12:16:00,312.2864
2020-01-13 12:17:00,312.2876
2020-01-13 12:18:00,312.2883
2020-01-13 12:19:00,312.2896
2020-01-13 12:20:00,312.2904
2020-01-13 12:21:00,312.2911
2020-01-13 12:22:00,312.2916
2020-01-13 12:23:00,312.2921
2020-01-13 12:24:00,312.2927
2020-01-13 12:25:00,312.293
2020-01-13 12:26:00,312.2934
2020-01-13 12:27:00,312.2938
2020-01-13 12:28:00,312.2942
2020-01-13 12:29:00,312.2947
2020-01-13 12:30:00,312.2952
2020-01-13 12:31:00,312.2965
2020-01-13 12:32:00,312.2986
2020-01-13 12:33:00,312.2994
2020-01-13 12:34:00,312.302
2020-01-13 12:35:00,312.309
2020-01-13 12:36:00,312.3111
2020-01-13 12:37:00,312.3143
2020-01-13 12:38:00,312.3165
2020-01-13 12:39:00,312.3182
2020-01-13 12:40:00,312.3201
2020-01-13 12:41:00,312.322
2020-01-13 12:42:00,312.3226
2020-01-13 12:43:00,312.3239
2020-01-13 12:44:00,312.3251
2020-01-13 12:45:00,312.3276
2020-01-13 12:46:00,312.3301
2020-01-13 12:47:00,312.3356
2020-01-13 12:48:00,312.3385
2020-01-13 12:49:00,312.3413
2020-01-13 12:50:00,312.3439
2020-01-13 12:51:00,312.3463
2020-01-13 12:52:00,312.3487
2020-01-13 12:53:00,312.3503
2020-01-13 12:54:00,312.3531
2020-01-13 12:55:00,312.3548
2020-01-13 12:56:00,312.3559
2020-01-13 12:57:00,312.3576
2020-01-13 12:58:00,312.3592
2020-01-13 12:59:00,312.361
2020-01-13 13:00:00,312.3624
2020-01-13 13:01:00,312.3641
2020-01-13 13:02:00,312.3661
2020-01-13 13:03:00,312.3682
2020-01-13 13:04:00,312.3694
2020-01-13 13:05:00,312.3719
2020-01-13 13:06:00,312.3736
2020-01-13 13:07:00,312.3749
2020-01-13 13:08:00,312.3761
2020-01-13 13:09:00,312.3803
2020-01-13 13:10:00,312.3833
2020-01-13 13:11:00,312.3849
2020-01-13 13:12:00,312.3863
2020-01-13 13:13:00,312.3897
2020-01-13 13:14:00,312.3907
2020-01-13 13:15:00,312.392
2020-01-13 13:16:00,312.3942
2020-01-13 13:17:00,312.3958
2020-01-13 13:18:00,312.3973
2020-01-13 13:19:00,312.3986
2020-01-13 13:20:00,312.3998
2020-01-13 13:21:00,312.4048
2020-01-13 13:22:00,312.4109
2020-01-13 13:23:00,312.4177
2020-01-13 13:24:00,312.421
2020-01-13 13:25:00,312.4239
2020-01-13 13:26:00,312.4267
2020-01-13 13:27:00,312.4295
2020-01-13 13:28:00,312.4327
2020-01-13 13:29:00,312.4345
2020-01-13 13:30:00,312.4354
2020-01-13 13:31:00,312.4382
2020-01-13 13:32:00,312.4398
2020-01-13 13:33:00,312.4421
2020-01-13 13:34:00,312.4432
2020-01-13 13:35:00,312.4446
2020-01-13 13:36:00,312.446
2020-01-13 13:37:00,312.4477
2020-01-13 13:38:00,312.4488
2020-01-13 13:39:00,312.4502
2020-01-13 13:40:00,312.4512
2020-01-13 13:41:00,312.4531
2020-01-13 13:42:00,312.4563
2020-01-13 13:43:00,312.4597
2020-01-13 13:44:00,312.4609
2020-01-13 13:45:00,312.4614
2020-01-13 13:46:00,312.4634
2020-01-13 13:47:00,312.465
2020-01-13 13:48:00,312.4674
2020-01-13 13:49:00,312.4698
2020-01-13 13:50:00,312.4716
2020-01-13 13:51:00,312.473
2020-01-13 13:52:00,312.4759
2020-01-13 13:53:00,312.4772
2020-01-13 13:54:00,312.4789
2020-01-13 13:55:00,312.4808
2020-01-13 13:56:00,312.4831
2020-01-13 13:57:00,312.4861
2020-01-13 13:58:00,312.4885
2020-01-13 13:59:00,312.4908
2020-01-13 14:00:00,312.4936
2020-01-13 14:01:00,312.4962
2020-01-13 14:02:00,312.499
2020-01-13 14:03:00,312.5015
2020-01-13 14:04:00,312.5033
2020-01-13 14:05:00,312.5057
2020-01-13 14:06:00,312.5069
2020-01-13 14:07:00,312.5092
2020-01-13 14:08:00,312.5157
2020-01-13 14:09:00,312.5209
2020-01-13 14:10:00,312.5264
2020-01-13 14:11:00,312.531
2020-01-13 14:12:00,312.5335
2020-01-13 14:13:00,312.5358
2020-01-13 14:14:00,312.5408
2020-01-13 14:15:00,312.5435
2020-01-13 14:16:00,312.5459
2020-01-13 14:17:00,312.5543
2020-01-13 14:18:00,312.5593
2020-01-13 14:19:00,312.5669
2020-01-13 14:20:00,312.5726
2020-01-13 14:21:00,312.5786
2020-01-13 14:22:00,312.582
2020-01-13 14:23:00,312.5864
2020-01-13 14:24:00,312.5908
2020-01-13 14:25:00,312.6002
2020-01-13 14:26:00,312.6055
2020-01-13 14:27:00,312.611
2020-01-13 14:28:00,312.6163
2020-01-13 14:29:00,312.6262
2020-01-13 14:30:00,312.633
2020-01-13 14:31:00,312.6432
2020-01-13 14:32:00,312.6518
2020-01-13 14:33:00,312.6584
2020-01-13 14:34:00,312.6647
2020-01-13 14:35:00,312.6721
2020-01-13 14:36:00,312.6784
2020-01-13 14:37:00,312.6839
2020-01-13 14:38:00,312.6899
2020-01-13 14:39:00,312.6941
2020-01-13 14:40:00,312.6995
2020-01-13 14:41:00,312.7033
2020-01-13 14:42:00,312.7086
2020-01-13 14:43:00,312.7132
2020-01-13 14:44:00,312.7165
2020-01-13 14:45:00,312.7209
2020-01-13 14:46:00,312.7249
2020-01-13 14:47:00,312.7297
2020-01-13 14:48:00,312.7324
2020-01-13 14:49:00,312.7346
2020-01-13 14:50:00,312.739
2020-01-13 14:51:00,312.744
2020-01-13 14:52:00,312.749
2020-01-13 14:53:00,312.752
2020-01-13 14:54:00,312.756
2020-01-13 14:55:00,312.7597
2020-01-13 14:56:00,312.7643
2020-01-13 14:57:00,312.7703
2020-01-13 14:58:00,312.7741
2020-01-13 14:59:00,312.7793
2020-01-13 15:00:00,312.7827
2020-01-13 15:01:00,312.7879
2020-01-13 15:02:00,312.793
2020-01-13 15:03:00,312.7968
2020-01-13 15:04:00,312.8054
2020-01-13 15:05:00,312.8094
2020-01-13 15:06:00,312.8143
2020-01-13 15:07:00,312.8192
2020-01-13 15:08:00,312.8216
2020-01-13 15:09:00,312.8277
2020-01-13 15:10:00,312.832
2020-01-13 15:11:00,312.8355
2020-01-13 15:12:00,312.8388
2020-01-13 15:13:00,312.8437
2020-01-13 15:14:00,312.8478
2020-01-13 15:15:00,312.8511
2020-01-13 15:16:00,312.8549
2020-01-13 15:17:00,312.8582
2020-01-13 15:18:00,312.8618
2020-01-13 15:19:00,312.864
2020-01-13 15:20:00,312.866
2020-01-13 15:21:00,312.8699
2020-01-13 15:22:00,312.8739
2020-01-13 15:23:00,312.8775
2020-01-13 15:24:00,312.8955
2020-01-13 15:25:00,312.9005
2020-01-13 15:26:00,312.9056
2020-01-13 15:27:00,312.9092
2020-01-13 15:28:00,312.9147
2020-01-13 15:29:00,312.9188
2020-01-13 15:30:00,312.9265
2020-01-13 15:31:00,312.9304
2020-01-13 15:32:00,312.9359
2020-01-13 15:33:00,312.9451
2020-01-13 15:34:00,312.9551
2020-01-13 15:35:00,312.9619
2020-01-13 15:36:00,312.9668
2020-01-13 15:37:00,312.9728
2020-01-13 15:38:00,312.9769
2020-01-13 15:39:00,312.9819
2020-01-13 15:40:00,312.9898
2020-01-13 15:41:00,312.9993
2020-01-13 15:42:00,313.0055
2020-01-13 15:43:00,313.0103
2020-01-13 15:44:00,313.0275
2020-01-13 15:45:00,313.0414
2020-01-13 15:46:00,313.0527
2020-01-13 15:47:00,313.0593
2020-01-13 15:48:00,313.0653
2020-01-13 15:49:00,313.0771
2020-01-13 15:50:00,313.0884
2020-01-13 15:51:00,313.1122
2020-01-13 15:52:00,313.1262
2020-01-13 15:53:00,313.1433
2020-01-13 15:54:00,313.1741
2020-01-13 15:55:00,313.2043
2020-01-13 15:56:00,313.2386
2020-01-13 15:57:00,313.2644
2020-01-13 15:58:00,313.3071
2020-01-13 15:59:00,313.3472
2020-01-13 16:00:00,313.4047
2020-01-14 09:31:00,316.8951
2020-01-14 09:32:00,316.8366
2020-01-14 09:33:00,316.7883
2020-01-14 09:34:00,316.7403
2020-01-14 09:35:00,316.7089
2020-01-14 09:36:00,316.6907
2020-01-14 09:37:00,316.6506
2020-01-14 09:38:00,316.6392
2020-01-14 09:39:00,316.6456
2020-01-14 09:40:00,316.6655
2020-01-14 09:41:00,316.6733
2020-01-14 09:42:00,316.6654
2020-01-14 09:43:00,316.6511
2020-01-14 09:44:00,316.6227
2020-01-14 09:45:00,316.608
2020-01-14 09:46:00,316.6004
2020-01-14 09:47:00,316.591
2020-01-14 09:48:00,316.5708
2020-01-14 09:49:00,316.5389
2020-01-14 09:50:00,316.4957
2020-01-14 09:51:00,316.4343
2020-01-14 09:52:00,316.3764
2020-01-14 09:53:00,316.3216
2020-01-14 09:54:00,316.2891
2020-01-14 09:55:00,316.268
2020-01-14 09:56:00,316.2444
2020-01-14 09:57:00,316.1752
2020-01-14 09:58:00,316.0954
2020-01-14 09:59:00,316.0113
2020-01-14 10:00:00,315.9508
2020-01-14 10:01:00,315.8924
2020-01-14 10:02:00,315.8587
2020-01-14 10:03:00,315.8407
2020-01-14 10:04:00,315.8221
2020-01-14 10:05:00,315.8069
2020-01-14 10:06:00,315.7995
2020-01-14 10:07:00,315.7885
2020-01-14 10:08:00,315.7782
2020-01-14 10:09:00,315.7717
2020-01-14 10:10:00,315.7694
2020-01-14 10:11:00,315.7677
2020-01-14 10:12:00,315.7665
2020-01-14 10:13:00,315.7653
2020-01-14 10:14:00,315.7632
2020-01-14 10:15:00,315.7727
2020-01-14 10:16:00,315.7741
2020-01-14 10:17:00,315.7753
2020-01-14 10:18:00,315.7858
2020-01-14 10:19:00,315.798
2020-01-14 10:20:00,315.8061
2020-01-14 10:21:00,315.8105
2020-01-14 10:22:00,315.8146
2020-01-14 10:23:00,315.8172
2020-01-14 10:24:00,315.8201
2020-01-14 10:25:00,315.8235
2020-01-14 10:26:00,315.8298
2020-01-14 10:27:00,315.8343
2020-01-14 10:28:00,315.8386
2020-01-14 10:29:00,315.8463
2020-01-14 10:30:00,315.8536
2020-01-14 10:31:00,315.8603
2020-01-14 10:32:00,315.8796
2020-01-14 10:33:00,315.9088
2020-01-14 10:34:00,315.9175
2020-01-14 10:35:00,315.9392
2020-01-14 10:36:00,315.9497
2020-01-14 10:37:00,315.9562
2020-01-14 10:38:00,315.9647
2020-01-14 10:39:00,315.9718
2020-01-14 10:40:00,315.9811
2020-01-14 10:41:00,315.9905
2020-01-14 10:42:00,315.9974
2020-01-14 10:43:00,316.0003
2020-01-14 10:44:00,316.0034
2020-01-14 10:45:00,316.0058
2020-01-14 10:46:00,316.0101
2020-01-14 10:47:00,316.0123
2020-01-14 10:48:00,316.0132
2020-01-14 10:49:00,316.014
2020-01-14 10:50:00,316.0105
2020-01-14 10:51:00,316.0057
2020-01-14 10:52:00,316.0001
2020-01-14 10:53:00,315.9926
2020-01-14 10:54:00,315.983
2020-01-14 10:55:00,315.9771
2020-01-14 10:56:00,315.9665
2020-01-14 10:57:00,315.9609
2020-01-14 10:58:00,315.9575
2020-01-14 10:59:00,315.9559
2020-01-14 11:00:00,315.9544
2020-01-14 11:01:00,315.9536
2020-01-14 11:02:00,315.9539
2020-01-14 11:03:00,315.9531
2020-01-14 11:04:00,315.9529
2020-01-14 11:06:00,315.9519
2020-01-14 11:07:00,315.9524
2020-01-14 11:08:00,315.9527
2020-01-14 11:09:00,315.9528
2020-01-14 11:10:00,315.9526
2020-01-14 11:11:00,315.9515
2020-01-14 11:12:00,315.9508
2020-01-14 11:13:00,315.9496
2020-01-14 11:14:00,315.9486
2020-01-14 11:15:00,315.947
2020-01-14 11:16:00,315.9458
2020-01-14 11:17:00,315.9444
2020-01-14 11:18:00,315.9434
2020-01-14 11:19:00,315.9425
2020-01-14 11:20:00,315.942
2020-01-14 11:21:00,315.9408
2020-01-14 11:22:00,315.9352
2020-01-14 11:23:00,315.9329
2020-01-14 11:24:00,315.9309
2020-01-14 11:25:00,315.9292
2020-01-14 11:26:00,315.928
2020-01-14 11:27:00,315.9262
2020-01-14 11:28:00,315.9245
2020-01-14 11:29:00,315.9233
2020-01-14 11:30:00,315.9231
2020-01-14 11:31:00,315.9207
2020-01-14 11:32:00,315.9174
2020-01-14 11:33:00,315.9158
2020-01-14 11:34:00,315.9139
2020-01-14 11:35:00,315.9116
2020-01-14 11:36:00,315.9099
2020-01-14 11:37:00,315.9081
2020-01-14 11:38:00,315.9069
2020-01-14 11:39:00,315.9057
2020-01-14 11:40:00,315.9045
2020-01-14 11:41:00,315.9028
2020-01-14 11:42:00,315.9003
2020-01-14 11:43:00,315.8896
2020-01-14 11:44:00,315.8865
2020-01-14 11:45:00,315.8812
2020-01-14 11:46:00,315.8777
2020-01-14 11:47:00,315.8725
2020-01-14 11:48:00,315.8707
2020-01-14 11:49:00,315.8694
2020-01-14 11:50:00,315.8685
2020-01-14 11:51:00,315.8672
2020-01-14 11:52:00,315.8666
2020-01-14 11:53:00,315.8662
2020-01-14 11:54:00,315.8657
2020-01-14 11:55:00,315.8654
2020-01-14 11:56:00,315.8656
2020-01-14 11:57:00,315.8657
2020-01-14 11:58:00,315.8661
2020-01-14 11:59:00,315.8676
2020-01-14 12:00:00,315.8721
2020-01-14 12:01:00,315.8755
2020-01-14 12:02:00,315.8779
2020-01-14 12:03:00,315.8794
2020-01-14 12:04:00,315.8805
2020-01-14 12:05:00,315.882
2020-01-14 12:06:00,315.8826
2020-01-14 12:07:00,315.8835
2020-01-14 12:08:00,315.8836
2020-01-14 12:09:00,315.884
2020-01-14 12:10:00,315.886
2020-01-14 12:11:00,315.8861
2020-01-14 12:12:00,315.8863
2020-01-14 12:13:00,315.8864
2020-01-14 12:14:00,315.8863
2020-01-14 12:15:00,315.8858
2020-01-14 12:16:00,315.8853
2020-01-14 12:17:00,315.8843
2020-01-14 12:18:00,315.8833
2020-01-14 12:19:00,315.8822
2020-01-14 12:20:00,315.8811
2020-01-14 12:21:00,315.8802
2020-01-14 12:22:00,315.8795
2020-01-14 12:23:00,315.8789
2020-01-14 12:24:00,315.8784
2020-01-14 12:25:00,315.8779
2020-01-14 12:26:00,315.8776
2020-01-14 12:27:00,315.8767
2020-01-14 12:28:00,315.8753
2020-01-14 12:29:00,315.874
2020-01-14 12:30:00,315.8727
2020-01-14 12:31:00,315.8713
2020-01-14 12:32:00,315.8702
2020-01-14 12:33:00,315.8684
2020-01-14 12:34:00,315.8663
2020-01-14 12:35:00,315.8651
2020-01-14 12:36:00,315.8635
2020-01-14 12:37:00,315.8618
2020-01-14 12:38:00,315.8606
2020-01-14 12:39:00,315.8595
2020-01-14 12:40:00,315.8587
2020-01-14 12:41:00,315.8579
2020-01-14 12:42:00,315.8563
2020-01-14 12:43:00,315.8533
2020-01-14 12:44:00,315.8503
2020-01-14 12:45:00,315.849
2020-01-14 12:46:00,315.8478
2020-01-14 12:47:00,315.8462
2020-01-14 12:48:00,315.8428
2020-01-14 12:49:00,315.8412
2020-01-14 12:50:00,315.8392
2020-01-14 12:51:00,315.8352
2020-01-14 12:52:00,315.8334
2020-01-14 12:53:00,315.8313
2020-01-14 12:54:00,315.829
2020-01-14 12:55:00,315.8265
2020-01-14 12:56:00,315.8248
2020-01-14 12:57:00,315.8225
2020-01-14 12:58:00,315.8188
2020-01-14 12:59:00,315.8164
2020-01-14 13:00:00,315.8131
2020-01-14 13:01:00,315.8102
2020-01-14 13:02:00,315.8082
2020-01-14 13:03:00,315.8066
2020-01-14 13:04:00,315.8057
2020-01-14 13:05:00,315.8044
2020-01-14 13:06:00,315.8036
2020-01-14 13:07:00,315.8027
2020-01-14 13:08:00,315.8004
2020-01-14 13:09:00,315.7998
2020-01-14 13:10:00,315.7988
2020-01-14 13:11:00,315.7982
2020-01-14 13:12:00,315.7971
2020-01-14 13:13:00,315.7963
2020-01-14 13:14:00,315.7954
2020-01-14 13:15:00,315.7936
2020-01-14 13:16:00,315.7931
2020-01-14 13:17:00,315.7924
2020-01-14 13:18:00,315.7916
2020-01-14 13:19:00,315.7909
2020-01-14 13:20:00,315.7904
2020-01-14 13:21:00,315.7898
2020-01-14 13:22:00,315.7895
2020-01-14 13:23:00,315.7888
2020-01-14 13:24:00,315.7881
2020-01-14 13:25:00,315.7876
2020-01-14 13:26:00,315.7869
2020-01-14 13:27:00,315.7853
2020-01-14 13:28:00,315.7844
2020-01-14 13:29:00,315.7839
2020-01-14 13:30:00,315.7834
2020-01-14 13:31:00,315.783
2020-01-14 13:32:00,315.7829
2020-01-14 13:33:00,315.783
2020-01-14 13:34:00,315.7829
2020-01-14 13:35:00,315.7829
2020-01-14 13:36:00,315.7829
2020-01-14 13:37:00,315.7735
2020-01-14 13:38:00,315.7495
2020-01-14 13:39:00,315.7457
2020-01-14 13:44:00,315.7011
2020-01-14 13:45:00,315.7011
2020-01-14 13:46:00,315.6946
2020-01-14 13:47:00,315.6775
2020-01-14 13:48:00,315.6699
2020-01-14 13:49:00,315.6643
2020-01-14 13:50:00,315.6586
2020-01-14 13:51:00,315.6534
2020-01-14 13:52:00,315.6487
2020-01-14 13:53:00,315.6359
2020-01-14 13:54:00,315.6301
2020-01-14 13:55:00,315.6272
2020-01-14 13:56:00,315.5904
2020-01-14 13:57:00,315.5697
2020-01-14 13:58:00,315.5607
2020-01-14 13:59:00,315.5559
