date,RSI
2020-01-13 10:31:00,35.5702
2020-01-13 10:32:00,34.2385
2020-01-13 10:33:00,34.6907
2020-01-13 10:34:00,35.6643
2020-01-13 10:35:00,35.0711
2020-01-13 10:36:00,36.0785
2020-01-13 10:37:00,36.7438
2020-01-13 10:38:00,38.7432
2020-01-13 10:39:00,38.509
2020-01-13 10:40:00,37.2024
2020-01-13 10:41:00,37.4182
2020-01-13 10:42:00,38.175
2020-01-13 10:43:00,38.3914
2020-01-13 10:44:00,38.6102
2020-01-13 10:45:00,38.6102
2020-01-13 10:46:00,38.4689
2020-01-13 10:47:00,38.7534
2020-01-13 10:48:00,38.4282
2020-01-13 10:49:00,40.2424
2020-01-13 10:50:00,40.2424
2020-01-13 10:51:00,39.5272
2020-01-13 10:52:00,40.9318
2020-01-13 10:53:00,40.411
2020-01-13 10:54:00,41.826
2020-01-13 10:55:00,42.2611
2020-01-13 10:56:00,42.0214
2020-01-13 10:57:00,41.6212
2020-01-13 10:58:00,41.3808
2020-01-13 10:59:00,40.8213
2020-01-13 11:04:00,45.0321
2020-01-13 11:05:00,45.7168
2020-01-13 11:06:00,44.9792
2020-01-13 11:07:00,46.1795
2020-01-13 11:08:00,46.0105
2020-01-13 11:09:00,46.9101
2020-01-13 11:10:00,48.3657
2020-01-13 11:11:00,48.3566
2020-01-13 11:12:00,49.6968
2020-01-13 11:13:00,51.4174
2020-01-13 11:14:00,50.5585
2020-01-13 11:15:00,50.2187
2020-01-13 11:16:00,50.2187
2020-01-13 11:17:00,50.7764
2020-01-13 11:18:00,50.118
2020-01-13 11:19:00,49.0814
2020-01-13 11:20:00,49.4652
2020-01-13 11:21:00,49.3705
2020-01-13 11:22:00,48.3384
2020-01-13 11:23:00,48.7334
2020-01-13 11:24:00,47.9834
2020-01-13 11:25:00,48.3673
2020-01-13 11:26:00,47.6334
2020-01-13 11:27:00,48.0446
2020-01-13 11:28:00,48.6593
2020-01-13 11:29:00,48.4438
2020-01-13 11:30:00,49.682
2020-01-13 11:31:00,49.4923
2020-01-13 11:32:00,49.9015
2020-01-13 11:33:00,52.261
2020-01-13 11:34:00,50.6442
2020-01-13 11:35:00,50.4455
2020-01-13 11:36:00,49.6543
2020-01-13 11:37:00,49.0672
2020-01-13 11:38:00,49.7716
2020-01-13 11:39:00,50.4685
2020-01-13 11:40:00,51.4472
2020-01-13 11:41:00,51.2414
2020-01-13 11:42:00,51.2414
2020-01-13 11:43:00,51.5422
2020-01-13 11:44:00,51.2208
2020-01-13 11:45:00,51.9319
2020-01-13 11:46:00,52.0336
2020-01-13 11:47:00,51.8109
2020-01-13 11:48:00,51.8109
2020-01-13 11:49:00,51.6964
2020-01-13 11:50:00,51.2359
2020-01-13 11:51:00,51.1204
2020-01-13 11:52:00,51.3439
2020-01-13 11:53:00,51.5423
2020-01-13 11:54:00,50.9708
2020-01-13 11:57:00,51.2502
2020-01-13 11:58:00,51.7792
2020-01-13 11:59:00,53.5278
2020-01-13 12:00:00,55.1564
2020-01-13 12:01:00,55.2352
2020-01-13 12:02:00,55.9846
2020-01-13 12:03:00,55.8535
2020-01-13 12:04:00,57.0824
2020-01-13 12:05:00,56.0248
2020-01-13 12:06:00,55.373
2020-01-13 12:07:00,54.7252
2020-01-13 12:08:00,55.0887
2020-01-13 12:09:00,55.1531
2020-01-13 12:10:00,55.5861
2020-01-13 12:11:00,58.4417
2020-01-13 12:12:00,58.927
2020-01-13 12:13:00,57.833
2020-01-13 12:14:00,56.38
2020-01-13 12:15:00,57.9428
2020-01-13 12:16:00,57.4201
2020-01-13 12:17:00,57.8189
2020-01-13 12:18:00,57.9993
2020-01-13 12:19:00,57.2012
2020-01-13 12:20:00,57.2995
2020-01-13 12:21:00,58.9615
2020-01-13 12:22:00,58.0159
2020-01-13 12:23:00,58.3073
2020-01-13 12:24:00,58.5025
2020-01-13 12:25:00,59.0873
2020-01-13 12:26:00,58.9379
2020-01-13 12:27:00,57.6889
2020-01-13 12:28:00,56.8664
2020-01-13 12:29:00,56.8664
2020-01-13 12:30:00,57.9454
2020-01-13 12:31:00,59.5766
2020-01-13 12:32:00,59.8634
2020-01-13 12:33:00,59.8608
2020-01-13 12:34:00,59.5722
2020-01-13 12:35:00,59.596
2020-01-13 12:36:00,59.7742
2020-01-13 12:37:00,57.7162
2020-01-13 12:38:00,56.8625
2020-01-13 12:39:00,56.159
2020-01-13 12:40:00,55.7381
2020-01-13 12:41:00,57.2584
2020-01-13 12:42:00,57.4724
2020-01-13 12:43:00,57.8449
2020-01-13 12:44:00,58.067
2020-01-13 12:45:00,58.1101
2020-01-13 12:46:00,57.9584
2020-01-13 12:47:00,58.5912
2020-01-13 12:48:00,58.4732
2020-01-13 12:49:00,58.4732
2020-01-13 12:50:00,58.1539
2020-01-13 12:51:00,58.6132
2020-01-13 12:52:00,58.8175
2020-01-13 12:53:00,59.0051
2020-01-13 12:54:00,59.0518
2020-01-13 12:55:00,59.4985
2020-01-13 12:56:00,59.3948
2020-01-13 12:57:00,59.4933
2020-01-13 12:58:00,59.5152
2020-01-13 12:59:00,59.1533
2020-01-13 13:00:00,58.7903
2020-01-13 13:01:00,59.0459
2020-01-13 13:02:00,58.6758
2020-01-13 13:03:00,58.8069
2020-01-13 13:04:00,59.8455
2020-01-13 13:05:00,59.2757
2020-01-13 13:06:00,58.8957
2020-01-13 13:07:00,55.9749
2020-01-13 13:08:00,55.9749
2020-01-13 13:09:00,57.3686
2020-01-13 13:10:00,58.6454
2020-01-13 13:11:00,56.5361
2020-01-13 13:12:00,57.8211
2020-01-13 13:13:00,57.9506
2020-01-13 13:14:00,57.9506
2020-01-13 13:15:00,57.8065
2020-01-13 13:16:00,56.8746
2020-01-13 13:17:00,57.0102
2020-01-13 13:18:00,57.5796
2020-01-13 13:19:00,57.539
2020-01-13 13:20:00,58.7518
2020-01-13 13:21:00,61.1298
2020-01-13 13:22:00,61.4935
2020-01-13 13:23:00,61.6057
2020-01-13 13:24:00,60.6495
2020-01-13 13:25:00,60.7734
2020-01-13 13:26:00,60.5682
2020-01-13 13:27:00,60.9553
2020-01-13 13:28:00,61.334
2020-01-13 13:29:00,61.9597
2020-01-13 13:30:00,62.2872
2020-01-13 13:31:00,62.5799
2020-01-13 13:32:00,63.4366
2020-01-13 13:33:00,63.4321
2020-01-13 13:34:00,62.5898
2020-01-13 13:35:00,61.341
2020-01-13 13:36:00,60.5221
2020-01-13 13:37:00,61.0142
2020-01-13 13:38:00,61.4452
2020-01-13 13:39:00,61.4452
2020-01-13 13:40:00,61.9755
2020-01-13 13:41:00,62.1053
2020-01-13 13:42:00,62.2416
2020-01-13 13:43:00,62.339
2020-01-13 13:44:00,60.208
2020-01-13 13:45:00,59.0593
2020-01-13 13:46:00,60.1175
2020-01-13 13:47:00,60.6736
2020-01-13 13:48:00,60.2468
2020-01-13 13:49:00,59.8182
2020-01-13 13:50:00,60.3909
2020-01-13 13:51:00,60.534
2020-01-13 13:52:00,60.9639
2020-01-13 13:53:00,60.5172
2020-01-13 13:54:00,60.2923
2020-01-13 13:55:00,60.7371
2020-01-13 13:56:00,58.5149
2020-01-13 13:57:00,58.5149
2020-01-13 13:58:00,58.0757
2020-01-13 13:59:00,58.2349
2020-01-13 14:00:00,56.2757
2020-01-13 14:01:00,57.2507
2020-01-13 14:02:00,55.6521
2020-01-13 14:03:00,55.1577
2020-01-13 14:04:00,56.1516
2020-01-13 14:05:00,58.496
2020-01-13 14:06:00,59.7441
2020-01-13 14:07:00,59.7869
2020-01-13 14:08:00,60.5002
2020-01-13 14:09:00,59.8523
2020-01-13 14:10:00,60.4271
2020-01-13 14:11:00,61.4102
2020-01-13 14:12:00,62.3611
2020-01-13 14:13:00,61.9174
2020-01-13 14:14:00,62.191
2020-01-13 14:15:00,61.6956
2020-01-13 14:16:00,60.8439
2020-01-13 14:17:00,60.3981
2020-01-13 14:18:00,58.0196
2020-01-13 14:19:00,58.4732
2020-01-13 14:20:00,58.6245
2020-01-13 14:21:00,59.0801
2020-01-13 14:22:00,59.6971
2020-01-13 14:23:00,60.2763
2020-01-13 14:24:00,60.0511
2020-01-13 14:25:00,60.7956
2020-01-13 14:26:00,60.7956
2020-01-13 14:27:00,61.9678
2020-01-13 14:28:00,63.0656
2020-01-13 14:29:00,62.9056
2020-01-13 14:30:00,61.9289
2020-01-13 14:31:00,59.6543
2020-01-13 14:32:00,59.2123
2020-01-13 14:33:00,58.9896
2020-01-13 14:34:00,59.1178
2020-01-13 14:35:00,59.1463
2020-01-13 14:36:00,58.4563
2020-01-13 14:37:00,58.7821
2020-01-13 14:38:00,58.7821
2020-01-13 14:39:00,59.6021
2020-01-13 14:40:00,59.8937
2020-01-13 14:41:00,59.9267
2020-01-13 14:42:00,61.058
2020-01-13 14:43:00,59.1231
2020-01-13 14:44:00,56.3861
2020-01-13 14:45:00,56.3861
2020-01-13 14:46:00,55.0701
2020-01-13 14:47:00,54.0022
2020-01-13 14:48:00,54.5402
2020-01-13 14:49:00,54.1107
2020-01-13 14:50:00,52.6373
2020-01-13 14:51:00,51.4159
2020-01-13 14:52:00,50.0395
2020-01-13 14:53:00,48.8981
2020-01-13 14:54:00,52.3951
2020-01-13 14:55:00,52.8369
2020-01-13 14:56:00,52.1521
2020-01-13 14:57:00,52.6779
2020-01-13 14:58:00,54.2131
2020-01-13 14:59:00,53.0464
2020-01-13 15:00:00,53.7216
2020-01-13 15:01:00,53.7098
2020-01-13 15:02:00,53.1294
2020-01-13 15:03:00,53.4771
2020-01-13 15:04:00,53.8255
2020-01-13 15:05:00,55.5202
2020-01-13 15:06:00,53.3311
2020-01-13 15:07:00,54.3266
2020-01-13 15:08:00,54.1341
2020-01-13 15:09:00,55.1369
2020-01-13 15:10:00,54.9199
2020-01-13 15:11:00,55.9007
2020-01-13 15:12:00,55.2894
2020-01-13 15:13:00,53.3128
2020-01-13 15:14:00,54.3094
2020-01-13 15:15:00,53.7263
2020-01-13 15:16:00,53.146
2020-01-13 15:17:00,51.8177
2020-01-13 15:18:00,52.5076
2020-01-13 15:19:00,52.8505
2020-01-13 15:20:00,53.5536
2020-01-13 15:21:00,53.1388
2020-01-13 15:22:00,52.3613
2020-01-13 15:23:00,53.4018
2020-01-13 15:24:00,53.7478
2020-01-13 15:25:00,53.1477
2020-01-13 15:26:00,53.1477
2020-01-13 15:27:00,53.1477
2020-01-13 15:28:00,51.3516
2020-01-13 15:29:00,49.6455
2020-01-13 15:30:00,50.3907
2020-01-13 15:31:00,49.6436
2020-01-13 15:32:00,52.1669
2020-01-13 15:33:00,53.5208
2020-01-13 15:34:00,54.017
2020-01-13 15:35:00,55.6232
2020-01-13 15:36:00,53.9002
2020-01-13 15:37:00,54.8484
2020-01-13 15:38:00,55.921
2020-01-13 15:39:00,56.2239
2020-01-13 15:40:00,56.3793
2020-01-13 15:41:00,55.7865
2020-01-13 15:42:00,55.0027
2020-01-13 15:43:00,53.2887
2020-01-13 15:44:00,53.6152
2020-01-13 15:45:00,52.3129
2020-01-13 15:46:00,50.877
2020-01-13 15:47:00,51.2173
2020-01-13 15:48:00,51.0372
2020-01-13 15:49:00,51.727
2020-01-13 15:50:00,51.8994
2020-01-13 15:51:00,52.9242
2020-01-13 15:52:00,52.357
2020-01-13 15:53:00,52.8707
2020-01-13 15:54:00,54.8508
2020-01-13 15:55:00,58.8135
2020-01-13 15:56:00,58.6161
2020-01-13 15:57:00,59.9564
2020-01-13 15:58:00,59.177
2020-01-13 15:59:00,61.5519
2020-01-13 16:00:00,62.189
2020-01-14 09:31:00,64.0128
2020-01-14 09:32:00,62.8566
2020-01-14 09:33:00,58.8902
2020-01-14 09:34:00,63.375
2020-01-14 09:35:00,62.7154
2020-01-14 09:36:00,56.0252
2020-01-14 09:37:00,51.7977
2020-01-14 09:38:00,52.4159
2020-01-14 09:39:00,49.4776
2020-01-14 09:40:00,45.7703
2020-01-14 09:41:00,43.8833
2020-01-14 09:42:00,43.4369
2020-01-14 09:43:00,43.4369
2020-01-14 09:44:00,43.2589
2020-01-14 09:45:00,45.7438
2020-01-14 09:46:00,48.4568
2020-01-14 09:47:00,49.2507
2020-01-14 09:48:00,50.605
2020-01-14 09:49:00,49.268
2020-01-14 09:50:00,49.8454
2020-01-14 09:51:00,49.275
2020-01-14 09:52:00,48.0631
2020-01-14 09:53:00,49.5201
2020-01-14 09:54:00,50.462
2020-01-14 09:55:00,51.3847
2020-01-14 09:56:00,50.8073
2020-01-14 09:57:00,50.4231
2020-01-14 09:58:00,49.1019
2020-01-14 09:59:00,47.5926
2020-01-14 10:00:00,48.9957
2020-01-14 10:01:00,51.8564
2020-01-14 10:02:00,51.9695
2020-01-14 10:03:00,52.8797
2020-01-14 10:04:00,52.9644
2020-01-14 10:05:00,53.3914
2020-01-14 10:06:00,54.1314
2020-01-14 10:07:00,53.6613
2020-01-14 10:08:00,56.2674
2020-01-14 10:09:00,58.2806
2020-01-14 10:10:00,58.1799
2020-01-14 10:11:00,58.039
2020-01-14 10:12:00,58.2164
2020-01-14 10:13:00,58.4329
2020-01-14 10:14:00,58.5179
2020-01-14 10:15:00,60.9129
2020-01-14 10:16:00,56.4907
2020-01-14 10:17:00,55.6172
2020-01-14 10:18:00,56.3807
2020-01-14 10:19:00,56.3749
2020-01-14 10:20:00,52.8556
2020-01-14 10:21:00,51.1889
2020-01-14 10:22:00,52.779
2020-01-14 10:23:00,53.4109
2020-01-14 10:24:00,52.7662
2020-01-14 10:25:00,54.2304
2020-01-14 10:26:00,54.6552
2020-01-14 10:27:00,52.3433
2020-01-14 10:28:00,53.2066
2020-01-14 10:29:00,53.8443
2020-01-14 10:30:00,53.9859
2020-01-14 10:31:00,54.2006
2020-01-14 10:32:00,56.2736
2020-01-14 10:33:00,56.2736
2020-01-14 10:34:00,56.3417
2020-01-14 10:35:00,55.2047
2020-01-14 10:36:00,55.4856
2020-01-14 10:37:00,54.8731
2020-01-14 10:38:00,55.0892
2020-01-14 10:39:00,55.2345
2020-01-14 10:40:00,55.7445
2020-01-14 10:41:00,54.837
2020-01-14 10:42:00,54.6561
2020-01-14 10:43:00,55.0333
2020-01-14 10:44:00,54.6632
2020-01-14 10:45:00,55.2779
2020-01-14 10:46:00,53.0896
2020-01-14 10:47:00,53.0007
2020-01-14 10:48:00,51.342
2020-01-14 10:49:00,50.4961
2020-01-14 10:50:00,49.7461
2020-01-14 10:51:00,48.6039
2020-01-14 10:52:00,48.3619
2020-01-14 10:53:00,48.5928
2020-01-14 10:54:00,48.8846
2020-01-14 10:55:00,48.8002
2020-01-14 10:56:00,47.0668
2020-01-14 10:57:00,48.4708
2020-01-14 10:58:00,49.4318
2020-01-14 10:59:00,50.5249
2020-01-14 11:00:00,50.8572
2020-01-14 11:01:00,51.6013
2020-01-14 11:02:00,51.1636
2020-01-14 11:03:00,50.4673
2020-01-14 11:04:00,50.892
2020-01-14 11:06:00,49.2592
2020-01-14 11:07:00,49.862
2020-01-14 11:08:00,50.3757
2020-01-14 11:09:00,50.5391
2020-01-14 11:10:00,49.7593
2020-01-14 11:11:00,50.1111
2020-01-14 11:12:00,49.9334
2020-01-14 11:13:00,49.7628
2020-01-14 11:14:00,47.9147
2020-01-14 11:15:00,47.155
2020-01-14 11:16:00,48.1761
2020-01-14 11:17:00,47.9159
2020-01-14 11:18:00,49.1241
2020-01-14 11:19:00,48.9396
2020-01-14 11:20:00,48.674
2020-01-14 11:21:00,48.674
2020-01-14 11:22:00,46.0875
2020-01-14 11:23:00,47.1163
2020-01-14 11:24:00,48.7017
2020-01-14 11:25:00,48.1892
2020-01-14 11:26:00,48.3735
2020-01-14 11:27:00,47.0884
2020-01-14 11:28:00,46.7621
2020-01-14 11:29:00,46.0139
2020-01-14 11:30:00,45.5201
2020-01-14 11:31:00,46.3014
2020-01-14 11:32:00,46.6903
2020-01-14 11:33:00,46.9404
2020-01-14 11:34:00,46.8913
2020-01-14 11:35:00,47.8779
2020-01-14 11:36:00,47.253
2020-01-14 11:37:00,47.944
2020-01-14 11:38:00,50.1269
2020-01-14 11:39:00,49.4846
2020-01-14 11:40:00,49.7651
2020-01-14 11:41:00,49.0722
2020-01-14 11:42:00,48.8418
2020-01-14 11:43:00,48.7485
2020-01-14 11:44:00,47.1929
2020-01-14 11:45:00,47.2933
2020-01-14 11:46:00,46.9278
2020-01-14 11:47:00,47.352
2020-01-14 11:48:00,47.1566
2020-01-14 11:49:00,47.3668
2020-01-14 11:50:00,47.9985
2020-01-14 11:51:00,48.5217
2020-01-14 11:52:00,48.8359
2020-01-14 11:53:00,49.4632
2020-01-14 11:54:00,49.6723
2020-01-14 11:55:00,50.5058
2020-01-14 11:56:00,50.8164
2020-01-14 11:57:00,52.1399
2020-01-14 11:58:00,52.8349
2020-01-14 11:59:00,52.6127
2020-01-14 12:00:00,52.9145
2020-01-14 12:01:00,52.9144
2020-01-14 12:02:00,53.2349
2020-01-14 12:03:00,53.8711
2020-01-14 12:04:00,53.711
2020-01-14 12:05:00,53.2307
2020-01-14 12:06:00,53.1099
2020-01-14 12:07:00,52.745
2020-01-14 12:08:00,52.9184
2020-01-14 12:09:00,52.4751
2020-01-14 12:10:00,52.4751
2020-01-14 12:11:00,53.5981
2020-01-14 12:12:00,53.5981
2020-01-14 12:13:00,53.1589
2020-01-14 12:14:00,53.2373
2020-01-14 12:15:00,53.5512
2020-01-14 12:16:00,52.7512
2020-01-14 12:17:00,51.5755
2020-01-14 12:18:00,50.6826
2020-01-14 12:19:00,52.2447
2020-01-14 12:20:00,51.4338
2020-01-14 12:21:00,51.3526
2020-01-14 12:22:00,51.8617
2020-01-14 12:23:00,53.2572
2020-01-14 12:24:00,52.3429
2020-01-14 12:25:00,51.6961
2020-01-14 12:26:00,51.8151
2020-01-14 12:27:00,52.543
2020-01-14 12:28:00,52.2762
2020-01-14 12:29:00,51.3478
2020-01-14 12:30:00,51.4731
2020-01-14 12:31:00,51.7884
2020-01-14 12:32:00,52.1954
2020-01-14 12:33:00,51.8197
2020-01-14 12:34:00,52.5429
2020-01-14 12:35:00,53.3403
2020-01-14 12:36:00,53.7146
2020-01-14 12:37:00,55.0592
2020-01-14 12:38:00,55.6545
2020-01-14 12:39:00,55.6545
2020-01-14 12:40:00,56.3718
2020-01-14 12:41:00,56.6096
2020-01-14 12:42:00,56.4534
2020-01-14 12:43:00,56.9375
2020-01-14 12:44:00,55.678
2020-01-14 12:45:00,56.888
2020-01-14 12:46:00,57.3647
2020-01-14 12:47:00,56.4176
2020-01-14 12:48:00,54.8823
2020-01-14 12:49:00,55.9267
2020-01-14 12:50:00,56.0351
2020-01-14 12:51:00,55.0435
2020-01-14 12:52:00,55.2926
2020-01-14 12:53:00,55.137
2020-01-14 12:54:00,54.6683
2020-01-14 12:55:00,53.892
2020-01-14 12:56:00,53.4289
2020-01-14 12:57:00,53.0643
2020-01-14 12:58:00,52.0475
2020-01-14 12:59:00,51.147
2020-01-14 13:00:00,50.2625
2020-01-14 13:01:00,51.6784
2020-01-14 13:02:00,53.0198
2020-01-14 13:03:00,52.7391
2020-01-14 13:04:00,53.0112
2020-01-14 13:05:00,53.5552
2020-01-14 13:06:00,53.6917
2020-01-14 13:07:00,54.3724
2020-01-14 13:08:00,56.2056
2020-01-14 13:09:00,54.2029
2020-01-14 13:10:00,52.939
2020-01-14 13:11:00,52.939
2020-01-14 13:12:00,52.143
2020-01-14 13:13:00,52.4569
2020-01-14 13:14:00,50.6776
2020-01-14 13:15:00,51.6506
2020-01-14 13:16:00,51.7885
2020-01-14 13:17:00,52.7497
2020-01-14 13:18:00,53.4244
2020-01-14 13:19:00,52.811
2020-01-14 13:20:00,51.6058
2020-01-14 13:21:00,52.4339
2020-01-14 13:22:00,52.2822
2020-01-14 13:23:00,52.2822
2020-01-14 13:24:00,52.7064
2020-01-14 13:25:00,52.8486
2020-01-14 13:26:00,51.8969
2020-01-14 13:27:00,52.0433
2020-01-14 13:28:00,52.2295
2020-01-14 13:29:00,53.6444
2020-01-14 13:30:00,53.1514
2020-01-14 13:31:00,54.2904
2020-01-14 13:32:00,56.0564
2020-01-14 13:33:00,57.3028
2020-01-14 13:34:00,56.5163
2020-01-14 13:35:00,57.2839
2020-01-14 13:36:00,58.404
2020-01-14 13:37:00,45.1574
2020-01-14 13:38:00,44.386
2020-01-14 13:39:00,44.8304
2020-01-14 13:44:00,43.6012
2020-01-14 13:45:00,43.0038
2020-01-14 13:46:00,45.7838
2020-01-14 13:47:00,43.9962
2020-01-14 13:48:00,44.9661
2020-01-14 13:49:00,45.2077
2020-01-14 13:50:00,47.5462
2020-01-14 13:51:00,48.2205
2020-01-14 13:52:00,46.5964
2020-01-14 13:53:00,45.9295
2020-01-14 13:54:00,46.0197
2020-01-14 13:55:00,44.7086
2020-01-14 13:56:00,42.7274
2020-01-14 13:57:00,43.5538
2020-01-14 13:58:00,44.7132
2020-01-14 13:59:00,44.1598
2020-01-14 14:00:00,41.5452
2020-01-14 14:01:00,41.379
2020-01-14 14:02:00,41.379
2020-01-14 14:03:00,37.7856
2020-01-14 14:04:00,36.3213
2020-01-14 14:05:00,38.7357
2020-01-14 14:06:00,39.8405
2020-01-14 14:07:00,41.4508
2020-01-14 14:08:00,42.3917
2020-01-14 14:09:00,40.6214
2020-01-14 14:10:00,41.4501
2020-01-14 14:11:00,41.1581
2020-01-14 14:12:00,40.4906
2020-01-14 14:13:00,40.003
2020-01-14 14:14:00,37.5671
2020-01-14 14:15:00,41.2078
2020-01-14 14:16:00,42.3473
2020-01-14 14:17:00,40.2325
2020-01-14 14:18:00,39.0548
2020-01-14 14:19:00,40.0875
2020-01-14 14:20:00,41.3729
2020-01-14 14:21:00,41.2444
2020-01-14 14:22:00,41.3482
2020-01-14 14:23:00,43.5974
2020-01-14 14:24:00,43.2284
2020-01-14 14:25:00,43.3593
2020-01-14 14:26:00,45.7117
2020-01-14 14:27:00,46.4654
2020-01-14 14:28:00,45.888
2020-01-14 14:29:00,47.382
2020-01-14 14:30:00,46.7988
2020-01-14 14:31:00,46.7988
2020-01-14 14:32:00,47.3019
2020-01-14 14:33:00,48.6198
2020-01-14 14:34:00,47.9339
2020-01-14 14:35:00,47.8608
2020-01-14 14:36:00,47.4294
2020-01-14 14:37:00,47.6498
2020-01-14 14:38:00,47.9079
2020-01-14 14:39:00,47.3305
2020-01-14 14:40:00,47.0381
2020-01-14 14:41:00,46.3306
2020-01-14 14:42:00,47.2276
2020-01-14 14:43:00,47.0677
2020-01-14 14:44:00,47.4297
2020-01-14 14:45:00,46.6189
2020-01-14 14:46:00,46.8038
2020-01-14 14:47:00,46.6395
2020-01-14 14:48:00,46.2265
2020-01-14 14:49:00,46.2265
2020-01-14 14:50:00,45.5594
2020-01-14 14:51:00,44.42
2020-01-14 14:52:00,43.7028
2020-01-14 14:53:00,44.2748
2020-01-14 14:54:00,43.7426
2020-01-14 14:55:00,43.9491
2020-01-14 14:56:00,43.9491
2020-01-14 14:57:00,43.479
2020-01-14 14:58:00,44.2975
2020-01-14 14:59:00,43.931
2020-01-14 15:00:00,44.2922
2020-01-14 15:01:00,45.1475
2020-01-14 15:02:00,44.3683
2020-01-14 15:03:00,45.6655
2020-01-14 15:04:00,44.3559
2020-01-14 15:05:00,43.4414
2020-01-14 15:06:00,43.3589
2020-01-14 15:07:00,43.5771
2020-01-14 15:08:00,43.0707
2020-01-14 15:09:00,42.6504
2020-01-14 15:10:00,42.2317
2020-01-14 15:11:00,41.4859
2020-01-14 15:12:00,40.7541
2020-01-14 15:13:00,39.7246
2020-01-14 15:14:00,39.0305
2020-01-14 15:15:00,39.6144
2020-01-14 15:16:00,39.6265
2020-01-14 15:17:00,40.5379
2020-01-14 15:18:00,41.3012
2020-01-14 15:19:00,40.6401
2020-01-14 15:20:00,40.231
2020-01-14 15:21:00,43.2528
2020-01-14 15:22:00,43.2528
2020-01-14 15:23:00,43.8176
2020-01-14 15:24:00,43.9402
2020-01-14 15:25:00,43.575
2020-01-14 15:26:00,42.6904
2020-01-14 15:27:00,41.8269
2020-01-14 15:28:00,43.3648
2020-01-14 15:29:00,40.464
2020-01-14 15:30:00,40.464
2020-01-14 15:31:00,39.8378
2020-01-14 15:32:00,40.77
2020-01-14 15:33:00,42.1381
2020-01-14 15:34:00,43.2484
2020-01-14 15:35:00,42.8305
2020-01-14 15:36:00,41.4453
2020-01-14 15:37:00,42.2277
2020-01-14 15:38:00,43.4356
2020-01-14 15:39:00,41.9752
2020-01-14 15:40:00,41.8529
2020-01-14 15:41:00,43.7528
2020-01-14 15:42:00,44.385
2020-01-14 15:43:00,45.8299
2020-01-14 15:44:00,45.6577
2020-01-14 15:45:00,44.6335
2020-01-14 15:46:00,45.4629
2020-01-14 15:47:00,46.5814
2020-01-14 15:48:00,45.4607
2020-01-14 15:49:00,43.4177
2020-01-14 15:50:00,41.6661
2020-01-14 15:51:00,38.5696
2020-01-14 15:52:00,37.622
2020-01-14 15:53:00,40.8723
2020-01-14 15:54:00,40.8069
2020-01-14 15:55:00,42.4946
2020-01-14 15:56:00,44.5491
2020-01-14 15:57:00,44.1998
2020-01-14 15:58:00,43.2352
2020-01-14 15:59:00,42.5604
2020-01-14 16:00:00,45.9893
2020-01-15 09:31:00,52.6067
2020-01-15 09:32:00,53.5503
2020-01-15 09:33:00,54.5922
2020-01-15 09:34:00,56.3495
2020-01-15 09:35:00,56.3495
2020-01-15 09:36:00,57.5942
2020-01-15 09:37:00,57.1423
2020-01-15 09:38:00,58.1442
2020-01-15 09:39:00,59.326
2020-01-15 09:40:00,58.8651
2020-01-15 09:41:00,60.8257
2020-01-15 09:42:00,59.092
2020-01-15 09:43:00,59.2461
2020-01-15 09:44:00,59.1148
2020-01-15 09:45:00,59.5206
2020-01-15 09:46:00,57.1358
2020-01-15 09:47:00,56.8464
2020-01-15 09:48:00,57.2866
2020-01-15 09:49:00,56.1221
2020-01-15 09:50:00,56.8469
2020-01-15 09:51:00,56.9026
2020-01-15 09:52:00,57.0154
2020-01-15 09:53:00,54.4082
2020-01-15 09:54:00,54.6425
2020-01-15 09:55:00,55.9102
2020-01-15 09:56:00,55.9102
2020-01-15 09:57:00,55.0424
2020-01-15 09:58:00,55.741
2020-01-15 09:59:00,56.3163
2020-01-15 10:00:00,56.9984
2020-01-15 10:01:00,57.4018
2020-01-15 10:02:00,57.6391
2020-01-15 10:03:00,57.0728
2020-01-15 10:04:00,56.2046
2020-01-15 10:05:00,56.0233
2020-01-15 10:06:00,56.3697
2020-01-15 10:07:00,57.6647
2020-01-15 10:08:00,57.8382
2020-01-15 10:09:00,57.8966
2020-01-15 10:10:00,57.9559
2020-01-15 10:11:00,57.2181
2020-01-15 10:12:00,56.8906
2020-01-15 10:13:00,55.9129
2020-01-15 10:14:00,56.1692
2020-01-15 10:15:00,56.2334
2020-01-15 10:16:00,56.2334
2020-01-15 10:17:00,55.9785
2020-01-15 10:18:00,57.4814
2020-01-15 10:19:00,58.0512
2020-01-15 10:20:00,57.9126
2020-01-15 10:21:00,56.914
2020-01-15 10:22:00,56.9801
2020-01-15 10:23:00,55.7628
2020-01-15 10:24:00,56.1708
2020-01-15 10:25:00,56.3076
2020-01-15 10:26:00,56.5923
2020-01-15 10:27:00,57.4708
2020-01-15 10:28:00,57.2845
2020-01-15 10:29:00,57.3535
2020-01-15 10:30:00,58.8404
2020-01-15 10:31:00,58.0913
2020-01-15 10:32:00,57.0755
2020-01-15 10:33:00,56.9796
2020-01-15 10:34:00,58.3497
2020-01-15 10:35:00,58.1616
2020-01-15 10:36:00,58.434
2020-01-15 10:37:00,59.5064
2020-01-15 10:38:00,60.6672
2020-01-15 10:39:00,60.2766
2020-01-15 10:40:00,59.8186
2020-01-15 10:41:00,61.1456
2020-01-15 10:42:00,61.6317
2020-01-15 10:43:00,62.6787
2020-01-15 10:44:00,62.8621
2020-01-15 10:45:00,62.1459
2020-01-15 10:46:00,62.697
2020-01-15 10:47:00,62.3483
2020-01-15 10:48:00,60.3815
2020-01-15 10:49:00,60.7569
2020-01-15 10:50:00,59.979
2020-01-15 10:51:00,59.8797
2020-01-15 10:52:00,59.8757
2020-01-15 10:53:00,59.1711
2020-01-15 10:54:00,58.667
2020-01-15 10:55:00,58.7157
2020-01-15 10:56:00,59.7309
2020-01-15 10:57:00,60.354
2020-01-15 10:58:00,60.1835
2020-01-15 10:59:00,59.205
2020-01-15 11:00:00,59.9119
2020-01-15 11:01:00,59.0742
2020-01-15 11:02:00,55.8012
2020-01-15 11:03:00,54.137
2020-01-15 11:04:00,55.7761
2020-01-15 11:05:00,57.122
2020-01-15 11:06:00,55.9374
2020-01-15 11:07:00,54.5226
2020-01-15 11:08:00,55.2194
2020-01-15 11:09:00,56.0446
2020-01-15 11:10:00,55.8346
2020-01-15 11:11:00,53.9885
2020-01-15 11:12:00,53.1376
2020-01-15 11:13:00,53.0222
2020-01-15 11:14:00,54.4202
2020-01-15 11:15:00,55.7343
2020-01-15 11:16:00,56.6279
2020-01-15 11:17:00,56.8323
2020-01-15 11:18:00,56.2035
2020-01-15 11:19:00,56.5526
2020-01-15 11:20:00,56.9021
2020-01-15 11:21:00,56.2579
2020-01-15 11:22:00,54.7645
2020-01-15 11:23:00,54.6382
2020-01-15 11:24:00,55.1611
2020-01-15 11:25:00,53.9026
2020-01-15 11:26:00,52.7705
2020-01-15 11:27:00,53.3833
2020-01-15 11:28:00,52.9466
2020-01-15 11:29:00,51.3245
2020-01-15 11:30:00,49.5375
2020-01-15 11:31:00,49.6996
2020-01-15 11:32:00,50.6654
2020-01-15 11:33:00,49.7743
2020-01-15 11:34:00,50.3395
2020-01-15 11:35:00,51.4507
2020-01-15 11:36:00,51.3321
2020-01-15 11:37:00,50.6986
2020-01-15 11:38:00,50.78
2020-01-15 11:39:00,51.5137
2020-01-15 11:40:00,51.6766
2020-01-15 11:41:00,51.3486
2020-01-15 11:42:00,51.2973
2020-01-15 11:43:00,51.9144
2020-01-15 11:44:00,51.0464
2020-01-15 11:45:00,50.6595
2020-01-15 11:46:00,49.2598
2020-01-15 11:47:00,49.2598
2020-01-15 11:48:00,50.6694
2020-01-15 11:49:00,52.1072
2020-01-15 11:50:00,51.3852
2020-01-15 11:51:00,52.143
2020-01-15 11:52:00,52.6716
2020-01-15 11:53:00,53.7797
2020-01-15 11:54:00,53.4062
2020-01-15 11:55:00,51.2354
2020-01-15 11:56:00,51.5691
2020-01-15 11:57:00,50.954
2020-01-15 11:58:00,50.8596
2020-01-15 11:59:00,48.7823
2020-01-15 12:00:00,50.3297
2020-01-15 12:01:00,50.9989
2020-01-15 12:02:00,51.7426
2020-01-15 12:03:00,51.825
2020-01-15 12:04:00,52.4705
2020-01-15 12:05:00,52.3063
2020-01-15 12:06:00,52.4745
2020-01-15 12:07:00,54.8564
2020-01-15 12:08:00,54.3475
2020-01-15 12:09:00,54.4272
2020-01-15 12:10:00,55.0644
2020-01-15 12:11:00,55.6169
2020-01-15 12:12:00,55.8534
2020-01-15 12:13:00,55.9965
2020-01-15 12:14:00,54.7142
2020-01-15 12:15:00,55.571
2020-01-15 12:16:00,56.3942
2020-01-15 12:17:00,55.9884
2020-01-15 12:18:00,54.0046
2020-01-15 12:19:00,53.1521
2020-01-15 12:20:00,52.2162
2020-01-15 12:21:00,52.3016
2020-01-15 12:22:00,53.7343
2020-01-15 12:23:00,53.7343
2020-01-15 12:24:00,53.0557
2020-01-15 12:25:00,53.651
2020-01-15 12:26:00,53.2585
2020-01-15 12:27:00,53.2585
2020-01-15 12:28:00,52.2699
2020-01-15 12:29:00,53.9728
2020-01-15 12:30:00,53.6154
2020-01-15 12:31:00,54.2148
2020-01-15 12:32:00,52.3479
2020-01-15 12:33:00,53.2103
2020-01-15 12:34:00,53.7043
2020-01-15 12:35:00,52.1778
2020-01-15 12:36:00,51.6992
2020-01-15 12:37:00,53.8322
2020-01-15 12:38:00,55.1191
2020-01-15 12:39:00,54.2538
2020-01-15 12:40:00,55.2072
2020-01-15 12:41:00,55.5992
2020-01-15 12:42:00,56.0187
2020-01-15 12:43:00,54.3277
2020-01-15 12:44:00,52.4717
2020-01-15 12:45:00,52.6364
2020-01-15 12:46:00,53.536
2020-01-15 12:47:00,53.5589
2020-01-15 12:48:00,52.9109
2020-01-15 12:49:00,53.2113
2020-01-15 12:50:00,52.0789
2020-01-15 12:51:00,50.9756
2020-01-15 12:52:00,50.7931
2020-01-15 12:53:00,47.6711
2020-01-15 12:54:00,48.0322
2020-01-15 12:55:00,48.1229
2020-01-15 12:56:00,47.9012
2020-01-15 12:57:00,46.6668
2020-01-15 12:58:00,47.0711
2020-01-15 12:59:00,47.5287
2020-01-15 13:00:00,47.6392
2020-01-15 13:01:00,45.7825
2020-01-15 13:02:00,47.1163
2020-01-15 13:03:00,47.5848
2020-01-15 13:04:00,46.8254
2020-01-15 13:05:00,46.6573
2020-01-15 13:06:00,47.9875
2020-01-15 13:07:00,47.302
2020-01-15 13:08:00,47.5932
2020-01-15 13:09:00,47.5006
2020-01-15 13:10:00,48.3856
2020-01-15 13:11:00,48.4624
2020-01-15 13:12:00,47.299
2020-01-15 13:13:00,47.2105
2020-01-15 13:14:00,48.9616
2020-01-15 13:15:00,49.6226
2020-01-15 13:16:00,49.16
2020-01-15 13:17:00,49.7299
2020-01-15 13:18:00,50.8558
2020-01-15 13:19:00,48.8208
2020-01-15 13:20:00,49.6588
2020-01-15 13:21:00,49.7516
2020-01-15 13:22:00,50.3117
2020-01-15 13:23:00,49.3791
2020-01-15 13:24:00,49.0094
2020-01-15 13:25:00,48.2077
2020-01-15 13:26:00,49.4357
2020-01-15 13:27:00,49.434
2020-01-15 13:28:00,49.1506
2020-01-15 13:29:00,49.5426
2020-01-15 13:30:00,49.6414
2020-01-15 13:31:00,51.1954
2020-01-15 13:32:00,50.9955
2020-01-15 13:33:00,51.1893
2020-01-15 13:34:00,47.1998
2020-01-15 13:35:00,48.7473
2020-01-15 13:36:00,49.8678
2020-01-15 13:37:00,50.0531
2020-01-15 13:38:00,49.4956
2020-01-15 13:39:00,49.6855
2020-01-15 13:40:00,50.0676
2020-01-15 13:41:00,50.8268
2020-01-15 13:42:00,51.1631
2020-01-15 13:43:00,50.4189
2020-01-15 13:44:00,50.6121
2020-01-15 13:45:00,49.6283
2020-01-15 13:46:00,50.4126
2020-01-15 13:47:00,51.7806
2020-01-15 13:48:00,51.843
2020-01-15 13:49:00,51.7401
2020-01-15 13:50:00,51.1214
2020-01-15 13:51:00,50.9151
2020-01-15 13:52:00,50.5004
2020-01-15 13:53:00,48.4921
2020-01-15 13:54:00,46.7893
2020-01-15 13:55:00,46.7893
2020-01-15 13:56:00,46.7479
2020-01-15 13:57:00,46.1274
2020-01-15 13:58:00,45.565
2020-01-15 13:59:00,45.8383
2020-01-15 14:00:00,48.1747
2020-01-15 14:01:00,48.2797
2020-01-15 14:02:00,48.7035
2020-01-15 14:03:00,49.232
2020-01-15 14:04:00,48.5203
2020-01-15 14:05:00,48.9491
2020-01-15 14:06:00,47.7355
2020-01-15 14:07:00,49.0208
2020-01-15 14:08:00,49.2327
2020-01-15 14:09:00,49.0255
2020-01-15 14:10:00,50.1967
2020-01-15 14:11:00,50.8233
2020-01-15 14:12:00,50.715
2020-01-15 14:13:00,51.6566
2020-01-15 14:14:00,52.173
2020-01-15 14:15:00,52.7883
2020-01-15 14:16:00,53.1962
2020-01-15 14:17:00,53.1984
2020-01-15 14:18:00,53.8159
2020-01-15 14:19:00,53.7409
2020-01-15 14:20:00,54.2227
2020-01-15 14:21:00,54.4318
2020-01-15 14:22:00,55.0535
2020-01-15 14:23:00,55.5359
2020-01-15 14:24:00,55.4966
2020-01-15 14:25:00,55.7095
2020-01-15 14:26:00,54.5252
2020-01-15 14:27:00,55.136
2020-01-15 14:28:00,55.6691
2020-01-15 14:29:00,55.4014
2020-01-15 14:30:00,56.0465
2020-01-15 14:31:00,55.9093
2020-01-15 14:32:00,56.3437
2020-01-15 14:33:00,55.5096
2020-01-15 14:34:00,55.3706
2020-01-15 14:35:00,56.4783
2020-01-15 14:36:00,56.7469
2020-01-15 14:37:00,54.6933
2020-01-15 14:38:00,54.321
2020-01-15 14:39:00,54.4359
2020-01-15 14:40:00,52.8336
2020-01-15 14:41:00,53.0543
2020-01-15 14:42:00,53.5254
2020-01-15 14:43:00,52.9822
2020-01-15 14:44:00,52.9822
2020-01-15 14:45:00,53.4728
2020-01-15 14:46:00,52.6345
2020-01-15 14:47:00,54.0981
2020-01-15 14:48:00,52.9882
2020-01-15 14:49:00,51.1212
2020-01-15 14:50:00,51.2935
2020-01-15 14:51:00,50.0753
2020-01-15 14:52:00,49.3135
2020-01-15 14:53:00,48.8873
2020-01-15 14:54:00,49.463
2020-01-15 14:55:00,49.6786
2020-01-15 14:56:00,51.5213
2020-01-15 14:57:00,52.1416
2020-01-15 14:58:00,51.4795
2020-01-15 14:59:00,50.5469
2020-01-15 15:00:00,48.5208
2020-01-15 15:01:00,48.5208
2020-01-15 15:02:00,46.1917
2020-01-15 15:03:00,46.1317
2020-01-15 15:04:00,46.0122
2020-01-15 15:05:00,45.7521
2020-01-15 15:06:00,45.1853
2020-01-15 15:07:00,45.3289
2020-01-15 15:08:00,45.762
2020-01-15 15:09:00,45.9705
2020-01-15 15:10:00,43.8336
2020-01-15 15:11:00,45.7627
2020-01-15 15:12:00,44.0507
2020-01-15 15:13:00,42.333
2020-01-15 15:14:00,45.5707
2020-01-15 15:15:00,46.8355
2020-01-15 15:16:00,45.5438
2020-01-15 15:17:00,45.0157
2020-01-15 15:18:00,45.0185
2020-01-15 15:19:00,42.5471
2020-01-15 15:20:00,43.7506
2020-01-15 15:21:00,44.7604
2020-01-15 15:22:00,44.2735
2020-01-15 15:23:00,42.973
2020-01-15 15:24:00,42.973
2020-01-15 15:25:00,42.6779
2020-01-15 15:26:00,42.187
2020-01-15 15:27:00,41.1394
2020-01-15 15:28:00,41.0327
2020-01-15 15:29:00,39.904
2020-01-15 15:30:00,42.834
2020-01-15 15:31:00,41.3443
2020-01-15 15:32:00,42.8599
2020-01-15 15:33:00,41.0618
2020-01-15 15:34:00,39.8708
2020-01-15 15:35:00,42.3019
2020-01-15 15:36:00,45.6535
2020-01-15 15:37:00,45.8669
2020-01-15 15:38:00,44.1072
2020-01-15 15:39:00,44.7538
2020-01-15 15:40:00,43.9777
2020-01-15 15:41:00,42.8853
2020-01-15 15:42:00,42.2289
2020-01-15 15:43:00,42.0651
2020-01-15 15:44:00,44.473
2020-01-15 15:45:00,45.522
2020-01-15 15:46:00,46.3428
2020-01-15 15:47:00,45.815
2020-01-15 15:48:00,47.0417
2020-01-15 15:49:00,46.6815
2020-01-15 15:50:00,45.2806
2020-01-15 15:51:00,45.9005
2020-01-15 15:52:00,46.3129
2020-01-15 15:53:00,45.6058
2020-01-15 15:54:00,45.7112
2020-01-15 15:55:00,45.2655
2020-01-15 15:56:00,44.9091
2020-01-15 15:57:00,44.3763
2020-01-15 15:58:00,44.0221
2020-01-15 15:59:00,45.2442
2020-01-15 16:00:00,48.2717
2020-01-16 09:31:00,62.1518
2020-01-16 09:32:00,62.7356
2020-01-16 09:33:00,64.8672
2020-01-16 09:34:00,62.6043
2020-01-16 09:35:00,63.1848
2020-01-16 09:36:00,62.5463
2020-01-16 09:37:00,60.3903
2020-01-16 09:38:00,61.5317
2020-01-16 09:39:00,62.8162
2020-01-16 09:40:00,60.5774
2020-01-16 09:41:00,61.8621
2020-01-16 09:42:00,59.4643
2020-01-16 09:43:00,59.5639
2020-01-16 09:44:00,59.4155
2020-01-16 09:45:00,59.7218
2020-01-16 09:46:00,59.9269
2020-01-16 09:47:00,59.1611
2020-01-16 09:48:00,58.8551
2020-01-16 09:49:00,58.7009
2020-01-16 09:50:00,59.7736
2020-01-16 09:51:00,61.1092
2020-01-16 09:52:00,59.5621
2020-01-16 09:53:00,60.2387
2020-01-16 09:54:00,60.9604
2020-01-16 09:55:00,61.8584
2020-01-16 09:56:00,60.7796
2020-01-16 09:57:00,60.4711
2020-01-16 09:58:00,62.1331
2020-01-16 09:59:00,60.6086
2020-01-16 10:00:00,61.094
2020-01-16 10:01:00,61.6703
2020-01-16 10:02:00,62.1456
2020-01-16 10:03:00,62.5235
2020-01-16 10:04:00,62.8068
2020-01-16 10:05:00,62.8053
2020-01-16 10:06:00,63.4444
2020-01-16 10:07:00,63.0829
2020-01-16 10:08:00,63.5154
2020-01-16 10:09:00,61.5839
2020-01-16 10:10:00,62.689
2020-01-16 10:11:00,62.8327
2020-01-16 10:12:00,60.3417
2020-01-16 10:13:00,60.7728
2020-01-16 10:14:00,61.1219
2020-01-16 10:15:00,60.1882
2020-01-16 10:16:00,60.378
2020-01-16 10:17:00,59.9306
2020-01-16 10:18:00,59.6151
2020-01-16 10:19:00,60.103
2020-01-16 10:20:00,58.4424
2020-01-16 10:21:00,56.5469
2020-01-16 10:22:00,57.2853
2020-01-16 10:23:00,58.8975
2020-01-16 10:24:00,58.5664
2020-01-16 10:25:00,58.5223
2020-01-16 10:26:00,58.9005
2020-01-16 10:27:00,58.1304
2020-01-16 10:28:00,58.5712
2020-01-16 10:29:00,58.8464
2020-01-16 10:30:00,58.9574
2020-01-16 10:31:00,59.0135
2020-01-16 10:32:00,58.9036
2020-01-16 10:33:00,58.5183
2020-01-16 10:34:00,58.9288
2020-01-16 10:35:00,58.8441
2020-01-16 10:36:00,58.6729
2020-01-16 10:37:00,59.5998
2020-01-16 10:38:00,60.0176
2020-01-16 10:39:00,59.0898
2020-01-16 10:40:00,58.757
2020-01-16 10:41:00,60.4084
2020-01-16 10:42:00,61.2035
2020-01-16 10:43:00,60.1076
2020-01-16 10:44:00,59.9764
2020-01-16 10:45:00,59.9764
2020-01-16 10:46:00,60.1561
2020-01-16 10:47:00,59.9736
2020-01-16 10:48:00,60.3202
2020-01-16 10:49:00,60.4027
2020-01-16 10:50:00,60.7128
2020-01-16 10:51:00,59.7608
2020-01-16 10:52:00,59.1014
2020-01-16 10:53:00,59.6193
2020-01-16 10:54:00,59.7554
2020-01-16 10:55:00,60.0099
2020-01-16 10:56:00,57.1812
2020-01-16 10:57:00,57.3175
2020-01-16 10:58:00,56.5844
2020-01-16 10:59:00,56.4924
2020-01-16 11:00:00,55.3053
2020-01-16 11:01:00,55.9569
2020-01-16 11:02:00,56.3879
2020-01-16 11:03:00,56.6754
2020-01-16 11:04:00,57.0356
2020-01-16 11:05:00,58.5758
2020-01-16 11:06:00,58.1173
2020-01-16 11:07:00,58.7734
2020-01-16 11:08:00,58.6988
2020-01-16 11:09:00,57.5254
2020-01-16 11:10:00,57.1709
2020-01-16 11:11:00,56.5568
2020-01-16 11:12:00,54.856
2020-01-16 11:13:00,52.6208
2020-01-16 11:14:00,53.9073
2020-01-16 11:15:00,52.7958
2020-01-16 11:16:00,51.6997
2020-01-16 11:17:00,51.034
2020-01-16 11:18:00,51.5482
2020-01-16 11:19:00,52.2928
2020-01-16 11:20:00,50.8703
2020-01-16 11:21:00,51.8113
2020-01-16 11:22:00,51.8895
2020-01-16 11:23:00,52.0475
2020-01-16 11:24:00,52.0475
2020-01-16 11:25:00,52.4146
2020-01-16 11:26:00,52.1872
2020-01-16 11:27:00,52.7078
2020-01-16 11:28:00,51.9512
2020-01-16 11:29:00,51.8062
2020-01-16 11:30:00,50.8671
2020-01-16 11:31:00,50.509
2020-01-16 11:32:00,50.7717
2020-01-16 11:33:00,50.5903
2020-01-16 11:34:00,49.3234
2020-01-16 11:35:00,48.879
2020-01-16 11:36:00,50.5117
2020-01-16 11:37:00,50.8665
2020-01-16 11:38:00,50.4984
2020-01-16 11:39:00,50.6797
2020-01-16 11:40:00,50.863
2020-01-16 11:41:00,51.7738
2020-01-16 11:42:00,52.0449
2020-01-16 11:43:00,52.1359
2020-01-16 11:44:00,52.3206
2020-01-16 11:45:00,52.6912
2020-01-16 11:46:00,53.7881
2020-01-16 11:47:00,54.1481
2020-01-16 11:48:00,53.4074
2020-01-16 11:49:00,53.5918
2020-01-16 11:50:00,53.6852
2020-01-16 11:51:00,53.4664
2020-01-16 11:52:00,54.9582
2020-01-16 11:53:00,55.2318
2020-01-16 11:54:00,56.0465
2020-01-16 11:55:00,56.1368
2020-01-16 11:56:00,56.4097
2020-01-16 11:57:00,55.9377
2020-01-16 11:58:00,56.0051
2020-01-16 11:59:00,56.2206
2020-01-16 12:00:00,56.0981
2020-01-16 12:01:00,55.8503
2020-01-16 12:02:00,55.6008
2020-01-16 12:03:00,56.5856
2020-01-16 12:04:00,57.1685
2020-01-16 12:05:00,57.4731
2020-01-16 12:06:00,57.748
2020-01-16 12:07:00,57.748
2020-01-16 12:08:00,57.9458
2020-01-16 12:09:00,57.1295
2020-01-16 12:10:00,56.8581
2020-01-16 12:11:00,55.4797
2020-01-16 12:12:00,56.5528
2020-01-16 12:13:00,54.9803
2020-01-16 12:14:00,54.4675
2020-01-16 12:15:00,56.0008
2020-01-16 12:16:00,55.6506
2020-01-16 12:17:00,56.0645
2020-01-16 12:18:00,56.7657
2020-01-16 12:19:00,56.121
2020-01-16 12:20:00,55.9714
2020-01-16 12:21:00,54.407
2020-01-16 12:22:00,54.1481
2020-01-16 12:23:00,55.126
2020-01-16 12:24:00,54.7303
2020-01-16 12:25:00,54.0726
2020-01-16 12:26:00,54.0726
2020-01-16 12:27:00,55.5102
2020-01-16 12:28:00,56.1548
2020-01-16 12:29:00,54.5478
2020-01-16 12:30:00,53.8583
2020-01-16 12:31:00,54.224
2020-01-16 12:32:00,54.7574
2020-01-16 12:33:00,55.0019
2020-01-16 12:34:00,56.0982
2020-01-16 12:35:00,56.5288
2020-01-16 12:36:00,56.0563
2020-01-16 12:37:00,56.9637
2020-01-16 12:38:00,57.1889
2020-01-16 12:39:00,58.8475
2020-01-16 12:40:00,59.1512
2020-01-16 12:41:00,59.7552
2020-01-16 12:42:00,59.7552
2020-01-16 12:43:00,57.5692
2020-01-16 12:44:00,57.7694
2020-01-16 12:45:00,57.8759
2020-01-16 12:46:00,59.1331
2020-01-16 12:47:00,58.6231
2020-01-16 12:48:00,56.8037
2020-01-16 12:49:00,56.2383
2020-01-16 12:50:00,56.9999
2020-01-16 12:51:00,55.7319
2020-01-16 12:52:00,54.7681
2020-01-16 12:53:00,54.2235
2020-01-16 12:54:00,54.5682
2020-01-16 12:55:00,53.6102
2020-01-16 12:56:00,53.2031
2020-01-16 12:57:00,53.6801
2020-01-16 12:58:00,54.127
2020-01-16 12:59:00,53.104
2020-01-16 13:00:00,51.1878
2020-01-16 13:01:00,53.3318
2020-01-16 13:02:00,52.0127
2020-01-16 13:03:00,52.1561
2020-01-16 13:04:00,51.261
2020-01-16 13:05:00,51.1742
2020-01-16 13:06:00,50.4891
2020-01-16 13:07:00,50.1122
2020-01-16 13:08:00,51.2375
2020-01-16 13:09:00,49.6701
2020-01-16 13:10:00,48.7369
2020-01-16 13:11:00,48.0146
2020-01-16 13:12:00,48.5319
2020-01-16 13:13:00,48.0431
2020-01-16 13:14:00,47.2043
2020-01-16 13:15:00,47.6042
2020-01-16 13:16:00,49.9191
2020-01-16 13:17:00,50.4138
2020-01-16 13:18:00,49.7884
2020-01-16 13:19:00,48.9239
2020-01-16 13:20:00,49.1801
2020-01-16 13:21:00,50.1347
2020-01-16 13:22:00,49.0726
2020-01-16 13:23:00,48.8249
2020-01-16 13:24:00,49.2156
2020-01-16 13:25:00,50.1194
2020-01-16 13:26:00,50.3763
2020-01-16 13:27:00,50.1139
2020-01-16 13:28:00,50.3767
2020-01-16 13:29:00,49.7112
2020-01-16 13:30:00,49.846
2020-01-16 13:31:00,48.6531
2020-01-16 13:32:00,50.7827
2020-01-16 13:33:00,51.3293
2020-01-16 13:34:00,50.2683
2020-01-16 13:35:00,49.9623
2020-01-16 13:36:00,49.6997
2020-01-16 13:37:00,50.5013
2020-01-16 13:38:00,49.4332
2020-01-16 13:39:00,49.1685
2020-01-16 13:40:00,48.9026
2020-01-16 13:41:00,50.5356
2020-01-16 13:42:00,50.2635
2020-01-16 13:43:00,50.6689
2020-01-16 13:44:00,52.1239
2020-01-16 13:45:00,52.1239
2020-01-16 13:46:00,52.4223
2020-01-16 13:47:00,52.6532
2020-01-16 13:48:00,53.0949
2020-01-16 13:49:00,53.0463
2020-01-16 13:50:00,53.1824
2020-01-16 13:51:00,53.3141
2020-01-16 13:52:00,53.597
2020-01-16 13:53:00,54.557
2020-01-16 13:54:00,55.362
2020-01-16 13:55:00,54.6885
2020-01-16 13:56:00,53.8924
2020-01-16 13:57:00,53.5682
2020-01-16 13:58:00,53.2431
2020-01-16 13:59:00,53.5299
2020-01-16 14:00:00,53.6747
2020-01-16 14:01:00,53.5052
2020-01-16 14:02:00,53.654
2020-01-16 14:03:00,53.8491
2020-01-16 14:04:00,53.0973
2020-01-16 14:05:00,53.0973
2020-01-16 14:06:00,53.0973
2020-01-16 14:07:00,53.2571
2020-01-16 14:08:00,53.0732
2020-01-16 14:09:00,54.8162
2020-01-16 14:10:00,54.0738
2020-01-16 14:11:00,54.1085
2020-01-16 14:12:00,53.6909
2020-01-16 14:13:00,54.964
2020-01-16 14:14:00,54.964
2020-01-16 14:15:00,54.0043
2020-01-16 14:16:00,54.0043
2020-01-16 14:17:00,53.4256
2020-01-16 14:18:00,55.3708
2020-01-16 14:19:00,55.2383
2020-01-16 14:20:00,57.4797
2020-01-16 14:21:00,57.7725
2020-01-16 14:22:00,57.7725
2020-01-16 14:23:00,58.5264
2020-01-16 14:24:00,59.6602
2020-01-16 14:25:00,58.0186
2020-01-16 14:26:00,60.1071
2020-01-16 14:27:00,61.1524
2020-01-16 14:28:00,63.0015
2020-01-16 14:29:00,62.5972
2020-01-16 14:30:00,62.5972
2020-01-16 14:31:00,62.3863
2020-01-16 14:32:00,59.9719
2020-01-16 14:33:00,59.5806
2020-01-16 14:34:00,58.9933
2020-01-16 14:35:00,58.2149
2020-01-16 14:36:00,57.4709
2020-01-16 14:37:00,58.5675
2020-01-16 14:38:00,58.7054
2020-01-16 14:39:00,59.885
2020-01-16 14:40:00,60.3226
2020-01-16 14:41:00,60.9779
2020-01-16 14:42:00,60.3694
2020-01-16 14:43:00,61.0288
2020-01-16 14:44:00,60.4157
2020-01-16 14:45:00,60.2104
2020-01-16 14:46:00,60.0031
2020-01-16 14:47:00,58.3699
2020-01-16 14:48:00,59.6273
2020-01-16 14:49:00,59.9008
2020-01-16 14:50:00,59.9008
2020-01-16 14:51:00,60.1803
2020-01-16 14:52:00,59.7568
2020-01-16 14:53:00,60.4637
2020-01-16 14:54:00,60.2483
2020-01-16 14:55:00,60.9548
2020-01-16 14:56:00,59.2372
2020-01-16 14:57:00,59.0306
2020-01-16 14:58:00,59.1785
2020-01-16 14:59:00,59.7691
2020-01-16 15:00:00,57.6491
2020-01-16 15:01:00,58.1025
2020-01-16 15:02:00,57.6841
2020-01-16 15:03:00,55.4492
2020-01-16 15:06:00,59.2255
2020-01-16 15:07:00,58.7012
2020-01-16 15:08:00,58.8144
2020-01-16 15:09:00,58.9544
2020-01-16 15:10:00,59.7739
2020-01-16 15:11:00,59.6386
2020-01-16 15:12:00,59.7313
2020-01-16 15:13:00,60.8551
2020-01-16 15:14:00,61.6608
2020-01-16 15:15:00,62.5745
2020-01-16 15:16:00,62.3589
2020-01-16 15:17:00,62.8798
2020-01-16 15:18:00,62.0072
2020-01-16 15:19:00,62.0072
2020-01-16 15:20:00,61.3466
2020-01-16 15:21:00,60.9062
2020-01-16 15:22:00,60.6854
2020-01-16 15:23:00,61.3983
2020-01-16 15:24:00,58.383
2020-01-16 15:25:00,54.3133
2020-01-16 15:26:00,55.2201
2020-01-16 15:27:00,54.1096
2020-01-16 15:28:00,51.2086
2020-01-16 15:29:00,52.4361
2020-01-16 15:30:00,53.7671
2020-01-16 15:31:00,55.5925
2020-01-16 15:32:00,56.4005
2020-01-16 15:33:00,57.1925
2020-01-16 15:34:00,56.2573
2020-01-16 15:35:00,55.6402
2020-01-16 15:36:00,56.0487
2020-01-16 15:37:00,57.2496
2020-01-16 15:38:00,57.0737
2020-01-16 15:39:00,56.5428
2020-01-16 15:40:00,56.6791
2020-01-16 15:41:00,57.8907
2020-01-16 15:42:00,57.7087
2020-01-16 15:43:00,57.5242
2020-01-16 15:44:00,58.7305
2020-01-16 15:45:00,59.51
2020-01-16 15:46:00,59.8952
2020-01-16 15:47:00,61.7457
2020-01-16 15:48:00,60.423
2020-01-16 15:49:00,59.8639
2020-01-16 15:50:00,60.8462
2020-01-16 15:51:00,63.6723
2020-01-16 15:52:00,62.0332
2020-01-16 15:53:00,64.1207
2020-01-16 15:54:00,63.2365
2020-01-16 15:55:00,66.0891
2020-01-16 15:56:00,63.7418
2020-01-16 15:57:00,62.9973
2020-01-16 15:58:00,65.5303
2020-01-16 15:59:00,64.7729
2020-01-16 16:00:00,66.4305
2020-01-17 09:31:00,76.4573
2020-01-17 09:32:00,71.1196
2020-01-17 09:33:00,70.2106
2020-01-17 09:34:00,64.9033
2020-01-17 09:35:00,65.8632
2020-01-17 09:36:00,64.8857
2020-01-17 09:37:00,59.0061
2020-01-17 09:38:00,58.0338
2020-01-17 09:39:00,55.4033
2020-01-17 09:40:00,56.4657
2020-01-17 09:41:00,52.5686
2020-01-17 09:42:00,51.2036
2020-01-17 09:43:00,54.425
2020-01-17 09:44:00,55.2828
2020-01-17 09:45:00,57.5188
2020-01-17 09:46:00,55.3441
2020-01-17 09:47:00,55.7444
2020-01-17 09:48:00,55.6177
2020-01-17 09:49:00,57.2015
2020-01-17 09:50:00,57.6262
2020-01-17 09:51:00,57.3094
2020-01-17 09:52:00,56.27
2020-01-17 09:53:00,57.1591
2020-01-17 09:54:00,55.6877
2020-01-17 09:55:00,54.6308
2020-01-17 09:56:00,54.7376
2020-01-17 09:57:00,57.3847
2020-01-17 09:58:00,56.2674
2020-01-17 09:59:00,56.7432
2020-01-17 10:00:00,57.8621
2020-01-17 10:01:00,56.259
2020-01-17 10:02:00,55.3118
2020-01-17 10:03:00,55.6864
2020-01-17 10:04:00,55.2638
2020-01-17 10:05:00,55.3622
2020-01-17 10:06:00,55.5115
2020-01-17 10:07:00,53.4342
2020-01-17 10:08:00,53.0385
2020-01-17 10:09:00,52.2769
2020-01-17 10:10:00,52.8071
2020-01-17 10:11:00,52.1591
2020-01-17 10:12:00,51.2861
2020-01-17 10:13:00,50.0605
2020-01-17 10:14:00,49.8126
2020-01-17 10:15:00,50.0968
2020-01-17 10:16:00,49.0235
2020-01-17 10:17:00,49.9983
2020-01-17 10:18:00,50.1908
2020-01-17 10:19:00,50.7964
2020-01-17 10:20:00,50.5704
2020-01-17 10:21:00,50.0301
2020-01-17 10:22:00,49.1548
2020-01-17 10:23:00,49.5742
2020-01-17 10:24:00,51.0936
2020-01-17 10:25:00,51.788
2020-01-17 10:26:00,51.4898
2020-01-17 10:27:00,52.4933
2020-01-17 10:28:00,53.3557
2020-01-17 10:29:00,54.1433
2020-01-17 10:30:00,54.8934
2020-01-17 10:31:00,55.318
2020-01-17 10:32:00,54.7001
2020-01-17 10:33:00,54.9409
2020-01-17 10:34:00,54.656
2020-01-17 10:35:00,53.9437
2020-01-17 10:36:00,53.7444
2020-01-17 10:37:00,52.8835
2020-01-17 10:38:00,52.2935
2020-01-17 10:39:00,52.4553
2020-01-17 10:40:00,51.6829
2020-01-17 10:41:00,53.0646
2020-01-17 10:42:00,53.1829
2020-01-17 10:43:00,52.8441
2020-01-17 10:44:00,53.2681
2020-01-17 10:45:00,53.1292
2020-01-17 10:46:00,52.0264
2020-01-17 10:47:00,52.2157
2020-01-17 10:48:00,52.6584
2020-01-17 10:49:00,53.0403
2020-01-17 10:50:00,52.7651
2020-01-17 10:51:00,51.4778
2020-01-17 10:52:00,52.0014
2020-01-17 10:53:00,51.2979
2020-01-17 10:54:00,51.1572
2020-01-17 10:55:00,50.4532
2020-01-17 10:57:00,49.7569
2020-01-17 10:58:00,50.2457
2020-01-17 10:59:00,49.6299
2020-01-17 11:00:00,49.7568
2020-01-17 11:01:00,50.5404
2020-01-17 11:02:00,50.9701
2020-01-17 11:03:00,50.1623
2020-01-17 11:04:00,50.7356
2020-01-17 11:05:00,50.5876
2020-01-17 11:06:00,49.7816
2020-01-17 11:07:00,47.8586
2020-01-17 11:08:00,47.4457
2020-01-17 11:09:00,48.2779
2020-01-17 11:10:00,47.8576
2020-01-17 11:11:00,47.3683
2020-01-17 11:12:00,46.3414
2020-01-17 11:13:00,45.728
2020-01-17 11:14:00,44.0934
2020-01-17 11:15:00,42.2504
2020-01-17 11:16:00,44.83
2020-01-17 11:17:00,45.7999
2020-01-17 11:18:00,45.487
2020-01-17 11:19:00,45.8632
2020-01-17 11:20:00,46.6857
2020-01-17 11:21:00,46.3548
2020-01-17 11:22:00,46.2657
2020-01-17 11:25:00,45.2518
2020-01-17 11:26:00,44.1147
2020-01-17 11:27:00,45.5073
2020-01-17 11:28:00,45.2524
2020-01-17 11:29:00,45.4852
2020-01-17 11:30:00,46.1069
2020-01-17 11:31:00,46.7262
2020-01-17 11:32:00,46.7247
2020-01-17 11:33:00,46.8051
2020-01-17 11:34:00,46.5042
2020-01-17 11:35:00,47.0899
2020-01-17 11:36:00,47.0899
2020-01-17 11:37:00,47.0899
2020-01-17 11:38:00,47.0155
2020-01-17 11:39:00,46.4193
2020-01-17 11:40:00,45.1104
2020-01-17 11:41:00,45.6301
2020-01-17 11:42:00,46.1486
2020-01-17 11:43:00,44.2872
2020-01-17 11:44:00,44.827
2020-01-17 11:45:00,46.178
2020-01-17 11:46:00,46.433
2020-01-17 11:47:00,44.7881
2020-01-17 11:48:00,44.5289
2020-01-17 11:49:00,43.6804
2020-01-17 11:50:00,44.1213
2020-01-17 11:51:00,44.387
2020-01-17 11:52:00,44.8315
2020-01-17 11:53:00,43.8142
2020-01-17 11:54:00,45.3423
2020-01-17 11:55:00,44.9813
2020-01-17 11:56:00,45.7685
2020-01-17 11:57:00,45.8561
2020-01-17 11:58:00,45.4827
2020-01-17 11:59:00,46.9753
2020-01-17 12:00:00,48.2466
2020-01-17 12:01:00,48.2466
2020-01-17 12:02:00,47.462
2020-01-17 12:03:00,47.7213
2020-01-17 12:04:00,47.1673
2020-01-17 12:05:00,47.4344
2020-01-17 12:06:00,47.1136
2020-01-17 12:07:00,46.8719
2020-01-17 12:08:00,47.3281
2020-01-17 12:09:00,46.1167
2020-01-17 12:10:00,47.2046
2020-01-17 12:11:00,47.4901
2020-01-17 12:12:00,49.0064
2020-01-17 12:13:00,50.9591
2020-01-17 12:14:00,50.1114
2020-01-17 12:15:00,53.0497
2020-01-17 12:16:00,52.2046
2020-01-17 12:17:00,53.3637
2020-01-17 12:18:00,55.2111
2020-01-17 12:19:00,54.7812
2020-01-17 12:20:00,54.4362
2020-01-17 12:21:00,53.4101
2020-01-17 12:22:00,52.9868
2020-01-17 12:23:00,52.7319
2020-01-17 12:24:00,52.962
2020-01-17 12:25:00,52.3265
2020-01-17 12:26:00,52.9814
2020-01-17 12:27:00,54.1974
2020-01-17 12:28:00,54.5314
2020-01-17 12:29:00,55.2565
2020-01-17 12:30:00,55.0548
2020-01-17 12:31:00,54.1415
2020-01-17 12:32:00,53.6888
2020-01-17 12:33:00,53.7675
2020-01-17 12:34:00,54.7062
2020-01-17 12:35:00,53.7807
2020-01-17 12:36:00,53.0505
2020-01-17 12:37:00,54.312
2020-01-17 12:38:00,54.9279
2020-01-17 12:39:00,54.5539
2020-01-17 12:40:00,54.5539
2020-01-17 12:41:00,54.3627
2020-01-17 12:42:00,54.9252
2020-01-17 12:43:00,54.9318
2020-01-17 12:44:00,54.4282
2020-01-17 12:45:00,54.3366
2020-01-17 12:46:00,55.5699
2020-01-17 12:47:00,56.6892
2020-01-17 12:48:00,55.2752
2020-01-17 12:49:00,54.3879
2020-01-17 12:50:00,55.5958
2020-01-17 12:51:00,55.5958
2020-01-17 12:52:00,55.0071
2020-01-17 12:53:00,53.6147
2020-01-17 12:54:00,52.4273
2020-01-17 12:55:00,51.3525
2020-01-17 12:56:00,51.4399
2020-01-17 12:57:00,51.2597
2020-01-17 12:58:00,51.1459
2020-01-17 12:59:00,51.2487
2020-01-17 13:00:00,51.5265
2020-01-17 13:01:00,51.713
2020-01-17 13:02:00,52.7306
2020-01-17 13:03:00,53.5451
2020-01-17 13:04:00,53.7252
2020-01-17 13:05:00,53.5142
2020-01-17 13:06:00,52.8804
2020-01-17 13:07:00,53.3486
2020-01-17 13:08:00,52.1883
2020-01-17 13:09:00,52.9452
2020-01-17 13:10:00,53.9573
2020-01-17 13:11:00,54.8685
2020-01-17 13:12:00,55.0478
2020-01-17 13:13:00,55.0455
2020-01-17 13:14:00,54.563
2020-01-17 13:15:00,53.481
2020-01-17 13:16:00,53.1602
2020-01-17 13:17:00,53.1602
2020-01-17 13:18:00,53.943
2020-01-17 13:19:00,54.1378
2020-01-17 13:20:00,56.1196
2020-01-17 13:21:00,56.3937
2020-01-17 13:22:00,54.9976
2020-01-17 13:23:00,56.2369
2020-01-17 13:24:00,56.7376
2020-01-17 13:25:00,55.6833
2020-01-17 13:26:00,55.3378
2020-01-17 13:27:00,56.2579
2020-01-17 13:28:00,56.3495
2020-01-17 13:29:00,57.0794
2020-01-17 13:30:00,56.3605
2020-01-17 13:31:00,56.2165
2020-01-17 13:32:00,54.9319
2020-01-17 13:33:00,54.8138
2020-01-17 13:34:00,54.6942
2020-01-17 13:35:00,53.5089
2020-01-17 13:36:00,52.3547
2020-01-17 13:37:00,52.5627
2020-01-17 13:38:00,51.8715
2020-01-17 13:39:00,51.527
2020-01-17 13:40:00,51.8522
2020-01-17 13:41:00,52.3915
2020-01-17 13:42:00,51.919
2020-01-17 13:43:00,51.1434
2020-01-17 13:44:00,51.9834
2020-01-17 13:45:00,51.864
2020-01-17 13:46:00,52.6403
2020-01-17 13:47:00,52.9708
2020-01-17 13:48:00,52.8457
2020-01-17 13:49:00,53.6249
2020-01-17 13:50:00,54.7117
2020-01-17 13:51:00,56.3779
2020-01-17 13:52:00,56.1132
2020-01-17 13:53:00,56.5243
2020-01-17 13:54:00,57.0357
2020-01-17 13:55:00,57.1976
2020-01-17 13:56:00,56.9792
2020-01-17 13:57:00,57.0847
2020-01-17 13:58:00,56.5213
2020-01-17 13:59:00,56.6302
2020-01-17 14:00:00,54.6818
2020-01-17 14:01:00,53.7891
2020-01-17 14:02:00,53.978
2020-01-17 14:03:00,53.8416
2020-01-17 14:04:00,55.2215
2020-01-17 14:05:00,55.6709
2020-01-17 14:06:00,56.0075
2020-01-17 14:07:00,57.0037
2020-01-17 14:08:00,57.7603
2020-01-17 14:09:00,57.8681
2020-01-17 14:10:00,57.7183
2020-01-17 14:11:00,59.0119
2020-01-17 14:12:00,57.0932
2020-01-17 14:13:00,57.5225
2020-01-17 14:14:00,57.375
2020-01-17 14:15:00,57.7055
2020-01-17 14:16:00,58.3622
2020-01-17 14:17:00,58.3622
2020-01-17 14:18:00,57.7444
2020-01-17 14:19:00,56.23
2020-01-17 14:20:00,53.3826
2020-01-17 14:21:00,53.6217
2020-01-17 14:22:00,52.3934
2020-01-17 14:23:00,51.8564
2020-01-17 14:24:00,51.9816
2020-01-17 14:25:00,52.8535
2020-01-17 14:26:00,53.4676
2020-01-17 14:27:00,53.1856
2020-01-17 14:28:00,52.3443
2020-01-17 14:29:00,52.0652
2020-01-17 14:30:00,51.2315
2020-01-17 14:31:00,51.7526
2020-01-17 14:32:00,51.8709
2020-01-17 14:33:00,52.2832
2020-01-17 14:34:00,52.9508
2020-01-17 14:35:00,53.0715
2020-01-17 14:36:00,51.8925
2020-01-17 14:37:00,53.0851
2020-01-17 14:38:00,52.352
2020-01-17 14:39:00,52.0592
2020-01-17 14:40:00,51.9709
2020-01-17 14:41:00,51.9111
2020-01-17 14:42:00,51.6084
2020-01-17 14:43:00,50.56
2020-01-17 14:44:00,50.8503
2020-01-17 14:45:00,49.5207
2020-01-17 14:46:00,48.7995
2020-01-17 14:47:00,49.0651
2020-01-17 14:48:00,48.5187
2020-01-17 14:49:00,47.3767
2020-01-17 14:50:00,48.137
2020-01-17 14:51:00,48.7063
2020-01-17 14:52:00,48.6208
2020-01-17 14:53:00,48.9305
2020-01-17 14:54:00,48.7798
2020-01-17 14:55:00,49.099
2020-01-17 14:56:00,50.511
2020-01-17 14:57:00,50.8192
2020-01-17 14:58:00,51.737
2020-01-17 14:59:00,53.2157
2020-01-17 15:00:00,54.3539
2020-01-17 15:01:00,53.0416
2020-01-17 15:02:00,54.0267
2020-01-17 15:03:00,54.0292
2020-01-17 15:04:00,53.8617
2020-01-17 15:05:00,53.8764
2020-01-17 15:06:00,53.5166
2020-01-17 15:07:00,53.5166
2020-01-17 15:08:00,51.8121
2020-01-17 15:09:00,49.2594
2020-01-17 15:10:00,49.5722
2020-01-17 15:11:00,50.5152
2020-01-17 15:12:00,47.5138
2020-01-17 15:13:00,47.2286
2020-01-17 15:14:00,48.7164
2020-01-17 15:15:00,50.738
2020-01-17 15:16:00,52.9571
2020-01-17 15:17:00,54.3808
2020-01-17 15:18:00,54.5094
2020-01-17 15:19:00,52.0134
2020-01-17 15:20:00,53.5315
2020-01-17 15:21:00,51.9621
2020-01-17 15:22:00,50.7344
2020-01-17 15:23:00,52.0207
2020-01-17 15:24:00,51.4742
2020-01-17 15:25:00,51.7321
2020-01-17 15:26:00,52.0768
2020-01-17 15:27:00,52.765
2020-01-17 15:28:00,53.1496
2020-01-17 15:29:00,53.6612
2020-01-17 15:30:00,54.6681
2020-01-17 15:31:00,57.3753
2020-01-17 15:32:00,59.1033
2020-01-17 15:33:00,61.2025
2020-01-17 15:34:00,61.3946
2020-01-17 15:35:00,59.7414
2020-01-17 15:36:00,59.941
2020-01-17 15:37:00,60.5374
2020-01-17 15:38:00,59.0473
2020-01-17 15:39:00,59.3525
2020-01-17 15:40:00,56.6615
2020-01-17 15:41:00,57.1655
2020-01-17 15:42:00,58.6046
2020-01-17 15:43:00,59.3819
2020-01-17 15:44:00,59.4799
2020-01-17 15:45:00,58.0559
2020-01-17 15:46:00,58.1579
2020-01-17 15:47:00,59.3468
2020-01-17 15:48:00,59.5597
2020-01-17 15:49:00,60.8172
2020-01-17 15:50:00,61.3791
2020-01-17 15:51:00,62.1198
2020-01-17 15:52:00,62.1198
2020-01-17 15:53:00,63.0341
2020-01-17 15:54:00,62.9596
2020-01-17 15:55:00,65.7342
2020-01-17 15:56:00,65.8944
2020-01-17 15:57:00,66.5299
2020-01-17 15:58:00,67.3046
2020-01-17 15:59:00,62.5904
2020-01-17 16:00:00,61.4955
