date,Aroon Down,Aroon Up
2020-01-13 10:31:00,98.3333,1.6667
2020-01-13 10:32:00,100.0,0.0
2020-01-13 10:33:00,100.0,45.0
2020-01-13 10:34:00,98.3333,43.3333
2020-01-13 10:35:00,96.6667,41.6667
2020-01-13 10:36:00,95.0,40.0
2020-01-13 10:37:00,93.3333,38.3333
2020-01-13 10:38:00,91.6667,36.6667
2020-01-13 10:39:00,90.0,35.0
2020-01-13 10:40:00,88.3333,33.3333
2020-01-13 10:41:00,86.6667,31.6667
2020-01-13 10:42:00,85.0,30.0
2020-01-13 10:43:00,83.3333,28.3333
2020-01-13 10:44:00,81.6667,26.6667
2020-01-13 10:45:00,80.0,25.0
2020-01-13 10:46:00,78.3333,23.3333
2020-01-13 10:47:00,76.6667,21.6667
2020-01-13 10:48:00,75.0,20.0
2020-01-13 10:49:00,73.3333,18.3333
2020-01-13 10:50:00,71.6667,16.6667
2020-01-13 10:51:00,70.0,15.0
2020-01-13 10:52:00,68.3333,13.3333
2020-01-13 10:53:00,66.6667,11.6667
2020-01-13 10:54:00,65.0,10.0
2020-01-13 10:55:00,63.3333,8.3333
2020-01-13 10:56:00,61.6667,6.6667
2020-01-13 10:57:00,60.0,5.0
2020-01-13 10:58:00,58.3333,3.3333
2020-01-13 10:59:00,56.6667,1.6667
2020-01-13 11:04:00,55.0,0.0
2020-01-13 11:05:00,53.3333,5.0
2020-01-13 11:06:00,51.6667,3.3333
2020-01-13 11:07:00,50.0,1.6667
2020-01-13 11:08:00,48.3333,0.0
2020-01-13 11:09:00,46.6667,3.3333
2020-01-13 11:10:00,45.0,1.6667
2020-01-13 11:11:00,43.3333,0.0
2020-01-13 11:12:00,41.6667,5.0
2020-01-13 11:13:00,40.0,100.0
2020-01-13 11:14:00,38.3333,100.0
2020-01-13 11:15:00,36.6667,98.3333
2020-01-13 11:16:00,35.0,96.6667
2020-01-13 11:17:00,33.3333,95.0
2020-01-13 11:18:00,31.6667,93.3333
2020-01-13 11:19:00,30.0,91.6667
2020-01-13 11:20:00,28.3333,90.0
2020-01-13 11:21:00,26.6667,88.3333
2020-01-13 11:22:00,25.0,86.6667
2020-01-13 11:23:00,23.3333,85.0
2020-01-13 11:24:00,21.6667,83.3333
2020-01-13 11:25:00,20.0,81.6667
2020-01-13 11:26:00,18.3333,80.0
2020-01-13 11:27:00,16.6667,78.3333
2020-01-13 11:28:00,15.0,76.6667
2020-01-13 11:29:00,13.3333,75.0
2020-01-13 11:30:00,11.6667,73.3333
2020-01-13 11:31:00,10.0,71.6667
2020-01-13 11:32:00,8.3333,70.0
2020-01-13 11:33:00,6.6667,68.3333
2020-01-13 11:34:00,5.0,100.0
2020-01-13 11:35:00,3.3333,98.3333
2020-01-13 11:36:00,1.6667,96.6667
2020-01-13 11:37:00,0.0,95.0
2020-01-13 11:38:00,1.6667,93.3333
2020-01-13 11:39:00,0.0,91.6667
2020-01-13 11:40:00,0.0,90.0
2020-01-13 11:41:00,6.6667,88.3333
2020-01-13 11:42:00,5.0,86.6667
2020-01-13 11:43:00,3.3333,85.0
2020-01-13 11:44:00,1.6667,83.3333
2020-01-13 11:45:00,0.0,81.6667
2020-01-13 11:46:00,5.0,80.0
2020-01-13 11:47:00,3.3333,78.3333
2020-01-13 11:48:00,1.6667,76.6667
2020-01-13 11:49:00,0.0,75.0
2020-01-13 11:50:00,0.0,73.3333
2020-01-13 11:51:00,3.3333,71.6667
2020-01-13 11:52:00,1.6667,70.0
2020-01-13 11:53:00,0.0,68.3333
2020-01-13 11:54:00,3.3333,66.6667
2020-01-13 11:57:00,1.6667,65.0
2020-01-13 11:58:00,0.0,63.3333
2020-01-13 11:59:00,10.0,100.0
2020-01-13 12:00:00,8.3333,100.0
2020-01-13 12:01:00,6.6667,100.0
2020-01-13 12:02:00,5.0,100.0
2020-01-13 12:03:00,3.3333,100.0
2020-01-13 12:04:00,1.6667,100.0
2020-01-13 12:05:00,0.0,100.0
2020-01-13 12:06:00,0.0,98.3333
2020-01-13 12:07:00,0.0,96.6667
2020-01-13 12:08:00,1.6667,95.0
2020-01-13 12:09:00,0.0,93.3333
2020-01-13 12:10:00,0.0,91.6667
2020-01-13 12:11:00,0.0,100.0
2020-01-13 12:12:00,0.0,100.0
2020-01-13 12:13:00,0.0,98.3333
2020-01-13 12:14:00,28.3333,96.6667
2020-01-13 12:15:00,26.6667,95.0
2020-01-13 12:16:00,25.0,93.3333
2020-01-13 12:17:00,23.3333,91.6667
2020-01-13 12:18:00,21.6667,100.0
2020-01-13 12:19:00,20.0,100.0
2020-01-13 12:20:00,18.3333,98.3333
2020-01-13 12:21:00,16.6667,100.0
2020-01-13 12:22:00,15.0,100.0
2020-01-13 12:23:00,13.3333,98.3333
2020-01-13 12:24:00,11.6667,96.6667
2020-01-13 12:25:00,10.0,100.0
2020-01-13 12:26:00,8.3333,100.0
2020-01-13 12:27:00,6.6667,98.3333
2020-01-13 12:28:00,5.0,96.6667
2020-01-13 12:29:00,3.3333,95.0
2020-01-13 12:30:00,1.6667,93.3333
2020-01-13 12:31:00,0.0,100.0
2020-01-13 12:32:00,0.0,100.0
2020-01-13 12:33:00,0.0,98.3333
2020-01-13 12:34:00,8.3333,96.6667
2020-01-13 12:35:00,6.6667,95.0
2020-01-13 12:36:00,5.0,93.3333
2020-01-13 12:37:00,3.3333,91.6667
2020-01-13 12:38:00,1.6667,90.0
2020-01-13 12:39:00,0.0,88.3333
2020-01-13 12:40:00,0.0,86.6667
2020-01-13 12:41:00,0.0,85.0
2020-01-13 12:42:00,0.0,83.3333
2020-01-13 12:43:00,5.0,81.6667
2020-01-13 12:44:00,3.3333,80.0
2020-01-13 12:45:00,1.6667,78.3333
2020-01-13 12:46:00,0.0,76.6667
2020-01-13 12:47:00,0.0,75.0
2020-01-13 12:48:00,13.3333,73.3333
2020-01-13 12:49:00,11.6667,71.6667
2020-01-13 12:50:00,10.0,70.0
2020-01-13 12:51:00,8.3333,68.3333
2020-01-13 12:52:00,6.6667,66.6667
2020-01-13 12:53:00,5.0,65.0
2020-01-13 12:54:00,3.3333,100.0
2020-01-13 12:55:00,1.6667,100.0
2020-01-13 12:56:00,0.0,100.0
2020-01-13 12:57:00,1.6667,100.0
2020-01-13 12:58:00,0.0,100.0
2020-01-13 12:59:00,0.0,98.3333
2020-01-13 13:00:00,0.0,96.6667
2020-01-13 13:01:00,11.6667,95.0
2020-01-13 13:02:00,10.0,93.3333
2020-01-13 13:03:00,8.3333,91.6667
2020-01-13 13:04:00,6.6667,100.0
2020-01-13 13:05:00,5.0,100.0
2020-01-13 13:06:00,3.3333,100.0
2020-01-13 13:07:00,1.6667,98.3333
2020-01-13 13:08:00,0.0,96.6667
2020-01-13 13:09:00,0.0,95.0
2020-01-13 13:10:00,0.0,93.3333
2020-01-13 13:11:00,0.0,100.0
2020-01-13 13:12:00,3.3333,98.3333
2020-01-13 13:13:00,1.6667,100.0
2020-01-13 13:14:00,0.0,98.3333
2020-01-13 13:15:00,0.0,96.6667
2020-01-13 13:16:00,1.6667,95.0
2020-01-13 13:17:00,0.0,93.3333
2020-01-13 13:18:00,1.6667,91.6667
2020-01-13 13:19:00,0.0,90.0
2020-01-13 13:20:00,0.0,100.0
2020-01-13 13:21:00,0.0,100.0
2020-01-13 13:22:00,11.6667,100.0
2020-01-13 13:23:00,10.0,98.3333
2020-01-13 13:24:00,8.3333,96.6667
2020-01-13 13:25:00,6.6667,95.0
2020-01-13 13:26:00,5.0,93.3333
2020-01-13 13:27:00,3.3333,91.6667
2020-01-13 13:28:00,1.6667,100.0
2020-01-13 13:29:00,0.0,100.0
2020-01-13 13:30:00,16.6667,100.0
2020-01-13 13:31:00,15.0,100.0
2020-01-13 13:32:00,13.3333,100.0
2020-01-13 13:33:00,11.6667,98.3333
2020-01-13 13:34:00,10.0,96.6667
2020-01-13 13:35:00,8.3333,95.0
2020-01-13 13:36:00,6.6667,93.3333
2020-01-13 13:37:00,5.0,91.6667
2020-01-13 13:38:00,3.3333,90.0
2020-01-13 13:39:00,1.6667,88.3333
2020-01-13 13:40:00,0.0,86.6667
2020-01-13 13:41:00,0.0,85.0
2020-01-13 13:42:00,0.0,83.3333
2020-01-13 13:43:00,0.0,100.0
2020-01-13 13:44:00,38.3333,98.3333
2020-01-13 13:45:00,36.6667,96.6667
2020-01-13 13:46:00,35.0,95.0
2020-01-13 13:47:00,33.3333,93.3333
2020-01-13 13:48:00,31.6667,91.6667
2020-01-13 13:49:00,30.0,90.0
2020-01-13 13:50:00,28.3333,88.3333
2020-01-13 13:51:00,26.6667,86.6667
2020-01-13 13:52:00,25.0,100.0
2020-01-13 13:53:00,23.3333,98.3333
2020-01-13 13:54:00,21.6667,96.6667
2020-01-13 13:55:00,20.0,95.0
2020-01-13 13:56:00,18.3333,93.3333
2020-01-13 13:57:00,16.6667,91.6667
2020-01-13 13:58:00,15.0,90.0
2020-01-13 13:59:00,13.3333,88.3333
2020-01-13 14:00:00,11.6667,86.6667
2020-01-13 14:01:00,10.0,85.0
2020-01-13 14:02:00,8.3333,83.3333
2020-01-13 14:03:00,6.6667,81.6667
2020-01-13 14:04:00,5.0,80.0
2020-01-13 14:05:00,3.3333,78.3333
2020-01-13 14:06:00,1.6667,76.6667
2020-01-13 14:07:00,0.0,75.0
2020-01-13 14:08:00,1.6667,100.0
2020-01-13 14:09:00,0.0,100.0
2020-01-13 14:10:00,1.6667,100.0
2020-01-13 14:11:00,0.0,100.0
2020-01-13 14:12:00,0.0,100.0
2020-01-13 14:13:00,6.6667,100.0
2020-01-13 14:14:00,5.0,100.0
2020-01-13 14:15:00,3.3333,100.0
2020-01-13 14:16:00,1.6667,98.3333
2020-01-13 14:17:00,0.0,96.6667
2020-01-13 14:18:00,0.0,95.0
2020-01-13 14:19:00,0.0,93.3333
2020-01-13 14:20:00,0.0,91.6667
2020-01-13 14:21:00,0.0,90.0
2020-01-13 14:22:00,68.3333,88.3333
2020-01-13 14:23:00,66.6667,86.6667
2020-01-13 14:24:00,65.0,85.0
2020-01-13 14:25:00,63.3333,100.0
2020-01-13 14:26:00,61.6667,98.3333
2020-01-13 14:27:00,60.0,100.0
2020-01-13 14:28:00,58.3333,100.0
2020-01-13 14:29:00,56.6667,98.3333
2020-01-13 14:30:00,55.0,96.6667
2020-01-13 14:31:00,53.3333,95.0
2020-01-13 14:32:00,51.6667,93.3333
2020-01-13 14:33:00,50.0,91.6667
2020-01-13 14:34:00,48.3333,90.0
2020-01-13 14:35:00,46.6667,88.3333
2020-01-13 14:36:00,45.0,86.6667
2020-01-13 14:37:00,43.3333,85.0
2020-01-13 14:38:00,41.6667,83.3333
2020-01-13 14:39:00,40.0,81.6667
2020-01-13 14:40:00,38.3333,80.0
2020-01-13 14:41:00,36.6667,78.3333
2020-01-13 14:42:00,35.0,76.6667
2020-01-13 14:43:00,33.3333,75.0
2020-01-13 14:44:00,31.6667,73.3333
2020-01-13 14:45:00,30.0,71.6667
2020-01-13 14:46:00,28.3333,70.0
2020-01-13 14:47:00,26.6667,68.3333
2020-01-13 14:48:00,25.0,66.6667
2020-01-13 14:49:00,23.3333,65.0
2020-01-13 14:50:00,21.6667,63.3333
2020-01-13 14:51:00,20.0,61.6667
2020-01-13 14:52:00,18.3333,60.0
2020-01-13 14:53:00,16.6667,58.3333
2020-01-13 14:54:00,15.0,56.6667
2020-01-13 14:55:00,13.3333,55.0
2020-01-13 14:56:00,11.6667,53.3333
2020-01-13 14:57:00,10.0,51.6667
2020-01-13 14:58:00,8.3333,50.0
2020-01-13 14:59:00,6.6667,48.3333
2020-01-13 15:00:00,5.0,46.6667
2020-01-13 15:01:00,3.3333,45.0
2020-01-13 15:02:00,1.6667,43.3333
2020-01-13 15:03:00,0.0,41.6667
2020-01-13 15:04:00,0.0,40.0
2020-01-13 15:05:00,80.0,38.3333
2020-01-13 15:06:00,78.3333,36.6667
2020-01-13 15:07:00,76.6667,35.0
2020-01-13 15:08:00,75.0,33.3333
2020-01-13 15:09:00,73.3333,31.6667
2020-01-13 15:10:00,71.6667,30.0
2020-01-13 15:11:00,70.0,28.3333
2020-01-13 15:12:00,68.3333,26.6667
2020-01-13 15:13:00,66.6667,25.0
2020-01-13 15:14:00,65.0,23.3333
2020-01-13 15:15:00,63.3333,21.6667
2020-01-13 15:16:00,61.6667,20.0
2020-01-13 15:17:00,60.0,18.3333
2020-01-13 15:18:00,58.3333,16.6667
2020-01-13 15:19:00,56.6667,15.0
2020-01-13 15:20:00,55.0,13.3333
2020-01-13 15:21:00,53.3333,11.6667
2020-01-13 15:22:00,51.6667,10.0
2020-01-13 15:23:00,50.0,8.3333
2020-01-13 15:24:00,48.3333,6.6667
2020-01-13 15:25:00,46.6667,5.0
2020-01-13 15:26:00,45.0,3.3333
2020-01-13 15:27:00,43.3333,1.6667
2020-01-13 15:28:00,41.6667,0.0
2020-01-13 15:29:00,40.0,1.6667
2020-01-13 15:30:00,38.3333,0.0
2020-01-13 15:31:00,36.6667,20.0
2020-01-13 15:32:00,35.0,18.3333
2020-01-13 15:33:00,33.3333,16.6667
2020-01-13 15:34:00,31.6667,15.0
2020-01-13 15:35:00,30.0,13.3333
2020-01-13 15:36:00,28.3333,11.6667
2020-01-13 15:37:00,26.6667,10.0
2020-01-13 15:38:00,25.0,8.3333
2020-01-13 15:39:00,23.3333,6.6667
2020-01-13 15:40:00,21.6667,100.0
2020-01-13 15:41:00,20.0,98.3333
2020-01-13 15:42:00,18.3333,96.6667
2020-01-13 15:43:00,16.6667,95.0
2020-01-13 15:44:00,15.0,93.3333
2020-01-13 15:45:00,13.3333,91.6667
2020-01-13 15:46:00,11.6667,90.0
2020-01-13 15:47:00,10.0,88.3333
2020-01-13 15:48:00,8.3333,86.6667
2020-01-13 15:49:00,6.6667,85.0
2020-01-13 15:50:00,5.0,83.3333
2020-01-13 15:51:00,3.3333,81.6667
2020-01-13 15:52:00,1.6667,80.0
2020-01-13 15:53:00,0.0,78.3333
2020-01-13 15:54:00,0.0,76.6667
2020-01-13 15:55:00,56.6667,100.0
2020-01-13 15:56:00,55.0,100.0
2020-01-13 15:57:00,53.3333,100.0
2020-01-13 15:58:00,51.6667,100.0
2020-01-13 15:59:00,50.0,100.0
2020-01-13 16:00:00,48.3333,100.0
2020-01-14 09:31:00,46.6667,100.0
2020-01-14 09:32:00,45.0,100.0
2020-01-14 09:33:00,43.3333,98.3333
2020-01-14 09:34:00,41.6667,96.6667
2020-01-14 09:35:00,40.0,95.0
2020-01-14 09:36:00,38.3333,93.3333
2020-01-14 09:37:00,36.6667,91.6667
2020-01-14 09:38:00,35.0,90.0
2020-01-14 09:39:00,33.3333,88.3333
2020-01-14 09:40:00,100.0,86.6667
2020-01-14 09:41:00,100.0,85.0
2020-01-14 09:42:00,100.0,83.3333
2020-01-14 09:43:00,100.0,81.6667
2020-01-14 09:44:00,100.0,80.0
2020-01-14 09:45:00,98.3333,78.3333
2020-01-14 09:46:00,96.6667,76.6667
2020-01-14 09:47:00,95.0,75.0
2020-01-14 09:48:00,93.3333,73.3333
2020-01-14 09:49:00,91.6667,71.6667
2020-01-14 09:50:00,90.0,70.0
2020-01-14 09:51:00,88.3333,68.3333
2020-01-14 09:52:00,86.6667,66.6667
2020-01-14 09:53:00,85.0,65.0
2020-01-14 09:54:00,83.3333,63.3333
2020-01-14 09:55:00,81.6667,61.6667
2020-01-14 09:56:00,80.0,60.0
2020-01-14 09:57:00,78.3333,58.3333
2020-01-14 09:58:00,76.6667,56.6667
2020-01-14 09:59:00,75.0,55.0
2020-01-14 10:00:00,73.3333,53.3333
2020-01-14 10:01:00,71.6667,51.6667
2020-01-14 10:02:00,70.0,50.0
2020-01-14 10:03:00,68.3333,48.3333
2020-01-14 10:04:00,66.6667,46.6667
2020-01-14 10:05:00,65.0,45.0
2020-01-14 10:06:00,63.3333,43.3333
2020-01-14 10:07:00,61.6667,41.6667
2020-01-14 10:08:00,60.0,40.0
2020-01-14 10:09:00,58.3333,38.3333
2020-01-14 10:10:00,56.6667,36.6667
2020-01-14 10:11:00,55.0,35.0
2020-01-14 10:12:00,53.3333,33.3333
2020-01-14 10:13:00,51.6667,100.0
2020-01-14 10:14:00,50.0,100.0
2020-01-14 10:15:00,48.3333,100.0
2020-01-14 10:16:00,46.6667,98.3333
2020-01-14 10:17:00,45.0,96.6667
2020-01-14 10:18:00,43.3333,95.0
2020-01-14 10:19:00,41.6667,93.3333
2020-01-14 10:20:00,40.0,91.6667
2020-01-14 10:21:00,38.3333,90.0
2020-01-14 10:22:00,36.6667,88.3333
2020-01-14 10:23:00,35.0,86.6667
2020-01-14 10:24:00,33.3333,85.0
2020-01-14 10:25:00,31.6667,83.3333
2020-01-14 10:26:00,30.0,81.6667
2020-01-14 10:27:00,28.3333,80.0
2020-01-14 10:28:00,26.6667,78.3333
2020-01-14 10:29:00,25.0,76.6667
2020-01-14 10:30:00,23.3333,75.0
2020-01-14 10:31:00,21.6667,73.3333
2020-01-14 10:32:00,20.0,71.6667
2020-01-14 10:33:00,18.3333,70.0
2020-01-14 10:34:00,16.6667,68.3333
2020-01-14 10:35:00,15.0,66.6667
2020-01-14 10:36:00,13.3333,65.0
2020-01-14 10:37:00,11.6667,63.3333
2020-01-14 10:38:00,10.0,61.6667
2020-01-14 10:39:00,8.3333,60.0
2020-01-14 10:40:00,6.6667,58.3333
2020-01-14 10:41:00,5.0,56.6667
2020-01-14 10:42:00,3.3333,55.0
2020-01-14 10:43:00,1.6667,53.3333
2020-01-14 10:44:00,0.0,51.6667
2020-01-14 10:45:00,0.0,50.0
2020-01-14 10:46:00,21.6667,48.3333
2020-01-14 10:47:00,20.0,46.6667
2020-01-14 10:48:00,18.3333,45.0
2020-01-14 10:49:00,16.6667,43.3333
2020-01-14 10:50:00,15.0,41.6667
2020-01-14 10:51:00,13.3333,40.0
2020-01-14 10:52:00,11.6667,38.3333
2020-01-14 10:53:00,10.0,36.6667
2020-01-14 10:54:00,8.3333,35.0
2020-01-14 10:55:00,6.6667,33.3333
2020-01-14 10:56:00,5.0,31.6667
2020-01-14 10:57:00,3.3333,30.0
2020-01-14 10:58:00,1.6667,28.3333
2020-01-14 10:59:00,0.0,26.6667
2020-01-14 11:00:00,1.6667,25.0
2020-01-14 11:01:00,0.0,23.3333
2020-01-14 11:02:00,90.0,21.6667
2020-01-14 11:03:00,88.3333,20.0
2020-01-14 11:04:00,86.6667,18.3333
2020-01-14 11:06:00,85.0,16.6667
2020-01-14 11:07:00,83.3333,15.0
2020-01-14 11:08:00,81.6667,13.3333
2020-01-14 11:09:00,80.0,11.6667
2020-01-14 11:10:00,78.3333,10.0
2020-01-14 11:11:00,76.6667,8.3333
2020-01-14 11:12:00,75.0,6.6667
2020-01-14 11:13:00,73.3333,5.0
2020-01-14 11:14:00,71.6667,3.3333
2020-01-14 11:15:00,100.0,1.6667
2020-01-14 11:16:00,98.3333,0.0
2020-01-14 11:17:00,96.6667,0.0
2020-01-14 11:18:00,95.0,26.6667
2020-01-14 11:19:00,93.3333,25.0
2020-01-14 11:20:00,91.6667,23.3333
2020-01-14 11:21:00,90.0,21.6667
2020-01-14 11:22:00,100.0,20.0
2020-01-14 11:23:00,100.0,18.3333
2020-01-14 11:24:00,98.3333,16.6667
2020-01-14 11:25:00,96.6667,15.0
2020-01-14 11:26:00,95.0,13.3333
2020-01-14 11:27:00,93.3333,11.6667
2020-01-14 11:28:00,91.6667,10.0
2020-01-14 11:29:00,100.0,8.3333
2020-01-14 11:30:00,100.0,6.6667
2020-01-14 11:31:00,98.3333,5.0
2020-01-14 11:32:00,96.6667,3.3333
2020-01-14 11:33:00,95.0,1.6667
2020-01-14 11:34:00,93.3333,0.0
2020-01-14 11:35:00,91.6667,10.0
2020-01-14 11:36:00,90.0,8.3333
2020-01-14 11:37:00,88.3333,6.6667
2020-01-14 11:38:00,86.6667,5.0
2020-01-14 11:39:00,85.0,3.3333
2020-01-14 11:40:00,83.3333,1.6667
2020-01-14 11:41:00,81.6667,0.0
2020-01-14 11:42:00,80.0,0.0
2020-01-14 11:43:00,78.3333,5.0
2020-01-14 11:44:00,76.6667,3.3333
2020-01-14 11:45:00,75.0,1.6667
2020-01-14 11:46:00,73.3333,0.0
2020-01-14 11:47:00,71.6667,0.0
2020-01-14 11:48:00,70.0,0.0
2020-01-14 11:49:00,68.3333,0.0
2020-01-14 11:50:00,66.6667,20.0
2020-01-14 11:51:00,65.0,18.3333
2020-01-14 11:52:00,63.3333,16.6667
2020-01-14 11:53:00,61.6667,15.0
2020-01-14 11:54:00,60.0,13.3333
2020-01-14 11:55:00,58.3333,11.6667
2020-01-14 11:56:00,56.6667,10.0
2020-01-14 11:57:00,55.0,8.3333
2020-01-14 11:58:00,53.3333,6.6667
2020-01-14 11:59:00,51.6667,5.0
2020-01-14 12:00:00,50.0,3.3333
2020-01-14 12:01:00,48.3333,1.6667
2020-01-14 12:02:00,46.6667,0.0
2020-01-14 12:03:00,45.0,100.0
2020-01-14 12:04:00,43.3333,100.0
2020-01-14 12:05:00,41.6667,100.0
2020-01-14 12:06:00,40.0,98.3333
2020-01-14 12:07:00,38.3333,96.6667
2020-01-14 12:08:00,36.6667,95.0
2020-01-14 12:09:00,35.0,93.3333
2020-01-14 12:10:00,33.3333,91.6667
2020-01-14 12:11:00,31.6667,100.0
2020-01-14 12:12:00,30.0,98.3333
2020-01-14 12:13:00,28.3333,100.0
2020-01-14 12:14:00,26.6667,98.3333
2020-01-14 12:15:00,25.0,96.6667
2020-01-14 12:16:00,23.3333,95.0
2020-01-14 12:17:00,21.6667,93.3333
2020-01-14 12:18:00,20.0,91.6667
2020-01-14 12:19:00,18.3333,90.0
2020-01-14 12:20:00,16.6667,88.3333
2020-01-14 12:21:00,15.0,86.6667
2020-01-14 12:22:00,13.3333,85.0
2020-01-14 12:23:00,11.6667,83.3333
2020-01-14 12:24:00,10.0,81.6667
2020-01-14 12:25:00,8.3333,80.0
2020-01-14 12:26:00,6.6667,78.3333
2020-01-14 12:27:00,5.0,76.6667
2020-01-14 12:28:00,3.3333,75.0
2020-01-14 12:29:00,1.6667,73.3333
2020-01-14 12:30:00,0.0,71.6667
2020-01-14 12:31:00,0.0,70.0
2020-01-14 12:32:00,0.0,68.3333
2020-01-14 12:33:00,20.0,66.6667
2020-01-14 12:34:00,18.3333,65.0
2020-01-14 12:35:00,16.6667,100.0
2020-01-14 12:36:00,15.0,100.0
2020-01-14 12:37:00,13.3333,100.0
2020-01-14 12:38:00,11.6667,100.0
2020-01-14 12:39:00,10.0,98.3333
2020-01-14 12:40:00,8.3333,96.6667
2020-01-14 12:41:00,6.6667,100.0
2020-01-14 12:42:00,5.0,98.3333
2020-01-14 12:43:00,3.3333,96.6667
2020-01-14 12:44:00,1.6667,95.0
2020-01-14 12:45:00,0.0,100.0
2020-01-14 12:46:00,3.3333,100.0
2020-01-14 12:47:00,1.6667,100.0
2020-01-14 12:48:00,0.0,98.3333
2020-01-14 12:49:00,0.0,96.6667
2020-01-14 12:50:00,0.0,95.0
2020-01-14 12:51:00,0.0,93.3333
2020-01-14 12:52:00,0.0,91.6667
2020-01-14 12:53:00,0.0,90.0
2020-01-14 12:54:00,0.0,88.3333
2020-01-14 12:55:00,0.0,86.6667
2020-01-14 12:56:00,0.0,85.0
2020-01-14 12:57:00,0.0,83.3333
2020-01-14 12:58:00,33.3333,81.6667
2020-01-14 12:59:00,31.6667,80.0
2020-01-14 13:00:00,30.0,78.3333
2020-01-14 13:01:00,28.3333,76.6667
2020-01-14 13:02:00,26.6667,75.0
2020-01-14 13:03:00,25.0,73.3333
2020-01-14 13:04:00,23.3333,71.6667
2020-01-14 13:05:00,21.6667,70.0
2020-01-14 13:06:00,20.0,68.3333
2020-01-14 13:07:00,18.3333,66.6667
2020-01-14 13:08:00,16.6667,65.0
2020-01-14 13:09:00,15.0,63.3333
2020-01-14 13:10:00,13.3333,61.6667
2020-01-14 13:11:00,11.6667,60.0
2020-01-14 13:12:00,10.0,58.3333
2020-01-14 13:13:00,8.3333,56.6667
2020-01-14 13:14:00,6.6667,55.0
2020-01-14 13:15:00,5.0,53.3333
2020-01-14 13:16:00,3.3333,51.6667
2020-01-14 13:17:00,1.6667,50.0
2020-01-14 13:18:00,0.0,48.3333
2020-01-14 13:19:00,0.0,46.6667
2020-01-14 13:20:00,3.3333,45.0
2020-01-14 13:21:00,1.6667,43.3333
2020-01-14 13:22:00,0.0,41.6667
2020-01-14 13:23:00,10.0,40.0
2020-01-14 13:24:00,8.3333,38.3333
2020-01-14 13:25:00,6.6667,36.6667
2020-01-14 13:26:00,5.0,35.0
2020-01-14 13:27:00,3.3333,33.3333
2020-01-14 13:28:00,1.6667,31.6667
2020-01-14 13:29:00,0.0,30.0
2020-01-14 13:30:00,0.0,28.3333
2020-01-14 13:31:00,0.0,26.6667
2020-01-14 13:32:00,0.0,100.0
2020-01-14 13:33:00,1.6667,100.0
2020-01-14 13:34:00,0.0,98.3333
2020-01-14 13:35:00,43.3333,96.6667
2020-01-14 13:36:00,41.6667,100.0
2020-01-14 13:37:00,100.0,100.0
2020-01-14 13:38:00,100.0,98.3333
2020-01-14 13:39:00,98.3333,96.6667
2020-01-14 13:44:00,96.6667,95.0
2020-01-14 13:45:00,100.0,93.3333
2020-01-14 13:46:00,98.3333,91.6667
2020-01-14 13:47:00,96.6667,90.0
2020-01-14 13:48:00,100.0,88.3333
2020-01-14 13:49:00,100.0,86.6667
2020-01-14 13:50:00,98.3333,85.0
2020-01-14 13:51:00,96.6667,83.3333
2020-01-14 13:52:00,95.0,81.6667
2020-01-14 13:53:00,93.3333,80.0
2020-01-14 13:54:00,91.6667,78.3333
2020-01-14 13:55:00,90.0,76.6667
2020-01-14 13:56:00,100.0,75.0
2020-01-14 13:57:00,100.0,73.3333
2020-01-14 13:58:00,98.3333,71.6667
2020-01-14 13:59:00,96.6667,70.0
2020-01-14 14:00:00,100.0,68.3333
2020-01-14 14:01:00,100.0,66.6667
2020-01-14 14:02:00,100.0,65.0
2020-01-14 14:03:00,100.0,63.3333
2020-01-14 14:04:00,100.0,61.6667
2020-01-14 14:05:00,98.3333,60.0
2020-01-14 14:06:00,96.6667,58.3333
2020-01-14 14:07:00,95.0,56.6667
2020-01-14 14:08:00,93.3333,55.0
2020-01-14 14:09:00,91.6667,53.3333
2020-01-14 14:10:00,90.0,51.6667
2020-01-14 14:11:00,88.3333,50.0
2020-01-14 14:12:00,86.6667,48.3333
2020-01-14 14:13:00,85.0,46.6667
2020-01-14 14:14:00,100.0,45.0
2020-01-14 14:15:00,98.3333,43.3333
2020-01-14 14:16:00,96.6667,41.6667
2020-01-14 14:17:00,95.0,40.0
2020-01-14 14:18:00,100.0,38.3333
2020-01-14 14:19:00,98.3333,36.6667
2020-01-14 14:20:00,96.6667,35.0
2020-01-14 14:21:00,95.0,33.3333
2020-01-14 14:22:00,93.3333,31.6667
2020-01-14 14:23:00,91.6667,30.0
2020-01-14 14:24:00,90.0,28.3333
2020-01-14 14:25:00,88.3333,26.6667
2020-01-14 14:26:00,86.6667,25.0
2020-01-14 14:27:00,85.0,23.3333
2020-01-14 14:28:00,83.3333,21.6667
2020-01-14 14:29:00,81.6667,20.0
2020-01-14 14:30:00,80.0,18.3333
2020-01-14 14:31:00,78.3333,16.6667
2020-01-14 14:32:00,76.6667,15.0
2020-01-14 14:33:00,75.0,13.3333
2020-01-14 14:34:00,73.3333,11.6667
2020-01-14 14:35:00,71.6667,10.0
2020-01-14 14:36:00,70.0,8.3333
2020-01-14 14:37:00,68.3333,6.6667
2020-01-14 14:38:00,66.6667,5.0
2020-01-14 14:39:00,65.0,3.3333
2020-01-14 14:40:00,63.3333,1.6667
2020-01-14 14:41:00,61.6667,0.0
2020-01-14 14:42:00,60.0,0.0
2020-01-14 14:43:00,58.3333,13.3333
2020-01-14 14:44:00,56.6667,11.6667
2020-01-14 14:45:00,55.0,10.0
2020-01-14 14:46:00,53.3333,8.3333
2020-01-14 14:47:00,51.6667,6.6667
2020-01-14 14:48:00,50.0,5.0
2020-01-14 14:49:00,48.3333,3.3333
2020-01-14 14:50:00,46.6667,1.6667
2020-01-14 14:51:00,45.0,0.0
2020-01-14 14:52:00,43.3333,0.0
2020-01-14 14:53:00,41.6667,1.6667
2020-01-14 14:54:00,40.0,0.0
2020-01-14 14:55:00,38.3333,0.0
2020-01-14 14:56:00,36.6667,0.0
2020-01-14 14:57:00,35.0,3.3333
2020-01-14 14:58:00,33.3333,1.6667
2020-01-14 14:59:00,31.6667,0.0
2020-01-14 15:00:00,30.0,0.0
2020-01-14 15:01:00,28.3333,53.3333
2020-01-14 15:02:00,26.6667,51.6667
2020-01-14 15:03:00,25.0,50.0
2020-01-14 15:04:00,23.3333,48.3333
2020-01-14 15:05:00,21.6667,46.6667
2020-01-14 15:06:00,20.0,45.0
2020-01-14 15:07:00,18.3333,43.3333
2020-01-14 15:08:00,16.6667,41.6667
2020-01-14 15:09:00,15.0,40.0
2020-01-14 15:10:00,13.3333,38.3333
2020-01-14 15:11:00,11.6667,36.6667
2020-01-14 15:12:00,100.0,35.0
2020-01-14 15:13:00,100.0,33.3333
2020-01-14 15:14:00,100.0,31.6667
2020-01-14 15:15:00,100.0,30.0
2020-01-14 15:16:00,100.0,28.3333
2020-01-14 15:17:00,98.3333,26.6667
2020-01-14 15:18:00,96.6667,25.0
2020-01-14 15:19:00,95.0,23.3333
2020-01-14 15:20:00,93.3333,21.6667
2020-01-14 15:21:00,91.6667,20.0
2020-01-14 15:22:00,90.0,18.3333
2020-01-14 15:23:00,88.3333,16.6667
2020-01-14 15:24:00,86.6667,15.0
2020-01-14 15:25:00,85.0,13.3333
2020-01-14 15:26:00,83.3333,11.6667
2020-01-14 15:27:00,81.6667,10.0
2020-01-14 15:28:00,80.0,8.3333
2020-01-14 15:29:00,100.0,6.6667
2020-01-14 15:30:00,100.0,5.0
2020-01-14 15:31:00,100.0,3.3333
2020-01-14 15:32:00,98.3333,1.6667
2020-01-14 15:33:00,96.6667,0.0
2020-01-14 15:34:00,95.0,0.0
2020-01-14 15:35:00,93.3333,5.0
2020-01-14 15:36:00,91.6667,3.3333
2020-01-14 15:37:00,90.0,1.6667
2020-01-14 15:38:00,88.3333,0.0
2020-01-14 15:39:00,86.6667,10.0
2020-01-14 15:40:00,85.0,8.3333
2020-01-14 15:41:00,83.3333,6.6667
2020-01-14 15:42:00,81.6667,5.0
2020-01-14 15:43:00,80.0,3.3333
2020-01-14 15:44:00,78.3333,1.6667
2020-01-14 15:45:00,76.6667,0.0
2020-01-14 15:46:00,75.0,0.0
2020-01-14 15:47:00,73.3333,0.0
2020-01-14 15:48:00,71.6667,0.0
2020-01-14 15:49:00,70.0,0.0
2020-01-14 15:50:00,100.0,0.0
2020-01-14 15:51:00,100.0,0.0
2020-01-14 15:52:00,100.0,18.3333
2020-01-14 15:53:00,98.3333,16.6667
2020-01-14 15:54:00,96.6667,15.0
2020-01-14 15:55:00,95.0,13.3333
2020-01-14 15:56:00,93.3333,11.6667
2020-01-14 15:57:00,91.6667,10.0
2020-01-14 15:58:00,90.0,8.3333
2020-01-14 15:59:00,88.3333,6.6667
2020-01-14 16:00:00,86.6667,5.0
2020-01-15 09:31:00,85.0,100.0
2020-01-15 09:32:00,83.3333,100.0
2020-01-15 09:33:00,81.6667,100.0
2020-01-15 09:34:00,80.0,100.0
2020-01-15 09:35:00,78.3333,100.0
2020-01-15 09:36:00,76.6667,100.0
2020-01-15 09:37:00,75.0,100.0
2020-01-15 09:38:00,73.3333,100.0
2020-01-15 09:39:00,71.6667,100.0
2020-01-15 09:40:00,70.0,100.0
2020-01-15 09:41:00,68.3333,100.0
2020-01-15 09:42:00,66.6667,98.3333
2020-01-15 09:43:00,65.0,96.6667
2020-01-15 09:44:00,63.3333,95.0
2020-01-15 09:45:00,61.6667,93.3333
2020-01-15 09:46:00,60.0,91.6667
2020-01-15 09:47:00,58.3333,90.0
2020-01-15 09:48:00,56.6667,88.3333
2020-01-15 09:49:00,55.0,86.6667
2020-01-15 09:50:00,53.3333,85.0
2020-01-15 09:51:00,51.6667,83.3333
2020-01-15 09:52:00,50.0,81.6667
2020-01-15 09:53:00,48.3333,80.0
2020-01-15 09:54:00,46.6667,78.3333
2020-01-15 09:55:00,45.0,76.6667
2020-01-15 09:56:00,43.3333,75.0
2020-01-15 09:57:00,41.6667,73.3333
2020-01-15 09:58:00,40.0,71.6667
2020-01-15 09:59:00,38.3333,70.0
2020-01-15 10:00:00,36.6667,68.3333
2020-01-15 10:01:00,35.0,66.6667
2020-01-15 10:02:00,33.3333,65.0
2020-01-15 10:03:00,31.6667,63.3333
2020-01-15 10:04:00,30.0,61.6667
2020-01-15 10:05:00,28.3333,60.0
2020-01-15 10:06:00,26.6667,58.3333
2020-01-15 10:07:00,25.0,56.6667
2020-01-15 10:08:00,23.3333,55.0
2020-01-15 10:09:00,21.6667,53.3333
2020-01-15 10:10:00,20.0,51.6667
2020-01-15 10:11:00,18.3333,100.0
2020-01-15 10:12:00,16.6667,98.3333
2020-01-15 10:13:00,15.0,96.6667
2020-01-15 10:14:00,13.3333,95.0
2020-01-15 10:15:00,11.6667,93.3333
2020-01-15 10:16:00,10.0,91.6667
2020-01-15 10:17:00,8.3333,90.0
2020-01-15 10:18:00,6.6667,88.3333
2020-01-15 10:19:00,5.0,100.0
2020-01-15 10:20:00,3.3333,100.0
2020-01-15 10:21:00,1.6667,98.3333
2020-01-15 10:22:00,0.0,96.6667
2020-01-15 10:23:00,0.0,95.0
2020-01-15 10:24:00,0.0,93.3333
2020-01-15 10:25:00,0.0,91.6667
2020-01-15 10:26:00,5.0,90.0
2020-01-15 10:27:00,3.3333,100.0
2020-01-15 10:28:00,1.6667,100.0
2020-01-15 10:29:00,0.0,100.0
2020-01-15 10:30:00,0.0,100.0
2020-01-15 10:31:00,1.6667,100.0
2020-01-15 10:32:00,0.0,98.3333
2020-01-15 10:33:00,0.0,96.6667
2020-01-15 10:34:00,1.6667,95.0
2020-01-15 10:35:00,0.0,93.3333
2020-01-15 10:36:00,28.3333,91.6667
2020-01-15 10:37:00,26.6667,100.0
2020-01-15 10:38:00,25.0,100.0
2020-01-15 10:39:00,23.3333,100.0
2020-01-15 10:40:00,21.6667,98.3333
2020-01-15 10:41:00,20.0,100.0
2020-01-15 10:42:00,18.3333,100.0
2020-01-15 10:43:00,16.6667,100.0
2020-01-15 10:44:00,15.0,100.0
2020-01-15 10:45:00,13.3333,98.3333
2020-01-15 10:46:00,11.6667,96.6667
2020-01-15 10:47:00,10.0,95.0
2020-01-15 10:48:00,8.3333,93.3333
2020-01-15 10:49:00,6.6667,91.6667
2020-01-15 10:50:00,5.0,90.0
2020-01-15 10:51:00,3.3333,88.3333
2020-01-15 10:52:00,1.6667,86.6667
2020-01-15 10:53:00,0.0,85.0
2020-01-15 10:54:00,0.0,83.3333
2020-01-15 10:55:00,0.0,81.6667
2020-01-15 10:56:00,1.6667,80.0
2020-01-15 10:57:00,0.0,78.3333
2020-01-15 10:58:00,0.0,76.6667
2020-01-15 10:59:00,0.0,75.0
2020-01-15 11:00:00,10.0,73.3333
2020-01-15 11:01:00,8.3333,71.6667
2020-01-15 11:02:00,6.6667,70.0
2020-01-15 11:03:00,5.0,68.3333
2020-01-15 11:04:00,3.3333,66.6667
2020-01-15 11:05:00,1.6667,65.0
2020-01-15 11:06:00,0.0,63.3333
2020-01-15 11:07:00,0.0,61.6667
2020-01-15 11:08:00,15.0,60.0
2020-01-15 11:09:00,13.3333,58.3333
2020-01-15 11:10:00,11.6667,56.6667
2020-01-15 11:11:00,10.0,55.0
2020-01-15 11:12:00,8.3333,53.3333
2020-01-15 11:13:00,6.6667,51.6667
2020-01-15 11:14:00,5.0,50.0
2020-01-15 11:15:00,3.3333,48.3333
2020-01-15 11:16:00,1.6667,46.6667
2020-01-15 11:17:00,0.0,45.0
2020-01-15 11:18:00,10.0,43.3333
2020-01-15 11:19:00,8.3333,41.6667
2020-01-15 11:20:00,6.6667,40.0
2020-01-15 11:21:00,5.0,38.3333
2020-01-15 11:22:00,3.3333,36.6667
2020-01-15 11:23:00,1.6667,35.0
2020-01-15 11:24:00,0.0,33.3333
2020-01-15 11:25:00,0.0,31.6667
2020-01-15 11:26:00,0.0,30.0
2020-01-15 11:27:00,0.0,28.3333
2020-01-15 11:28:00,8.3333,26.6667
2020-01-15 11:29:00,6.6667,25.0
2020-01-15 11:30:00,100.0,23.3333
2020-01-15 11:31:00,98.3333,21.6667
2020-01-15 11:32:00,96.6667,20.0
2020-01-15 11:33:00,95.0,18.3333
2020-01-15 11:34:00,93.3333,16.6667
2020-01-15 11:35:00,91.6667,15.0
2020-01-15 11:36:00,90.0,13.3333
2020-01-15 11:37:00,88.3333,11.6667
2020-01-15 11:38:00,86.6667,10.0
2020-01-15 11:39:00,85.0,8.3333
2020-01-15 11:40:00,83.3333,6.6667
2020-01-15 11:41:00,81.6667,5.0
2020-01-15 11:42:00,80.0,3.3333
2020-01-15 11:43:00,78.3333,1.6667
2020-01-15 11:44:00,76.6667,0.0
2020-01-15 11:45:00,75.0,0.0
2020-01-15 11:46:00,73.3333,0.0
2020-01-15 11:47:00,71.6667,0.0
2020-01-15 11:48:00,70.0,1.6667
2020-01-15 11:49:00,68.3333,0.0
2020-01-15 11:50:00,66.6667,13.3333
2020-01-15 11:51:00,65.0,11.6667
2020-01-15 11:52:00,63.3333,10.0
2020-01-15 11:53:00,61.6667,8.3333
2020-01-15 11:54:00,60.0,6.6667
2020-01-15 11:55:00,58.3333,5.0
2020-01-15 11:56:00,56.6667,3.3333
2020-01-15 11:57:00,55.0,1.6667
2020-01-15 11:58:00,53.3333,0.0
2020-01-15 11:59:00,100.0,36.6667
2020-01-15 12:00:00,98.3333,35.0
2020-01-15 12:01:00,96.6667,33.3333
2020-01-15 12:02:00,95.0,31.6667
2020-01-15 12:03:00,93.3333,30.0
2020-01-15 12:04:00,91.6667,28.3333
2020-01-15 12:05:00,90.0,26.6667
2020-01-15 12:06:00,88.3333,25.0
2020-01-15 12:07:00,86.6667,23.3333
2020-01-15 12:08:00,85.0,21.6667
2020-01-15 12:09:00,83.3333,20.0
2020-01-15 12:10:00,81.6667,18.3333
2020-01-15 12:11:00,80.0,16.6667
2020-01-15 12:12:00,78.3333,15.0
2020-01-15 12:13:00,76.6667,13.3333
2020-01-15 12:14:00,75.0,11.6667
2020-01-15 12:15:00,73.3333,10.0
2020-01-15 12:16:00,71.6667,100.0
2020-01-15 12:17:00,70.0,100.0
2020-01-15 12:18:00,68.3333,98.3333
2020-01-15 12:19:00,66.6667,96.6667
2020-01-15 12:20:00,65.0,95.0
2020-01-15 12:21:00,63.3333,93.3333
2020-01-15 12:22:00,61.6667,91.6667
2020-01-15 12:23:00,60.0,90.0
2020-01-15 12:24:00,58.3333,88.3333
2020-01-15 12:25:00,56.6667,86.6667
2020-01-15 12:26:00,55.0,85.0
2020-01-15 12:27:00,53.3333,83.3333
2020-01-15 12:28:00,51.6667,81.6667
2020-01-15 12:29:00,50.0,80.0
2020-01-15 12:30:00,48.3333,78.3333
2020-01-15 12:31:00,46.6667,76.6667
2020-01-15 12:32:00,45.0,75.0
2020-01-15 12:33:00,43.3333,73.3333
2020-01-15 12:34:00,41.6667,71.6667
2020-01-15 12:35:00,40.0,70.0
2020-01-15 12:36:00,38.3333,68.3333
2020-01-15 12:37:00,36.6667,66.6667
2020-01-15 12:38:00,35.0,100.0
2020-01-15 12:39:00,33.3333,98.3333
2020-01-15 12:40:00,31.6667,100.0
2020-01-15 12:41:00,30.0,100.0
2020-01-15 12:42:00,28.3333,100.0
2020-01-15 12:43:00,26.6667,98.3333
2020-01-15 12:44:00,25.0,96.6667
2020-01-15 12:45:00,23.3333,95.0
2020-01-15 12:46:00,21.6667,93.3333
2020-01-15 12:47:00,20.0,91.6667
2020-01-15 12:48:00,18.3333,90.0
2020-01-15 12:49:00,16.6667,88.3333
2020-01-15 12:50:00,15.0,86.6667
2020-01-15 12:51:00,13.3333,85.0
2020-01-15 12:52:00,11.6667,83.3333
2020-01-15 12:53:00,10.0,81.6667
2020-01-15 12:54:00,8.3333,80.0
2020-01-15 12:55:00,6.6667,78.3333
2020-01-15 12:56:00,5.0,76.6667
2020-01-15 12:57:00,3.3333,75.0
2020-01-15 12:58:00,1.6667,73.3333
2020-01-15 12:59:00,0.0,71.6667
2020-01-15 13:00:00,0.0,70.0
2020-01-15 13:01:00,100.0,68.3333
2020-01-15 13:02:00,100.0,66.6667
2020-01-15 13:03:00,98.3333,65.0
2020-01-15 13:04:00,96.6667,63.3333
2020-01-15 13:05:00,95.0,61.6667
2020-01-15 13:06:00,93.3333,60.0
2020-01-15 13:07:00,91.6667,58.3333
2020-01-15 13:08:00,90.0,56.6667
2020-01-15 13:09:00,88.3333,55.0
2020-01-15 13:10:00,86.6667,53.3333
2020-01-15 13:11:00,85.0,51.6667
2020-01-15 13:12:00,83.3333,50.0
2020-01-15 13:13:00,81.6667,48.3333
2020-01-15 13:14:00,80.0,46.6667
2020-01-15 13:15:00,78.3333,45.0
2020-01-15 13:16:00,76.6667,43.3333
2020-01-15 13:17:00,75.0,41.6667
2020-01-15 13:18:00,73.3333,40.0
2020-01-15 13:19:00,71.6667,38.3333
2020-01-15 13:20:00,70.0,36.6667
2020-01-15 13:21:00,68.3333,35.0
2020-01-15 13:22:00,66.6667,33.3333
2020-01-15 13:23:00,65.0,31.6667
2020-01-15 13:24:00,63.3333,30.0
2020-01-15 13:25:00,61.6667,28.3333
2020-01-15 13:26:00,60.0,26.6667
2020-01-15 13:27:00,58.3333,25.0
2020-01-15 13:28:00,56.6667,23.3333
2020-01-15 13:29:00,55.0,21.6667
2020-01-15 13:30:00,53.3333,20.0
2020-01-15 13:31:00,51.6667,18.3333
2020-01-15 13:32:00,50.0,16.6667
2020-01-15 13:33:00,48.3333,15.0
2020-01-15 13:34:00,46.6667,13.3333
2020-01-15 13:35:00,45.0,11.6667
2020-01-15 13:36:00,43.3333,10.0
2020-01-15 13:37:00,41.6667,8.3333
2020-01-15 13:38:00,40.0,6.6667
2020-01-15 13:39:00,38.3333,5.0
2020-01-15 13:40:00,36.6667,3.3333
2020-01-15 13:41:00,35.0,1.6667
2020-01-15 13:42:00,33.3333,0.0
2020-01-15 13:43:00,31.6667,0.0
2020-01-15 13:44:00,30.0,0.0
2020-01-15 13:45:00,28.3333,3.3333
2020-01-15 13:46:00,26.6667,1.6667
2020-01-15 13:47:00,25.0,0.0
2020-01-15 13:48:00,23.3333,3.3333
2020-01-15 13:49:00,21.6667,1.6667
2020-01-15 13:50:00,20.0,0.0
2020-01-15 13:51:00,18.3333,0.0
2020-01-15 13:52:00,16.6667,0.0
2020-01-15 13:53:00,15.0,90.0
2020-01-15 13:54:00,13.3333,88.3333
2020-01-15 13:55:00,11.6667,86.6667
2020-01-15 13:56:00,10.0,85.0
2020-01-15 13:57:00,8.3333,83.3333
2020-01-15 13:58:00,100.0,81.6667
2020-01-15 13:59:00,98.3333,80.0
2020-01-15 14:00:00,96.6667,78.3333
2020-01-15 14:01:00,95.0,76.6667
2020-01-15 14:02:00,93.3333,75.0
2020-01-15 14:03:00,91.6667,73.3333
2020-01-15 14:04:00,90.0,71.6667
2020-01-15 14:05:00,88.3333,70.0
2020-01-15 14:06:00,86.6667,68.3333
2020-01-15 14:07:00,85.0,66.6667
2020-01-15 14:08:00,83.3333,65.0
2020-01-15 14:09:00,81.6667,63.3333
2020-01-15 14:10:00,80.0,61.6667
2020-01-15 14:11:00,78.3333,60.0
2020-01-15 14:12:00,76.6667,58.3333
2020-01-15 14:13:00,75.0,56.6667
2020-01-15 14:14:00,73.3333,55.0
2020-01-15 14:15:00,71.6667,53.3333
2020-01-15 14:16:00,70.0,100.0
2020-01-15 14:17:00,68.3333,98.3333
2020-01-15 14:18:00,66.6667,100.0
2020-01-15 14:19:00,65.0,100.0
2020-01-15 14:20:00,63.3333,98.3333
2020-01-15 14:21:00,61.6667,100.0
2020-01-15 14:22:00,60.0,100.0
2020-01-15 14:23:00,58.3333,100.0
2020-01-15 14:24:00,56.6667,100.0
2020-01-15 14:25:00,55.0,98.3333
2020-01-15 14:26:00,53.3333,96.6667
2020-01-15 14:27:00,51.6667,95.0
2020-01-15 14:28:00,50.0,93.3333
2020-01-15 14:29:00,48.3333,100.0
2020-01-15 14:30:00,46.6667,100.0
2020-01-15 14:31:00,45.0,98.3333
2020-01-15 14:32:00,43.3333,100.0
2020-01-15 14:33:00,41.6667,100.0
2020-01-15 14:34:00,40.0,98.3333
2020-01-15 14:35:00,38.3333,100.0
2020-01-15 14:36:00,36.6667,100.0
2020-01-15 14:37:00,35.0,100.0
2020-01-15 14:38:00,33.3333,98.3333
2020-01-15 14:39:00,31.6667,96.6667
2020-01-15 14:40:00,30.0,95.0
2020-01-15 14:41:00,28.3333,93.3333
2020-01-15 14:42:00,26.6667,91.6667
2020-01-15 14:43:00,25.0,90.0
2020-01-15 14:44:00,23.3333,88.3333
2020-01-15 14:45:00,21.6667,86.6667
2020-01-15 14:46:00,20.0,85.0
2020-01-15 14:47:00,18.3333,83.3333
2020-01-15 14:48:00,16.6667,81.6667
2020-01-15 14:49:00,15.0,80.0
2020-01-15 14:50:00,13.3333,78.3333
2020-01-15 14:51:00,11.6667,76.6667
2020-01-15 14:52:00,10.0,75.0
2020-01-15 14:53:00,8.3333,73.3333
2020-01-15 14:54:00,6.6667,71.6667
2020-01-15 14:55:00,5.0,70.0
2020-01-15 14:56:00,3.3333,68.3333
2020-01-15 14:57:00,1.6667,66.6667
2020-01-15 14:58:00,0.0,65.0
2020-01-15 14:59:00,0.0,63.3333
2020-01-15 15:00:00,0.0,61.6667
2020-01-15 15:01:00,0.0,60.0
2020-01-15 15:02:00,6.6667,58.3333
2020-01-15 15:03:00,5.0,56.6667
2020-01-15 15:04:00,3.3333,55.0
2020-01-15 15:05:00,1.6667,53.3333
2020-01-15 15:06:00,100.0,51.6667
2020-01-15 15:07:00,98.3333,50.0
2020-01-15 15:08:00,96.6667,48.3333
2020-01-15 15:09:00,95.0,46.6667
2020-01-15 15:10:00,100.0,45.0
2020-01-15 15:11:00,98.3333,43.3333
2020-01-15 15:12:00,100.0,41.6667
2020-01-15 15:13:00,100.0,40.0
2020-01-15 15:14:00,100.0,38.3333
2020-01-15 15:15:00,98.3333,36.6667
2020-01-15 15:16:00,96.6667,35.0
2020-01-15 15:17:00,95.0,33.3333
2020-01-15 15:18:00,93.3333,31.6667
2020-01-15 15:19:00,100.0,30.0
2020-01-15 15:20:00,98.3333,28.3333
2020-01-15 15:21:00,100.0,26.6667
2020-01-15 15:22:00,98.3333,25.0
2020-01-15 15:23:00,100.0,23.3333
2020-01-15 15:24:00,100.0,21.6667
2020-01-15 15:25:00,100.0,20.0
2020-01-15 15:26:00,100.0,18.3333
2020-01-15 15:27:00,100.0,16.6667
2020-01-15 15:28:00,100.0,15.0
2020-01-15 15:29:00,100.0,13.3333
2020-01-15 15:30:00,98.3333,11.6667
2020-01-15 15:31:00,96.6667,10.0
2020-01-15 15:32:00,95.0,8.3333
2020-01-15 15:33:00,93.3333,6.6667
2020-01-15 15:34:00,100.0,5.0
2020-01-15 15:35:00,98.3333,3.3333
2020-01-15 15:36:00,96.6667,1.6667
2020-01-15 15:37:00,95.0,0.0
2020-01-15 15:38:00,93.3333,0.0
2020-01-15 15:39:00,91.6667,1.6667
2020-01-15 15:40:00,90.0,0.0
2020-01-15 15:41:00,88.3333,10.0
2020-01-15 15:42:00,86.6667,8.3333
2020-01-15 15:43:00,85.0,6.6667
2020-01-15 15:44:00,83.3333,5.0
2020-01-15 15:45:00,81.6667,3.3333
2020-01-15 15:46:00,80.0,1.6667
2020-01-15 15:47:00,78.3333,0.0
2020-01-15 15:48:00,76.6667,0.0
2020-01-15 15:49:00,75.0,0.0
2020-01-15 15:50:00,73.3333,13.3333
2020-01-15 15:51:00,71.6667,11.6667
2020-01-15 15:52:00,70.0,10.0
2020-01-15 15:53:00,68.3333,8.3333
2020-01-15 15:54:00,66.6667,6.6667
2020-01-15 15:55:00,65.0,5.0
2020-01-15 15:56:00,63.3333,3.3333
2020-01-15 15:57:00,61.6667,1.6667
2020-01-15 15:58:00,60.0,0.0
2020-01-15 15:59:00,58.3333,0.0
2020-01-15 16:00:00,56.6667,0.0
2020-01-16 09:31:00,55.0,100.0
2020-01-16 09:32:00,53.3333,98.3333
2020-01-16 09:33:00,51.6667,96.6667
2020-01-16 09:34:00,50.0,95.0
2020-01-16 09:35:00,48.3333,93.3333
2020-01-16 09:36:00,46.6667,91.6667
2020-01-16 09:37:00,45.0,90.0
2020-01-16 09:38:00,43.3333,88.3333
2020-01-16 09:39:00,41.6667,86.6667
2020-01-16 09:40:00,40.0,85.0
2020-01-16 09:41:00,38.3333,83.3333
2020-01-16 09:42:00,36.6667,81.6667
2020-01-16 09:43:00,35.0,80.0
2020-01-16 09:44:00,33.3333,78.3333
2020-01-16 09:45:00,31.6667,76.6667
2020-01-16 09:46:00,30.0,75.0
2020-01-16 09:47:00,28.3333,73.3333
2020-01-16 09:48:00,26.6667,71.6667
2020-01-16 09:49:00,25.0,70.0
2020-01-16 09:50:00,23.3333,68.3333
2020-01-16 09:51:00,21.6667,66.6667
2020-01-16 09:52:00,20.0,65.0
2020-01-16 09:53:00,18.3333,63.3333
2020-01-16 09:54:00,16.6667,100.0
2020-01-16 09:55:00,15.0,100.0
2020-01-16 09:56:00,13.3333,98.3333
2020-01-16 09:57:00,11.6667,96.6667
2020-01-16 09:58:00,10.0,100.0
2020-01-16 09:59:00,8.3333,100.0
2020-01-16 10:00:00,6.6667,98.3333
2020-01-16 10:01:00,5.0,100.0
2020-01-16 10:02:00,3.3333,100.0
2020-01-16 10:03:00,1.6667,100.0
2020-01-16 10:04:00,0.0,100.0
2020-01-16 10:05:00,0.0,100.0
2020-01-16 10:06:00,13.3333,100.0
2020-01-16 10:07:00,11.6667,100.0
2020-01-16 10:08:00,10.0,100.0
2020-01-16 10:09:00,8.3333,100.0
2020-01-16 10:10:00,6.6667,98.3333
2020-01-16 10:11:00,5.0,96.6667
2020-01-16 10:12:00,3.3333,100.0
2020-01-16 10:13:00,1.6667,98.3333
2020-01-16 10:14:00,0.0,96.6667
2020-01-16 10:15:00,18.3333,95.0
2020-01-16 10:16:00,16.6667,93.3333
2020-01-16 10:17:00,15.0,91.6667
2020-01-16 10:18:00,13.3333,90.0
2020-01-16 10:19:00,11.6667,88.3333
2020-01-16 10:20:00,10.0,86.6667
2020-01-16 10:21:00,8.3333,85.0
2020-01-16 10:22:00,6.6667,83.3333
2020-01-16 10:23:00,5.0,81.6667
2020-01-16 10:24:00,3.3333,80.0
2020-01-16 10:25:00,1.6667,78.3333
2020-01-16 10:26:00,0.0,76.6667
2020-01-16 10:27:00,1.6667,75.0
2020-01-16 10:28:00,0.0,73.3333
2020-01-16 10:29:00,0.0,71.6667
2020-01-16 10:30:00,0.0,70.0
2020-01-16 10:31:00,0.0,68.3333
2020-01-16 10:32:00,0.0,66.6667
2020-01-16 10:33:00,0.0,65.0
2020-01-16 10:34:00,5.0,63.3333
2020-01-16 10:35:00,3.3333,61.6667
2020-01-16 10:36:00,1.6667,60.0
2020-01-16 10:37:00,0.0,58.3333
2020-01-16 10:38:00,16.6667,100.0
2020-01-16 10:39:00,15.0,98.3333
2020-01-16 10:40:00,13.3333,96.6667
2020-01-16 10:41:00,11.6667,100.0
2020-01-16 10:42:00,10.0,100.0
2020-01-16 10:43:00,8.3333,98.3333
2020-01-16 10:44:00,6.6667,96.6667
2020-01-16 10:45:00,5.0,95.0
2020-01-16 10:46:00,3.3333,93.3333
2020-01-16 10:47:00,1.6667,91.6667
2020-01-16 10:48:00,0.0,90.0
2020-01-16 10:49:00,0.0,88.3333
2020-01-16 10:50:00,0.0,100.0
2020-01-16 10:51:00,3.3333,100.0
2020-01-16 10:52:00,1.6667,98.3333
2020-01-16 10:53:00,0.0,96.6667
2020-01-16 10:54:00,0.0,95.0
2020-01-16 10:55:00,45.0,100.0
2020-01-16 10:56:00,43.3333,98.3333
2020-01-16 10:57:00,41.6667,96.6667
2020-01-16 10:58:00,40.0,95.0
2020-01-16 10:59:00,38.3333,93.3333
2020-01-16 11:00:00,36.6667,91.6667
2020-01-16 11:01:00,35.0,90.0
2020-01-16 11:02:00,33.3333,88.3333
2020-01-16 11:03:00,31.6667,86.6667
2020-01-16 11:04:00,30.0,85.0
2020-01-16 11:05:00,28.3333,83.3333
2020-01-16 11:06:00,26.6667,81.6667
2020-01-16 11:07:00,25.0,80.0
2020-01-16 11:08:00,23.3333,78.3333
2020-01-16 11:09:00,21.6667,76.6667
2020-01-16 11:10:00,20.0,75.0
2020-01-16 11:11:00,18.3333,73.3333
2020-01-16 11:12:00,16.6667,71.6667
2020-01-16 11:13:00,15.0,70.0
2020-01-16 11:14:00,13.3333,68.3333
2020-01-16 11:15:00,11.6667,66.6667
2020-01-16 11:16:00,10.0,65.0
2020-01-16 11:17:00,8.3333,63.3333
2020-01-16 11:18:00,6.6667,61.6667
2020-01-16 11:19:00,5.0,60.0
2020-01-16 11:20:00,3.3333,58.3333
2020-01-16 11:21:00,1.6667,56.6667
2020-01-16 11:22:00,0.0,55.0
2020-01-16 11:23:00,96.6667,53.3333
2020-01-16 11:24:00,95.0,51.6667
2020-01-16 11:25:00,93.3333,50.0
2020-01-16 11:26:00,91.6667,48.3333
2020-01-16 11:27:00,90.0,46.6667
2020-01-16 11:28:00,88.3333,45.0
2020-01-16 11:29:00,86.6667,43.3333
2020-01-16 11:30:00,85.0,41.6667
2020-01-16 11:31:00,83.3333,40.0
2020-01-16 11:32:00,81.6667,38.3333
2020-01-16 11:33:00,80.0,36.6667
2020-01-16 11:34:00,100.0,35.0
2020-01-16 11:35:00,100.0,33.3333
2020-01-16 11:36:00,98.3333,31.6667
2020-01-16 11:37:00,96.6667,30.0
2020-01-16 11:38:00,95.0,28.3333
2020-01-16 11:39:00,93.3333,26.6667
2020-01-16 11:40:00,91.6667,25.0
2020-01-16 11:41:00,90.0,23.3333
2020-01-16 11:42:00,88.3333,21.6667
2020-01-16 11:43:00,86.6667,20.0
2020-01-16 11:44:00,85.0,18.3333
2020-01-16 11:45:00,83.3333,16.6667
2020-01-16 11:46:00,81.6667,15.0
2020-01-16 11:47:00,80.0,13.3333
2020-01-16 11:48:00,78.3333,11.6667
2020-01-16 11:49:00,76.6667,10.0
2020-01-16 11:50:00,75.0,8.3333
2020-01-16 11:51:00,73.3333,6.6667
2020-01-16 11:52:00,71.6667,5.0
2020-01-16 11:53:00,70.0,3.3333
2020-01-16 11:54:00,68.3333,1.6667
2020-01-16 11:55:00,66.6667,0.0
2020-01-16 11:56:00,65.0,0.0
2020-01-16 11:57:00,63.3333,18.3333
2020-01-16 11:58:00,61.6667,16.6667
2020-01-16 11:59:00,60.0,15.0
2020-01-16 12:00:00,58.3333,13.3333
2020-01-16 12:01:00,56.6667,11.6667
2020-01-16 12:02:00,55.0,10.0
2020-01-16 12:03:00,53.3333,8.3333
2020-01-16 12:04:00,51.6667,6.6667
2020-01-16 12:05:00,50.0,5.0
2020-01-16 12:06:00,48.3333,3.3333
2020-01-16 12:07:00,46.6667,1.6667
2020-01-16 12:08:00,45.0,0.0
2020-01-16 12:09:00,43.3333,100.0
2020-01-16 12:10:00,41.6667,98.3333
2020-01-16 12:11:00,40.0,96.6667
2020-01-16 12:12:00,38.3333,95.0
2020-01-16 12:13:00,36.6667,93.3333
2020-01-16 12:14:00,35.0,91.6667
2020-01-16 12:15:00,33.3333,90.0
2020-01-16 12:16:00,31.6667,88.3333
2020-01-16 12:17:00,30.0,86.6667
2020-01-16 12:18:00,28.3333,85.0
2020-01-16 12:19:00,26.6667,100.0
2020-01-16 12:20:00,25.0,98.3333
2020-01-16 12:21:00,23.3333,96.6667
2020-01-16 12:22:00,21.6667,95.0
2020-01-16 12:23:00,20.0,93.3333
2020-01-16 12:24:00,18.3333,91.6667
2020-01-16 12:25:00,16.6667,90.0
2020-01-16 12:26:00,15.0,88.3333
2020-01-16 12:27:00,13.3333,86.6667
2020-01-16 12:28:00,11.6667,85.0
2020-01-16 12:29:00,10.0,83.3333
2020-01-16 12:30:00,8.3333,81.6667
2020-01-16 12:31:00,6.6667,80.0
2020-01-16 12:32:00,5.0,78.3333
2020-01-16 12:33:00,3.3333,76.6667
2020-01-16 12:34:00,1.6667,75.0
2020-01-16 12:35:00,0.0,100.0
2020-01-16 12:36:00,0.0,98.3333
2020-01-16 12:37:00,0.0,100.0
2020-01-16 12:38:00,1.6667,100.0
2020-01-16 12:39:00,0.0,100.0
2020-01-16 12:40:00,0.0,100.0
2020-01-16 12:41:00,0.0,100.0
2020-01-16 12:42:00,0.0,100.0
2020-01-16 12:43:00,0.0,100.0
2020-01-16 12:44:00,0.0,98.3333
2020-01-16 12:45:00,0.0,96.6667
2020-01-16 12:46:00,0.0,100.0
2020-01-16 12:47:00,3.3333,98.3333
2020-01-16 12:48:00,1.6667,96.6667
2020-01-16 12:49:00,0.0,95.0
2020-01-16 12:50:00,1.6667,93.3333
2020-01-16 12:51:00,0.0,91.6667
2020-01-16 12:52:00,0.0,90.0
2020-01-16 12:53:00,0.0,88.3333
2020-01-16 12:54:00,0.0,86.6667
2020-01-16 12:55:00,45.0,85.0
2020-01-16 12:56:00,43.3333,83.3333
2020-01-16 12:57:00,41.6667,81.6667
2020-01-16 12:58:00,40.0,80.0
2020-01-16 12:59:00,38.3333,78.3333
2020-01-16 13:00:00,36.6667,76.6667
2020-01-16 13:01:00,35.0,75.0
2020-01-16 13:02:00,33.3333,73.3333
2020-01-16 13:03:00,31.6667,71.6667
2020-01-16 13:04:00,30.0,70.0
2020-01-16 13:05:00,28.3333,68.3333
2020-01-16 13:06:00,26.6667,66.6667
2020-01-16 13:07:00,25.0,65.0
2020-01-16 13:08:00,23.3333,63.3333
2020-01-16 13:09:00,21.6667,61.6667
2020-01-16 13:10:00,100.0,60.0
2020-01-16 13:11:00,100.0,58.3333
2020-01-16 13:12:00,98.3333,56.6667
2020-01-16 13:13:00,100.0,55.0
2020-01-16 13:14:00,100.0,53.3333
2020-01-16 13:15:00,100.0,51.6667
2020-01-16 13:16:00,98.3333,50.0
2020-01-16 13:17:00,96.6667,48.3333
2020-01-16 13:18:00,95.0,46.6667
2020-01-16 13:19:00,93.3333,45.0
2020-01-16 13:20:00,91.6667,43.3333
2020-01-16 13:21:00,90.0,41.6667
2020-01-16 13:22:00,88.3333,40.0
2020-01-16 13:23:00,86.6667,38.3333
2020-01-16 13:24:00,85.0,36.6667
2020-01-16 13:25:00,83.3333,35.0
2020-01-16 13:26:00,81.6667,33.3333
2020-01-16 13:27:00,80.0,31.6667
2020-01-16 13:28:00,78.3333,30.0
2020-01-16 13:29:00,76.6667,28.3333
2020-01-16 13:30:00,75.0,26.6667
2020-01-16 13:31:00,73.3333,25.0
2020-01-16 13:32:00,71.6667,23.3333
2020-01-16 13:33:00,70.0,21.6667
2020-01-16 13:34:00,68.3333,20.0
2020-01-16 13:35:00,66.6667,18.3333
2020-01-16 13:36:00,65.0,16.6667
2020-01-16 13:37:00,63.3333,15.0
2020-01-16 13:38:00,61.6667,13.3333
2020-01-16 13:39:00,60.0,11.6667
2020-01-16 13:40:00,58.3333,10.0
2020-01-16 13:41:00,56.6667,8.3333
2020-01-16 13:42:00,55.0,6.6667
2020-01-16 13:43:00,53.3333,5.0
2020-01-16 13:44:00,51.6667,3.3333
2020-01-16 13:45:00,50.0,1.6667
2020-01-16 13:46:00,48.3333,0.0
2020-01-16 13:47:00,46.6667,0.0
2020-01-16 13:48:00,45.0,0.0
2020-01-16 13:49:00,43.3333,1.6667
2020-01-16 13:50:00,41.6667,0.0
2020-01-16 13:51:00,40.0,0.0
2020-01-16 13:52:00,38.3333,0.0
2020-01-16 13:53:00,36.6667,0.0
2020-01-16 13:54:00,35.0,100.0
2020-01-16 13:55:00,33.3333,100.0
2020-01-16 13:56:00,31.6667,98.3333
2020-01-16 13:57:00,30.0,96.6667
2020-01-16 13:58:00,28.3333,95.0
2020-01-16 13:59:00,26.6667,93.3333
2020-01-16 14:00:00,25.0,91.6667
2020-01-16 14:01:00,23.3333,90.0
2020-01-16 14:02:00,21.6667,88.3333
2020-01-16 14:03:00,20.0,86.6667
2020-01-16 14:04:00,18.3333,85.0
2020-01-16 14:05:00,16.6667,83.3333
2020-01-16 14:06:00,15.0,81.6667
2020-01-16 14:07:00,13.3333,80.0
2020-01-16 14:08:00,11.6667,78.3333
2020-01-16 14:09:00,10.0,76.6667
2020-01-16 14:10:00,8.3333,75.0
2020-01-16 14:11:00,6.6667,73.3333
2020-01-16 14:12:00,5.0,71.6667
2020-01-16 14:13:00,3.3333,70.0
2020-01-16 14:14:00,1.6667,68.3333
2020-01-16 14:15:00,0.0,66.6667
2020-01-16 14:16:00,0.0,65.0
2020-01-16 14:17:00,23.3333,63.3333
2020-01-16 14:18:00,21.6667,100.0
2020-01-16 14:19:00,20.0,100.0
2020-01-16 14:20:00,18.3333,100.0
2020-01-16 14:21:00,16.6667,100.0
2020-01-16 14:22:00,15.0,100.0
2020-01-16 14:23:00,13.3333,100.0
2020-01-16 14:24:00,11.6667,100.0
2020-01-16 14:25:00,10.0,98.3333
2020-01-16 14:26:00,8.3333,100.0
2020-01-16 14:27:00,6.6667,100.0
2020-01-16 14:28:00,5.0,100.0
2020-01-16 14:29:00,3.3333,100.0
2020-01-16 14:30:00,1.6667,98.3333
2020-01-16 14:31:00,0.0,96.6667
2020-01-16 14:32:00,13.3333,95.0
2020-01-16 14:33:00,11.6667,93.3333
2020-01-16 14:34:00,10.0,91.6667
2020-01-16 14:35:00,8.3333,90.0
2020-01-16 14:36:00,6.6667,88.3333
2020-01-16 14:37:00,5.0,86.6667
2020-01-16 14:38:00,3.3333,85.0
2020-01-16 14:39:00,1.6667,83.3333
2020-01-16 14:40:00,0.0,81.6667
2020-01-16 14:41:00,0.0,80.0
2020-01-16 14:42:00,0.0,78.3333
2020-01-16 14:43:00,0.0,76.6667
2020-01-16 14:44:00,0.0,75.0
2020-01-16 14:45:00,1.6667,73.3333
2020-01-16 14:46:00,0.0,71.6667
2020-01-16 14:47:00,0.0,70.0
2020-01-16 14:48:00,0.0,68.3333
2020-01-16 14:49:00,0.0,66.6667
2020-01-16 14:50:00,0.0,65.0
2020-01-16 14:51:00,25.0,63.3333
2020-01-16 14:52:00,23.3333,61.6667
2020-01-16 14:53:00,21.6667,100.0
2020-01-16 14:54:00,20.0,100.0
2020-01-16 14:55:00,18.3333,100.0
2020-01-16 14:56:00,16.6667,98.3333
2020-01-16 14:57:00,15.0,96.6667
2020-01-16 14:58:00,13.3333,95.0
2020-01-16 14:59:00,11.6667,93.3333
2020-01-16 15:00:00,10.0,91.6667
2020-01-16 15:01:00,8.3333,90.0
2020-01-16 15:02:00,6.6667,88.3333
2020-01-16 15:03:00,5.0,86.6667
2020-01-16 15:06:00,3.3333,85.0
2020-01-16 15:07:00,1.6667,83.3333
2020-01-16 15:08:00,0.0,81.6667
2020-01-16 15:09:00,0.0,80.0
2020-01-16 15:10:00,0.0,100.0
2020-01-16 15:11:00,0.0,98.3333
2020-01-16 15:12:00,0.0,96.6667
2020-01-16 15:13:00,3.3333,100.0
2020-01-16 15:14:00,1.6667,100.0
2020-01-16 15:15:00,0.0,100.0
2020-01-16 15:16:00,5.0,100.0
2020-01-16 15:17:00,3.3333,100.0
2020-01-16 15:18:00,1.6667,100.0
2020-01-16 15:19:00,0.0,98.3333
2020-01-16 15:20:00,0.0,96.6667
2020-01-16 15:21:00,0.0,95.0
2020-01-16 15:22:00,0.0,93.3333
2020-01-16 15:23:00,1.6667,91.6667
2020-01-16 15:24:00,0.0,90.0
2020-01-16 15:25:00,0.0,88.3333
2020-01-16 15:26:00,1.6667,86.6667
2020-01-16 15:27:00,0.0,85.0
2020-01-16 15:28:00,0.0,83.3333
2020-01-16 15:29:00,15.0,81.6667
2020-01-16 15:30:00,13.3333,80.0
2020-01-16 15:31:00,11.6667,78.3333
2020-01-16 15:32:00,10.0,76.6667
2020-01-16 15:33:00,8.3333,75.0
2020-01-16 15:34:00,6.6667,73.3333
2020-01-16 15:35:00,5.0,71.6667
2020-01-16 15:36:00,3.3333,70.0
2020-01-16 15:37:00,1.6667,68.3333
2020-01-16 15:38:00,0.0,66.6667
2020-01-16 15:39:00,0.0,65.0
2020-01-16 15:40:00,0.0,63.3333
2020-01-16 15:41:00,80.0,61.6667
2020-01-16 15:42:00,78.3333,60.0
2020-01-16 15:43:00,76.6667,58.3333
2020-01-16 15:44:00,75.0,100.0
2020-01-16 15:45:00,73.3333,100.0
2020-01-16 15:46:00,71.6667,100.0
2020-01-16 15:47:00,70.0,100.0
2020-01-16 15:48:00,68.3333,100.0
2020-01-16 15:49:00,66.6667,98.3333
2020-01-16 15:50:00,65.0,96.6667
2020-01-16 15:51:00,63.3333,100.0
2020-01-16 15:52:00,61.6667,100.0
2020-01-16 15:53:00,60.0,100.0
2020-01-16 15:54:00,58.3333,98.3333
2020-01-16 15:55:00,56.6667,100.0
2020-01-16 15:56:00,55.0,98.3333
2020-01-16 15:57:00,53.3333,96.6667
2020-01-16 15:58:00,51.6667,100.0
2020-01-16 15:59:00,50.0,100.0
2020-01-16 16:00:00,48.3333,100.0
2020-01-17 09:31:00,46.6667,100.0
2020-01-17 09:32:00,45.0,98.3333
2020-01-17 09:33:00,43.3333,96.6667
2020-01-17 09:34:00,41.6667,95.0
2020-01-17 09:35:00,40.0,93.3333
2020-01-17 09:36:00,38.3333,91.6667
2020-01-17 09:37:00,36.6667,90.0
2020-01-17 09:38:00,35.0,88.3333
2020-01-17 09:39:00,33.3333,86.6667
2020-01-17 09:40:00,31.6667,85.0
2020-01-17 09:41:00,30.0,83.3333
2020-01-17 09:42:00,28.3333,81.6667
2020-01-17 09:43:00,26.6667,80.0
2020-01-17 09:44:00,25.0,78.3333
2020-01-17 09:45:00,23.3333,76.6667
2020-01-17 09:46:00,21.6667,75.0
2020-01-17 09:47:00,20.0,73.3333
2020-01-17 09:48:00,18.3333,71.6667
2020-01-17 09:49:00,16.6667,70.0
2020-01-17 09:50:00,15.0,68.3333
2020-01-17 09:51:00,13.3333,66.6667
2020-01-17 09:52:00,11.6667,65.0
2020-01-17 09:53:00,10.0,63.3333
2020-01-17 09:54:00,8.3333,61.6667
2020-01-17 09:55:00,6.6667,60.0
2020-01-17 09:56:00,5.0,58.3333
2020-01-17 09:57:00,3.3333,56.6667
2020-01-17 09:58:00,1.6667,55.0
2020-01-17 09:59:00,0.0,53.3333
2020-01-17 10:00:00,0.0,51.6667
2020-01-17 10:01:00,0.0,50.0
2020-01-17 10:02:00,0.0,48.3333
2020-01-17 10:03:00,10.0,46.6667
2020-01-17 10:04:00,8.3333,45.0
2020-01-17 10:05:00,6.6667,43.3333
2020-01-17 10:06:00,5.0,41.6667
2020-01-17 10:07:00,3.3333,40.0
2020-01-17 10:08:00,1.6667,38.3333
2020-01-17 10:09:00,0.0,36.6667
2020-01-17 10:10:00,0.0,35.0
2020-01-17 10:11:00,0.0,33.3333
2020-01-17 10:12:00,1.6667,31.6667
2020-01-17 10:13:00,0.0,30.0
2020-01-17 10:14:00,0.0,28.3333
2020-01-17 10:15:00,6.6667,26.6667
2020-01-17 10:16:00,5.0,25.0
2020-01-17 10:17:00,3.3333,23.3333
2020-01-17 10:18:00,1.6667,21.6667
2020-01-17 10:19:00,0.0,20.0
2020-01-17 10:20:00,0.0,18.3333
2020-01-17 10:21:00,35.0,16.6667
2020-01-17 10:22:00,33.3333,15.0
2020-01-17 10:23:00,31.6667,13.3333
2020-01-17 10:24:00,30.0,11.6667
2020-01-17 10:25:00,28.3333,10.0
2020-01-17 10:26:00,26.6667,8.3333
2020-01-17 10:27:00,25.0,6.6667
2020-01-17 10:28:00,23.3333,5.0
2020-01-17 10:29:00,21.6667,3.3333
2020-01-17 10:30:00,20.0,1.6667
2020-01-17 10:31:00,18.3333,0.0
2020-01-17 10:32:00,16.6667,0.0
2020-01-17 10:33:00,15.0,0.0
2020-01-17 10:34:00,13.3333,0.0
2020-01-17 10:35:00,11.6667,0.0
2020-01-17 10:36:00,10.0,0.0
2020-01-17 10:37:00,8.3333,0.0
2020-01-17 10:38:00,6.6667,36.6667
2020-01-17 10:39:00,5.0,35.0
2020-01-17 10:40:00,3.3333,33.3333
2020-01-17 10:41:00,1.6667,31.6667
2020-01-17 10:42:00,0.0,30.0
2020-01-17 10:43:00,0.0,28.3333
2020-01-17 10:44:00,65.0,26.6667
2020-01-17 10:45:00,63.3333,25.0
2020-01-17 10:46:00,61.6667,23.3333
2020-01-17 10:47:00,60.0,21.6667
2020-01-17 10:48:00,58.3333,20.0
2020-01-17 10:49:00,56.6667,18.3333
2020-01-17 10:50:00,55.0,16.6667
2020-01-17 10:51:00,53.3333,15.0
2020-01-17 10:52:00,51.6667,13.3333
2020-01-17 10:53:00,50.0,11.6667
2020-01-17 10:54:00,48.3333,10.0
2020-01-17 10:55:00,46.6667,8.3333
2020-01-17 10:57:00,45.0,6.6667
2020-01-17 10:58:00,43.3333,5.0
2020-01-17 10:59:00,41.6667,3.3333
2020-01-17 11:00:00,40.0,1.6667
2020-01-17 11:01:00,38.3333,0.0
2020-01-17 11:02:00,36.6667,0.0
2020-01-17 11:03:00,35.0,0.0
2020-01-17 11:04:00,33.3333,46.6667
2020-01-17 11:05:00,31.6667,45.0
2020-01-17 11:06:00,30.0,43.3333
2020-01-17 11:07:00,28.3333,41.6667
2020-01-17 11:08:00,26.6667,40.0
2020-01-17 11:09:00,25.0,38.3333
2020-01-17 11:10:00,23.3333,36.6667
2020-01-17 11:11:00,21.6667,35.0
2020-01-17 11:12:00,100.0,33.3333
2020-01-17 11:13:00,100.0,31.6667
2020-01-17 11:14:00,100.0,30.0
2020-01-17 11:15:00,100.0,28.3333
2020-01-17 11:16:00,100.0,26.6667
2020-01-17 11:17:00,98.3333,25.0
2020-01-17 11:18:00,96.6667,23.3333
2020-01-17 11:19:00,95.0,21.6667
2020-01-17 11:20:00,93.3333,20.0
2020-01-17 11:21:00,91.6667,18.3333
2020-01-17 11:22:00,90.0,16.6667
2020-01-17 11:25:00,88.3333,15.0
2020-01-17 11:26:00,86.6667,13.3333
2020-01-17 11:27:00,85.0,11.6667
2020-01-17 11:28:00,83.3333,10.0
2020-01-17 11:29:00,81.6667,8.3333
2020-01-17 11:30:00,80.0,6.6667
2020-01-17 11:31:00,78.3333,5.0
2020-01-17 11:32:00,76.6667,3.3333
2020-01-17 11:33:00,75.0,1.6667
2020-01-17 11:34:00,73.3333,0.0
2020-01-17 11:35:00,71.6667,1.6667
2020-01-17 11:36:00,70.0,0.0
2020-01-17 11:37:00,68.3333,0.0
2020-01-17 11:38:00,66.6667,0.0
2020-01-17 11:39:00,65.0,0.0
2020-01-17 11:40:00,63.3333,8.3333
2020-01-17 11:41:00,61.6667,6.6667
2020-01-17 11:42:00,60.0,5.0
2020-01-17 11:43:00,58.3333,3.3333
2020-01-17 11:44:00,56.6667,1.6667
2020-01-17 11:45:00,55.0,0.0
2020-01-17 11:46:00,53.3333,1.6667
2020-01-17 11:47:00,51.6667,0.0
2020-01-17 11:48:00,50.0,8.3333
2020-01-17 11:49:00,100.0,6.6667
2020-01-17 11:50:00,100.0,5.0
2020-01-17 11:51:00,98.3333,3.3333
2020-01-17 11:52:00,96.6667,1.6667
2020-01-17 11:53:00,100.0,0.0
2020-01-17 11:54:00,98.3333,0.0
2020-01-17 11:55:00,96.6667,1.6667
2020-01-17 11:56:00,95.0,0.0
2020-01-17 11:57:00,93.3333,0.0
2020-01-17 11:58:00,91.6667,11.6667
2020-01-17 11:59:00,90.0,10.0
2020-01-17 12:00:00,88.3333,8.3333
2020-01-17 12:01:00,86.6667,6.6667
2020-01-17 12:02:00,85.0,5.0
2020-01-17 12:03:00,83.3333,3.3333
2020-01-17 12:04:00,81.6667,1.6667
2020-01-17 12:05:00,80.0,0.0
2020-01-17 12:06:00,78.3333,1.6667
2020-01-17 12:07:00,76.6667,0.0
2020-01-17 12:08:00,75.0,0.0
2020-01-17 12:09:00,73.3333,0.0
2020-01-17 12:10:00,71.6667,3.3333
2020-01-17 12:11:00,70.0,1.6667
2020-01-17 12:12:00,68.3333,0.0
2020-01-17 12:13:00,66.6667,0.0
2020-01-17 12:14:00,65.0,0.0
2020-01-17 12:15:00,63.3333,100.0
2020-01-17 12:16:00,61.6667,100.0
2020-01-17 12:17:00,60.0,100.0
2020-01-17 12:18:00,58.3333,100.0
2020-01-17 12:19:00,56.6667,100.0
2020-01-17 12:20:00,55.0,98.3333
2020-01-17 12:21:00,53.3333,96.6667
2020-01-17 12:22:00,51.6667,95.0
2020-01-17 12:23:00,50.0,93.3333
2020-01-17 12:24:00,48.3333,91.6667
2020-01-17 12:25:00,46.6667,90.0
2020-01-17 12:26:00,45.0,88.3333
2020-01-17 12:27:00,43.3333,86.6667
2020-01-17 12:28:00,41.6667,85.0
2020-01-17 12:29:00,40.0,100.0
2020-01-17 12:30:00,38.3333,98.3333
2020-01-17 12:31:00,36.6667,96.6667
2020-01-17 12:32:00,35.0,95.0
2020-01-17 12:33:00,33.3333,93.3333
2020-01-17 12:34:00,31.6667,91.6667
2020-01-17 12:35:00,30.0,90.0
2020-01-17 12:36:00,28.3333,88.3333
2020-01-17 12:37:00,26.6667,86.6667
2020-01-17 12:38:00,25.0,85.0
2020-01-17 12:39:00,23.3333,83.3333
2020-01-17 12:40:00,21.6667,81.6667
2020-01-17 12:41:00,20.0,80.0
2020-01-17 12:42:00,18.3333,100.0
2020-01-17 12:43:00,16.6667,100.0
2020-01-17 12:44:00,15.0,98.3333
2020-01-17 12:45:00,13.3333,96.6667
2020-01-17 12:46:00,11.6667,100.0
2020-01-17 12:47:00,10.0,100.0
2020-01-17 12:48:00,8.3333,98.3333
2020-01-17 12:49:00,6.6667,96.6667
2020-01-17 12:50:00,5.0,95.0
2020-01-17 12:51:00,3.3333,93.3333
2020-01-17 12:52:00,1.6667,91.6667
2020-01-17 12:53:00,0.0,90.0
2020-01-17 12:54:00,0.0,88.3333
2020-01-17 12:55:00,5.0,86.6667
2020-01-17 12:56:00,3.3333,85.0
2020-01-17 12:57:00,1.6667,83.3333
2020-01-17 12:58:00,0.0,81.6667
2020-01-17 12:59:00,18.3333,80.0
2020-01-17 13:00:00,16.6667,78.3333
2020-01-17 13:01:00,15.0,76.6667
2020-01-17 13:02:00,13.3333,75.0
2020-01-17 13:03:00,11.6667,73.3333
2020-01-17 13:04:00,10.0,71.6667
2020-01-17 13:05:00,8.3333,70.0
2020-01-17 13:06:00,6.6667,68.3333
2020-01-17 13:07:00,5.0,66.6667
2020-01-17 13:08:00,3.3333,65.0
2020-01-17 13:09:00,1.6667,63.3333
2020-01-17 13:10:00,0.0,61.6667
2020-01-17 13:11:00,0.0,60.0
2020-01-17 13:12:00,0.0,58.3333
2020-01-17 13:13:00,0.0,56.6667
2020-01-17 13:14:00,1.6667,55.0
2020-01-17 13:15:00,0.0,53.3333
2020-01-17 13:16:00,0.0,51.6667
2020-01-17 13:17:00,0.0,50.0
2020-01-17 13:18:00,13.3333,48.3333
2020-01-17 13:19:00,11.6667,46.6667
2020-01-17 13:20:00,10.0,100.0
2020-01-17 13:21:00,8.3333,100.0
2020-01-17 13:22:00,6.6667,98.3333
2020-01-17 13:23:00,5.0,100.0
2020-01-17 13:24:00,3.3333,100.0
2020-01-17 13:25:00,1.6667,100.0
2020-01-17 13:26:00,0.0,98.3333
2020-01-17 13:27:00,53.3333,96.6667
2020-01-17 13:28:00,51.6667,100.0
2020-01-17 13:29:00,50.0,100.0
2020-01-17 13:30:00,48.3333,100.0
2020-01-17 13:31:00,46.6667,98.3333
2020-01-17 13:32:00,45.0,96.6667
2020-01-17 13:33:00,43.3333,95.0
2020-01-17 13:34:00,41.6667,93.3333
2020-01-17 13:35:00,40.0,91.6667
2020-01-17 13:36:00,38.3333,90.0
2020-01-17 13:37:00,36.6667,88.3333
2020-01-17 13:38:00,35.0,86.6667
2020-01-17 13:39:00,33.3333,85.0
2020-01-17 13:40:00,31.6667,83.3333
2020-01-17 13:41:00,30.0,81.6667
2020-01-17 13:42:00,28.3333,80.0
2020-01-17 13:43:00,26.6667,78.3333
2020-01-17 13:44:00,25.0,76.6667
2020-01-17 13:45:00,23.3333,75.0
2020-01-17 13:46:00,21.6667,73.3333
2020-01-17 13:47:00,20.0,71.6667
2020-01-17 13:48:00,18.3333,70.0
2020-01-17 13:49:00,16.6667,68.3333
2020-01-17 13:50:00,15.0,66.6667
2020-01-17 13:51:00,13.3333,65.0
2020-01-17 13:52:00,11.6667,63.3333
2020-01-17 13:53:00,10.0,100.0
2020-01-17 13:54:00,8.3333,100.0
2020-01-17 13:55:00,6.6667,100.0
2020-01-17 13:56:00,5.0,100.0
2020-01-17 13:57:00,3.3333,100.0
2020-01-17 13:58:00,1.6667,98.3333
2020-01-17 13:59:00,0.0,96.6667
2020-01-17 14:00:00,1.6667,100.0
2020-01-17 14:01:00,0.0,98.3333
2020-01-17 14:02:00,0.0,96.6667
2020-01-17 14:03:00,8.3333,95.0
2020-01-17 14:04:00,6.6667,93.3333
2020-01-17 14:05:00,5.0,91.6667
2020-01-17 14:06:00,3.3333,90.0
2020-01-17 14:07:00,1.6667,100.0
2020-01-17 14:08:00,0.0,100.0
2020-01-17 14:09:00,0.0,100.0
2020-01-17 14:10:00,55.0,100.0
2020-01-17 14:11:00,53.3333,100.0
2020-01-17 14:12:00,51.6667,100.0
2020-01-17 14:13:00,50.0,98.3333
2020-01-17 14:14:00,48.3333,96.6667
2020-01-17 14:15:00,46.6667,95.0
2020-01-17 14:16:00,45.0,100.0
2020-01-17 14:17:00,43.3333,98.3333
2020-01-17 14:18:00,41.6667,96.6667
2020-01-17 14:19:00,40.0,95.0
2020-01-17 14:20:00,38.3333,93.3333
2020-01-17 14:21:00,36.6667,91.6667
2020-01-17 14:22:00,35.0,90.0
2020-01-17 14:23:00,33.3333,88.3333
2020-01-17 14:24:00,31.6667,86.6667
2020-01-17 14:25:00,30.0,85.0
2020-01-17 14:26:00,28.3333,83.3333
2020-01-17 14:27:00,26.6667,81.6667
2020-01-17 14:28:00,25.0,80.0
2020-01-17 14:29:00,23.3333,78.3333
2020-01-17 14:30:00,21.6667,76.6667
2020-01-17 14:31:00,20.0,75.0
2020-01-17 14:32:00,18.3333,73.3333
2020-01-17 14:33:00,16.6667,71.6667
2020-01-17 14:34:00,15.0,70.0
2020-01-17 14:35:00,13.3333,68.3333
2020-01-17 14:36:00,11.6667,66.6667
2020-01-17 14:37:00,10.0,65.0
2020-01-17 14:38:00,8.3333,63.3333
2020-01-17 14:39:00,6.6667,61.6667
2020-01-17 14:40:00,5.0,60.0
2020-01-17 14:41:00,3.3333,58.3333
2020-01-17 14:42:00,1.6667,56.6667
2020-01-17 14:43:00,0.0,55.0
2020-01-17 14:44:00,3.3333,53.3333
2020-01-17 14:45:00,1.6667,51.6667
2020-01-17 14:46:00,0.0,50.0
2020-01-17 14:47:00,98.3333,48.3333
2020-01-17 14:48:00,100.0,46.6667
2020-01-17 14:49:00,100.0,45.0
2020-01-17 14:50:00,100.0,43.3333
2020-01-17 14:51:00,98.3333,41.6667
2020-01-17 14:52:00,96.6667,40.0
2020-01-17 14:53:00,95.0,38.3333
2020-01-17 14:54:00,93.3333,36.6667
2020-01-17 14:55:00,91.6667,35.0
2020-01-17 14:56:00,90.0,33.3333
2020-01-17 14:57:00,88.3333,31.6667
2020-01-17 14:58:00,86.6667,30.0
2020-01-17 14:59:00,85.0,28.3333
2020-01-17 15:00:00,83.3333,26.6667
2020-01-17 15:01:00,81.6667,25.0
2020-01-17 15:02:00,80.0,23.3333
2020-01-17 15:03:00,78.3333,21.6667
2020-01-17 15:04:00,76.6667,20.0
2020-01-17 15:05:00,75.0,18.3333
2020-01-17 15:06:00,73.3333,16.6667
2020-01-17 15:07:00,71.6667,15.0
2020-01-17 15:08:00,70.0,13.3333
2020-01-17 15:09:00,68.3333,11.6667
2020-01-17 15:10:00,66.6667,10.0
2020-01-17 15:11:00,65.0,8.3333
2020-01-17 15:12:00,63.3333,6.6667
2020-01-17 15:13:00,61.6667,5.0
2020-01-17 15:14:00,60.0,3.3333
2020-01-17 15:15:00,58.3333,1.6667
2020-01-17 15:16:00,56.6667,0.0
2020-01-17 15:17:00,55.0,0.0
2020-01-17 15:18:00,53.3333,0.0
2020-01-17 15:19:00,51.6667,0.0
2020-01-17 15:20:00,50.0,96.6667
2020-01-17 15:21:00,48.3333,95.0
2020-01-17 15:22:00,46.6667,93.3333
2020-01-17 15:23:00,45.0,91.6667
2020-01-17 15:24:00,43.3333,90.0
2020-01-17 15:25:00,41.6667,88.3333
2020-01-17 15:26:00,40.0,86.6667
2020-01-17 15:27:00,38.3333,85.0
2020-01-17 15:28:00,36.6667,83.3333
2020-01-17 15:29:00,35.0,81.6667
2020-01-17 15:30:00,33.3333,100.0
2020-01-17 15:31:00,31.6667,100.0
2020-01-17 15:32:00,30.0,100.0
2020-01-17 15:33:00,28.3333,100.0
2020-01-17 15:34:00,26.6667,100.0
2020-01-17 15:35:00,25.0,98.3333
2020-01-17 15:36:00,23.3333,96.6667
2020-01-17 15:37:00,21.6667,95.0
2020-01-17 15:38:00,20.0,93.3333
2020-01-17 15:39:00,18.3333,91.6667
2020-01-17 15:40:00,16.6667,90.0
2020-01-17 15:41:00,15.0,88.3333
2020-01-17 15:42:00,13.3333,86.6667
2020-01-17 15:43:00,11.6667,85.0
2020-01-17 15:44:00,10.0,100.0
2020-01-17 15:45:00,8.3333,98.3333
2020-01-17 15:46:00,6.6667,96.6667
2020-01-17 15:47:00,5.0,100.0
2020-01-17 15:48:00,3.3333,100.0
2020-01-17 15:49:00,1.6667,100.0
2020-01-17 15:50:00,0.0,100.0
2020-01-17 15:51:00,36.6667,100.0
2020-01-17 15:52:00,35.0,100.0
2020-01-17 15:53:00,33.3333,100.0
2020-01-17 15:54:00,31.6667,100.0
2020-01-17 15:55:00,30.0,100.0
2020-01-17 15:56:00,28.3333,100.0
2020-01-17 15:57:00,26.6667,100.0
2020-01-17 15:58:00,25.0,100.0
2020-01-17 15:59:00,23.3333,98.3333
2020-01-17 16:00:00,21.6667,96.6667
