date,MACD_Signal,MACD_Hist,MACD
2020-01-13 10:04:00,-0.1875,0.5741,0.3866
2020-01-13 10:05:00,-0.0449,0.5702,0.5253
2020-01-13 10:06:00,0.1147,0.6385,0.7532
2020-01-13 10:07:00,0.2703,0.6224,0.8927
2020-01-13 10:08:00,0.4207,0.6015,1.0222
2020-01-13 10:09:00,0.5651,0.5779,1.143
2020-01-13 10:10:00,0.684,0.4755,1.1596
2020-01-13 10:11:00,0.7806,0.3864,1.167
2020-01-13 10:12:00,0.8452,0.2582,1.1034
2020-01-13 10:13:00,0.8972,0.2079,1.1051
2020-01-13 10:14:00,0.9396,0.1699,1.1096
2020-01-13 10:15:00,0.9608,0.0845,1.0452
2020-01-13 10:16:00,0.9747,0.0557,1.0304
2020-01-13 10:17:00,0.9856,0.0436,1.0292
2020-01-13 10:18:00,0.9819,-0.0146,0.9673
2020-01-13 10:19:00,0.9529,-0.1162,0.8367
2020-01-13 10:20:00,0.905,-0.1914,0.7137
2020-01-13 10:21:00,0.846,-0.2361,0.6099
2020-01-13 10:22:00,0.7698,-0.3048,0.465
2020-01-13 10:23:00,0.7014,-0.2737,0.4276
2020-01-13 10:24:00,0.641,-0.2416,0.3993
2020-01-13 10:25:00,0.5871,-0.2156,0.3715
2020-01-13 10:26:00,0.5378,-0.1971,0.3407
2020-01-13 10:27:00,0.4869,-0.2037,0.2832
2020-01-13 10:28:00,0.4416,-0.1812,0.2604
2020-01-13 10:29:00,0.4154,-0.1045,0.3109
2020-01-13 10:30:00,0.4081,-0.0295,0.3785
2020-01-13 10:31:00,0.4143,0.0249,0.4392
2020-01-13 10:32:00,0.428,0.0548,0.4828
2020-01-13 10:33:00,0.441,0.0519,0.4928
2020-01-13 10:34:00,0.4452,0.0172,0.4624
2020-01-13 10:35:00,0.4435,-0.0071,0.4364
2020-01-13 10:36:00,0.4438,0.0013,0.445
2020-01-13 10:37:00,0.4353,-0.0342,0.4011
2020-01-13 10:38:00,0.4242,-0.0441,0.3801
2020-01-13 10:39:00,0.4203,-0.0158,0.4045
2020-01-13 10:40:00,0.4155,-0.0193,0.3962
2020-01-13 10:41:00,0.3892,-0.1048,0.2844
2020-01-13 10:42:00,0.3588,-0.1219,0.2369
2020-01-13 10:43:00,0.326,-0.1313,0.1947
2020-01-13 10:44:00,0.2815,-0.178,0.1035
2020-01-13 10:45:00,0.2211,-0.2416,-0.0205
2020-01-13 10:46:00,0.1509,-0.2808,-0.1299
2020-01-13 10:47:00,0.0904,-0.2419,-0.1516
2020-01-13 10:48:00,0.0414,-0.1958,-0.1544
2020-01-13 10:49:00,0.0027,-0.1548,-0.1521
2020-01-13 10:50:00,-0.0292,-0.1277,-0.1569
2020-01-13 10:51:00,-0.0457,-0.0661,-0.1118
2020-01-13 10:52:00,-0.0489,-0.0127,-0.0616
2020-01-13 10:53:00,-0.0433,0.0225,-0.0208
2020-01-13 10:54:00,-0.0324,0.0436,0.0113
2020-01-13 10:55:00,-0.0196,0.0512,0.0316
2020-01-13 10:56:00,-0.0077,0.0477,0.04
2020-01-13 10:57:00,0.006,0.0545,0.0605
2020-01-13 10:58:00,0.0097,0.0151,0.0248
2020-01-13 10:59:00,0.0042,-0.0221,-0.0179
2020-01-13 11:04:00,0.0054,0.0047,0.01
2020-01-13 11:05:00,0.0141,0.0348,0.0489
2020-01-13 11:06:00,0.0266,0.0499,0.0765
2020-01-13 11:07:00,0.0348,0.0328,0.0675
2020-01-13 11:08:00,0.0529,0.0724,0.1253
2020-01-13 11:09:00,0.0823,0.1177,0.2
2020-01-13 11:10:00,0.1043,0.088,0.1923
2020-01-13 11:11:00,0.129,0.0988,0.2278
2020-01-13 11:12:00,0.1587,0.1187,0.2774
2020-01-13 11:13:00,0.1888,0.1207,0.3096
2020-01-13 11:14:00,0.2125,0.0944,0.3069
2020-01-13 11:15:00,0.2293,0.0672,0.2965
2020-01-13 11:16:00,0.2647,0.1416,0.4062
2020-01-13 11:17:00,0.3019,0.149,0.4509
2020-01-13 11:18:00,0.3453,0.1738,0.5191
2020-01-13 11:19:00,0.3961,0.2031,0.5992
2020-01-13 11:20:00,0.4508,0.2187,0.6695
2020-01-13 11:21:00,0.5158,0.2601,0.7759
2020-01-13 11:22:00,0.5802,0.2575,0.8377
2020-01-13 11:23:00,0.6406,0.2416,0.8822
2020-01-13 11:24:00,0.6966,0.224,0.9206
2020-01-13 11:25:00,0.7538,0.2287,0.9825
2020-01-13 11:26:00,0.8019,0.1923,0.9942
2020-01-13 11:27:00,0.8422,0.1614,1.0036
2020-01-13 11:28:00,0.8684,0.1045,0.9729
2020-01-13 11:29:00,0.8605,-0.0313,0.8292
2020-01-13 11:30:00,0.847,-0.0541,0.793
2020-01-13 11:31:00,0.8445,-0.01,0.8345
2020-01-13 11:32:00,0.8367,-0.0311,0.8057
2020-01-13 11:33:00,0.8313,-0.0219,0.8094
2020-01-13 11:34:00,0.8293,-0.0079,0.8215
2020-01-13 11:35:00,0.8318,0.0098,0.8416
2020-01-13 11:36:00,0.8343,0.0102,0.8445
2020-01-13 11:37:00,0.8395,0.0206,0.8601
2020-01-13 11:38:00,0.856,0.0662,0.9222
2020-01-13 11:39:00,0.8825,0.106,0.9886
2020-01-13 11:40:00,0.9055,0.0919,0.9974
2020-01-13 11:41:00,0.9189,0.0537,0.9726
2020-01-13 11:42:00,0.9329,0.056,0.989
2020-01-13 11:43:00,0.9398,0.0274,0.9672
2020-01-13 11:44:00,0.9451,0.0211,0.9662
2020-01-13 11:45:00,0.9277,-0.0695,0.8582
2020-01-13 11:46:00,0.9023,-0.1015,0.8009
2020-01-13 11:47:00,0.86,-0.1693,0.6907
2020-01-13 11:48:00,0.8237,-0.145,0.6787
2020-01-13 11:49:00,0.7895,-0.1371,0.6523
2020-01-13 11:50:00,0.7549,-0.1381,0.6168
2020-01-13 11:51:00,0.7148,-0.1605,0.5544
2020-01-13 11:52:00,0.668,-0.1873,0.4807
2020-01-13 11:53:00,0.6188,-0.1968,0.422
2020-01-13 11:54:00,0.5729,-0.1838,0.3891
2020-01-13 11:57:00,0.5381,-0.1392,0.3989
2020-01-13 11:58:00,0.5124,-0.1025,0.41
2020-01-13 11:59:00,0.4998,-0.0508,0.449
2020-01-13 12:00:00,0.4932,-0.026,0.4672
2020-01-13 12:01:00,0.4919,-0.0053,0.4867
2020-01-13 12:02:00,0.514,0.0884,0.6024
2020-01-13 12:03:00,0.5615,0.19,0.7516
2020-01-13 12:04:00,0.6636,0.4084,1.0721
2020-01-13 12:05:00,0.7941,0.5218,1.3159
2020-01-13 12:06:00,0.9271,0.5321,1.4592
2020-01-13 12:07:00,1.0423,0.4606,1.5029
2020-01-13 12:08:00,1.1412,0.3956,1.5367
2020-01-13 12:09:00,1.2293,0.3524,1.5816
2020-01-13 12:10:00,1.3119,0.3307,1.6426
2020-01-13 12:11:00,1.4072,0.3809,1.7881
2020-01-13 12:12:00,1.5209,0.4551,1.976
2020-01-13 12:13:00,1.6482,0.5091,2.1573
2020-01-13 12:14:00,1.7639,0.4629,2.2268
2020-01-13 12:15:00,1.8547,0.363,2.2177
2020-01-13 12:16:00,1.9275,0.2912,2.2187
2020-01-13 12:17:00,1.9689,0.1656,2.1344
2020-01-13 12:18:00,1.982,0.0525,2.0345
2020-01-13 12:19:00,1.9947,0.0508,2.0455
2020-01-13 12:20:00,2.0062,0.0459,2.0521
2020-01-13 12:21:00,2.0113,0.0203,2.0316
2020-01-13 12:22:00,2.0072,-0.0162,1.991
2020-01-13 12:23:00,1.9871,-0.0803,1.9068
2020-01-13 12:24:00,1.9448,-0.1694,1.7753
2020-01-13 12:25:00,1.8742,-0.2822,1.592
2020-01-13 12:26:00,1.775,-0.3969,1.3781
2020-01-13 12:27:00,1.6634,-0.4464,1.217
2020-01-13 12:28:00,1.5486,-0.4591,1.0896
2020-01-13 12:29:00,1.4337,-0.4596,0.9741
2020-01-13 12:30:00,1.3118,-0.4876,0.8243
2020-01-13 12:31:00,1.1868,-0.5003,0.6865
2020-01-13 12:32:00,1.0678,-0.4759,0.5918
2020-01-13 12:33:00,0.9728,-0.3798,0.593
2020-01-13 12:34:00,0.8938,-0.3161,0.5777
2020-01-13 12:35:00,0.8289,-0.2596,0.5693
2020-01-13 12:36:00,0.7668,-0.2483,0.5185
2020-01-13 12:37:00,0.7065,-0.2413,0.4651
2020-01-13 12:38:00,0.6553,-0.2046,0.4507
2020-01-13 12:39:00,0.6209,-0.1379,0.4829
2020-01-13 12:40:00,0.5967,-0.0965,0.5003
2020-01-13 12:41:00,0.5642,-0.1302,0.434
2020-01-13 12:42:00,0.5294,-0.139,0.3905
2020-01-13 12:43:00,0.494,-0.1419,0.352
2020-01-13 12:44:00,0.4469,-0.1881,0.2589
2020-01-13 12:45:00,0.3933,-0.2145,0.1788
2020-01-13 12:46:00,0.341,-0.2092,0.1318
2020-01-13 12:47:00,0.3038,-0.1491,0.1547
2020-01-13 12:48:00,0.2752,-0.1141,0.1612
2020-01-13 12:49:00,0.2527,-0.0903,0.1624
2020-01-13 12:50:00,0.2384,-0.057,0.1814
2020-01-13 12:51:00,0.2307,-0.0309,0.1997
2020-01-13 12:52:00,0.2237,-0.0278,0.1959
2020-01-13 12:53:00,0.2177,-0.0242,0.1935
2020-01-13 12:54:00,0.2153,-0.0095,0.2058
2020-01-13 12:55:00,0.2105,-0.0193,0.1911
2020-01-13 12:56:00,0.2047,-0.0229,0.1819
2020-01-13 12:57:00,0.197,-0.031,0.166
2020-01-13 12:58:00,0.19,-0.028,0.162
2020-01-13 12:59:00,0.2069,0.0676,0.2744
2020-01-13 13:00:00,0.2273,0.0818,0.3092
2020-01-13 13:01:00,0.2611,0.1351,0.3963
2020-01-13 13:02:00,0.2914,0.1213,0.4127
2020-01-13 13:03:00,0.3229,0.1258,0.4486
2020-01-13 13:04:00,0.3569,0.1363,0.4932
2020-01-13 13:05:00,0.3918,0.1395,0.5313
2020-01-13 13:06:00,0.4146,0.091,0.5056
2020-01-13 13:07:00,0.433,0.0738,0.5068
2020-01-13 13:08:00,0.4495,0.0662,0.5157
2020-01-13 13:09:00,0.47,0.0818,0.5518
2020-01-13 13:10:00,0.5043,0.1372,0.6415
2020-01-13 13:11:00,0.5368,0.1301,0.6669
2020-01-13 13:12:00,0.5708,0.1357,0.7065
2020-01-13 13:13:00,0.6022,0.1258,0.728
2020-01-13 13:14:00,0.6296,0.1096,0.7391
2020-01-13 13:15:00,0.6465,0.0675,0.714
2020-01-13 13:16:00,0.6415,-0.0197,0.6219
2020-01-13 13:17:00,0.6245,-0.0683,0.5562
2020-01-13 13:18:00,0.6076,-0.0674,0.5402
2020-01-13 13:19:00,0.586,-0.0864,0.4996
2020-01-13 13:20:00,0.5638,-0.0889,0.4749
2020-01-13 13:21:00,0.5428,-0.0839,0.459
2020-01-13 13:22:00,0.5274,-0.0618,0.4655
2020-01-13 13:23:00,0.5127,-0.0588,0.4538
2020-01-13 13:24:00,0.4964,-0.0649,0.4315
2020-01-13 13:25:00,0.48,-0.0656,0.4145
2020-01-13 13:26:00,0.4544,-0.1025,0.3519
2020-01-13 13:27:00,0.4102,-0.1769,0.2333
2020-01-13 13:28:00,0.3535,-0.2268,0.1268
2020-01-13 13:29:00,0.288,-0.2622,0.0258
2020-01-13 13:30:00,0.2313,-0.2266,0.0047
2020-01-13 13:31:00,0.1675,-0.2552,-0.0877
2020-01-13 13:32:00,0.0909,-0.3065,-0.2156
2020-01-13 13:33:00,0.0179,-0.2922,-0.2743
2020-01-13 13:34:00,-0.0446,-0.2498,-0.2943
2020-01-13 13:35:00,-0.1119,-0.2695,-0.3814
2020-01-13 13:36:00,-0.1879,-0.3037,-0.4916
2020-01-13 13:37:00,-0.2641,-0.305,-0.5692
2020-01-13 13:38:00,-0.3499,-0.3429,-0.6928
2020-01-13 13:39:00,-0.4445,-0.3787,-0.8232
2020-01-13 13:40:00,-0.531,-0.3459,-0.8769
2020-01-13 13:41:00,-0.595,-0.2558,-0.8508
2020-01-13 13:42:00,-0.6283,-0.1333,-0.7616
2020-01-13 13:43:00,-0.6273,0.0041,-0.6232
2020-01-13 13:44:00,-0.6117,0.0624,-0.5493
2020-01-13 13:45:00,-0.6018,0.0395,-0.5624
2020-01-13 13:46:00,-0.5859,0.0638,-0.5221
2020-01-13 13:47:00,-0.5667,0.0766,-0.4901
2020-01-13 13:48:00,-0.538,0.1149,-0.4231
2020-01-13 13:49:00,-0.4973,0.1627,-0.3346
2020-01-13 13:50:00,-0.4608,0.1459,-0.3149
2020-01-13 13:51:00,-0.4344,0.1057,-0.3287
2020-01-13 13:52:00,-0.4061,0.1133,-0.2928
2020-01-13 13:53:00,-0.3757,0.1216,-0.2541
2020-01-13 13:54:00,-0.3485,0.1086,-0.2399
2020-01-13 13:55:00,-0.3264,0.0884,-0.238
2020-01-13 13:56:00,-0.3069,0.078,-0.2289
2020-01-13 13:57:00,-0.2894,0.07,-0.2194
2020-01-13 13:58:00,-0.2896,-0.001,-0.2907
2020-01-13 13:59:00,-0.3005,-0.0434,-0.3439
2020-01-13 14:00:00,-0.3196,-0.0765,-0.3962
2020-01-13 14:01:00,-0.3331,-0.054,-0.3871
2020-01-13 14:02:00,-0.3398,-0.0267,-0.3665
2020-01-13 14:03:00,-0.3346,0.021,-0.3136
2020-01-13 14:04:00,-0.3212,0.0536,-0.2676
2020-01-13 14:05:00,-0.3034,0.0713,-0.2321
2020-01-13 14:06:00,-0.2856,0.0712,-0.2144
2020-01-13 14:07:00,-0.2735,0.0483,-0.2252
2020-01-13 14:08:00,-0.2582,0.0612,-0.197
2020-01-13 14:09:00,-0.2248,0.1337,-0.0911
2020-01-13 14:10:00,-0.1773,0.1901,0.0128
2020-01-13 14:11:00,-0.1249,0.2095,0.0846
2020-01-13 14:12:00,-0.0697,0.2207,0.151
2020-01-13 14:13:00,-0.0155,0.2167,0.2011
2020-01-13 14:14:00,0.0414,0.228,0.2694
2020-01-13 14:15:00,0.0885,0.1882,0.2767
2020-01-13 14:16:00,0.1316,0.1724,0.3041
2020-01-13 14:17:00,0.1678,0.145,0.3128
2020-01-13 14:18:00,0.1991,0.125,0.3241
2020-01-13 14:19:00,0.2302,0.1243,0.3545
2020-01-13 14:20:00,0.2559,0.1027,0.3586
2020-01-13 14:21:00,0.2773,0.0856,0.3629
2020-01-13 14:22:00,0.2899,0.0507,0.3406
2020-01-13 14:23:00,0.28,-0.0397,0.2403
2020-01-13 14:24:00,0.2497,-0.1211,0.1286
2020-01-13 14:25:00,0.2068,-0.1719,0.0349
2020-01-13 14:26:00,0.1603,-0.1857,-0.0254
2020-01-13 14:27:00,0.12,-0.1612,-0.0412
2020-01-13 14:28:00,0.0841,-0.1436,-0.0595
2020-01-13 14:29:00,0.0578,-0.1051,-0.0473
2020-01-13 14:30:00,0.0423,-0.0622,-0.02
2020-01-13 14:31:00,0.0319,-0.0414,-0.0095
2020-01-13 14:32:00,0.0331,0.0048,0.0379
2020-01-13 14:33:00,0.0419,0.0354,0.0773
2020-01-13 14:34:00,0.0576,0.0628,0.1204
2020-01-13 14:35:00,0.0792,0.0861,0.1653
2020-01-13 14:36:00,0.1027,0.094,0.1967
2020-01-13 14:37:00,0.1216,0.0758,0.1974
2020-01-13 14:38:00,0.1392,0.0703,0.2094
2020-01-13 14:39:00,0.1569,0.071,0.2279
2020-01-13 14:40:00,0.1697,0.0512,0.221
2020-01-13 14:41:00,0.1829,0.0525,0.2354
2020-01-13 14:42:00,0.1881,0.0208,0.2089
2020-01-13 14:43:00,0.1833,-0.0191,0.1642
2020-01-13 14:44:00,0.172,-0.0454,0.1266
2020-01-13 14:45:00,0.1543,-0.0707,0.0836
2020-01-13 14:46:00,0.1264,-0.1116,0.0148
2020-01-13 14:47:00,0.0961,-0.1212,-0.0251
2020-01-13 14:48:00,0.0714,-0.0987,-0.0273
2020-01-13 14:49:00,0.0488,-0.0903,-0.0415
2020-01-13 14:50:00,0.0374,-0.0456,-0.0082
2020-01-13 14:51:00,0.0393,0.0074,0.0467
2020-01-13 14:52:00,0.0549,0.0623,0.1171
2020-01-13 14:53:00,0.0788,0.0956,0.1743
2020-01-13 14:54:00,0.1168,0.1524,0.2692
2020-01-13 14:55:00,0.1513,0.1377,0.289
2020-01-13 14:56:00,0.1894,0.1524,0.3418
2020-01-13 14:57:00,0.2182,0.1153,0.3336
2020-01-13 14:58:00,0.2401,0.0876,0.3277
2020-01-13 14:59:00,0.2536,0.0538,0.3073
2020-01-13 15:00:00,0.2563,0.0109,0.2672
2020-01-13 15:01:00,0.2535,-0.0112,0.2422
2020-01-13 15:02:00,0.2449,-0.0343,0.2106
2020-01-13 15:03:00,0.2372,-0.0309,0.2063
2020-01-13 15:04:00,0.2323,-0.0197,0.2126
2020-01-13 15:05:00,0.2268,-0.0217,0.2051
2020-01-13 15:06:00,0.2162,-0.0426,0.1736
2020-01-13 15:07:00,0.205,-0.0447,0.1603
2020-01-13 15:08:00,0.1894,-0.0624,0.127
2020-01-13 15:09:00,0.1639,-0.1021,0.0617
2020-01-13 15:10:00,0.1266,-0.1489,-0.0223
2020-01-13 15:11:00,0.0836,-0.1723,-0.0887
2020-01-13 15:12:00,0.0382,-0.1815,-0.1433
2020-01-13 15:13:00,-0.0196,-0.2311,-0.2506
2020-01-13 15:14:00,-0.0762,-0.2266,-0.3028
2020-01-13 15:15:00,-0.1288,-0.2105,-0.3393
2020-01-13 15:16:00,-0.1712,-0.1696,-0.3408
2020-01-13 15:17:00,-0.1991,-0.1116,-0.3107
2020-01-13 15:18:00,-0.2078,-0.0347,-0.2425
2020-01-13 15:19:00,-0.2008,0.028,-0.1728
2020-01-13 15:20:00,-0.1891,0.0467,-0.1424
2020-01-13 15:21:00,-0.1768,0.0493,-0.1275
2020-01-13 15:22:00,-0.1553,0.0858,-0.0696
2020-01-13 15:23:00,-0.132,0.0934,-0.0386
2020-01-13 15:24:00,-0.1014,0.1225,0.0211
2020-01-13 15:25:00,-0.0645,0.1477,0.0833
2020-01-13 15:26:00,-0.0238,0.1624,0.1386
2020-01-13 15:27:00,0.014,0.1512,0.1652
2020-01-13 15:28:00,0.0569,0.1717,0.2286
2020-01-13 15:29:00,0.1002,0.1731,0.2733
2020-01-13 15:30:00,0.1503,0.2005,0.3508
2020-01-13 15:31:00,0.2113,0.2442,0.4555
2020-01-13 15:32:00,0.2743,0.2517,0.5259
2020-01-13 15:33:00,0.3301,0.2235,0.5536
2020-01-13 15:34:00,0.3793,0.1968,0.5761
2020-01-13 15:35:00,0.4228,0.1741,0.5969
2020-01-13 15:36:00,0.4766,0.215,0.6916
2020-01-13 15:37:00,0.5341,0.2302,0.7643
2020-01-13 15:38:00,0.5949,0.243,0.8378
2020-01-13 15:39:00,0.6755,0.3224,0.9978
2020-01-13 15:40:00,0.7563,0.3232,1.0794
2020-01-13 15:41:00,0.8251,0.2753,1.1004
2020-01-13 15:42:00,0.8755,0.2017,1.0772
2020-01-13 15:43:00,0.919,0.174,1.093
2020-01-13 15:44:00,0.9619,0.1717,1.1336
2020-01-13 15:45:00,1.0071,0.1805,1.1876
2020-01-13 15:46:00,1.0533,0.1849,1.2382
2020-01-13 15:47:00,1.0999,0.1866,1.2865
2020-01-13 15:48:00,1.1507,0.2031,1.3538
2020-01-13 15:49:00,1.2072,0.226,1.4332
2020-01-13 15:50:00,1.2613,0.2162,1.4775
2020-01-13 15:51:00,1.3063,0.1803,1.4866
2020-01-13 15:52:00,1.3222,0.0636,1.3858
2020-01-13 15:53:00,1.3271,0.0194,1.3464
2020-01-13 15:54:00,1.3314,0.0175,1.3489
2020-01-13 15:55:00,1.3333,0.0075,1.3408
2020-01-13 15:56:00,1.3418,0.034,1.3758
2020-01-13 15:57:00,1.3477,0.0236,1.3713
2020-01-13 15:58:00,1.3339,-0.055,1.279
2020-01-13 15:59:00,1.3093,-0.0985,1.2108
2020-01-13 16:00:00,1.2807,-0.1144,1.1664
2020-01-14 09:31:00,1.5782,1.1898,2.7679
2020-01-14 09:32:00,2.041,1.8512,3.8922
2020-01-14 09:33:00,2.5495,2.0341,4.5836
2020-01-14 09:34:00,3.0666,2.0684,5.135
2020-01-14 09:35:00,3.5113,1.7788,5.2902
2020-01-14 09:36:00,3.876,1.4587,5.3347
2020-01-14 09:37:00,4.1054,0.9177,5.0232
2020-01-14 09:38:00,4.178,0.2905,4.4685
2020-01-14 09:39:00,4.2093,0.1252,4.3345
2020-01-14 09:40:00,4.1939,-0.0617,4.1322
2020-01-14 09:41:00,4.1043,-0.3586,3.7457
2020-01-14 09:42:00,3.9767,-0.5104,3.4662
2020-01-14 09:43:00,3.8339,-0.571,3.2629
2020-01-14 09:44:00,3.7163,-0.4704,3.2458
2020-01-14 09:45:00,3.6419,-0.2975,3.3444
2020-01-14 09:46:00,3.6087,-0.1327,3.4761
2020-01-14 09:47:00,3.6096,0.0033,3.6129
2020-01-14 09:48:00,3.622,0.0497,3.6717
2020-01-14 09:49:00,3.573,-0.1958,3.3772
2020-01-14 09:50:00,3.4569,-0.4646,2.9923
2020-01-14 09:51:00,3.3139,-0.5719,2.742
2020-01-14 09:52:00,3.0923,-0.8864,2.206
2020-01-14 09:53:00,2.792,-1.2014,1.5906
2020-01-14 09:54:00,2.4702,-1.287,1.1832
2020-01-14 09:55:00,2.1271,-1.3725,0.7547
2020-01-14 09:56:00,1.7546,-1.4901,0.2645
2020-01-14 09:57:00,1.3096,-1.7798,-0.4702
2020-01-14 09:58:00,0.8626,-1.7883,-0.9257
2020-01-14 09:59:00,0.393,-1.8781,-1.4851
2020-01-14 10:00:00,-0.0302,-1.6928,-1.723
2020-01-14 10:01:00,-0.3535,-1.2934,-1.6469
2020-01-14 10:02:00,-0.5956,-0.9684,-1.564
2020-01-14 10:03:00,-0.7533,-0.6307,-1.384
2020-01-14 10:04:00,-0.861,-0.4309,-1.2919
2020-01-14 10:05:00,-0.8811,-0.0804,-0.9615
2020-01-14 10:06:00,-0.8332,0.1918,-0.6413
2020-01-14 10:07:00,-0.7652,0.2719,-0.4933
2020-01-14 10:08:00,-0.6864,0.3151,-0.3713
2020-01-14 10:09:00,-0.5837,0.4107,-0.1731
2020-01-14 10:10:00,-0.4599,0.4952,0.0352
2020-01-14 10:11:00,-0.3558,0.4166,0.0608
2020-01-14 10:12:00,-0.2617,0.3762,0.1144
2020-01-14 10:13:00,-0.2178,0.1759,-0.0418
2020-01-14 10:14:00,-0.2012,0.0662,-0.1351
2020-01-14 10:15:00,-0.1717,0.1179,-0.0538
2020-01-14 10:16:00,-0.1596,0.0484,-0.1112
2020-01-14 10:17:00,-0.1324,0.1088,-0.0237
2020-01-14 10:18:00,-0.0536,0.3154,0.2617
2020-01-14 10:19:00,0.0554,0.436,0.4914
2020-01-14 10:20:00,0.2108,0.6215,0.8322
2020-01-14 10:21:00,0.3709,0.6407,1.0117
2020-01-14 10:22:00,0.5571,0.7447,1.3018
2020-01-14 10:23:00,0.7452,0.7524,1.4976
2020-01-14 10:24:00,0.9137,0.6741,1.5878
2020-01-14 10:25:00,1.1003,0.7464,1.8468
2020-01-14 10:26:00,1.2942,0.7756,2.0699
2020-01-14 10:27:00,1.4488,0.6183,2.0672
2020-01-14 10:28:00,1.5844,0.5422,2.1266
2020-01-14 10:29:00,1.7105,0.5043,2.2148
2020-01-14 10:30:00,1.7992,0.3549,2.1541
2020-01-14 10:31:00,1.8548,0.2224,2.0771
2020-01-14 10:32:00,1.8782,0.0938,1.9721
2020-01-14 10:33:00,1.8548,-0.0938,1.761
2020-01-14 10:34:00,1.8038,-0.2039,1.5999
2020-01-14 10:35:00,1.7304,-0.2935,1.437
2020-01-14 10:36:00,1.6751,-0.2214,1.4536
2020-01-14 10:37:00,1.6075,-0.2704,1.3371
2020-01-14 10:38:00,1.5188,-0.3547,1.1641
2020-01-14 10:39:00,1.4066,-0.4487,0.9579
2020-01-14 10:40:00,1.269,-0.5506,0.7184
2020-01-14 10:41:00,1.1281,-0.5636,0.5645
2020-01-14 10:42:00,0.9869,-0.5649,0.422
2020-01-14 10:43:00,0.835,-0.6077,0.2273
2020-01-14 10:44:00,0.6886,-0.5856,0.103
2020-01-14 10:45:00,0.5766,-0.4478,0.1287
2020-01-14 10:46:00,0.4797,-0.3877,0.092
2020-01-14 10:47:00,0.4054,-0.2971,0.1083
2020-01-14 10:48:00,0.3115,-0.3757,-0.0643
2020-01-14 10:49:00,0.1999,-0.4462,-0.2463
2020-01-14 10:50:00,0.0788,-0.4846,-0.4058
2020-01-14 10:51:00,-0.0304,-0.4366,-0.467
2020-01-14 10:52:00,-0.1375,-0.4286,-0.5662
2020-01-14 10:53:00,-0.2739,-0.5456,-0.8195
2020-01-14 10:54:00,-0.4215,-0.5902,-1.0117
2020-01-14 10:55:00,-0.5428,-0.4851,-1.0278
2020-01-14 10:56:00,-0.6513,-0.4341,-1.0854
2020-01-14 10:57:00,-0.7355,-0.3367,-1.0722
2020-01-14 10:58:00,-0.7948,-0.2372,-1.0319
2020-01-14 10:59:00,-0.8448,-0.2,-1.0447
2020-01-14 11:00:00,-0.8795,-0.139,-1.0185
2020-01-14 11:01:00,-0.8652,0.0572,-0.808
2020-01-14 11:02:00,-0.8081,0.2284,-0.5797
2020-01-14 11:03:00,-0.7288,0.3172,-0.4115
2020-01-14 11:04:00,-0.6451,0.3349,-0.3102
2020-01-14 11:06:00,-0.5408,0.4171,-0.1237
2020-01-14 11:07:00,-0.4223,0.4741,0.0518
2020-01-14 11:08:00,-0.3216,0.4027,0.0811
2020-01-14 11:09:00,-0.2242,0.3896,0.1654
2020-01-14 11:10:00,-0.1146,0.4384,0.3239
2020-01-14 11:11:00,0.0062,0.4831,0.4893
2020-01-14 11:12:00,0.1245,0.4733,0.5978
2020-01-14 11:13:00,0.2134,0.3556,0.569
2020-01-14 11:14:00,0.2923,0.3156,0.6079
2020-01-14 11:15:00,0.3548,0.2501,0.605
2020-01-14 11:16:00,0.3818,0.108,0.4898
2020-01-14 11:17:00,0.3859,0.0162,0.402
2020-01-14 11:18:00,0.3933,0.0295,0.4228
2020-01-14 11:19:00,0.3978,0.0181,0.4159
2020-01-14 11:20:00,0.3908,-0.0281,0.3627
2020-01-14 11:21:00,0.3794,-0.0454,0.334
2020-01-14 11:22:00,0.3294,-0.2,0.1295
2020-01-14 11:23:00,0.2722,-0.2288,0.0435
2020-01-14 11:24:00,0.222,-0.2009,0.0211
2020-01-14 11:25:00,0.1763,-0.1829,-0.0066
2020-01-14 11:26:00,0.1292,-0.1882,-0.059
2020-01-14 11:27:00,0.0942,-0.1402,-0.046
2020-01-14 11:28:00,0.0554,-0.1549,-0.0995
2020-01-14 11:29:00,0.0007,-0.219,-0.2184
2020-01-14 11:30:00,-0.0564,-0.2283,-0.2847
2020-01-14 11:31:00,-0.0987,-0.1694,-0.2681
2020-01-14 11:32:00,-0.1357,-0.1478,-0.2835
2020-01-14 11:33:00,-0.1768,-0.1645,-0.3413
2020-01-14 11:34:00,-0.1973,-0.0818,-0.2791
2020-01-14 11:35:00,-0.2229,-0.1024,-0.3252
2020-01-14 11:36:00,-0.2566,-0.135,-0.3917
2020-01-14 11:37:00,-0.2986,-0.1681,-0.4667
2020-01-14 11:38:00,-0.3224,-0.0951,-0.4176
2020-01-14 11:39:00,-0.3395,-0.0681,-0.4076
2020-01-14 11:40:00,-0.3589,-0.0776,-0.4365
2020-01-14 11:41:00,-0.3706,-0.0468,-0.4173
2020-01-14 11:42:00,-0.4107,-0.1605,-0.5712
2020-01-14 11:43:00,-0.4777,-0.2679,-0.7455
2020-01-14 11:44:00,-0.5758,-0.3927,-0.9685
2020-01-14 11:45:00,-0.6757,-0.3994,-1.0751
2020-01-14 11:46:00,-0.7606,-0.3395,-1.1001
2020-01-14 11:47:00,-0.8241,-0.254,-1.0781
2020-01-14 11:48:00,-0.8782,-0.2165,-1.0947
2020-01-14 11:49:00,-0.8923,-0.0563,-0.9486
2020-01-14 11:50:00,-0.8834,0.0357,-0.8477
2020-01-14 11:51:00,-0.8653,0.0724,-0.7928
2020-01-14 11:52:00,-0.8249,0.1615,-0.6634
2020-01-14 11:53:00,-0.7788,0.1844,-0.5944
2020-01-14 11:54:00,-0.7406,0.1527,-0.588
2020-01-14 11:55:00,-0.7109,0.1189,-0.592
2020-01-14 11:56:00,-0.686,0.0996,-0.5864
2020-01-14 11:57:00,-0.674,0.048,-0.626
2020-01-14 11:58:00,-0.674,-0.0002,-0.6742
2020-01-14 11:59:00,-0.6928,-0.075,-0.7677
2020-01-14 12:00:00,-0.7178,-0.1001,-0.8179
2020-01-14 12:01:00,-0.7344,-0.0664,-0.8007
2020-01-14 12:02:00,-0.7554,-0.0842,-0.8396
2020-01-14 12:03:00,-0.7692,-0.0549,-0.8241
2020-01-14 12:04:00,-0.7538,0.0616,-0.6922
2020-01-14 12:05:00,-0.7129,0.1635,-0.5493
2020-01-14 12:06:00,-0.6755,0.1497,-0.5258
2020-01-14 12:07:00,-0.6356,0.1595,-0.4761
2020-01-14 12:08:00,-0.5929,0.1709,-0.4219
2020-01-14 12:09:00,-0.5441,0.195,-0.3491
2020-01-14 12:10:00,-0.4714,0.291,-0.1804
2020-01-14 12:11:00,-0.3696,0.407,0.0374
2020-01-14 12:12:00,-0.2566,0.4519,0.1953
2020-01-14 12:13:00,-0.1449,0.4469,0.302
2020-01-14 12:14:00,-0.0438,0.4044,0.3606
2020-01-14 12:15:00,0.0477,0.3661,0.4139
2020-01-14 12:16:00,0.1317,0.3358,0.4675
2020-01-14 12:17:00,0.1967,0.2601,0.4568
2020-01-14 12:18:00,0.2569,0.2407,0.4976
2020-01-14 12:19:00,0.3095,0.2106,0.5201
2020-01-14 12:20:00,0.3755,0.264,0.6395
2020-01-14 12:21:00,0.4508,0.3012,0.7521
2020-01-14 12:22:00,0.5465,0.3828,0.9293
2020-01-14 12:23:00,0.6571,0.4423,1.0994
2020-01-14 12:24:00,0.7553,0.3927,1.148
2020-01-14 12:25:00,0.8352,0.3195,1.1546
2020-01-14 12:26:00,0.9099,0.2988,1.2086
2020-01-14 12:27:00,0.9626,0.2108,1.1734
2020-01-14 12:28:00,0.9994,0.1473,1.1467
2020-01-14 12:29:00,1.0111,0.0469,1.058
2020-01-14 12:30:00,0.9764,-0.1388,0.8376
2020-01-14 12:31:00,0.9276,-0.1954,0.7321
2020-01-14 12:32:00,0.8788,-0.195,0.6838
2020-01-14 12:33:00,0.8354,-0.1735,0.6619
2020-01-14 12:34:00,0.7848,-0.2025,0.5824
2020-01-14 12:35:00,0.7413,-0.1741,0.5672
2020-01-14 12:36:00,0.6916,-0.1989,0.4927
2020-01-14 12:37:00,0.6611,-0.122,0.539
2020-01-14 12:38:00,0.6482,-0.0514,0.5968
2020-01-14 12:39:00,0.6416,-0.0267,0.6149
2020-01-14 12:40:00,0.641,-0.0022,0.6389
2020-01-14 12:41:00,0.6299,-0.0445,0.5854
2020-01-14 12:42:00,0.6145,-0.0617,0.5527
2020-01-14 12:43:00,0.5789,-0.1422,0.4367
2020-01-14 12:44:00,0.5356,-0.1731,0.3625
2020-01-14 12:45:00,0.494,-0.1664,0.3276
2020-01-14 12:46:00,0.4488,-0.181,0.2678
2020-01-14 12:47:00,0.4025,-0.1852,0.2172
2020-01-14 12:48:00,0.3625,-0.1597,0.2028
2020-01-14 12:49:00,0.3274,-0.1407,0.1867
2020-01-14 12:50:00,0.3003,-0.1082,0.1921
2020-01-14 12:51:00,0.2665,-0.1353,0.1312
2020-01-14 12:52:00,0.236,-0.122,0.114
2020-01-14 12:53:00,0.2036,-0.1297,0.0738
2020-01-14 12:54:00,0.1617,-0.1675,-0.0058
2020-01-14 12:55:00,0.1087,-0.212,-0.1033
2020-01-14 12:56:00,0.0712,-0.1501,-0.0789
2020-01-14 12:57:00,0.0453,-0.1033,-0.058
2020-01-14 12:58:00,0.0314,-0.0556,-0.0241
2020-01-14 12:59:00,0.0235,-0.032,-0.0085
2020-01-14 13:00:00,0.0211,-0.0093,0.0118
2020-01-14 13:01:00,0.0318,0.0428,0.0746
2020-01-14 13:02:00,0.075,0.1726,0.2476
2020-01-14 13:03:00,0.1682,0.3731,0.5413
2020-01-14 13:04:00,0.3046,0.5452,0.8498
2020-01-14 13:05:00,0.4633,0.6351,1.0984
2020-01-14 13:06:00,0.6168,0.6138,1.2306
2020-01-14 13:07:00,0.764,0.5888,1.3528
2020-01-14 13:08:00,0.9095,0.582,1.4915
2020-01-14 13:09:00,1.046,0.5459,1.5919
2020-01-14 13:10:00,1.1493,0.4135,1.5629
2020-01-14 13:11:00,1.231,0.3266,1.5575
2020-01-14 13:12:00,1.2795,0.1941,1.4736
2020-01-14 13:13:00,1.3124,0.1318,1.4442
2020-01-14 13:14:00,1.3266,0.0567,1.3833
2020-01-14 13:15:00,1.3308,0.0169,1.3477
2020-01-14 13:16:00,1.324,-0.0272,1.2969
2020-01-14 13:17:00,1.308,-0.0642,1.2437
2020-01-14 13:18:00,1.2739,-0.1365,1.1374
2020-01-14 13:19:00,1.2131,-0.243,0.9701
2020-01-14 13:20:00,1.133,-0.3202,0.8128
2020-01-14 13:21:00,1.0492,-0.3355,0.7136
2020-01-14 13:22:00,0.9633,-0.3434,0.6199
2020-01-14 13:23:00,0.8891,-0.2969,0.5922
2020-01-14 13:24:00,0.824,-0.2603,0.5637
2020-01-14 13:25:00,0.761,-0.2519,0.5092
2020-01-14 13:26:00,0.6964,-0.2586,0.4378
2020-01-14 13:27:00,0.6542,-0.1688,0.4854
2020-01-14 13:28:00,0.6298,-0.0975,0.5323
2020-01-14 13:29:00,0.6384,0.0344,0.6729
2020-01-14 13:30:00,0.6679,0.1177,0.7856
2020-01-14 13:31:00,0.7111,0.1731,0.8843
2020-01-14 13:32:00,0.7754,0.2569,1.0322
2020-01-14 13:33:00,0.827,0.2065,1.0335
2020-01-14 13:34:00,0.8874,0.2417,1.1291
2020-01-14 13:35:00,0.9674,0.32,1.2874
2020-01-14 13:36:00,1.046,0.3145,1.3606
2020-01-14 13:37:00,1.0614,0.0612,1.1226
2020-01-14 13:38:00,1.0205,-0.1634,0.8571
2020-01-14 13:39:00,0.9458,-0.2987,0.6471
2020-01-14 13:44:00,0.7935,-0.6092,0.1843
2020-01-14 13:45:00,0.6252,-0.6732,-0.048
2020-01-14 13:46:00,0.4387,-0.746,-0.3073
2020-01-14 13:47:00,0.2576,-0.7243,-0.4667
2020-01-14 13:48:00,0.095,-0.6505,-0.5554
2020-01-14 13:49:00,-0.0457,-0.5628,-0.6084
2020-01-14 13:50:00,-0.1467,-0.404,-0.5506
2020-01-14 13:51:00,-0.2236,-0.3078,-0.5315
2020-01-14 13:52:00,-0.2774,-0.2151,-0.4924
2020-01-14 13:53:00,-0.3172,-0.1593,-0.4765
2020-01-14 13:54:00,-0.3572,-0.1601,-0.5173
2020-01-14 13:55:00,-0.3912,-0.1361,-0.5274
2020-01-14 13:56:00,-0.4464,-0.2207,-0.6671
2020-01-14 13:57:00,-0.4913,-0.1795,-0.6707
2020-01-14 13:58:00,-0.5275,-0.145,-0.6725
2020-01-14 13:59:00,-0.5448,-0.0691,-0.6139
2020-01-14 14:00:00,-0.5579,-0.0523,-0.6102
2020-01-14 14:01:00,-0.557,0.0035,-0.5535
2020-01-14 14:02:00,-0.5353,0.0868,-0.4485
2020-01-14 14:03:00,-0.524,0.0451,-0.4789
2020-01-14 14:04:00,-0.5429,-0.0757,-0.6187
2020-01-14 14:05:00,-0.5642,-0.0851,-0.6493
2020-01-14 14:06:00,-0.5881,-0.0954,-0.6835
2020-01-14 14:07:00,-0.604,-0.0636,-0.6676
2020-01-14 14:08:00,-0.6037,0.0011,-0.6026
2020-01-14 14:09:00,-0.6275,-0.0952,-0.7228
2020-01-14 14:10:00,-0.6503,-0.091,-0.7412
2020-01-14 14:11:00,-0.6659,-0.0626,-0.7285
2020-01-14 14:12:00,-0.6877,-0.0871,-0.7747
2020-01-14 14:13:00,-0.7368,-0.1965,-0.9333
2020-01-14 14:14:00,-0.8076,-0.283,-1.0906
2020-01-14 14:15:00,-0.8626,-0.2203,-1.083
2020-01-14 14:16:00,-0.8753,-0.0508,-0.9261
2020-01-14 14:17:00,-0.8748,0.0019,-0.8729
2020-01-14 14:18:00,-0.8692,0.0225,-0.8467
2020-01-14 14:19:00,-0.8508,0.0737,-0.7771
2020-01-14 14:20:00,-0.8197,0.1243,-0.6954
2020-01-14 14:21:00,-0.7773,0.1698,-0.6075
2020-01-14 14:22:00,-0.7264,0.2036,-0.5227
2020-01-14 14:23:00,-0.6659,0.2421,-0.4238
2020-01-14 14:24:00,-0.5983,0.2701,-0.3282
2020-01-14 14:25:00,-0.5273,0.2839,-0.2434
2020-01-14 14:26:00,-0.4528,0.2981,-0.1547
2020-01-14 14:27:00,-0.3516,0.4047,0.053
2020-01-14 14:28:00,-0.2392,0.4496,0.2104
2020-01-14 14:29:00,-0.124,0.4611,0.3371
2020-01-14 14:30:00,0.0007,0.4988,0.4996
2020-01-14 14:31:00,0.1063,0.4222,0.5285
2020-01-14 14:32:00,0.208,0.407,0.6151
2020-01-14 14:33:00,0.2999,0.3674,0.6673
2020-01-14 14:34:00,0.3747,0.2993,0.674
2020-01-14 14:35:00,0.4229,0.1928,0.6157
2020-01-14 14:36:00,0.4362,0.0533,0.4896
2020-01-14 14:37:00,0.4454,0.0366,0.4821
2020-01-14 14:38:00,0.4628,0.0695,0.5323
2020-01-14 14:39:00,0.4799,0.0684,0.5483
2020-01-14 14:40:00,0.4869,0.0281,0.515
2020-01-14 14:41:00,0.4903,0.0136,0.5039
2020-01-14 14:42:00,0.5021,0.047,0.549
2020-01-14 14:43:00,0.5293,0.1088,0.6381
2020-01-14 14:44:00,0.5739,0.1785,0.7524
2020-01-14 14:45:00,0.631,0.2284,0.8594
2020-01-14 14:46:00,0.6734,0.1695,0.8429
2020-01-14 14:47:00,0.7123,0.1556,0.8679
2020-01-14 14:48:00,0.7391,0.1073,0.8464
2020-01-14 14:49:00,0.7517,0.0502,0.8018
2020-01-14 14:50:00,0.7581,0.0258,0.7839
2020-01-14 14:51:00,0.757,-0.0044,0.7526
2020-01-14 14:52:00,0.7434,-0.0546,0.6888
2020-01-14 14:53:00,0.7142,-0.1168,0.5974
2020-01-14 14:54:00,0.6728,-0.1654,0.5074
2020-01-14 14:55:00,0.6238,-0.1962,0.4275
2020-01-14 14:56:00,0.5643,-0.2378,0.3266
2020-01-14 14:57:00,0.508,-0.2252,0.2828
2020-01-14 14:58:00,0.4675,-0.1623,0.3052
2020-01-14 14:59:00,0.411,-0.2259,0.1851
2020-01-14 15:00:00,0.3453,-0.2627,0.0826
2020-01-14 15:01:00,0.2733,-0.288,-0.0147
2020-01-14 15:02:00,0.2034,-0.2797,-0.0763
2020-01-14 15:03:00,0.1555,-0.1915,-0.036
2020-01-14 15:04:00,0.131,-0.0982,0.0328
2020-01-14 15:05:00,0.1131,-0.0716,0.0414
2020-01-14 15:06:00,0.1042,-0.0355,0.0687
2020-01-14 15:07:00,0.1002,-0.0161,0.084
2020-01-14 15:08:00,0.103,0.0116,0.1146
2020-01-14 15:09:00,0.1028,-0.001,0.1018
2020-01-14 15:10:00,0.0972,-0.0223,0.0749
2020-01-14 15:11:00,0.0859,-0.0452,0.0407
2020-01-14 15:12:00,0.0638,-0.0884,-0.0245
2020-01-14 15:13:00,0.0355,-0.1132,-0.0776
2020-01-14 15:14:00,0.0065,-0.1161,-0.1096
2020-01-14 15:15:00,-0.0139,-0.0814,-0.0953
2020-01-14 15:16:00,-0.0139,-0.0001,-0.014
2020-01-14 15:17:00,-0.0058,0.0323,0.0265
2020-01-14 15:18:00,-0.0006,0.0207,0.02
2020-01-14 15:19:00,0.0045,0.0207,0.0252
2020-01-14 15:20:00,0.002,-0.01,-0.008
2020-01-14 15:21:00,0.0107,0.0349,0.0456
2020-01-14 15:22:00,0.0167,0.0239,0.0406
2020-01-14 15:23:00,0.026,0.0372,0.0632
2020-01-14 15:24:00,0.0384,0.0494,0.0878
2020-01-14 15:25:00,0.0515,0.0525,0.104
2020-01-14 15:26:00,0.0707,0.0768,0.1475
2020-01-14 15:27:00,0.0647,-0.024,0.0407
2020-01-14 15:28:00,0.0557,-0.0361,0.0196
2020-01-14 15:29:00,0.0269,-0.1151,-0.0882
2020-01-14 15:30:00,-0.0125,-0.1575,-0.17
2020-01-14 15:31:00,-0.0631,-0.2025,-0.2656
2020-01-14 15:32:00,-0.1065,-0.1736,-0.2801
2020-01-14 15:33:00,-0.1459,-0.1576,-0.3035
2020-01-14 15:34:00,-0.1796,-0.1347,-0.3143
2020-01-14 15:35:00,-0.2171,-0.15,-0.3671
2020-01-14 15:36:00,-0.2695,-0.2097,-0.4792
2020-01-14 15:37:00,-0.3376,-0.2723,-0.6098
2020-01-14 15:38:00,-0.4003,-0.2509,-0.6511
2020-01-14 15:39:00,-0.4591,-0.2353,-0.6944
2020-01-14 15:40:00,-0.5092,-0.2003,-0.7095
2020-01-14 15:41:00,-0.5365,-0.1091,-0.6456
2020-01-14 15:42:00,-0.5509,-0.0578,-0.6087
2020-01-14 15:43:00,-0.5398,0.0443,-0.4956
2020-01-14 15:44:00,-0.5086,0.125,-0.3837
2020-01-14 15:45:00,-0.4745,0.1365,-0.3379
2020-01-14 15:46:00,-0.441,0.134,-0.307
2020-01-14 15:47:00,-0.4061,0.1397,-0.2664
2020-01-14 15:48:00,-0.3697,0.1456,-0.2241
2020-01-14 15:49:00,-0.3381,0.1262,-0.2119
2020-01-14 15:50:00,-0.3114,0.1067,-0.2047
2020-01-14 15:51:00,-0.3075,0.0157,-0.2917
2020-01-14 15:52:00,-0.3364,-0.1157,-0.4521
2020-01-14 15:53:00,-0.3858,-0.1974,-0.5832
2020-01-14 15:54:00,-0.4462,-0.2418,-0.6881
2020-01-14 15:55:00,-0.4989,-0.2108,-0.7097
2020-01-14 15:56:00,-0.5412,-0.1693,-0.7105
2020-01-14 15:57:00,-0.5731,-0.1275,-0.7006
2020-01-14 15:58:00,-0.5904,-0.069,-0.6594
2020-01-14 15:59:00,-0.5919,-0.006,-0.5979
2020-01-14 16:00:00,-0.5907,0.0046,-0.5862
2020-01-15 09:31:00,-0.7157,-0.4997,-1.2153
2020-01-15 09:32:00,-0.8756,-0.6397,-1.5153
2020-01-15 09:33:00,-1.0764,-0.8032,-1.8796
2020-01-15 09:34:00,-1.2923,-0.8635,-2.1558
2020-01-15 09:35:00,-1.4996,-0.8296,-2.3292
2020-01-15 09:36:00,-1.6459,-0.5852,-2.2311
2020-01-15 09:37:00,-1.7602,-0.4572,-2.2175
2020-01-15 09:38:00,-1.8512,-0.3637,-2.2149
2020-01-15 09:39:00,-1.9419,-0.363,-2.305
2020-01-15 09:40:00,-2.0102,-0.2729,-2.2831
2020-01-15 09:41:00,-2.0879,-0.3108,-2.3986
2020-01-15 09:42:00,-2.1784,-0.3624,-2.5408
2020-01-15 09:43:00,-2.3389,-0.6417,-2.9806
2020-01-15 09:44:00,-2.4859,-0.5883,-3.0742
2020-01-15 09:45:00,-2.6047,-0.4751,-3.0799
2020-01-15 09:46:00,-2.7054,-0.4028,-3.1082
2020-01-15 09:47:00,-2.7508,-0.1816,-2.9324
2020-01-15 09:48:00,-2.7447,0.0243,-2.7204
2020-01-15 09:49:00,-2.695,0.1992,-2.4958
2020-01-15 09:50:00,-2.6063,0.3547,-2.2515
2020-01-15 09:51:00,-2.4817,0.4985,-1.9832
2020-01-15 09:52:00,-2.3476,0.536,-1.8116
2020-01-15 09:53:00,-2.2108,0.5472,-1.6637
2020-01-15 09:54:00,-2.0578,0.6123,-1.4455
2020-01-15 09:55:00,-1.8789,0.7154,-1.1635
2020-01-15 09:56:00,-1.6973,0.7265,-0.9708
2020-01-15 09:57:00,-1.5365,0.6433,-0.8932
2020-01-15 09:58:00,-1.4001,0.5455,-0.8546
2020-01-15 09:59:00,-1.278,0.4883,-0.7897
2020-01-15 10:00:00,-1.1559,0.4884,-0.6675
2020-01-15 10:01:00,-1.0523,0.4147,-0.6375
2020-01-15 10:02:00,-0.9311,0.4846,-0.4465
2020-01-15 10:03:00,-0.7947,0.5454,-0.2494
2020-01-15 10:04:00,-0.6311,0.6544,0.0233
2020-01-15 10:05:00,-0.4398,0.7653,0.3255
2020-01-15 10:06:00,-0.2272,0.8507,0.6235
2020-01-15 10:07:00,-0.0351,0.7682,0.733
2020-01-15 10:08:00,0.1496,0.739,0.8887
2020-01-15 10:09:00,0.3442,0.7782,1.1224
2020-01-15 10:10:00,0.5427,0.794,1.3367
2020-01-15 10:11:00,0.7311,0.7535,1.4846
2020-01-15 10:12:00,0.8986,0.6702,1.5688
2020-01-15 10:13:00,1.0318,0.5328,1.5647
2020-01-15 10:14:00,1.1221,0.3612,1.4833
2020-01-15 10:15:00,1.1814,0.237,1.4184
2020-01-15 10:16:00,1.2019,0.082,1.2839
2020-01-15 10:17:00,1.2009,-0.0039,1.197
2020-01-15 10:18:00,1.2066,0.0226,1.2292
2020-01-15 10:19:00,1.2098,0.013,1.2228
2020-01-15 10:20:00,1.1841,-0.1029,1.0812
2020-01-15 10:21:00,1.1333,-0.2032,0.93
2020-01-15 10:22:00,1.0666,-0.2665,0.8001
2020-01-15 10:23:00,0.972,-0.3786,0.5934
2020-01-15 10:24:00,0.8529,-0.4762,0.3768
2020-01-15 10:25:00,0.726,-0.5076,0.2184
2020-01-15 10:26:00,0.6103,-0.4631,0.1472
2020-01-15 10:27:00,0.4968,-0.454,0.0428
2020-01-15 10:28:00,0.3915,-0.4213,-0.0298
2020-01-15 10:29:00,0.3044,-0.3483,-0.044
2020-01-15 10:30:00,0.2225,-0.3275,-0.105
2020-01-15 10:31:00,0.173,-0.1978,-0.0248
2020-01-15 10:32:00,0.1518,-0.0848,0.0671
2020-01-15 10:33:00,0.1443,-0.0301,0.1143
2020-01-15 10:34:00,0.138,-0.0254,0.1126
2020-01-15 10:35:00,0.1126,-0.1014,0.0113
2020-01-15 10:36:00,0.0748,-0.1513,-0.0765
2020-01-15 10:37:00,0.0499,-0.0996,-0.0497
2020-01-15 10:38:00,0.0481,-0.0074,0.0407
2020-01-15 10:39:00,0.0548,0.0268,0.0816
2020-01-15 10:40:00,0.0659,0.0444,0.1103
2020-01-15 10:41:00,0.0906,0.0988,0.1894
2020-01-15 10:42:00,0.121,0.1217,0.2427
2020-01-15 10:43:00,0.1413,0.0811,0.2223
2020-01-15 10:44:00,0.1557,0.0577,0.2134
2020-01-15 10:45:00,0.1541,-0.0065,0.1475
2020-01-15 10:46:00,0.1301,-0.096,0.0341
2020-01-15 10:47:00,0.0868,-0.173,-0.0862
2020-01-15 10:48:00,0.0234,-0.2538,-0.2305
2020-01-15 10:49:00,-0.0602,-0.3342,-0.3944
2020-01-15 10:50:00,-0.1475,-0.3492,-0.4967
2020-01-15 10:51:00,-0.2086,-0.2445,-0.4532
2020-01-15 10:52:00,-0.2514,-0.1712,-0.4226
2020-01-15 10:53:00,-0.2944,-0.1717,-0.4661
2020-01-15 10:54:00,-0.3305,-0.1447,-0.4753
2020-01-15 10:55:00,-0.3677,-0.1485,-0.5162
2020-01-15 10:56:00,-0.3925,-0.0992,-0.4916
2020-01-15 10:57:00,-0.4109,-0.0737,-0.4846
2020-01-15 10:58:00,-0.4235,-0.0503,-0.4738
2020-01-15 10:59:00,-0.4306,-0.0285,-0.4591
2020-01-15 11:00:00,-0.4419,-0.0451,-0.487
2020-01-15 11:01:00,-0.4703,-0.1136,-0.5839
2020-01-15 11:02:00,-0.518,-0.191,-0.709
2020-01-15 11:03:00,-0.5401,-0.0881,-0.6282
2020-01-15 11:04:00,-0.5514,-0.0454,-0.5968
2020-01-15 11:05:00,-0.5558,-0.0175,-0.5733
2020-01-15 11:06:00,-0.5644,-0.0346,-0.599
2020-01-15 11:07:00,-0.573,-0.0342,-0.6072
2020-01-15 11:08:00,-0.5801,-0.0286,-0.6087
2020-01-15 11:09:00,-0.5887,-0.0343,-0.623
2020-01-15 11:10:00,-0.603,-0.0572,-0.6602
2020-01-15 11:11:00,-0.6199,-0.0675,-0.6874
2020-01-15 11:12:00,-0.6378,-0.0715,-0.7092
2020-01-15 11:13:00,-0.6635,-0.103,-0.7665
2020-01-15 11:14:00,-0.6617,0.0074,-0.6542
2020-01-15 11:15:00,-0.6428,0.0752,-0.5676
2020-01-15 11:16:00,-0.6072,0.1426,-0.4645
2020-01-15 11:17:00,-0.5713,0.1437,-0.4275
2020-01-15 11:18:00,-0.535,0.1449,-0.3901
2020-01-15 11:19:00,-0.4859,0.1964,-0.2895
2020-01-15 11:20:00,-0.4131,0.2913,-0.1219
2020-01-15 11:21:00,-0.3364,0.3066,-0.0298
2020-01-15 11:22:00,-0.2646,0.2873,0.0227
2020-01-15 11:23:00,-0.1974,0.2687,0.0712
2020-01-15 11:24:00,-0.1362,0.2448,0.1085
2020-01-15 11:25:00,-0.0847,0.2061,0.1214
2020-01-15 11:26:00,-0.0446,0.1605,0.1159
2020-01-15 11:27:00,-0.0016,0.172,0.1704
2020-01-15 11:28:00,0.0551,0.2268,0.2819
2020-01-15 11:29:00,0.1101,0.2198,0.3298
2020-01-15 11:30:00,0.165,0.2197,0.3847
2020-01-15 11:31:00,0.2176,0.2106,0.4283
2020-01-15 11:32:00,0.2602,0.1704,0.4307
2020-01-15 11:33:00,0.2871,0.1074,0.3945
2020-01-15 11:34:00,0.3049,0.0711,0.376
2020-01-15 11:35:00,0.3033,-0.0065,0.2967
2020-01-15 11:36:00,0.2938,-0.0379,0.2559
2020-01-15 11:37:00,0.2787,-0.0602,0.2185
2020-01-15 11:38:00,0.273,-0.0229,0.2501
2020-01-15 11:39:00,0.2794,0.0256,0.305
2020-01-15 11:40:00,0.2923,0.0518,0.3441
2020-01-15 11:41:00,0.3018,0.0378,0.3395
2020-01-15 11:42:00,0.3106,0.0353,0.3459
2020-01-15 11:43:00,0.3211,0.042,0.3631
2020-01-15 11:44:00,0.3248,0.0147,0.3395
2020-01-15 11:45:00,0.3252,0.0016,0.3268
2020-01-15 11:46:00,0.318,-0.0288,0.2892
2020-01-15 11:47:00,0.3032,-0.0591,0.2441
2020-01-15 11:48:00,0.2844,-0.0752,0.2092
2020-01-15 11:49:00,0.2638,-0.0826,0.1811
2020-01-15 11:50:00,0.2443,-0.0778,0.1665
2020-01-15 11:51:00,0.2172,-0.1083,0.1089
2020-01-15 11:52:00,0.1888,-0.1138,0.075
2020-01-15 11:53:00,0.1683,-0.0817,0.0866
2020-01-15 11:54:00,0.1536,-0.0592,0.0944
2020-01-15 11:55:00,0.1373,-0.0652,0.0721
2020-01-15 11:56:00,0.1201,-0.0687,0.0514
2020-01-15 11:57:00,0.0941,-0.104,-0.01
2020-01-15 11:58:00,0.0616,-0.1298,-0.0682
2020-01-15 11:59:00,0.0134,-0.1931,-0.1797
2020-01-15 12:00:00,-0.0321,-0.1818,-0.2139
2020-01-15 12:01:00,-0.0568,-0.0987,-0.1554
2020-01-15 12:02:00,-0.0639,-0.0287,-0.0926
2020-01-15 12:03:00,-0.0676,-0.0146,-0.0822
2020-01-15 12:04:00,-0.0633,0.0171,-0.0463
2020-01-15 12:05:00,-0.063,0.0013,-0.0617
2020-01-15 12:06:00,-0.0581,0.0197,-0.0384
2020-01-15 12:07:00,-0.037,0.0844,0.0474
2020-01-15 12:08:00,-0.0136,0.0934,0.0798
2020-01-15 12:09:00,0.0127,0.1051,0.1178
2020-01-15 12:10:00,0.0368,0.0966,0.1334
2020-01-15 12:11:00,0.0584,0.0865,0.145
2020-01-15 12:12:00,0.093,0.1383,0.2313
2020-01-15 12:13:00,0.1345,0.1659,0.3003
2020-01-15 12:14:00,0.1678,0.1332,0.301
2020-01-15 12:15:00,0.1984,0.1224,0.3208
2020-01-15 12:16:00,0.2286,0.121,0.3496
2020-01-15 12:17:00,0.2538,0.1009,0.3547
2020-01-15 12:18:00,0.2575,0.0147,0.2722
2020-01-15 12:19:00,0.2476,-0.0398,0.2078
2020-01-15 12:20:00,0.2301,-0.0698,0.1603
2020-01-15 12:21:00,0.2078,-0.0893,0.1184
2020-01-15 12:22:00,0.1836,-0.0968,0.0868
2020-01-15 12:23:00,0.1651,-0.0742,0.0909
2020-01-15 12:24:00,0.1493,-0.0631,0.0862
2020-01-15 12:25:00,0.1338,-0.0619,0.0719
2020-01-15 12:26:00,0.1176,-0.0648,0.0529
2020-01-15 12:27:00,0.1046,-0.0522,0.0524
2020-01-15 12:28:00,0.0794,-0.1006,-0.0212
2020-01-15 12:29:00,0.0482,-0.1251,-0.0769
2020-01-15 12:30:00,0.0229,-0.1009,-0.078
2020-01-15 12:31:00,-0.0001,-0.0921,-0.0922
2020-01-15 12:32:00,-0.0256,-0.1018,-0.1274
2020-01-15 12:33:00,-0.0516,-0.1041,-0.1557
2020-01-15 12:34:00,-0.0779,-0.1051,-0.183
2020-01-15 12:35:00,-0.1092,-0.1255,-0.2347
2020-01-15 12:36:00,-0.1517,-0.1699,-0.3215
2020-01-15 12:37:00,-0.1843,-0.1303,-0.3146
2020-01-15 12:38:00,-0.2092,-0.0996,-0.3087
2020-01-15 12:39:00,-0.2377,-0.1144,-0.3521
2020-01-15 12:40:00,-0.2653,-0.11,-0.3753
2020-01-15 12:41:00,-0.2841,-0.0755,-0.3596
2020-01-15 12:42:00,-0.2935,-0.0377,-0.3312
2020-01-15 12:43:00,-0.2938,-0.0012,-0.295
2020-01-15 12:44:00,-0.2913,0.0102,-0.281
2020-01-15 12:45:00,-0.2838,0.03,-0.2538
2020-01-15 12:46:00,-0.2698,0.0561,-0.2136
2020-01-15 12:47:00,-0.2574,0.0494,-0.2081
2020-01-15 12:48:00,-0.2482,0.0369,-0.2113
2020-01-15 12:49:00,-0.241,0.0288,-0.2122
2020-01-15 12:50:00,-0.2396,0.0057,-0.2338
2020-01-15 12:51:00,-0.2403,-0.0029,-0.2431
2020-01-15 12:52:00,-0.2424,-0.0085,-0.2508
2020-01-15 12:53:00,-0.258,-0.0623,-0.3202
2020-01-15 12:54:00,-0.2753,-0.0695,-0.3448
2020-01-15 12:55:00,-0.2841,-0.0352,-0.3193
2020-01-15 12:56:00,-0.2892,-0.0204,-0.3097
2020-01-15 12:57:00,-0.2956,-0.0254,-0.321
2020-01-15 12:58:00,-0.3015,-0.0235,-0.3249
2020-01-15 12:59:00,-0.3052,-0.0151,-0.3203
2020-01-15 13:00:00,-0.2953,0.0397,-0.2556
2020-01-15 13:01:00,-0.2821,0.0527,-0.2294
2020-01-15 13:02:00,-0.2543,0.1113,-0.143
2020-01-15 13:03:00,-0.2099,0.1776,-0.0323
2020-01-15 13:04:00,-0.1575,0.2094,0.0518
2020-01-15 13:05:00,-0.0961,0.2456,0.1494
2020-01-15 13:06:00,-0.0268,0.2772,0.2503
2020-01-15 13:07:00,0.0428,0.2787,0.3215
2020-01-15 13:08:00,0.1075,0.2588,0.3663
2020-01-15 13:09:00,0.1555,0.1917,0.3471
2020-01-15 13:10:00,0.1913,0.1433,0.3345
2020-01-15 13:11:00,0.2193,0.112,0.3312
2020-01-15 13:12:00,0.2381,0.0753,0.3134
2020-01-15 13:13:00,0.2507,0.0504,0.301
2020-01-15 13:14:00,0.2698,0.0766,0.3464
2020-01-15 13:15:00,0.2802,0.0414,0.3216
2020-01-15 13:16:00,0.2914,0.0451,0.3365
2020-01-15 13:17:00,0.3032,0.0472,0.3504
2020-01-15 13:18:00,0.3069,0.0145,0.3214
2020-01-15 13:19:00,0.2972,-0.0388,0.2583
2020-01-15 13:20:00,0.2801,-0.0681,0.212
2020-01-15 13:21:00,0.2512,-0.1157,0.1354
2020-01-15 13:22:00,0.2146,-0.1464,0.0682
2020-01-15 13:23:00,0.1769,-0.1509,0.0259
2020-01-15 13:24:00,0.1381,-0.1551,-0.017
2020-01-15 13:25:00,0.0996,-0.1541,-0.0545
2020-01-15 13:26:00,0.0703,-0.1172,-0.0469
2020-01-15 13:27:00,0.0436,-0.1068,-0.0632
2020-01-15 13:28:00,0.0173,-0.1052,-0.088
2020-01-15 13:29:00,-0.0012,-0.074,-0.0753
2020-01-15 13:30:00,-0.0174,-0.0646,-0.082
2020-01-15 13:31:00,-0.0337,-0.0652,-0.0989
2020-01-15 13:32:00,-0.0586,-0.0997,-0.1583
2020-01-15 13:33:00,-0.0756,-0.0681,-0.1438
2020-01-15 13:34:00,-0.0923,-0.0666,-0.1589
2020-01-15 13:35:00,-0.1124,-0.0805,-0.1929
2020-01-15 13:36:00,-0.1318,-0.0777,-0.2095
2020-01-15 13:37:00,-0.1488,-0.068,-0.2168
2020-01-15 13:38:00,-0.1619,-0.0525,-0.2144
2020-01-15 13:39:00,-0.1784,-0.066,-0.2444
2020-01-15 13:40:00,-0.1887,-0.041,-0.2297
2020-01-15 13:41:00,-0.1943,-0.0224,-0.2167
2020-01-15 13:42:00,-0.2002,-0.0238,-0.2241
2020-01-15 13:43:00,-0.2087,-0.0337,-0.2424
2020-01-15 13:44:00,-0.2192,-0.042,-0.2611
2020-01-15 13:45:00,-0.2398,-0.0825,-0.3223
2020-01-15 13:46:00,-0.2612,-0.0855,-0.3467
2020-01-15 13:47:00,-0.2765,-0.0613,-0.3379
2020-01-15 13:48:00,-0.2862,-0.0387,-0.3249
2020-01-15 13:49:00,-0.2906,-0.0178,-0.3084
2020-01-15 13:50:00,-0.2971,-0.0259,-0.323
2020-01-15 13:51:00,-0.2968,0.0011,-0.2957
2020-01-15 13:52:00,-0.2988,-0.0081,-0.3069
2020-01-15 13:53:00,-0.3023,-0.0137,-0.3159
2020-01-15 13:54:00,-0.3112,-0.0356,-0.3468
2020-01-15 13:55:00,-0.3216,-0.0416,-0.3632
2020-01-15 13:56:00,-0.3426,-0.0841,-0.4268
2020-01-15 13:57:00,-0.3775,-0.1396,-0.5171
2020-01-15 13:58:00,-0.4323,-0.2192,-0.6515
2020-01-15 13:59:00,-0.5043,-0.2881,-0.7924
2020-01-15 14:00:00,-0.5696,-0.2611,-0.8307
2020-01-15 14:01:00,-0.629,-0.2375,-0.8665
2020-01-15 14:02:00,-0.6956,-0.2664,-0.962
2020-01-15 14:03:00,-0.7688,-0.293,-1.0618
2020-01-15 14:04:00,-0.8465,-0.3106,-1.157
2020-01-15 14:05:00,-0.9056,-0.2366,-1.1422
2020-01-15 14:06:00,-0.9413,-0.1428,-1.0841
2020-01-15 14:07:00,-0.9607,-0.0778,-1.0385
2020-01-15 14:08:00,-0.9479,0.0515,-0.8964
2020-01-15 14:09:00,-0.9071,0.1632,-0.7439
2020-01-15 14:10:00,-0.848,0.2362,-0.6118
2020-01-15 14:11:00,-0.7813,0.2668,-0.5146
2020-01-15 14:12:00,-0.7348,0.1862,-0.5486
2020-01-15 14:13:00,-0.6971,0.1505,-0.5466
2020-01-15 14:14:00,-0.6607,0.1459,-0.5148
2020-01-15 14:15:00,-0.6286,0.1281,-0.5005
2020-01-15 14:16:00,-0.5999,0.1148,-0.4851
2020-01-15 14:17:00,-0.5882,0.0468,-0.5414
2020-01-15 14:18:00,-0.6019,-0.0548,-0.6567
2020-01-15 14:19:00,-0.6237,-0.0871,-0.7108
2020-01-15 14:20:00,-0.6369,-0.0529,-0.6898
2020-01-15 14:21:00,-0.6312,0.0229,-0.6083
2020-01-15 14:22:00,-0.6176,0.0543,-0.5633
2020-01-15 14:23:00,-0.6011,0.066,-0.5351
2020-01-15 14:24:00,-0.5839,0.0688,-0.5151
2020-01-15 14:25:00,-0.5704,0.0541,-0.5163
2020-01-15 14:26:00,-0.5678,0.0102,-0.5576
2020-01-15 14:27:00,-0.5622,0.0226,-0.5396
2020-01-15 14:28:00,-0.5552,0.0282,-0.527
2020-01-15 14:29:00,-0.5487,0.0257,-0.523
2020-01-15 14:30:00,-0.5367,0.0483,-0.4883
2020-01-15 14:31:00,-0.5177,0.0758,-0.4419
2020-01-15 14:32:00,-0.4776,0.1605,-0.3171
2020-01-15 14:33:00,-0.4355,0.1684,-0.2671
2020-01-15 14:34:00,-0.3977,0.1512,-0.2465
2020-01-15 14:35:00,-0.3451,0.2102,-0.135
2020-01-15 14:36:00,-0.2738,0.2852,0.0114
2020-01-15 14:37:00,-0.1939,0.3196,0.1257
2020-01-15 14:38:00,-0.0983,0.3826,0.2843
2020-01-15 14:39:00,-0.0099,0.3537,0.3438
2020-01-15 14:40:00,0.068,0.3114,0.3794
2020-01-15 14:41:00,0.1394,0.2857,0.4251
2020-01-15 14:42:00,0.2029,0.2538,0.4566
2020-01-15 14:43:00,0.245,0.1685,0.4135
2020-01-15 14:44:00,0.2732,0.1129,0.3861
2020-01-15 14:45:00,0.3016,0.1135,0.4151
2020-01-15 14:46:00,0.3225,0.0837,0.4062
2020-01-15 14:47:00,0.3355,0.0521,0.3876
2020-01-15 14:48:00,0.3434,0.0314,0.3748
2020-01-15 14:49:00,0.3569,0.0542,0.4111
2020-01-15 14:50:00,0.3692,0.0489,0.4181
2020-01-15 14:51:00,0.3774,0.0331,0.4105
2020-01-15 14:52:00,0.3746,-0.0114,0.3632
2020-01-15 14:53:00,0.3562,-0.0737,0.2825
2020-01-15 14:54:00,0.3241,-0.1284,0.1957
2020-01-15 14:55:00,0.2867,-0.1493,0.1374
2020-01-15 14:56:00,0.2444,-0.1694,0.075
2020-01-15 14:57:00,0.2014,-0.1721,0.0293
2020-01-15 14:58:00,0.1557,-0.1825,-0.0268
2020-01-15 14:59:00,0.1113,-0.1779,-0.0666
2020-01-15 15:00:00,0.0697,-0.1665,-0.0969
2020-01-15 15:01:00,0.0368,-0.1315,-0.0948
2020-01-15 15:02:00,0.0108,-0.1037,-0.0928
2020-01-15 15:03:00,-0.0154,-0.105,-0.1204
2020-01-15 15:04:00,-0.0474,-0.1278,-0.1752
2020-01-15 15:05:00,-0.0835,-0.1445,-0.228
2020-01-15 15:06:00,-0.1299,-0.1856,-0.3154
2020-01-15 15:07:00,-0.1844,-0.2183,-0.4027
2020-01-15 15:08:00,-0.2435,-0.2364,-0.48
2020-01-15 15:09:00,-0.3046,-0.2441,-0.5487
2020-01-15 15:10:00,-0.3741,-0.278,-0.6521
2020-01-15 15:11:00,-0.4352,-0.2444,-0.6796
2020-01-15 15:12:00,-0.4869,-0.207,-0.694
2020-01-15 15:13:00,-0.5282,-0.1652,-0.6934
2020-01-15 15:14:00,-0.5524,-0.0967,-0.6491
2020-01-15 15:15:00,-0.5572,-0.0191,-0.5762
2020-01-15 15:16:00,-0.5407,0.0659,-0.4747
2020-01-15 15:17:00,-0.5202,0.0817,-0.4385
2020-01-15 15:18:00,-0.4937,0.1061,-0.3876
2020-01-15 15:19:00,-0.4759,0.0712,-0.4047
2020-01-15 15:20:00,-0.4569,0.0761,-0.3808
2020-01-15 15:21:00,-0.4527,0.0168,-0.4359
2020-01-15 15:22:00,-0.4519,0.0033,-0.4485
2020-01-15 15:23:00,-0.4576,-0.0229,-0.4805
2020-01-15 15:24:00,-0.4796,-0.0882,-0.5678
2020-01-15 15:25:00,-0.5032,-0.0944,-0.5977
2020-01-15 15:26:00,-0.5266,-0.0934,-0.62
2020-01-15 15:27:00,-0.5637,-0.1485,-0.7122
2020-01-15 15:28:00,-0.6192,-0.222,-0.8412
2020-01-15 15:29:00,-0.6896,-0.2815,-0.9711
2020-01-15 15:31:00,-0.7557,-0.2646,-1.0203
2020-01-15 15:32:00,-0.8079,-0.2087,-1.0166
2020-01-15 15:33:00,-0.8645,-0.2265,-1.091
2020-01-15 15:34:00,-0.9437,-0.3167,-1.2604
2020-01-15 15:35:00,-1.0186,-0.2997,-1.3184
2020-01-15 15:36:00,-1.0755,-0.2275,-1.303
2020-01-15 15:37:00,-1.1117,-0.1448,-1.2566
2020-01-15 15:38:00,-1.1286,-0.0675,-1.1961
2020-01-15 15:39:00,-1.1252,0.0137,-1.1115
2020-01-15 15:40:00,-1.1163,0.0357,-1.0806
2020-01-15 15:41:00,-1.1118,0.0177,-1.0941
2020-01-15 15:42:00,-1.1115,0.0013,-1.1103
2020-01-15 15:43:00,-1.1194,-0.0315,-1.1509
2020-01-15 15:44:00,-1.1245,-0.0205,-1.1451
2020-01-15 15:45:00,-1.1446,-0.0801,-1.2246
2020-01-15 15:46:00,-1.1625,-0.0718,-1.2343
2020-01-15 15:47:00,-1.205,-0.17,-1.375
2020-01-15 15:48:00,-1.2547,-0.1988,-1.4535
2020-01-15 15:49:00,-1.3014,-0.1868,-1.4882
2020-01-15 15:50:00,-1.3263,-0.0995,-1.4258
2020-01-15 15:51:00,-1.3368,-0.0422,-1.3791
2020-01-15 15:52:00,-1.3479,-0.0442,-1.3921
2020-01-15 15:53:00,-1.3772,-0.117,-1.4942
2020-01-15 15:54:00,-1.4033,-0.1044,-1.5076
2020-01-15 15:55:00,-1.4368,-0.1344,-1.5712
2020-01-15 15:56:00,-1.4597,-0.0915,-1.5512
2020-01-15 15:57:00,-1.4684,-0.0347,-1.5031
2020-01-15 15:58:00,-1.4776,-0.0366,-1.5142
2020-01-15 15:59:00,-1.4773,0.0012,-1.4761
2020-01-15 16:00:00,-1.4592,0.0721,-1.3871
2020-01-16 09:31:00,-1.7484,-1.1569,-2.9053
2020-01-16 09:32:00,-2.2175,-1.8761,-4.0936
2020-01-16 09:33:00,-2.7869,-2.2777,-5.0646
2020-01-16 09:34:00,-3.3272,-2.1612,-5.4884
2020-01-16 09:35:00,-3.765,-1.7512,-5.5162
2020-01-16 09:36:00,-4.1009,-1.3436,-5.4445
2020-01-16 09:37:00,-4.3717,-1.0833,-5.455
2020-01-16 09:38:00,-4.583,-0.8452,-5.4282
2020-01-16 09:39:00,-4.7168,-0.5352,-5.252
2020-01-16 09:40:00,-4.774,-0.229,-5.003
2020-01-16 09:41:00,-4.7264,0.1908,-4.5356
2020-01-16 09:42:00,-4.5869,0.5578,-4.0292
2020-01-16 09:43:00,-4.3822,0.8189,-3.5633
2020-01-16 09:44:00,-4.1734,0.8354,-3.338
2020-01-16 09:45:00,-3.9559,0.8699,-3.0859
2020-01-16 09:46:00,-3.7149,0.9638,-2.7511
2020-01-16 09:47:00,-3.5004,0.8579,-2.6426
2020-01-16 09:48:00,-3.314,0.7459,-2.5681
2020-01-16 09:49:00,-3.1641,0.5997,-2.5644
2020-01-16 09:50:00,-3.0432,0.4832,-2.56
2020-01-16 09:51:00,-2.9535,0.359,-2.5944
2020-01-16 09:52:00,-2.8985,0.22,-2.6784
2020-01-16 09:53:00,-2.9044,-0.0235,-2.9279
2020-01-16 09:54:00,-2.9569,-0.2104,-3.1673
2020-01-16 09:55:00,-3.0017,-0.1791,-3.1808
2020-01-16 09:56:00,-3.0346,-0.1317,-3.1664
2020-01-16 09:57:00,-3.0473,-0.0508,-3.0982
2020-01-16 09:58:00,-3.0355,0.0476,-2.9879
2020-01-16 09:59:00,-3.0343,0.0045,-3.0298
2020-01-16 10:00:00,-3.0429,-0.0342,-3.0771
2020-01-16 10:01:00,-3.0173,0.1024,-2.9148
2020-01-16 10:02:00,-2.9625,0.2191,-2.7434
2020-01-16 10:03:00,-2.8855,0.3082,-2.5773
2020-01-16 10:04:00,-2.7676,0.4715,-2.296
2020-01-16 10:05:00,-2.5934,0.6969,-1.8965
2020-01-16 10:06:00,-2.3901,0.8129,-1.5773
2020-01-16 10:07:00,-2.1843,0.8235,-1.3608
2020-01-16 10:08:00,-1.9584,0.9033,-1.0552
2020-01-16 10:09:00,-1.7382,0.881,-0.8571
2020-01-16 10:10:00,-1.5328,0.8214,-0.7114
2020-01-16 10:11:00,-1.3768,0.6241,-0.7528
2020-01-16 10:12:00,-1.2661,0.4426,-0.8235
2020-01-16 10:13:00,-1.1546,0.4462,-0.7084
2020-01-16 10:14:00,-1.0272,0.5096,-0.5176
2020-01-16 10:15:00,-0.9212,0.4241,-0.4971
2020-01-16 10:16:00,-0.8339,0.3491,-0.4848
2020-01-16 10:17:00,-0.7642,0.2788,-0.4854
2020-01-16 10:18:00,-0.7169,0.1892,-0.5277
2020-01-16 10:19:00,-0.665,0.2076,-0.4574
2020-01-16 10:20:00,-0.6159,0.1966,-0.4193
2020-01-16 10:21:00,-0.5815,0.1375,-0.444
2020-01-16 10:22:00,-0.5562,0.1013,-0.4549
2020-01-16 10:23:00,-0.5501,0.0242,-0.526
2020-01-16 10:24:00,-0.5706,-0.0819,-0.6525
2020-01-16 10:25:00,-0.5897,-0.0763,-0.666
2020-01-16 10:26:00,-0.6073,-0.0707,-0.678
2020-01-16 10:27:00,-0.6377,-0.1215,-0.7593
2020-01-16 10:28:00,-0.68,-0.1693,-0.8493
2020-01-16 10:29:00,-0.7132,-0.1325,-0.8457
2020-01-16 10:30:00,-0.7361,-0.0917,-0.8278
2020-01-16 10:31:00,-0.7582,-0.0882,-0.8464
2020-01-16 10:32:00,-0.7758,-0.0706,-0.8464
2020-01-16 10:33:00,-0.7827,-0.0274,-0.81
2020-01-16 10:34:00,-0.7597,0.0918,-0.6679
2020-01-16 10:35:00,-0.7148,0.1797,-0.535
2020-01-16 10:36:00,-0.6628,0.2078,-0.455
2020-01-16 10:37:00,-0.6069,0.2236,-0.3833
2020-01-16 10:38:00,-0.5265,0.3217,-0.2048
2020-01-16 10:39:00,-0.4449,0.3266,-0.1183
2020-01-16 10:40:00,-0.354,0.3635,0.0095
2020-01-16 10:41:00,-0.2601,0.3756,0.1155
2020-01-16 10:42:00,-0.1736,0.3459,0.1723
2020-01-16 10:43:00,-0.0991,0.2981,0.1991
2020-01-16 10:44:00,-0.0572,0.1675,0.1103
2020-01-16 10:45:00,-0.0376,0.0785,0.0409
2020-01-16 10:46:00,-0.0311,0.0258,-0.0053
2020-01-16 10:47:00,-0.0389,-0.0311,-0.0701
2020-01-16 10:48:00,-0.05,-0.0444,-0.0944
2020-01-16 10:49:00,-0.0506,-0.0025,-0.0531
2020-01-16 10:50:00,-0.0446,0.0239,-0.0207
2020-01-16 10:51:00,-0.0348,0.0395,0.0048
2020-01-16 10:52:00,-0.0215,0.053,0.0314
2020-01-16 10:53:00,-0.0137,0.0314,0.0177
2020-01-16 10:54:00,-0.0207,-0.028,-0.0487
2020-01-16 10:55:00,-0.0336,-0.0517,-0.0852
2020-01-16 10:56:00,-0.0575,-0.0955,-0.153
2020-01-16 10:57:00,-0.0802,-0.0908,-0.1709
2020-01-16 10:58:00,-0.1058,-0.1027,-0.2085
2020-01-16 10:59:00,-0.1323,-0.1057,-0.2379
2020-01-16 11:00:00,-0.1575,-0.1008,-0.2582
2020-01-16 11:01:00,-0.1903,-0.1312,-0.3215
2020-01-16 11:02:00,-0.2328,-0.1703,-0.4031
2020-01-16 11:03:00,-0.2698,-0.1478,-0.4175
2020-01-16 11:04:00,-0.2959,-0.1046,-0.4005
2020-01-16 11:05:00,-0.3113,-0.0616,-0.3729
2020-01-16 11:06:00,-0.3202,-0.0357,-0.3559
2020-01-16 11:07:00,-0.3175,0.0108,-0.3067
2020-01-16 11:08:00,-0.299,0.0742,-0.2248
2020-01-16 11:09:00,-0.2778,0.0845,-0.1933
2020-01-16 11:10:00,-0.2659,0.0478,-0.2181
2020-01-16 11:11:00,-0.2522,0.0547,-0.1975
2020-01-16 11:12:00,-0.2481,0.0163,-0.2318
2020-01-16 11:13:00,-0.2531,-0.0197,-0.2728
2020-01-16 11:14:00,-0.26,-0.0275,-0.2874
2020-01-16 11:15:00,-0.266,-0.0241,-0.2901
2020-01-16 11:16:00,-0.2721,-0.0246,-0.2968
2020-01-16 11:17:00,-0.2948,-0.0906,-0.3854
2020-01-16 11:18:00,-0.3115,-0.067,-0.3785
2020-01-16 11:19:00,-0.3117,-0.0008,-0.3125
2020-01-16 11:20:00,-0.2925,0.0768,-0.2157
2020-01-16 11:21:00,-0.2741,0.0736,-0.2005
2020-01-16 11:22:00,-0.2426,0.1258,-0.1168
2020-01-16 11:23:00,-0.2201,0.0903,-0.1298
2020-01-16 11:24:00,-0.1964,0.0947,-0.1017
2020-01-16 11:25:00,-0.1648,0.1265,-0.0383
2020-01-16 11:26:00,-0.1331,0.1269,-0.0061
2020-01-16 11:27:00,-0.0973,0.1428,0.0455
2020-01-16 11:28:00,-0.0595,0.1513,0.0918
2020-01-16 11:29:00,-0.0021,0.2296,0.2275
2020-01-16 11:30:00,0.0736,0.3029,0.3766
2020-01-16 11:31:00,0.1558,0.3287,0.4844
2020-01-16 11:32:00,0.2223,0.2661,0.4884
2020-01-16 11:33:00,0.2749,0.2103,0.4852
2020-01-16 11:34:00,0.3176,0.1707,0.4883
2020-01-16 11:35:00,0.343,0.1016,0.4445
2020-01-16 11:36:00,0.3624,0.0778,0.4402
2020-01-16 11:37:00,0.3785,0.0645,0.443
2020-01-16 11:38:00,0.3993,0.0831,0.4824
2020-01-16 11:39:00,0.4357,0.1455,0.5812
2020-01-16 11:40:00,0.4804,0.1788,0.6592
2020-01-16 11:41:00,0.5457,0.2612,0.8068
2020-01-16 11:42:00,0.6138,0.2724,0.8862
2020-01-16 11:43:00,0.6809,0.2686,0.9495
2020-01-16 11:44:00,0.7515,0.2822,1.0337
2020-01-16 11:45:00,0.8181,0.2665,1.0846
2020-01-16 11:46:00,0.8855,0.2697,1.1552
2020-01-16 11:47:00,0.9315,0.1839,1.1154
2020-01-16 11:48:00,0.9587,0.1089,1.0676
2020-01-16 11:49:00,0.9618,0.0125,0.9743
2020-01-16 11:50:00,0.9443,-0.07,0.8744
2020-01-16 11:51:00,0.9115,-0.1315,0.7799
2020-01-16 11:52:00,0.8676,-0.1754,0.6923
2020-01-16 11:53:00,0.8168,-0.2034,0.6133
2020-01-16 11:54:00,0.7637,-0.2121,0.5516
2020-01-16 11:55:00,0.7105,-0.213,0.4975
2020-01-16 11:56:00,0.6576,-0.2115,0.4462
2020-01-16 11:57:00,0.5918,-0.2635,0.3283
2020-01-16 11:58:00,0.5265,-0.2612,0.2652
2020-01-16 11:59:00,0.4597,-0.2669,0.1928
2020-01-16 12:00:00,0.3949,-0.2593,0.1355
2020-01-16 12:01:00,0.3426,-0.2091,0.1335
2020-01-16 12:02:00,0.3028,-0.1593,0.1434
2020-01-16 12:03:00,0.2661,-0.1468,0.1193
2020-01-16 12:04:00,0.2356,-0.122,0.1136
2020-01-16 12:05:00,0.2207,-0.0594,0.1613
2020-01-16 12:06:00,0.2073,-0.0538,0.1535
2020-01-16 12:07:00,0.1938,-0.0538,0.1401
2020-01-16 12:08:00,0.1732,-0.0826,0.0906
2020-01-16 12:09:00,0.1526,-0.0824,0.0701
2020-01-16 12:10:00,0.1339,-0.0746,0.0594
2020-01-16 12:11:00,0.1084,-0.102,0.0064
2020-01-16 12:12:00,0.0765,-0.1277,-0.0512
2020-01-16 12:13:00,0.0408,-0.1428,-0.102
2020-01-16 12:14:00,-0.0058,-0.1864,-0.1922
2020-01-16 12:15:00,-0.0556,-0.1991,-0.2547
2020-01-16 12:16:00,-0.1006,-0.18,-0.2806
2020-01-16 12:17:00,-0.142,-0.1658,-0.3079
2020-01-16 12:18:00,-0.1765,-0.1377,-0.3141
2020-01-16 12:19:00,-0.2076,-0.1246,-0.3322
2020-01-16 12:20:00,-0.2351,-0.1098,-0.3449
2020-01-16 12:21:00,-0.2635,-0.1138,-0.3773
2020-01-16 12:22:00,-0.2919,-0.1137,-0.4056
2020-01-16 12:23:00,-0.3289,-0.1476,-0.4765
2020-01-16 12:24:00,-0.3563,-0.1098,-0.4661
2020-01-16 12:25:00,-0.3718,-0.0621,-0.4339
2020-01-16 12:26:00,-0.3789,-0.0285,-0.4074
2020-01-16 12:27:00,-0.3813,-0.0094,-0.3907
2020-01-16 12:28:00,-0.3768,0.018,-0.3587
2020-01-16 12:29:00,-0.3659,0.0435,-0.3224
2020-01-16 12:30:00,-0.3572,0.035,-0.3222
2020-01-16 12:31:00,-0.3441,0.0522,-0.2919
2020-01-16 12:32:00,-0.3184,0.1029,-0.2155
2020-01-16 12:33:00,-0.2887,0.1189,-0.1697
2020-01-16 12:34:00,-0.2597,0.1158,-0.1439
2020-01-16 12:35:00,-0.2253,0.1374,-0.088
2020-01-16 12:36:00,-0.1905,0.1394,-0.0511
2020-01-16 12:37:00,-0.1581,0.1296,-0.0285
2020-01-16 12:38:00,-0.1337,0.0974,-0.0363
2020-01-16 12:39:00,-0.1125,0.0848,-0.0278
2020-01-16 12:40:00,-0.0926,0.0797,-0.013
2020-01-16 12:41:00,-0.07,0.0906,0.0207
2020-01-16 12:42:00,-0.0506,0.0774,0.0268
2020-01-16 12:43:00,-0.0304,0.0807,0.0502
2020-01-16 12:44:00,-0.0025,0.1119,0.1094
2020-01-16 12:45:00,0.0328,0.1411,0.1739
2020-01-16 12:46:00,0.0699,0.1485,0.2184
2020-01-16 12:47:00,0.1098,0.1594,0.2692
2020-01-16 12:48:00,0.1502,0.1619,0.3121
2020-01-16 12:49:00,0.1863,0.1441,0.3304
2020-01-16 12:50:00,0.2092,0.0919,0.3011
2020-01-16 12:51:00,0.2164,0.0288,0.2452
2020-01-16 12:52:00,0.2259,0.0378,0.2636
2020-01-16 12:53:00,0.2332,0.0295,0.2627
2020-01-16 12:54:00,0.2327,-0.002,0.2307
2020-01-16 12:55:00,0.2288,-0.0156,0.2133
2020-01-16 12:56:00,0.2288,-0.0002,0.2286
2020-01-16 12:57:00,0.2353,0.026,0.2613
2020-01-16 12:58:00,0.2553,0.0801,0.3354
2020-01-16 12:59:00,0.2816,0.1052,0.3868
2020-01-16 13:00:00,0.3109,0.1173,0.4283
2020-01-16 13:01:00,0.3423,0.1255,0.4678
2020-01-16 13:02:00,0.377,0.1388,0.5158
2020-01-16 13:03:00,0.4158,0.1549,0.5707
2020-01-16 13:04:00,0.4573,0.1664,0.6237
2020-01-16 13:05:00,0.4977,0.1614,0.6591
2020-01-16 13:06:00,0.5235,0.1032,0.6266
2020-01-16 13:07:00,0.5422,0.075,0.6173
2020-01-16 13:08:00,0.5531,0.0434,0.5966
2020-01-16 13:09:00,0.5601,0.0278,0.5879
2020-01-16 13:10:00,0.555,-0.0202,0.5348
2020-01-16 13:11:00,0.5418,-0.0526,0.4892
2020-01-16 13:12:00,0.5306,-0.0452,0.4854
2020-01-16 13:13:00,0.513,-0.0704,0.4426
2020-01-16 13:14:00,0.4806,-0.1293,0.3513
2020-01-16 13:15:00,0.441,-0.1587,0.2822
2020-01-16 13:16:00,0.4027,-0.1531,0.2496
2020-01-16 13:17:00,0.3685,-0.1366,0.2319
2020-01-16 13:18:00,0.341,-0.11,0.231
2020-01-16 13:19:00,0.3221,-0.0755,0.2466
2020-01-16 13:20:00,0.3133,-0.0354,0.2779
2020-01-16 13:21:00,0.3092,-0.0164,0.2928
2020-01-16 13:22:00,0.3082,-0.0038,0.3044
2020-01-16 13:23:00,0.318,0.039,0.357
2020-01-16 13:24:00,0.3524,0.1374,0.4898
2020-01-16 13:25:00,0.4103,0.2318,0.6421
2020-01-16 13:26:00,0.4841,0.2952,0.7793
2020-01-16 13:27:00,0.5564,0.2892,0.8457
2020-01-16 13:28:00,0.6371,0.3226,0.9597
2020-01-16 13:29:00,0.7167,0.3186,1.0353
2020-01-16 13:30:00,0.7944,0.3107,1.1051
2020-01-16 13:31:00,0.8526,0.2327,1.0853
2020-01-16 13:32:00,0.9008,0.193,1.0938
2020-01-16 13:33:00,0.956,0.2206,1.1765
2020-01-16 13:34:00,1.023,0.268,1.291
2020-01-16 13:35:00,1.101,0.312,1.413
2020-01-16 13:36:00,1.1762,0.3008,1.477
2020-01-16 13:37:00,1.2635,0.3492,1.6126
2020-01-16 13:38:00,1.3625,0.3962,1.7588
2020-01-16 13:39:00,1.4458,0.3333,1.7791
2020-01-16 13:40:00,1.5073,0.2459,1.7532
2020-01-16 13:41:00,1.5504,0.1722,1.7226
2020-01-16 13:42:00,1.5686,0.0729,1.6415
2020-01-16 13:43:00,1.554,-0.0586,1.4954
2020-01-16 13:44:00,1.5203,-0.1348,1.3854
2020-01-16 13:45:00,1.4708,-0.1977,1.2731
2020-01-16 13:46:00,1.4064,-0.2577,1.1487
2020-01-16 13:47:00,1.3407,-0.2627,1.0781
2020-01-16 13:48:00,1.2772,-0.2541,1.0232
2020-01-16 13:49:00,1.2144,-0.2511,0.9633
2020-01-16 13:50:00,1.1681,-0.1853,0.9828
2020-01-16 13:51:00,1.129,-0.1565,0.9724
2020-01-16 13:52:00,1.1096,-0.0774,1.0322
2020-01-16 13:53:00,1.117,0.0297,1.1467
2020-01-16 13:54:00,1.154,0.1479,1.3019
2020-01-16 13:55:00,1.2156,0.2464,1.462
2020-01-16 13:56:00,1.2688,0.2127,1.4815
2020-01-16 13:57:00,1.3069,0.1524,1.4592
2020-01-16 13:58:00,1.3453,0.1535,1.4988
2020-01-16 13:59:00,1.3741,0.1152,1.4892
2020-01-16 14:00:00,1.3711,-0.0116,1.3595
2020-01-16 14:01:00,1.3537,-0.0698,1.2839
2020-01-16 14:02:00,1.3141,-0.1585,1.1556
2020-01-16 14:03:00,1.2637,-0.2017,1.062
2020-01-16 14:04:00,1.2108,-0.2116,0.9992
2020-01-16 14:05:00,1.1499,-0.2435,0.9064
2020-01-16 14:06:00,1.0804,-0.2778,0.8026
2020-01-16 14:07:00,1.027,-0.2136,0.8134
2020-01-16 14:08:00,0.9894,-0.1505,0.8389
2020-01-16 14:09:00,0.9644,-0.1,0.8644
2020-01-16 14:10:00,0.9535,-0.0434,0.9102
2020-01-16 14:11:00,0.9441,-0.0378,0.9063
2020-01-16 14:12:00,0.9225,-0.0863,0.8362
2020-01-16 14:13:00,0.8901,-0.1297,0.7604
2020-01-16 14:14:00,0.8486,-0.1661,0.6825
2020-01-16 14:15:00,0.8161,-0.1298,0.6863
2020-01-16 14:16:00,0.7849,-0.1251,0.6598
2020-01-16 14:17:00,0.7452,-0.1587,0.5865
2020-01-16 14:18:00,0.7096,-0.1422,0.5674
2020-01-16 14:19:00,0.6656,-0.1761,0.4895
2020-01-16 14:20:00,0.6226,-0.1721,0.4504
2020-01-16 14:21:00,0.5827,-0.1597,0.423
2020-01-16 14:22:00,0.5499,-0.1309,0.419
2020-01-16 14:23:00,0.5204,-0.1181,0.4024
2020-01-16 14:24:00,0.4869,-0.1341,0.3528
2020-01-16 14:25:00,0.4491,-0.1511,0.298
2020-01-16 14:26:00,0.4075,-0.1664,0.2412
2020-01-16 14:27:00,0.3686,-0.1555,0.2131
2020-01-16 14:28:00,0.3342,-0.1378,0.1964
2020-01-16 14:29:00,0.2903,-0.1757,0.1145
2020-01-16 14:30:00,0.2417,-0.1943,0.0474
2020-01-16 14:31:00,0.1884,-0.213,-0.0246
2020-01-16 14:32:00,0.1267,-0.2469,-0.1201
2020-01-16 14:33:00,0.0534,-0.2934,-0.24
2020-01-16 14:34:00,-0.0093,-0.2508,-0.2601
2020-01-16 14:35:00,-0.0627,-0.2135,-0.2762
2020-01-16 14:36:00,-0.1176,-0.2197,-0.3374
2020-01-16 14:37:00,-0.1743,-0.2268,-0.4012
2020-01-16 14:38:00,-0.2184,-0.1762,-0.3946
2020-01-16 14:39:00,-0.2605,-0.1686,-0.4292
2020-01-16 14:40:00,-0.2904,-0.1196,-0.41
2020-01-16 14:41:00,-0.3069,-0.0658,-0.3727
2020-01-16 14:42:00,-0.3338,-0.1075,-0.4413
2020-01-16 14:43:00,-0.3617,-0.1117,-0.4734
2020-01-16 14:44:00,-0.3981,-0.1457,-0.5438
2020-01-16 14:45:00,-0.4466,-0.194,-0.6406
2020-01-16 14:46:00,-0.5052,-0.2345,-0.7397
2020-01-16 14:47:00,-0.5839,-0.3148,-0.8988
2020-01-16 14:48:00,-0.6569,-0.292,-0.9489
2020-01-16 14:49:00,-0.7217,-0.259,-0.9806
2020-01-16 14:50:00,-0.7668,-0.1804,-0.9471
2020-01-16 14:51:00,-0.7933,-0.1063,-0.8996
2020-01-16 14:52:00,-0.7962,-0.0116,-0.8079
2020-01-16 14:53:00,-0.7718,0.0978,-0.6739
2020-01-16 14:54:00,-0.7298,0.168,-0.5617
2020-01-16 14:55:00,-0.682,0.1911,-0.4909
2020-01-16 14:56:00,-0.6362,0.1833,-0.4529
2020-01-16 14:57:00,-0.589,0.1885,-0.4005
2020-01-16 14:58:00,-0.5374,0.2066,-0.3308
2020-01-16 14:59:00,-0.4898,0.1903,-0.2995
2020-01-16 15:00:00,-0.451,0.1554,-0.2956
2020-01-16 15:01:00,-0.4126,0.1535,-0.2591
2020-01-16 15:02:00,-0.3724,0.1607,-0.2118
2020-01-16 15:03:00,-0.3382,0.1368,-0.2014
2020-01-16 15:06:00,-0.3097,0.114,-0.1957
2020-01-16 15:07:00,-0.3116,-0.0075,-0.3191
2020-01-16 15:08:00,-0.3336,-0.0879,-0.4215
2020-01-16 15:09:00,-0.3705,-0.1478,-0.5183
2020-01-16 15:10:00,-0.4149,-0.1773,-0.5922
2020-01-16 15:11:00,-0.4697,-0.2194,-0.6891
2020-01-16 15:12:00,-0.5342,-0.2582,-0.7924
2020-01-16 15:13:00,-0.592,-0.2308,-0.8228
2020-01-16 15:14:00,-0.6439,-0.2079,-0.8518
2020-01-16 15:15:00,-0.6838,-0.1593,-0.8431
2020-01-16 15:16:00,-0.6982,-0.0576,-0.7558
2020-01-16 15:17:00,-0.6914,0.0271,-0.6643
2020-01-16 15:18:00,-0.6668,0.0985,-0.5683
2020-01-16 15:19:00,-0.6302,0.1462,-0.484
2020-01-16 15:20:00,-0.5787,0.2062,-0.3725
2020-01-16 15:21:00,-0.5305,0.1927,-0.3378
2020-01-16 15:22:00,-0.4837,0.1873,-0.2964
2020-01-16 15:23:00,-0.436,0.1906,-0.2454
2020-01-16 15:24:00,-0.3925,0.1739,-0.2186
2020-01-16 15:25:00,-0.3547,0.1512,-0.2035
2020-01-16 15:26:00,-0.319,0.1428,-0.1762
2020-01-16 15:27:00,-0.2905,0.1139,-0.1767
2020-01-16 15:28:00,-0.2842,0.0254,-0.2588
2020-01-16 15:29:00,-0.2908,-0.0263,-0.3171
2020-01-16 15:30:00,-0.3085,-0.0708,-0.3793
2020-01-16 15:31:00,-0.3208,-0.0492,-0.37
2020-01-16 15:32:00,-0.3145,0.0253,-0.2892
2020-01-16 15:33:00,-0.3021,0.0493,-0.2528
2020-01-16 15:34:00,-0.279,0.0927,-0.1863
2020-01-16 15:35:00,-0.251,0.1119,-0.1391
2020-01-16 15:36:00,-0.2118,0.1566,-0.0552
2020-01-16 15:37:00,-0.1615,0.2013,0.0398
2020-01-16 15:38:00,-0.1025,0.2359,0.1334
2020-01-16 15:39:00,-0.0321,0.2818,0.2498
2020-01-16 15:40:00,0.0416,0.2945,0.3361
2020-01-16 15:41:00,0.1218,0.3211,0.443
2020-01-16 15:42:00,0.2109,0.3562,0.5671
2020-01-16 15:43:00,0.3048,0.3755,0.6803
2020-01-16 15:44:00,0.3918,0.348,0.7398
2020-01-16 15:45:00,0.49,0.3931,0.8832
2020-01-16 15:46:00,0.5979,0.4315,1.0295
2020-01-16 15:47:00,0.7123,0.4575,1.1698
2020-01-16 15:48:00,0.8183,0.4241,1.2424
2020-01-16 15:49:00,0.905,0.3467,1.2517
2020-01-16 15:50:00,0.9809,0.3036,1.2844
2020-01-16 15:51:00,1.0494,0.2741,1.3235
2020-01-16 15:52:00,1.0929,0.1742,1.2671
2020-01-16 15:53:00,1.1184,0.1019,1.2203
2020-01-16 15:54:00,1.1227,0.017,1.1397
2020-01-16 15:55:00,1.1202,-0.0099,1.1102
2020-01-16 15:56:00,1.1071,-0.0522,1.0549
2020-01-16 15:57:00,1.0775,-0.1186,0.9589
2020-01-16 15:58:00,1.0413,-0.1447,0.8966
2020-01-16 15:59:00,0.9986,-0.1707,0.828
2020-01-16 16:00:00,0.9616,-0.1481,0.8135
2020-01-17 09:31:00,0.8665,-0.3807,0.4858
2020-01-17 09:32:00,0.7471,-0.4773,0.2699
2020-01-17 09:33:00,0.5977,-0.5976,0.0002
2020-01-17 09:34:00,0.461,-0.5471,-0.0861
2020-01-17 09:35:00,0.3629,-0.3925,-0.0296
2020-01-17 09:36:00,0.3211,-0.1672,0.1539
2020-01-17 09:37:00,0.3086,-0.05,0.2586
2020-01-17 09:38:00,0.3231,0.0581,0.3812
2020-01-17 09:39:00,0.3638,0.1627,0.5265
2020-01-17 09:40:00,0.4008,0.1481,0.5489
2020-01-17 09:41:00,0.4135,0.0509,0.4644
2020-01-17 09:42:00,0.374,-0.1581,0.2159
2020-01-17 09:43:00,0.3299,-0.1764,0.1535
2020-01-17 09:44:00,0.2786,-0.2052,0.0734
2020-01-17 09:45:00,0.2137,-0.2597,-0.0461
2020-01-17 09:46:00,0.1375,-0.3046,-0.167
2020-01-17 09:47:00,0.0654,-0.2884,-0.223
2020-01-17 09:48:00,-0.0041,-0.2782,-0.2824
2020-01-17 09:49:00,-0.08,-0.3034,-0.3834
2020-01-17 09:50:00,-0.1501,-0.2804,-0.4305
2020-01-17 09:51:00,-0.2258,-0.3029,-0.5287
2020-01-17 09:52:00,-0.3122,-0.3453,-0.6574
2020-01-17 09:53:00,-0.3999,-0.351,-0.7508
2020-01-17 09:54:00,-0.4741,-0.297,-0.7711
2020-01-17 09:55:00,-0.5228,-0.1948,-0.7176
2020-01-17 09:56:00,-0.5588,-0.1438,-0.7026
2020-01-17 09:57:00,-0.5747,-0.0635,-0.6382
2020-01-17 09:58:00,-0.5758,-0.0046,-0.5805
2020-01-17 09:59:00,-0.5745,0.0054,-0.5691
2020-01-17 10:00:00,-0.5701,0.0177,-0.5523
2020-01-17 10:01:00,-0.5518,0.0731,-0.4786
2020-01-17 10:02:00,-0.5081,0.1748,-0.3333
2020-01-17 10:03:00,-0.4514,0.2268,-0.2246
2020-01-17 10:04:00,-0.3725,0.3156,-0.0569
2020-01-17 10:05:00,-0.2812,0.3651,0.0839
2020-01-17 10:06:00,-0.1973,0.3356,0.1383
2020-01-17 10:07:00,-0.1293,0.2719,0.1426
2020-01-17 10:08:00,-0.0607,0.2744,0.2137
2020-01-17 10:09:00,0.0219,0.3305,0.3524
2020-01-17 10:10:00,0.1228,0.4036,0.5264
2020-01-17 10:11:00,0.2271,0.4173,0.6445
2020-01-17 10:12:00,0.3145,0.3493,0.6637
2020-01-17 10:13:00,0.3787,0.2568,0.6354
2020-01-17 10:14:00,0.4224,0.1748,0.5972
2020-01-17 10:15:00,0.4388,0.0658,0.5046
2020-01-17 10:16:00,0.4356,-0.0129,0.4227
2020-01-17 10:17:00,0.4298,-0.0231,0.4067
2020-01-17 10:18:00,0.4336,0.0151,0.4487
2020-01-17 10:19:00,0.442,0.0337,0.4757
2020-01-17 10:20:00,0.4457,0.0146,0.4602
2020-01-17 10:21:00,0.45,0.0172,0.4672
2020-01-17 10:22:00,0.4457,-0.017,0.4287
2020-01-17 10:23:00,0.4271,-0.0745,0.3526
2020-01-17 10:24:00,0.3951,-0.1281,0.2669
2020-01-17 10:25:00,0.3645,-0.1221,0.2425
2020-01-17 10:26:00,0.3322,-0.1294,0.2027
2020-01-17 10:27:00,0.298,-0.1368,0.1612
2020-01-17 10:28:00,0.2686,-0.1175,0.1512
2020-01-17 10:29:00,0.2325,-0.1446,0.0878
2020-01-17 10:30:00,0.1992,-0.1329,0.0664
2020-01-17 10:31:00,0.1753,-0.0959,0.0793
2020-01-17 10:32:00,0.1724,-0.0114,0.161
2020-01-17 10:33:00,0.1934,0.0839,0.2773
2020-01-17 10:34:00,0.2186,0.1008,0.3194
2020-01-17 10:35:00,0.2389,0.0812,0.3201
2020-01-17 10:36:00,0.2473,0.0336,0.2809
2020-01-17 10:37:00,0.2315,-0.0633,0.1681
2020-01-17 10:38:00,0.2073,-0.0967,0.1106
2020-01-17 10:39:00,0.1787,-0.1144,0.0643
2020-01-17 10:40:00,0.1548,-0.0956,0.0592
2020-01-17 10:41:00,0.1317,-0.0924,0.0393
2020-01-17 10:42:00,0.1044,-0.109,-0.0046
2020-01-17 10:43:00,0.0791,-0.1013,-0.0222
2020-01-17 10:44:00,0.0572,-0.0875,-0.0303
2020-01-17 10:45:00,0.0332,-0.0961,-0.0629
2020-01-17 10:46:00,0.0091,-0.0964,-0.0873
2020-01-17 10:47:00,-0.0088,-0.0715,-0.0803
2020-01-17 10:48:00,-0.0262,-0.0696,-0.0958
2020-01-17 10:49:00,-0.0417,-0.0619,-0.1036
2020-01-17 10:50:00,-0.0479,-0.0249,-0.0727
2020-01-17 10:51:00,-0.0561,-0.0331,-0.0892
2020-01-17 10:52:00,-0.0606,-0.018,-0.0786
2020-01-17 10:53:00,-0.0657,-0.0201,-0.0858
2020-01-17 10:54:00,-0.059,0.0267,-0.0322
2020-01-17 10:55:00,-0.0406,0.0734,0.0327
2020-01-17 10:57:00,-0.0249,0.0629,0.0379
2020-01-17 10:58:00,-0.0097,0.0608,0.051
2020-01-17 10:59:00,0.0072,0.0678,0.075
2020-01-17 11:00:00,0.0277,0.082,0.1098
2020-01-17 11:01:00,0.0608,0.1323,0.1931
2020-01-17 11:02:00,0.0733,0.0498,0.1231
2020-01-17 11:03:00,0.0571,-0.0645,-0.0074
2020-01-17 11:04:00,0.0343,-0.0912,-0.0569
2020-01-17 11:05:00,0.0096,-0.099,-0.0895
2020-01-17 11:06:00,-0.0115,-0.0842,-0.0956
2020-01-17 11:07:00,-0.0269,-0.0618,-0.0887
2020-01-17 11:08:00,-0.0546,-0.1108,-0.1654
2020-01-17 11:09:00,-0.0896,-0.1397,-0.2293
2020-01-17 11:10:00,-0.1307,-0.1644,-0.2951
2020-01-17 11:11:00,-0.1741,-0.1738,-0.3479
2020-01-17 11:12:00,-0.2315,-0.2297,-0.4613
2020-01-17 11:13:00,-0.3021,-0.2823,-0.5844
2020-01-17 11:14:00,-0.3776,-0.3021,-0.6797
2020-01-17 11:15:00,-0.4517,-0.2962,-0.7479
2020-01-17 11:16:00,-0.5187,-0.268,-0.7867
2020-01-17 11:17:00,-0.5658,-0.1885,-0.7544
2020-01-17 11:18:00,-0.6054,-0.1581,-0.7635
2020-01-17 11:19:00,-0.6541,-0.1948,-0.8489
2020-01-17 11:20:00,-0.6992,-0.1807,-0.8799
2020-01-17 11:21:00,-0.7437,-0.1777,-0.9214
2020-01-17 11:22:00,-0.7812,-0.1502,-0.9314
2020-01-17 11:25:00,-0.8011,-0.0795,-0.8806
2020-01-17 11:26:00,-0.8098,-0.0351,-0.8449
2020-01-17 11:27:00,-0.7897,0.0805,-0.7093
2020-01-17 11:28:00,-0.7403,0.1975,-0.5428
2020-01-17 11:29:00,-0.6705,0.2793,-0.3912
2020-01-17 11:30:00,-0.5907,0.3194,-0.2713
2020-01-17 11:31:00,-0.5197,0.2837,-0.236
2020-01-17 11:32:00,-0.4593,0.2419,-0.2174
2020-01-17 11:33:00,-0.405,0.2169,-0.1881
2020-01-17 11:34:00,-0.3467,0.2333,-0.1134
2020-01-17 11:35:00,-0.2883,0.2335,-0.0548
2020-01-17 11:36:00,-0.2354,0.2116,-0.0238
2020-01-17 11:37:00,-0.1857,0.199,0.0134
2020-01-17 11:38:00,-0.1412,0.1778,0.0366
2020-01-17 11:39:00,-0.1055,0.143,0.0375
2020-01-17 11:40:00,-0.0814,0.096,0.0146
2020-01-17 11:41:00,-0.0628,0.0745,0.0117
2020-01-17 11:42:00,-0.0449,0.0716,0.0266
2020-01-17 11:43:00,-0.0355,0.0378,0.0023
2020-01-17 11:44:00,-0.0273,0.0326,0.0053
2020-01-17 11:45:00,-0.0206,0.0269,0.0063
2020-01-17 11:46:00,-0.0261,-0.022,-0.048
2020-01-17 11:47:00,-0.0439,-0.0713,-0.1152
2020-01-17 11:48:00,-0.0626,-0.0749,-0.1376
2020-01-17 11:49:00,-0.0798,-0.0685,-0.1483
2020-01-17 11:50:00,-0.0976,-0.0713,-0.1688
2020-01-17 11:51:00,-0.1057,-0.0326,-0.1383
2020-01-17 11:52:00,-0.1023,0.0138,-0.0885
2020-01-17 11:53:00,-0.0904,0.0475,-0.0429
2020-01-17 11:54:00,-0.0738,0.0662,-0.0076
2020-01-17 11:55:00,-0.0589,0.0596,0.0007
2020-01-17 11:56:00,-0.054,0.0198,-0.0341
2020-01-17 11:57:00,-0.06,-0.0243,-0.0843
2020-01-17 11:58:00,-0.0659,-0.0233,-0.0891
2020-01-17 11:59:00,-0.071,-0.0207,-0.0918
2020-01-17 12:00:00,-0.0785,-0.0296,-0.1081
2020-01-17 12:01:00,-0.0843,-0.0234,-0.1077
2020-01-17 12:02:00,-0.0874,-0.0124,-0.0997
2020-01-17 12:03:00,-0.09,-0.0104,-0.1004
2020-01-17 12:04:00,-0.0992,-0.037,-0.1363
2020-01-17 12:05:00,-0.1133,-0.0561,-0.1694
2020-01-17 12:06:00,-0.1312,-0.0717,-0.203
2020-01-17 12:07:00,-0.1485,-0.0692,-0.2178
2020-01-17 12:08:00,-0.1672,-0.0746,-0.2417
2020-01-17 12:09:00,-0.1896,-0.0896,-0.2792
2020-01-17 12:10:00,-0.216,-0.1058,-0.3219
2020-01-17 12:11:00,-0.2409,-0.0994,-0.3402
2020-01-17 12:12:00,-0.27,-0.1163,-0.3863
2020-01-17 12:13:00,-0.3021,-0.1287,-0.4308
2020-01-17 12:14:00,-0.3479,-0.183,-0.5309
2020-01-17 12:15:00,-0.4065,-0.2344,-0.6408
2020-01-17 12:16:00,-0.4536,-0.1886,-0.6423
2020-01-17 12:17:00,-0.4876,-0.1357,-0.6233
2020-01-17 12:18:00,-0.5063,-0.0751,-0.5814
2020-01-17 12:19:00,-0.5099,-0.0142,-0.5241
2020-01-17 12:20:00,-0.5019,0.0321,-0.4698
2020-01-17 12:21:00,-0.4968,0.0202,-0.4767
2020-01-17 12:22:00,-0.5033,-0.026,-0.5293
2020-01-17 12:23:00,-0.5113,-0.032,-0.5434
2020-01-17 12:24:00,-0.5218,-0.042,-0.5638
2020-01-17 12:25:00,-0.5309,-0.0361,-0.567
2020-01-17 12:26:00,-0.5401,-0.037,-0.5771
2020-01-17 12:27:00,-0.5489,-0.0353,-0.5843
2020-01-17 12:28:00,-0.5465,0.0096,-0.537
2020-01-17 12:29:00,-0.5313,0.0608,-0.4705
2020-01-17 12:30:00,-0.5096,0.0869,-0.4227
2020-01-17 12:31:00,-0.4919,0.0707,-0.4212
2020-01-17 12:32:00,-0.4751,0.0671,-0.408
2020-01-17 12:33:00,-0.4611,0.056,-0.4051
2020-01-17 12:34:00,-0.4456,0.0623,-0.3833
2020-01-17 12:35:00,-0.423,0.0902,-0.3328
2020-01-17 12:36:00,-0.3991,0.0956,-0.3036
2020-01-17 12:37:00,-0.3725,0.1066,-0.2659
2020-01-17 12:38:00,-0.3515,0.0838,-0.2677
2020-01-17 12:39:00,-0.3369,0.0585,-0.2783
2020-01-17 12:40:00,-0.3266,0.0412,-0.2853
2020-01-17 12:41:00,-0.3314,-0.0193,-0.3507
2020-01-17 12:42:00,-0.3572,-0.1032,-0.4604
2020-01-17 12:43:00,-0.4028,-0.1824,-0.5852
2020-01-17 12:44:00,-0.4553,-0.2102,-0.6655
2020-01-17 12:45:00,-0.5076,-0.2089,-0.7165
2020-01-17 12:46:00,-0.5493,-0.167,-0.7163
2020-01-17 12:47:00,-0.5858,-0.1461,-0.732
2020-01-17 12:48:00,-0.631,-0.1807,-0.8117
2020-01-17 12:49:00,-0.6687,-0.1507,-0.8194
2020-01-17 12:50:00,-0.6993,-0.1224,-0.8217
2020-01-17 12:51:00,-0.7183,-0.0759,-0.7942
2020-01-17 12:52:00,-0.724,-0.0228,-0.7467
2020-01-17 12:53:00,-0.7288,-0.0195,-0.7484
2020-01-17 12:54:00,-0.7348,-0.0237,-0.7585
2020-01-17 12:55:00,-0.73,0.0192,-0.7108
2020-01-17 12:56:00,-0.7288,0.0046,-0.7243
2020-01-17 12:57:00,-0.7258,0.012,-0.7138
2020-01-17 12:58:00,-0.7108,0.0603,-0.6505
2020-01-17 12:59:00,-0.6921,0.0748,-0.6173
2020-01-17 13:00:00,-0.672,0.0805,-0.5915
2020-01-17 13:01:00,-0.6548,0.0687,-0.5861
2020-01-17 13:02:00,-0.6475,0.0292,-0.6182
2020-01-17 13:03:00,-0.6432,0.0172,-0.626
2020-01-17 13:04:00,-0.6414,0.0069,-0.6345
2020-01-17 13:05:00,-0.6498,-0.0336,-0.6834
2020-01-17 13:06:00,-0.6513,-0.006,-0.6573
2020-01-17 13:07:00,-0.6482,0.0125,-0.6358
2020-01-17 13:08:00,-0.6336,0.0586,-0.5749
2020-01-17 13:09:00,-0.6014,0.1286,-0.4728
2020-01-17 13:10:00,-0.565,0.1456,-0.4194
2020-01-17 13:11:00,-0.5263,0.1551,-0.3712
2020-01-17 13:12:00,-0.4797,0.1864,-0.2932
2020-01-17 13:13:00,-0.436,0.1745,-0.2615
2020-01-17 13:14:00,-0.3882,0.1911,-0.1971
2020-01-17 13:15:00,-0.3427,0.1822,-0.1605
2020-01-17 13:16:00,-0.2919,0.2033,-0.0885
2020-01-17 13:17:00,-0.2321,0.2392,0.0071
2020-01-17 13:18:00,-0.1726,0.2381,0.0655
2020-01-17 13:19:00,-0.1134,0.2368,0.1234
2020-01-17 13:20:00,-0.0595,0.2153,0.1558
2020-01-17 13:21:00,-0.0042,0.2214,0.2172
2020-01-17 13:22:00,0.0487,0.2117,0.2604
2020-01-17 13:23:00,0.1017,0.2119,0.3136
2020-01-17 13:24:00,0.1582,0.226,0.3843
2020-01-17 13:25:00,0.2149,0.2267,0.4416
2020-01-17 13:26:00,0.2671,0.209,0.4761
2020-01-17 13:27:00,0.3034,0.1449,0.4483
2020-01-17 13:28:00,0.3369,0.1341,0.471
2020-01-17 13:29:00,0.3618,0.0998,0.4617
2020-01-17 13:30:00,0.3801,0.073,0.4531
2020-01-17 13:31:00,0.3909,0.0432,0.4341
2020-01-17 13:32:00,0.4024,0.046,0.4485
2020-01-17 13:33:00,0.4075,0.0205,0.4281
2020-01-17 13:34:00,0.3952,-0.0495,0.3457
2020-01-17 13:35:00,0.3776,-0.0705,0.3071
2020-01-17 13:36:00,0.3578,-0.0789,0.279
2020-01-17 13:37:00,0.338,-0.0794,0.2586
2020-01-17 13:38:00,0.3181,-0.0798,0.2383
2020-01-17 13:39:00,0.2883,-0.119,0.1693
2020-01-17 13:40:00,0.2563,-0.128,0.1283
2020-01-17 13:41:00,0.2255,-0.1232,0.1022
2020-01-17 13:42:00,0.1952,-0.1212,0.074
2020-01-17 13:43:00,0.167,-0.1127,0.0543
2020-01-17 13:44:00,0.1484,-0.0744,0.074
2020-01-17 13:45:00,0.1411,-0.0293,0.1117
2020-01-17 13:46:00,0.1515,0.0417,0.1932
2020-01-17 13:47:00,0.1776,0.1046,0.2822
2020-01-17 13:48:00,0.2146,0.1477,0.3623
2020-01-17 13:49:00,0.248,0.1338,0.3818
2020-01-17 13:50:00,0.2869,0.1554,0.4423
2020-01-17 13:51:00,0.3231,0.145,0.4681
2020-01-17 13:52:00,0.3579,0.1392,0.4971
2020-01-17 13:53:00,0.3954,0.1499,0.5452
2020-01-17 13:54:00,0.4355,0.1603,0.5958
2020-01-17 13:55:00,0.4784,0.1718,0.6502
2020-01-17 13:56:00,0.5281,0.1988,0.727
2020-01-17 13:57:00,0.5785,0.2014,0.7798
2020-01-17 13:58:00,0.6149,0.1458,0.7607
2020-01-17 13:59:00,0.6458,0.1235,0.7693
2020-01-17 14:00:00,0.6857,0.1597,0.8454
2020-01-17 14:01:00,0.7234,0.1506,0.874
2020-01-17 14:02:00,0.7642,0.1634,0.9276
2020-01-17 14:03:00,0.7956,0.1254,0.921
2020-01-17 14:04:00,0.8084,0.0514,0.8598
2020-01-17 14:05:00,0.8125,0.0163,0.8288
2020-01-17 14:06:00,0.8061,-0.0257,0.7803
2020-01-17 14:07:00,0.7936,-0.0498,0.7438
2020-01-17 14:08:00,0.7767,-0.0676,0.7092
2020-01-17 14:09:00,0.7542,-0.0899,0.6643
2020-01-17 14:10:00,0.7196,-0.1386,0.581
2020-01-17 14:11:00,0.6834,-0.1448,0.5385
2020-01-17 14:12:00,0.6361,-0.1891,0.447
2020-01-17 14:13:00,0.5882,-0.1917,0.3964
2020-01-17 14:14:00,0.5414,-0.1871,0.3543
2020-01-17 14:15:00,0.4969,-0.1781,0.3188
2020-01-17 14:16:00,0.4631,-0.135,0.3281
2020-01-17 14:17:00,0.4395,-0.0944,0.3452
2020-01-17 14:18:00,0.4241,-0.0615,0.3626
2020-01-17 14:19:00,0.4104,-0.055,0.3555
2020-01-17 14:20:00,0.392,-0.0734,0.3186
2020-01-17 14:21:00,0.3733,-0.0748,0.2985
2020-01-17 14:22:00,0.3544,-0.0755,0.2789
2020-01-17 14:23:00,0.3304,-0.096,0.2344
2020-01-17 14:24:00,0.2979,-0.1301,0.1678
2020-01-17 14:25:00,0.2671,-0.1231,0.144
2020-01-17 14:26:00,0.2358,-0.1255,0.1103
2020-01-17 14:27:00,0.2088,-0.1078,0.101
2020-01-17 14:28:00,0.1895,-0.0773,0.1122
2020-01-17 14:29:00,0.1704,-0.0761,0.0943
2020-01-17 14:30:00,0.1533,-0.0685,0.0848
2020-01-17 14:31:00,0.1334,-0.0797,0.0537
2020-01-17 14:32:00,0.1027,-0.123,-0.0203
2020-01-17 14:33:00,0.0646,-0.1523,-0.0877
2020-01-17 14:34:00,0.0218,-0.1709,-0.1491
2020-01-17 14:35:00,-0.0123,-0.1367,-0.1491
2020-01-17 14:36:00,-0.0432,-0.1235,-0.1667
2020-01-17 14:37:00,-0.0692,-0.1041,-0.1734
2020-01-17 14:38:00,-0.1009,-0.1268,-0.2277
2020-01-17 14:39:00,-0.1304,-0.1177,-0.2481
2020-01-17 14:40:00,-0.1607,-0.1213,-0.282
2020-01-17 14:41:00,-0.1853,-0.0982,-0.2835
2020-01-17 14:42:00,-0.1977,-0.0496,-0.2473
2020-01-17 14:43:00,-0.2011,-0.0138,-0.2149
2020-01-17 14:44:00,-0.1993,0.0071,-0.1922
2020-01-17 14:45:00,-0.1964,0.0117,-0.1847
2020-01-17 14:46:00,-0.1844,0.0479,-0.1365
2020-01-17 14:47:00,-0.1671,0.0691,-0.098
2020-01-17 14:48:00,-0.1547,0.0497,-0.105
2020-01-17 14:49:00,-0.1412,0.0541,-0.0871
2020-01-17 14:50:00,-0.1242,0.068,-0.0562
2020-01-17 14:51:00,-0.1058,0.0738,-0.032
2020-01-17 14:52:00,-0.0878,0.072,-0.0158
2020-01-17 14:53:00,-0.0754,0.0494,-0.0261
2020-01-17 14:54:00,-0.0672,0.0327,-0.0346
2020-01-17 14:55:00,-0.0605,0.027,-0.0335
2020-01-17 14:56:00,-0.0571,0.0135,-0.0437
2020-01-17 14:57:00,-0.0455,0.0466,0.0011
2020-01-17 14:58:00,-0.0259,0.0784,0.0525
2020-01-17 14:59:00,0.0,0.1036,0.1037
2020-01-17 15:00:00,0.0348,0.1393,0.1742
2020-01-17 15:01:00,0.0737,0.1555,0.2292
2020-01-17 15:02:00,0.1257,0.2077,0.3334
2020-01-17 15:03:00,0.1764,0.2032,0.3796
2020-01-17 15:04:00,0.224,0.1903,0.4144
2020-01-17 15:05:00,0.2616,0.1504,0.412
2020-01-17 15:06:00,0.2959,0.1369,0.4328
2020-01-17 15:07:00,0.3156,0.079,0.3946
2020-01-17 15:08:00,0.3272,0.0465,0.3738
2020-01-17 15:09:00,0.3307,0.0138,0.3444
2020-01-17 15:10:00,0.3256,-0.0205,0.3051
2020-01-17 15:11:00,0.3132,-0.0496,0.2635
2020-01-17 15:12:00,0.2873,-0.1035,0.1838
2020-01-17 15:13:00,0.2542,-0.1325,0.1216
2020-01-17 15:14:00,0.2159,-0.1531,0.0628
2020-01-17 15:15:00,0.18,-0.1434,0.0367
2020-01-17 15:16:00,0.1533,-0.1071,0.0461
2020-01-17 15:17:00,0.1293,-0.0957,0.0336
2020-01-17 15:18:00,0.1099,-0.0775,0.0324
2020-01-17 15:19:00,0.0832,-0.1071,-0.0239
2020-01-17 15:20:00,0.0603,-0.0914,-0.031
2020-01-17 15:21:00,0.028,-0.1294,-0.1014
2020-01-17 15:22:00,-0.0048,-0.1313,-0.1361
2020-01-17 15:23:00,-0.0363,-0.1261,-0.1624
2020-01-17 15:24:00,-0.0669,-0.1221,-0.1889
2020-01-17 15:25:00,-0.0907,-0.0953,-0.186
2020-01-17 15:26:00,-0.1044,-0.055,-0.1595
2020-01-17 15:27:00,-0.1122,-0.0309,-0.143
2020-01-17 15:28:00,-0.1234,-0.045,-0.1684
2020-01-17 15:29:00,-0.1371,-0.0548,-0.1919
2020-01-17 15:30:00,-0.1443,-0.0288,-0.1731
2020-01-17 15:31:00,-0.1488,-0.0179,-0.1667
2020-01-17 15:32:00,-0.1484,0.0014,-0.1471
2020-01-17 15:33:00,-0.1502,-0.0069,-0.1571
2020-01-17 15:34:00,-0.147,0.0126,-0.1345
2020-01-17 15:35:00,-0.1445,0.0101,-0.1344
2020-01-17 15:36:00,-0.1423,0.0087,-0.1336
2020-01-17 15:37:00,-0.1393,0.0119,-0.1274
2020-01-17 15:38:00,-0.139,0.0012,-0.1379
2020-01-17 15:39:00,-0.1376,0.0058,-0.1317
2020-01-17 15:40:00,-0.1366,0.004,-0.1326
2020-01-17 15:41:00,-0.1326,0.016,-0.1166
2020-01-17 15:42:00,-0.1183,0.0571,-0.0613
2020-01-17 15:43:00,-0.095,0.0932,-0.0018
2020-01-17 15:44:00,-0.0717,0.0932,0.0214
2020-01-17 15:45:00,-0.0505,0.0851,0.0346
2020-01-17 15:46:00,-0.0254,0.1001,0.0747
2020-01-17 15:47:00,0.0015,0.1078,0.1093
2020-01-17 15:48:00,0.0295,0.1121,0.1417
2020-01-17 15:49:00,0.0545,0.0999,0.1545
2020-01-17 15:50:00,0.0847,0.1208,0.2056
2020-01-17 15:51:00,0.1156,0.1233,0.2389
2020-01-17 15:52:00,0.1396,0.0963,0.236
2020-01-17 15:53:00,0.1648,0.1008,0.2656
2020-01-17 15:54:00,0.1846,0.0789,0.2635
2020-01-17 15:55:00,0.2005,0.0639,0.2644
2020-01-17 15:56:00,0.2167,0.0644,0.2811
2020-01-17 15:57:00,0.2325,0.0634,0.2959
2020-01-17 15:58:00,0.2481,0.0624,0.3105
2020-01-17 15:59:00,0.2607,0.0505,0.3113
2020-01-17 16:00:00,0.2727,0.0476,0.3203
