date,SMA
2020-01-13 09:38:00,500.3769
2020-01-13 09:39:00,500.917
2020-01-13 09:40:00,501.4629
2020-01-13 09:41:00,501.3232
2020-01-13 09:42:00,500.7996
2020-01-13 09:43:00,500.5525
2020-01-13 09:44:00,500.3139
2020-01-13 09:45:00,500.1301
2020-01-13 09:46:00,499.9187
2020-01-13 09:47:00,499.5649
2020-01-13 09:48:00,499.2641
2020-01-13 09:49:00,499.2378
2020-01-13 09:50:00,499.3715
2020-01-13 09:51:00,499.1491
2020-01-13 09:52:00,499.1647
2020-01-13 09:53:00,499.1784
2020-01-13 09:54:00,498.9237
2020-01-13 09:55:00,498.718
2020-01-13 09:56:00,498.6026
2020-01-13 09:57:00,498.4664
2020-01-13 09:58:00,498.6578
2020-01-13 09:59:00,499.0677
2020-01-13 10:00:00,499.3165
2020-01-13 10:01:00,499.592
2020-01-13 10:02:00,499.9917
2020-01-13 10:03:00,500.4398
2020-01-13 10:04:00,501.0412
2020-01-13 10:05:00,501.53
2020-01-13 10:06:00,501.9541
2020-01-13 10:07:00,502.4016
2020-01-13 10:08:00,502.8291
2020-01-13 10:09:00,503.296
2020-01-13 10:10:00,503.583
2020-01-13 10:11:00,503.9105
2020-01-13 10:12:00,503.9715
2020-01-13 10:13:00,504.1388
2020-01-13 10:14:00,504.1344
2020-01-13 10:15:00,504.0913
2020-01-13 10:16:00,504.0751
2020-01-13 10:17:00,504.0448
2020-01-13 10:18:00,504.0396
2020-01-13 10:19:00,503.9108
2020-01-13 10:20:00,503.8526
2020-01-13 10:21:00,503.695
2020-01-13 10:22:00,503.4241
2020-01-13 10:23:00,503.3672
2020-01-13 10:24:00,503.2452
2020-01-13 10:25:00,503.0867
2020-01-13 10:26:00,502.9978
2020-01-13 10:27:00,502.9741
2020-01-13 10:28:00,503.0078
2020-01-13 10:29:00,503.1523
2020-01-13 10:30:00,503.4348
2020-01-13 10:31:00,503.6085
2020-01-13 10:32:00,503.775
2020-01-13 10:33:00,503.9137
2020-01-13 10:34:00,504.0088
2020-01-13 10:35:00,504.1551
2020-01-13 10:36:00,504.3146
2020-01-13 10:37:00,504.2908
2020-01-13 10:38:00,504.2457
2020-01-13 10:39:00,504.2526
2020-01-13 10:40:00,504.222
2020-01-13 10:41:00,504.0629
2020-01-13 10:42:00,504.0227
2020-01-13 10:43:00,503.9741
2020-01-13 10:44:00,503.7847
2020-01-13 10:45:00,503.5862
2020-01-13 10:46:00,503.3399
2020-01-13 10:47:00,503.1211
2020-01-13 10:48:00,502.9573
2020-01-13 10:49:00,502.9557
2020-01-13 10:50:00,502.8732
2020-01-13 10:51:00,502.868
2020-01-13 10:52:00,502.9718
2020-01-13 10:53:00,503.1573
2020-01-13 10:54:00,503.3621
2020-01-13 10:55:00,503.4615
2020-01-13 10:56:00,503.5303
2020-01-13 10:57:00,503.6173
2020-01-13 10:58:00,503.6373
2020-01-13 10:59:00,503.5609
2020-01-13 11:04:00,503.5591
2020-01-13 11:05:00,503.5829
2020-01-13 11:06:00,503.6032
2020-01-13 11:07:00,503.5843
2020-01-13 11:08:00,503.6793
2020-01-13 11:09:00,503.8003
2020-01-13 11:10:00,503.9011
2020-01-13 11:11:00,504.0929
2020-01-13 11:12:00,504.2272
2020-01-13 11:13:00,504.3292
2020-01-13 11:14:00,504.3966
2020-01-13 11:15:00,504.5029
2020-01-13 11:16:00,504.6967
2020-01-13 11:17:00,504.7845
2020-01-13 11:18:00,505.0326
2020-01-13 11:19:00,505.2633
2020-01-13 11:20:00,505.4783
2020-01-13 11:21:00,505.791
2020-01-13 11:22:00,506.1223
2020-01-13 11:23:00,506.4697
2020-01-13 11:24:00,506.6485
2020-01-13 11:25:00,506.951
2020-01-13 11:26:00,507.1533
2020-01-13 11:27:00,507.3227
2020-01-13 11:28:00,507.4277
2020-01-13 11:29:00,507.2705
2020-01-13 11:30:00,507.2674
2020-01-13 11:31:00,507.3794
2020-01-13 11:32:00,507.3887
2020-01-13 11:33:00,507.3875
2020-01-13 11:34:00,507.4551
2020-01-13 11:35:00,507.5359
2020-01-13 11:36:00,507.6534
2020-01-13 11:37:00,507.9769
2020-01-13 11:38:00,508.2596
2020-01-13 11:39:00,508.4627
2020-01-13 11:40:00,508.697
2020-01-13 11:41:00,508.8439
2020-01-13 11:42:00,509.0355
2020-01-13 11:43:00,509.159
2020-01-13 11:44:00,509.3303
2020-01-13 11:45:00,509.3148
2020-01-13 11:46:00,509.2637
2020-01-13 11:47:00,509.0806
2020-01-13 11:48:00,509.0762
2020-01-13 11:49:00,509.0893
2020-01-13 11:50:00,509.0172
2020-01-13 11:51:00,508.9385
2020-01-13 11:52:00,508.7885
2020-01-13 11:53:00,508.7961
2020-01-13 11:54:00,508.7739
2020-01-13 11:57:00,508.9022
2020-01-13 11:58:00,508.9143
2020-01-13 11:59:00,508.9956
2020-01-13 12:00:00,509.0773
2020-01-13 12:01:00,509.2187
2020-01-13 12:02:00,509.5549
2020-01-13 12:03:00,509.9868
2020-01-13 12:04:00,510.723
2020-01-13 12:05:00,511.4043
2020-01-13 12:06:00,512.0218
2020-01-13 12:07:00,512.503
2020-01-13 12:08:00,513.0218
2020-01-13 12:09:00,513.5804
2020-01-13 12:10:00,514.0415
2020-01-13 12:11:00,514.5826
2020-01-13 12:12:00,514.939
2020-01-13 12:13:00,515.3763
2020-01-13 12:14:00,515.7898
2020-01-13 12:15:00,516.2248
2020-01-13 12:16:00,516.6861
2020-01-13 12:17:00,516.9973
2020-01-13 12:18:00,517.225
2020-01-13 12:19:00,517.4464
2020-01-13 12:20:00,517.5534
2020-01-13 12:21:00,517.5682
2020-01-13 12:22:00,517.6558
2020-01-13 12:23:00,517.7568
2020-01-13 12:24:00,517.7368
2020-01-13 12:25:00,517.7164
2020-01-13 12:26:00,517.6293
2020-01-13 12:27:00,517.4007
2020-01-13 12:28:00,517.1585
2020-01-13 12:29:00,516.915
2020-01-13 12:30:00,516.598
2020-01-13 12:31:00,516.3102
2020-01-13 12:32:00,516.1242
2020-01-13 12:33:00,516.1608
2020-01-13 12:34:00,516.2644
2020-01-13 12:35:00,516.3493
2020-01-13 12:36:00,516.3551
2020-01-13 12:37:00,516.3538
2020-01-13 12:38:00,516.4796
2020-01-13 12:39:00,516.6987
2020-01-13 12:40:00,516.881
2020-01-13 12:41:00,516.8185
2020-01-13 12:42:00,516.7918
2020-01-13 12:43:00,516.7491
2020-01-13 12:44:00,516.6732
2020-01-13 12:45:00,516.6029
2020-01-13 12:46:00,516.5092
2020-01-13 12:47:00,516.435
2020-01-13 12:48:00,516.3495
2020-01-13 12:49:00,516.377
2020-01-13 12:50:00,516.4148
2020-01-13 12:51:00,516.4611
2020-01-13 12:52:00,516.575
2020-01-13 12:53:00,516.6996
2020-01-13 12:54:00,516.8221
2020-01-13 12:55:00,516.8144
2020-01-13 12:56:00,516.8287
2020-01-13 12:57:00,516.836
2020-01-13 12:58:00,516.8282
2020-01-13 12:59:00,516.9958
2020-01-13 13:00:00,517.1095
2020-01-13 13:01:00,517.3184
2020-01-13 13:02:00,517.4274
2020-01-13 13:03:00,517.6142
2020-01-13 13:04:00,517.8279
2020-01-13 13:05:00,518.0656
2020-01-13 13:06:00,518.2096
2020-01-13 13:07:00,518.2121
2020-01-13 13:08:00,518.3148
2020-01-13 13:09:00,518.373
2020-01-13 13:10:00,518.6114
2020-01-13 13:11:00,518.7475
2020-01-13 13:12:00,518.8925
2020-01-13 13:13:00,519.0215
2020-01-13 13:14:00,519.2321
2020-01-13 13:15:00,519.3603
2020-01-13 13:16:00,519.3663
2020-01-13 13:17:00,519.3388
2020-01-13 13:18:00,519.2705
2020-01-13 13:19:00,519.2269
2020-01-13 13:20:00,519.1607
2020-01-13 13:21:00,519.1105
2020-01-13 13:22:00,519.0942
2020-01-13 13:23:00,519.0998
2020-01-13 13:24:00,519.1936
2020-01-13 13:25:00,519.2745
2020-01-13 13:26:00,519.2203
2020-01-13 13:27:00,519.0975
2020-01-13 13:28:00,518.9375
2020-01-13 13:29:00,518.7386
2020-01-13 13:30:00,518.593
2020-01-13 13:31:00,518.3467
2020-01-13 13:32:00,518.0244
2020-01-13 13:33:00,517.7547
2020-01-13 13:34:00,517.5906
2020-01-13 13:35:00,517.4121
2020-01-13 13:36:00,517.1784
2020-01-13 13:37:00,516.9746
2020-01-13 13:38:00,516.5709
2020-01-13 13:39:00,516.2209
2020-01-13 13:40:00,516.0207
2020-01-13 13:41:00,515.8507
2020-01-13 13:42:00,515.7373
2020-01-13 13:43:00,515.8348
2020-01-13 13:44:00,515.9396
2020-01-13 13:45:00,515.9185
2020-01-13 13:46:00,516.0752
2020-01-13 13:47:00,516.2881
2020-01-13 13:48:00,516.4968
2020-01-13 13:49:00,516.6631
2020-01-13 13:50:00,516.6531
2020-01-13 13:51:00,516.4981
2020-01-13 13:52:00,516.4754
2020-01-13 13:53:00,516.5852
2020-01-13 13:54:00,516.5961
2020-01-13 13:55:00,516.5969
2020-01-13 13:56:00,516.5483
2020-01-13 13:57:00,516.4506
2020-01-13 13:58:00,516.3094
2020-01-13 13:59:00,516.2183
2020-01-13 14:00:00,516.0374
2020-01-13 14:01:00,515.9164
2020-01-13 14:02:00,515.8395
2020-01-13 14:03:00,515.8323
2020-01-13 14:04:00,515.819
2020-01-13 14:05:00,515.8004
2020-01-13 14:06:00,515.8892
2020-01-13 14:07:00,515.9366
2020-01-13 14:08:00,516.06
2020-01-13 14:09:00,516.24
2020-01-13 14:10:00,516.4368
2020-01-13 14:11:00,516.5678
2020-01-13 14:12:00,516.7147
2020-01-13 14:13:00,516.867
2020-01-13 14:14:00,517.0882
2020-01-13 14:15:00,517.2845
2020-01-13 14:16:00,517.466
2020-01-13 14:17:00,517.5054
2020-01-13 14:18:00,517.5261
2020-01-13 14:19:00,517.6013
2020-01-13 14:20:00,517.6344
2020-01-13 14:21:00,517.6759
2020-01-13 14:22:00,517.6346
2020-01-13 14:23:00,517.5371
2020-01-13 14:24:00,517.3534
2020-01-13 14:25:00,517.1765
2020-01-13 14:26:00,517.0083
2020-01-13 14:27:00,516.8494
2020-01-13 14:28:00,516.705
2020-01-13 14:29:00,516.593
2020-01-13 14:30:00,516.5418
2020-01-13 14:31:00,516.5968
2020-01-13 14:32:00,516.7606
2020-01-13 14:33:00,516.9362
2020-01-13 14:34:00,517.111
2020-01-13 14:35:00,517.2566
2020-01-13 14:36:00,517.4093
2020-01-13 14:37:00,517.4875
2020-01-13 14:38:00,517.5602
2020-01-13 14:39:00,517.6684
2020-01-13 14:40:00,517.6859
2020-01-13 14:41:00,517.734
2020-01-13 14:42:00,517.7067
2020-01-13 14:43:00,517.6261
2020-01-13 14:44:00,517.5471
2020-01-13 14:45:00,517.4834
2020-01-13 14:46:00,517.3444
2020-01-13 14:47:00,517.2098
2020-01-13 14:48:00,517.1498
2020-01-13 14:49:00,517.0347
2020-01-13 14:50:00,517.0435
2020-01-13 14:51:00,517.131
2020-01-13 14:52:00,517.2635
2020-01-13 14:53:00,517.42
2020-01-13 14:54:00,517.7119
2020-01-13 14:55:00,517.9008
2020-01-13 14:56:00,518.108
2020-01-13 14:57:00,518.2638
2020-01-13 14:58:00,518.3576
2020-01-13 14:59:00,518.3876
2020-01-13 15:00:00,518.3413
2020-01-13 15:01:00,518.3048
2020-01-13 15:02:00,518.172
2020-01-13 15:03:00,518.1558
2020-01-13 15:04:00,518.0948
2020-01-13 15:05:00,518.0897
2020-01-13 15:06:00,518.0414
2020-01-13 15:07:00,518.0327
2020-01-13 15:08:00,518.0235
2020-01-13 15:09:00,517.9402
2020-01-13 15:10:00,517.8211
2020-01-13 15:11:00,517.6649
2020-01-13 15:12:00,517.4843
2020-01-13 15:13:00,517.2155
2020-01-13 15:14:00,517.0288
2020-01-13 15:15:00,516.8226
2020-01-13 15:16:00,516.6858
2020-01-13 15:17:00,516.6511
2020-01-13 15:18:00,516.7311
2020-01-13 15:19:00,516.8336
2020-01-13 15:20:00,516.9007
2020-01-13 15:21:00,517.0551
2020-01-13 15:22:00,517.2339
2020-01-13 15:23:00,517.3877
2020-01-13 15:24:00,517.5598
2020-01-13 15:25:00,517.7134
2020-01-13 15:26:00,517.8147
2020-01-13 15:27:00,517.8709
2020-01-13 15:28:00,518.0379
2020-01-13 15:29:00,518.2175
2020-01-13 15:30:00,518.3986
2020-01-13 15:31:00,518.6786
2020-01-13 15:32:00,518.8936
2020-01-13 15:33:00,519.0505
2020-01-13 15:34:00,519.2068
2020-01-13 15:35:00,519.402
2020-01-13 15:36:00,519.6611
2020-01-13 15:37:00,519.934
2020-01-13 15:38:00,520.1748
2020-01-13 15:39:00,520.5161
2020-01-13 15:40:00,520.8166
2020-01-13 15:41:00,521.1029
2020-01-13 15:42:00,521.3354
2020-01-13 15:43:00,521.6251
2020-01-13 15:44:00,521.8451
2020-01-13 15:45:00,522.1101
2020-01-13 15:46:00,522.3697
2020-01-13 15:47:00,522.4897
2020-01-13 15:48:00,522.7294
2020-01-13 15:49:00,523.0831
2020-01-13 15:50:00,523.4769
2020-01-13 15:51:00,523.7844
2020-01-13 15:52:00,523.8856
2020-01-13 15:53:00,524.0186
2020-01-13 15:54:00,524.1937
2020-01-13 15:55:00,524.3413
2020-01-13 15:56:00,524.5087
2020-01-13 15:57:00,524.5845
2020-01-13 15:58:00,524.5483
2020-01-13 15:59:00,524.5551
2020-01-13 16:00:00,524.7401
2020-01-14 09:31:00,527.4234
2020-01-14 09:32:00,529.8754
2020-01-14 09:33:00,532.0916
2020-01-14 09:34:00,534.3162
2020-01-14 09:35:00,536.2241
2020-01-14 09:36:00,538.2203
2020-01-14 09:37:00,539.7397
2020-01-14 09:38:00,540.8264
2020-01-14 09:39:00,539.8789
2020-01-14 09:40:00,539.0114
2020-01-14 09:41:00,538.0878
2020-01-14 09:42:00,537.1705
2020-01-14 09:43:00,536.6817
2020-01-14 09:44:00,536.5005
2020-01-14 09:45:00,537.0
2020-01-14 09:46:00,538.0416
2020-01-14 09:47:00,538.6472
2020-01-14 09:48:00,539.3166
2020-01-14 09:49:00,539.8015
2020-01-14 09:50:00,540.0016
2020-01-14 09:51:00,540.2491
2020-01-14 09:52:00,539.7316
2020-01-14 09:53:00,538.7141
2020-01-14 09:54:00,537.697
2020-01-14 09:55:00,536.4149
2020-01-14 09:56:00,534.9155
2020-01-14 09:57:00,533.3397
2020-01-14 09:58:00,532.1247
2020-01-14 09:59:00,530.4422
2020-01-14 10:00:00,529.5309
2020-01-14 10:01:00,529.2668
2020-01-14 10:02:00,528.8643
2020-01-14 10:03:00,528.7645
2020-01-14 10:04:00,528.7918
2020-01-14 10:05:00,529.7452
2020-01-14 10:06:00,530.598
2020-01-14 10:07:00,531.6119
2020-01-14 10:08:00,532.339
2020-01-14 10:09:00,532.8398
2020-01-14 10:10:00,533.4136
2020-01-14 10:11:00,533.6199
2020-01-14 10:12:00,533.9812
2020-01-14 10:13:00,533.6525
2020-01-14 10:14:00,533.2897
2020-01-14 10:15:00,533.3389
2020-01-14 10:16:00,533.1968
2020-01-14 10:17:00,533.1062
2020-01-14 10:18:00,533.2749
2020-01-14 10:19:00,533.6728
2020-01-14 10:20:00,534.2779
2020-01-14 10:21:00,535.0693
2020-01-14 10:22:00,536.068
2020-01-14 10:23:00,536.8012
2020-01-14 10:24:00,537.6529
2020-01-14 10:25:00,538.6223
2020-01-14 10:26:00,539.317
2020-01-14 10:27:00,539.7563
2020-01-14 10:28:00,540.0682
2020-01-14 10:29:00,540.6055
2020-01-14 10:30:00,540.7268
2020-01-14 10:31:00,540.8665
2020-01-14 10:32:00,541.0453
2020-01-14 10:33:00,540.7344
2020-01-14 10:34:00,540.3968
2020-01-14 10:35:00,540.2716
2020-01-14 10:36:00,540.2647
2020-01-14 10:37:00,539.9776
2020-01-14 10:38:00,539.7501
2020-01-14 10:39:00,539.4402
2020-01-14 10:40:00,539.0586
2020-01-14 10:41:00,538.909
2020-01-14 10:42:00,538.6971
2020-01-14 10:43:00,538.3914
2020-01-14 10:44:00,537.8823
2020-01-14 10:45:00,537.7451
2020-01-14 10:46:00,537.6251
2020-01-14 10:47:00,537.6675
2020-01-14 10:48:00,537.5263
2020-01-14 10:49:00,537.2449
2020-01-14 10:50:00,536.9569
2020-01-14 10:51:00,536.8844
2020-01-14 10:52:00,536.6747
2020-01-14 10:53:00,535.9849
2020-01-14 10:54:00,535.3774
2020-01-14 10:55:00,534.8901
2020-01-14 10:56:00,534.6024
2020-01-14 10:57:00,534.4615
2020-01-14 10:58:00,534.379
2020-01-14 10:59:00,534.1159
2020-01-14 11:00:00,533.9797
2020-01-14 11:01:00,534.4082
2020-01-14 11:02:00,534.9262
2020-01-14 11:03:00,535.2247
2020-01-14 11:04:00,535.557
2020-01-14 11:06:00,535.9793
2020-01-14 11:07:00,536.418
2020-01-14 11:08:00,536.7758
2020-01-14 11:09:00,537.1931
2020-01-14 11:10:00,537.4786
2020-01-14 11:11:00,537.7498
2020-01-14 11:12:00,538.0239
2020-01-14 11:13:00,538.185
2020-01-14 11:14:00,538.2906
2020-01-14 11:15:00,538.3107
2020-01-14 11:16:00,538.3336
2020-01-14 11:17:00,538.2712
2020-01-14 11:18:00,538.2087
2020-01-14 11:19:00,538.0469
2020-01-14 11:20:00,537.8419
2020-01-14 11:21:00,537.8317
2020-01-14 11:22:00,537.4355
2020-01-14 11:23:00,537.1995
2020-01-14 11:24:00,537.2007
2020-01-14 11:25:00,537.1739
2020-01-14 11:26:00,536.9514
2020-01-14 11:27:00,536.8412
2020-01-14 11:28:00,536.6981
2020-01-14 11:29:00,536.4055
2020-01-14 11:30:00,536.4305
2020-01-14 11:31:00,536.439
2020-01-14 11:32:00,536.3272
2020-01-14 11:33:00,536.154
2020-01-14 11:34:00,536.1915
2020-01-14 11:35:00,535.9917
2020-01-14 11:36:00,535.8391
2020-01-14 11:37:00,535.7659
2020-01-14 11:38:00,535.8155
2020-01-14 11:39:00,535.7106
2020-01-14 11:40:00,535.59
2020-01-14 11:41:00,535.604
2020-01-14 11:42:00,535.1834
2020-01-14 11:43:00,534.8222
2020-01-14 11:44:00,534.3654
2020-01-14 11:45:00,534.0412
2020-01-14 11:46:00,533.6286
2020-01-14 11:47:00,533.3137
2020-01-14 11:48:00,532.9914
2020-01-14 11:49:00,532.8411
2020-01-14 11:50:00,532.9247
2020-01-14 11:51:00,533.0496
2020-01-14 11:52:00,533.4447
2020-01-14 11:53:00,533.6876
2020-01-14 11:54:00,533.7728
2020-01-14 11:55:00,533.7878
2020-01-14 11:56:00,533.8782
2020-01-14 11:57:00,533.6595
2020-01-14 11:58:00,533.4407
2020-01-14 11:59:00,533.1757
2020-01-14 12:00:00,532.812
2020-01-14 12:01:00,532.5845
2020-01-14 12:02:00,532.3461
2020-01-14 12:03:00,532.1895
2020-01-14 12:04:00,532.2027
2020-01-14 12:05:00,532.3447
2020-01-14 12:06:00,532.3767
2020-01-14 12:07:00,532.5476
2020-01-14 12:08:00,532.7113
2020-01-14 12:09:00,532.8414
2020-01-14 12:10:00,533.2364
2020-01-14 12:11:00,533.7051
2020-01-14 12:12:00,533.9818
2020-01-14 12:13:00,534.1857
2020-01-14 12:14:00,534.5042
2020-01-14 12:15:00,534.801
2020-01-14 12:16:00,535.1085
2020-01-14 12:17:00,535.3016
2020-01-14 12:18:00,535.4113
2020-01-14 12:19:00,535.3841
2020-01-14 12:20:00,535.5448
2020-01-14 12:21:00,535.7702
2020-01-14 12:22:00,536.1821
2020-01-14 12:23:00,536.6417
2020-01-14 12:24:00,536.9621
2020-01-14 12:25:00,537.3281
2020-01-14 12:26:00,537.7059
2020-01-14 12:27:00,537.9897
2020-01-14 12:28:00,538.1272
2020-01-14 12:29:00,538.1377
2020-01-14 12:30:00,537.7777
2020-01-14 12:31:00,537.4723
2020-01-14 12:32:00,537.3469
2020-01-14 12:33:00,537.2875
2020-01-14 12:34:00,537.045
2020-01-14 12:35:00,536.9869
2020-01-14 12:36:00,536.8182
2020-01-14 12:37:00,536.9082
2020-01-14 12:38:00,537.259
2020-01-14 12:39:00,537.4576
2020-01-14 12:40:00,537.6157
2020-01-14 12:41:00,537.6347
2020-01-14 12:42:00,537.7647
2020-01-14 12:43:00,537.6785
2020-01-14 12:44:00,537.7144
2020-01-14 12:45:00,537.6202
2020-01-14 12:46:00,537.4377
2020-01-14 12:47:00,537.2861
2020-01-14 12:48:00,537.1516
2020-01-14 12:49:00,537.1149
2020-01-14 12:50:00,537.0849
2020-01-14 12:51:00,537.088
2020-01-14 12:52:00,537.1075
2020-01-14 12:53:00,537.0441
2020-01-14 12:54:00,536.9516
2020-01-14 12:55:00,536.8052
2020-01-14 12:56:00,536.7713
2020-01-14 12:57:00,536.7429
2020-01-14 12:58:00,536.7092
2020-01-14 12:59:00,536.7567
2020-01-14 13:00:00,536.7663
2020-01-14 13:01:00,536.8897
2020-01-14 13:02:00,537.2824
2020-01-14 13:03:00,537.9824
2020-01-14 13:04:00,538.6589
2020-01-14 13:05:00,539.3599
2020-01-14 13:06:00,539.9562
2020-01-14 13:07:00,540.6212
2020-01-14 13:08:00,541.3651
2020-01-14 13:09:00,542.0489
2020-01-14 13:10:00,542.3973
2020-01-14 13:11:00,542.5486
2020-01-14 13:12:00,542.4701
2020-01-14 13:13:00,542.449
2020-01-14 13:14:00,542.4728
2020-01-14 13:15:00,542.4891
2020-01-14 13:16:00,542.402
2020-01-14 13:17:00,542.3036
2020-01-14 13:18:00,542.2662
2020-01-14 13:19:00,542.0624
2020-01-14 13:20:00,541.932
2020-01-14 13:21:00,541.7706
2020-01-14 13:22:00,541.6304
2020-01-14 13:23:00,541.529
2020-01-14 13:24:00,541.4397
2020-01-14 13:25:00,541.3075
2020-01-14 13:26:00,541.2189
2020-01-14 13:27:00,541.4114
2020-01-14 13:28:00,541.6514
2020-01-14 13:29:00,542.0115
2020-01-14 13:30:00,542.3999
2020-01-14 13:31:00,542.736
2020-01-14 13:32:00,543.1985
2020-01-14 13:33:00,543.5402
2020-01-14 13:34:00,544.0846
2020-01-14 13:35:00,544.6096
2020-01-14 13:36:00,545.0543
2020-01-14 13:37:00,544.8883
2020-01-14 13:38:00,544.6024
2020-01-14 13:39:00,544.2985
2020-01-14 13:44:00,543.4123
2020-01-14 13:45:00,542.8948
2020-01-14 13:46:00,542.0884
2020-01-14 13:47:00,541.1945
2020-01-14 13:48:00,540.4054
2020-01-14 13:49:00,540.0707
2020-01-14 13:50:00,539.9848
2020-01-14 13:51:00,539.8357
2020-01-14 13:52:00,540.1707
2020-01-14 13:53:00,540.2665
2020-01-14 13:54:00,540.3923
2020-01-14 13:55:00,540.48
2020-01-14 13:56:00,540.3035
2020-01-14 13:57:00,540.2649
2020-01-14 13:58:00,540.0712
2020-01-14 13:59:00,540.0104
2020-01-14 14:00:00,539.8442
2020-01-14 14:01:00,539.7831
2020-01-14 14:02:00,539.8992
2020-01-14 14:03:00,539.8057
2020-01-14 14:04:00,539.7378
2020-01-14 14:05:00,539.6286
2020-01-14 14:06:00,539.5022
2020-01-14 14:07:00,539.3483
2020-01-14 14:08:00,539.342
2020-01-14 14:09:00,538.9836
2020-01-14 14:10:00,538.6456
2020-01-14 14:11:00,538.5216
2020-01-14 14:12:00,538.4868
2020-01-14 14:13:00,538.1339
2020-01-14 14:14:00,537.7402
2020-01-14 14:15:00,537.4773
2020-01-14 14:16:00,537.3611
2020-01-14 14:17:00,537.398
2020-01-14 14:18:00,537.2893
2020-01-14 14:19:00,537.2131
2020-01-14 14:20:00,537.2667
2020-01-14 14:21:00,537.5507
2020-01-14 14:22:00,537.9173
2020-01-14 14:23:00,538.1401
2020-01-14 14:24:00,538.1664
2020-01-14 14:25:00,538.3281
2020-01-14 14:26:00,538.5604
2020-01-14 14:27:00,538.9445
2020-01-14 14:28:00,539.2924
2020-01-14 14:29:00,539.6247
2020-01-14 14:30:00,540.0478
2020-01-14 14:31:00,540.284
2020-01-14 14:32:00,540.6091
2020-01-14 14:33:00,540.9111
2020-01-14 14:34:00,541.1408
2020-01-14 14:35:00,541.0691
2020-01-14 14:36:00,540.8899
2020-01-14 14:37:00,540.8533
2020-01-14 14:38:00,540.8083
2020-01-14 14:39:00,540.8814
2020-01-14 14:40:00,540.7828
2020-01-14 14:41:00,540.7304
2020-01-14 14:42:00,540.8131
2020-01-14 14:43:00,541.0773
2020-01-14 14:44:00,541.5377
2020-01-14 14:45:00,541.8871
2020-01-14 14:46:00,541.9979
2020-01-14 14:47:00,542.2103
2020-01-14 14:48:00,542.4361
2020-01-14 14:49:00,542.6007
2020-01-14 14:50:00,542.7129
2020-01-14 14:51:00,542.7181
2020-01-14 14:52:00,542.594
2020-01-14 14:53:00,542.3766
2020-01-14 14:54:00,542.2831
2020-01-14 14:55:00,542.1094
2020-01-14 14:56:00,541.9318
2020-01-14 14:57:00,541.844
2020-01-14 14:58:00,541.809
2020-01-14 14:59:00,541.577
2020-01-14 15:00:00,541.3831
2020-01-14 15:01:00,541.2166
2020-01-14 15:02:00,541.0909
2020-01-14 15:03:00,541.1084
2020-01-14 15:04:00,541.2359
2020-01-14 15:05:00,541.232
2020-01-14 15:06:00,541.167
2020-01-14 15:07:00,541.3041
2020-01-14 15:08:00,541.4816
2020-01-14 15:09:00,541.6287
2020-01-14 15:10:00,541.7284
2020-01-14 15:11:00,541.6716
2020-01-14 15:12:00,541.4976
2020-01-14 15:13:00,541.3903
2020-01-14 15:14:00,541.264
2020-01-14 15:15:00,541.2056
2020-01-14 15:16:00,541.2245
2020-01-14 15:17:00,541.2627
2020-01-14 15:18:00,541.2659
2020-01-14 15:19:00,541.3048
2020-01-14 15:20:00,541.3452
2020-01-14 15:21:00,541.514
2020-01-14 15:22:00,541.596
2020-01-14 15:23:00,541.6607
2020-01-14 15:24:00,541.6293
2020-01-14 15:25:00,541.6311
2020-01-14 15:26:00,541.7424
2020-01-14 15:27:00,541.6192
2020-01-14 15:28:00,541.6528
2020-01-14 15:29:00,541.4191
2020-01-14 15:30:00,541.2608
2020-01-14 15:31:00,541.0077
2020-01-14 15:32:00,540.8327
2020-01-14 15:33:00,540.637
2020-01-14 15:34:00,540.3976
2020-01-14 15:35:00,540.3014
2020-01-14 15:36:00,539.9887
2020-01-14 15:37:00,539.7431
2020-01-14 15:38:00,539.5798
2020-01-14 15:39:00,539.4402
2020-01-14 15:40:00,539.2276
2020-01-14 15:41:00,539.1451
2020-01-14 15:42:00,539.0239
2020-01-14 15:43:00,539.0989
2020-01-14 15:44:00,539.3189
2020-01-14 15:45:00,539.5421
2020-01-14 15:46:00,539.6666
2020-01-14 15:47:00,539.8402
2020-01-14 15:48:00,540.0084
2020-01-14 15:49:00,540.0335
2020-01-14 15:50:00,540.0835
2020-01-14 15:51:00,539.8635
2020-01-14 15:52:00,539.4662
2020-01-14 15:53:00,539.125
2020-01-14 15:54:00,538.7836
2020-01-14 15:55:00,538.5046
2020-01-14 15:56:00,538.2265
2020-01-14 15:57:00,537.9892
2020-01-14 15:58:00,537.7992
2020-01-14 15:59:00,537.792
2020-01-14 16:00:00,537.8667
2020-01-15 09:31:00,536.9472
2020-01-15 09:32:00,536.3223
2020-01-15 09:33:00,535.3851
2020-01-15 09:34:00,534.4163
2020-01-15 09:35:00,533.4723
2020-01-15 09:36:00,532.8136
2020-01-15 09:37:00,531.982
2020-01-15 09:38:00,531.1658
2020-01-15 09:39:00,531.1765
2020-01-15 09:40:00,531.0103
2020-01-15 09:41:00,530.825
2020-01-15 09:42:00,530.535
2020-01-15 09:43:00,529.6563
2020-01-15 09:44:00,528.7925
2020-01-15 09:45:00,528.1188
2020-01-15 09:46:00,527.405
2020-01-15 09:47:00,527.1298
2020-01-15 09:48:00,526.8148
2020-01-15 09:49:00,526.7917
2020-01-15 09:50:00,526.9547
2020-01-15 09:51:00,527.7582
2020-01-15 09:52:00,528.1257
2020-01-15 09:53:00,528.4307
2020-01-15 09:54:00,528.9588
2020-01-15 09:55:00,529.3803
2020-01-15 09:56:00,529.6728
2020-01-15 09:57:00,529.7899
2020-01-15 09:58:00,529.7937
2020-01-15 09:59:00,529.7563
2020-01-15 10:00:00,529.9126
2020-01-15 10:01:00,529.9651
2020-01-15 10:02:00,530.1382
2020-01-15 10:03:00,530.2294
2020-01-15 10:04:00,530.5665
2020-01-15 10:05:00,531.175
2020-01-15 10:06:00,531.9362
2020-01-15 10:07:00,532.4752
2020-01-15 10:08:00,533.039
2020-01-15 10:09:00,533.9087
2020-01-15 10:10:00,534.5962
2020-01-15 10:11:00,535.2098
2020-01-15 10:12:00,535.6196
2020-01-15 10:13:00,535.8084
2020-01-15 10:14:00,535.8008
2020-01-15 10:15:00,536.001
2020-01-15 10:16:00,535.9729
2020-01-15 10:17:00,535.8057
2020-01-15 10:18:00,535.7481
2020-01-15 10:19:00,535.6704
2020-01-15 10:20:00,535.4235
2020-01-15 10:21:00,535.2149
2020-01-15 10:22:00,535.0993
2020-01-15 10:23:00,534.8089
2020-01-15 10:24:00,534.5492
2020-01-15 10:25:00,534.2622
2020-01-15 10:26:00,533.8834
2020-01-15 10:27:00,533.4586
2020-01-15 10:28:00,533.2412
2020-01-15 10:29:00,533.1339
2020-01-15 10:30:00,532.9489
2020-01-15 10:31:00,533.1129
2020-01-15 10:32:00,533.3969
2020-01-15 10:33:00,533.6187
2020-01-15 10:34:00,533.6954
2020-01-15 10:35:00,533.6908
2020-01-15 10:36:00,533.6583
2020-01-15 10:37:00,533.7075
2020-01-15 10:38:00,533.9437
2020-01-15 10:39:00,533.935
2020-01-15 10:40:00,533.8775
2020-01-15 10:41:00,533.9484
2020-01-15 10:42:00,534.0675
2020-01-15 10:43:00,534.2483
2020-01-15 10:44:00,534.457
2020-01-15 10:45:00,534.429
2020-01-15 10:46:00,534.1987
2020-01-15 10:47:00,533.9662
2020-01-15 10:48:00,533.6573
2020-01-15 10:49:00,533.1739
2020-01-15 10:50:00,532.7347
2020-01-15 10:51:00,532.5734
2020-01-15 10:52:00,532.3834
2020-01-15 10:53:00,532.1689
2020-01-15 10:54:00,532.0791
2020-01-15 10:55:00,531.9766
2020-01-15 10:56:00,532.0336
2020-01-15 10:57:00,532.1465
2020-01-15 10:58:00,532.2252
2020-01-15 10:59:00,532.1202
2020-01-15 11:00:00,531.959
2020-01-15 11:01:00,531.7846
2020-01-15 11:02:00,531.4921
2020-01-15 11:03:00,531.5283
2020-01-15 11:04:00,531.424
2020-01-15 11:05:00,531.3352
2020-01-15 11:06:00,531.1673
2020-01-15 11:07:00,531.006
2020-01-15 11:08:00,530.9118
2020-01-15 11:09:00,530.9122
2020-01-15 11:10:00,530.9485
2020-01-15 11:11:00,530.7083
2020-01-15 11:12:00,530.5164
2020-01-15 11:13:00,530.2612
2020-01-15 11:14:00,530.3179
2020-01-15 11:15:00,530.3529
2020-01-15 11:16:00,530.4359
2020-01-15 11:17:00,530.4735
2020-01-15 11:18:00,530.5685
2020-01-15 11:19:00,530.7772
2020-01-15 11:20:00,531.1328
2020-01-15 11:21:00,531.5003
2020-01-15 11:22:00,531.6041
2020-01-15 11:23:00,531.7335
2020-01-15 11:24:00,531.8181
2020-01-15 11:25:00,531.9559
2020-01-15 11:26:00,532.0659
2020-01-15 11:27:00,532.1653
2020-01-15 11:28:00,532.2415
2020-01-15 11:29:00,532.3247
2020-01-15 11:30:00,532.4722
2020-01-15 11:31:00,532.6156
2020-01-15 11:32:00,532.7167
2020-01-15 11:33:00,532.7896
2020-01-15 11:34:00,532.9071
2020-01-15 11:35:00,532.8357
2020-01-15 11:36:00,532.692
2020-01-15 11:37:00,532.6013
2020-01-15 11:38:00,532.5768
2020-01-15 11:39:00,532.5962
2020-01-15 11:40:00,532.657
2020-01-15 11:41:00,532.7208
2020-01-15 11:42:00,532.7836
2020-01-15 11:43:00,532.9667
2020-01-15 11:44:00,533.0596
2020-01-15 11:45:00,533.1713
2020-01-15 11:46:00,533.1462
2020-01-15 11:47:00,533.0503
2020-01-15 11:48:00,532.9599
2020-01-15 11:49:00,532.9211
2020-01-15 11:50:00,532.8756
2020-01-15 11:51:00,532.7353
2020-01-15 11:52:00,532.6662
2020-01-15 11:53:00,532.6432
2020-01-15 11:54:00,532.6572
2020-01-15 11:55:00,532.6476
2020-01-15 11:56:00,532.6292
2020-01-15 11:57:00,532.5384
2020-01-15 11:58:00,532.4168
2020-01-15 11:59:00,532.26
2020-01-15 12:00:00,532.1637
2020-01-15 12:01:00,532.1362
2020-01-15 12:02:00,532.133
2020-01-15 12:03:00,532.1101
2020-01-15 12:04:00,532.1331
2020-01-15 12:05:00,532.1569
2020-01-15 12:06:00,532.2511
2020-01-15 12:07:00,532.5548
2020-01-15 12:08:00,532.7248
2020-01-15 12:09:00,532.786
2020-01-15 12:10:00,532.8033
2020-01-15 12:11:00,532.8845
2020-01-15 12:12:00,533.0472
2020-01-15 12:13:00,533.2855
2020-01-15 12:14:00,533.3909
2020-01-15 12:15:00,533.4269
2020-01-15 12:16:00,533.5432
2020-01-15 12:17:00,533.6171
2020-01-15 12:18:00,533.582
2020-01-15 12:19:00,533.5505
2020-01-15 12:20:00,533.4041
2020-01-15 12:21:00,533.2466
2020-01-15 12:22:00,533.1715
2020-01-15 12:23:00,533.1076
2020-01-15 12:24:00,533.0063
2020-01-15 12:25:00,532.9113
2020-01-15 12:26:00,532.9342
2020-01-15 12:27:00,532.9757
2020-01-15 12:28:00,532.8948
2020-01-15 12:29:00,532.8212
2020-01-15 12:30:00,532.809
2020-01-15 12:31:00,532.7276
2020-01-15 12:32:00,532.6176
2020-01-15 12:33:00,532.5192
2020-01-15 12:34:00,532.4212
2020-01-15 12:35:00,532.2487
2020-01-15 12:36:00,532.1132
2020-01-15 12:37:00,532.0868
2020-01-15 12:38:00,531.9901
2020-01-15 12:39:00,531.8351
2020-01-15 12:40:00,531.7301
2020-01-15 12:41:00,531.6746
2020-01-15 12:42:00,531.649
2020-01-15 12:43:00,531.6902
2020-01-15 12:44:00,531.7802
2020-01-15 12:45:00,531.779
2020-01-15 12:46:00,531.8077
2020-01-15 12:47:00,531.8727
2020-01-15 12:48:00,531.9115
2020-01-15 12:49:00,531.9027
2020-01-15 12:50:00,531.8384
2020-01-15 12:51:00,531.7661
2020-01-15 12:52:00,531.7165
2020-01-15 12:53:00,531.5428
2020-01-15 12:54:00,531.385
2020-01-15 12:55:00,531.3356
2020-01-15 12:56:00,531.2798
2020-01-15 12:57:00,531.1902
2020-01-15 12:58:00,531.1393
2020-01-15 12:59:00,531.0867
2020-01-15 13:00:00,531.1292
2020-01-15 13:01:00,531.2323
2020-01-15 13:02:00,531.3939
2020-01-15 13:03:00,531.5561
2020-01-15 13:04:00,531.7356
2020-01-15 13:05:00,532.0009
2020-01-15 13:06:00,532.305
2020-01-15 13:07:00,532.5951
2020-01-15 13:08:00,532.7836
2020-01-15 13:09:00,532.9367
2020-01-15 13:10:00,533.0005
2020-01-15 13:11:00,533.0158
2020-01-15 13:12:00,533.0178
2020-01-15 13:13:00,532.9774
2020-01-15 13:14:00,532.9877
2020-01-15 13:15:00,532.9173
2020-01-15 13:16:00,532.918
2020-01-15 13:17:00,533.0068
2020-01-15 13:18:00,533.0292
2020-01-15 13:19:00,532.978
2020-01-15 13:20:00,532.9541
2020-01-15 13:21:00,532.8628
2020-01-15 13:22:00,532.6708
2020-01-15 13:23:00,532.5849
2020-01-15 13:24:00,532.4244
2020-01-15 13:25:00,532.2481
2020-01-15 13:26:00,532.1851
2020-01-15 13:27:00,532.1439
2020-01-15 13:28:00,532.0732
2020-01-15 13:29:00,532.1105
2020-01-15 13:30:00,532.1294
2020-01-15 13:31:00,532.111
2020-01-15 13:32:00,532.0335
2020-01-15 13:33:00,532.0552
2020-01-15 13:34:00,531.9758
2020-01-15 13:35:00,531.8946
2020-01-15 13:36:00,531.8454
2020-01-15 13:37:00,531.7529
2020-01-15 13:38:00,531.6967
2020-01-15 13:39:00,531.6063
2020-01-15 13:40:00,531.6457
2020-01-15 13:41:00,531.5903
2020-01-15 13:42:00,531.5475
2020-01-15 13:43:00,531.5188
2020-01-15 13:44:00,531.4667
2020-01-15 13:45:00,531.3317
2020-01-15 13:46:00,531.219
2020-01-15 13:47:00,531.1977
2020-01-15 13:48:00,531.1243
2020-01-15 13:49:00,531.0568
2020-01-15 13:50:00,530.9722
2020-01-15 13:51:00,530.9659
2020-01-15 13:52:00,530.9147
2020-01-15 13:53:00,530.935
2020-01-15 13:54:00,530.8814
2020-01-15 13:55:00,530.7961
2020-01-15 13:56:00,530.6214
2020-01-15 13:57:00,530.3714
2020-01-15 13:58:00,530.0612
2020-01-15 13:59:00,529.6287
2020-01-15 14:00:00,529.3512
2020-01-15 14:01:00,529.0557
2020-01-15 14:02:00,528.682
2020-01-15 14:03:00,528.2461
2020-01-15 14:04:00,527.8503
2020-01-15 14:05:00,527.6453
2020-01-15 14:06:00,527.6014
2020-01-15 14:07:00,527.6059
2020-01-15 14:08:00,527.6597
2020-01-15 14:09:00,527.7859
2020-01-15 14:10:00,528.0397
2020-01-15 14:11:00,528.3291
2020-01-15 14:12:00,528.4824
2020-01-15 14:13:00,528.5511
2020-01-15 14:14:00,528.6052
2020-01-15 14:15:00,528.6526
2020-01-15 14:16:00,528.5495
2020-01-15 14:17:00,528.282
2020-01-15 14:18:00,527.887
2020-01-15 14:19:00,527.5576
2020-01-15 14:20:00,527.4968
2020-01-15 14:21:00,527.4906
2020-01-15 14:22:00,527.4063
2020-01-15 14:23:00,527.3266
2020-01-15 14:24:00,527.2366
2020-01-15 14:25:00,527.2267
2020-01-15 14:26:00,527.2655
2020-01-15 14:27:00,527.3282
2020-01-15 14:28:00,527.2924
2020-01-15 14:29:00,527.1482
2020-01-15 14:30:00,527.0846
2020-01-15 14:31:00,527.0637
2020-01-15 14:32:00,527.1861
2020-01-15 14:33:00,527.2637
2020-01-15 14:34:00,527.3799
2020-01-15 14:35:00,527.5722
2020-01-15 14:36:00,527.8664
2020-01-15 14:37:00,528.179
2020-01-15 14:38:00,528.5618
2020-01-15 14:39:00,528.8268
2020-01-15 14:40:00,528.95
2020-01-15 14:41:00,529.1885
2020-01-15 14:42:00,529.4616
2020-01-15 14:43:00,529.4916
2020-01-15 14:44:00,529.4491
2020-01-15 14:45:00,529.4927
2020-01-15 14:46:00,529.3838
2020-01-15 14:47:00,529.3604
2020-01-15 14:48:00,529.3579
2020-01-15 14:49:00,529.3999
2020-01-15 14:50:00,529.4147
2020-01-15 14:51:00,529.5148
2020-01-15 14:52:00,529.5398
2020-01-15 14:53:00,529.4171
2020-01-15 14:54:00,529.3046
2020-01-15 14:55:00,529.2218
2020-01-15 14:56:00,529.1055
2020-01-15 14:57:00,528.9161
2020-01-15 14:58:00,528.7219
2020-01-15 14:59:00,528.5467
2020-01-15 15:00:00,528.4292
2020-01-15 15:01:00,528.4123
2020-01-15 15:02:00,528.4261
2020-01-15 15:03:00,528.3739
2020-01-15 15:04:00,528.2913
2020-01-15 15:05:00,528.1838
2020-01-15 15:06:00,528.0313
2020-01-15 15:07:00,527.8377
2020-01-15 15:08:00,527.6228
2020-01-15 15:09:00,527.3478
2020-01-15 15:10:00,526.9865
2020-01-15 15:11:00,526.7447
2020-01-15 15:12:00,526.5561
2020-01-15 15:13:00,526.3923
2020-01-15 15:14:00,526.361
2020-01-15 15:15:00,526.4131
2020-01-15 15:16:00,526.5455
2020-01-15 15:17:00,526.623
2020-01-15 15:18:00,526.8155
2020-01-15 15:19:00,526.8394
2020-01-15 15:20:00,526.9156
2020-01-15 15:21:00,526.8631
2020-01-15 15:22:00,526.7944
2020-01-15 15:23:00,526.6348
2020-01-15 15:24:00,526.3098
2020-01-15 15:25:00,526.1113
2020-01-15 15:26:00,525.8763
2020-01-15 15:27:00,525.6097
2020-01-15 15:28:00,525.1899
2020-01-15 15:29:00,524.8325
2020-01-15 15:31:00,524.5001
2020-01-15 15:32:00,524.2581
2020-01-15 15:33:00,523.9831
2020-01-15 15:34:00,523.4643
2020-01-15 15:35:00,523.0491
2020-01-15 15:36:00,522.8338
2020-01-15 15:37:00,522.7507
2020-01-15 15:38:00,522.7431
2020-01-15 15:39:00,522.7074
2020-01-15 15:40:00,522.5486
2020-01-15 15:41:00,522.4505
2020-01-15 15:42:00,522.5178
2020-01-15 15:43:00,522.4267
2020-01-15 15:44:00,522.3025
2020-01-15 15:45:00,521.9953
2020-01-15 15:46:00,521.7335
2020-01-15 15:47:00,521.2042
2020-01-15 15:48:00,520.7751
2020-01-15 15:49:00,520.4407
2020-01-15 15:50:00,520.2482
2020-01-15 15:51:00,520.0907
2020-01-15 15:52:00,519.7921
2020-01-15 15:53:00,519.4771
2020-01-15 15:54:00,519.1789
2020-01-15 15:55:00,519.0013
2020-01-15 15:56:00,518.8801
2020-01-15 15:57:00,518.7657
2020-01-15 15:58:00,518.4344
2020-01-15 15:59:00,518.1782
2020-01-15 16:00:00,518.0907
2020-01-16 09:31:00,515.659
2020-01-16 09:32:00,513.0997
2020-01-16 09:33:00,510.5147
2020-01-16 09:34:00,508.2859
2020-01-16 09:35:00,506.4128
2020-01-16 09:36:00,504.6907
2020-01-16 09:37:00,502.7207
2020-01-16 09:38:00,500.642
2020-01-16 09:39:00,501.2225
2020-01-16 09:40:00,501.933
2020-01-16 09:41:00,503.1168
2020-01-16 09:42:00,504.0017
2020-01-16 09:43:00,504.5442
2020-01-16 09:44:00,504.7563
2020-01-16 09:45:00,505.2288
2020-01-16 09:46:00,505.9039
2020-01-16 09:47:00,506.1426
2020-01-16 09:48:00,506.2376
2020-01-16 09:49:00,505.8636
2020-01-16 09:50:00,505.3075
2020-01-16 09:51:00,504.61
2020-01-16 09:52:00,504.0593
2020-01-16 09:53:00,503.1143
2020-01-16 09:54:00,501.8879
2020-01-16 09:55:00,501.1679
2020-01-16 09:56:00,500.4941
2020-01-16 09:57:00,499.9843
2020-01-16 09:58:00,499.5518
2020-01-16 09:59:00,498.9699
2020-01-16 10:00:00,498.4468
2020-01-16 10:01:00,498.5168
2020-01-16 10:02:00,498.7253
2020-01-16 10:03:00,498.7186
2020-01-16 10:04:00,498.92
2020-01-16 10:05:00,499.3288
2020-01-16 10:06:00,499.6795
2020-01-16 10:07:00,500.2039
2020-01-16 10:08:00,500.9939
2020-01-16 10:09:00,501.4426
2020-01-16 10:10:00,501.8441
2020-01-16 10:11:00,501.9881
2020-01-16 10:12:00,501.868
2020-01-16 10:13:00,501.7605
2020-01-16 10:14:00,501.8223
2020-01-16 10:15:00,501.7535
2020-01-16 10:16:00,501.4811
2020-01-16 10:17:00,501.2679
2020-01-16 10:18:00,501.0103
2020-01-16 10:19:00,501.1621
2020-01-16 10:20:00,501.3524
2020-01-16 10:21:00,501.1974
2020-01-16 10:22:00,500.9026
2020-01-16 10:23:00,500.713
2020-01-16 10:24:00,500.4179
2020-01-16 10:25:00,500.2699
2020-01-16 10:26:00,500.182
2020-01-16 10:27:00,499.8167
2020-01-16 10:28:00,499.4314
2020-01-16 10:29:00,499.24
2020-01-16 10:30:00,499.0518
2020-01-16 10:31:00,498.9039
2020-01-16 10:32:00,498.884
2020-01-16 10:33:00,498.7835
2020-01-16 10:34:00,498.8609
2020-01-16 10:35:00,499.0846
2020-01-16 10:36:00,499.316
2020-01-16 10:37:00,499.4522
2020-01-16 10:38:00,499.7648
2020-01-16 10:39:00,500.0561
2020-01-16 10:40:00,500.4316
2020-01-16 10:41:00,500.7746
2020-01-16 10:42:00,500.9148
2020-01-16 10:43:00,501.0087
2020-01-16 10:44:00,500.9814
2020-01-16 10:45:00,500.9503
2020-01-16 10:46:00,500.7479
2020-01-16 10:47:00,500.5879
2020-01-16 10:48:00,500.3762
2020-01-16 10:49:00,500.2479
2020-01-16 10:50:00,500.1578
2020-01-16 10:51:00,500.0922
2020-01-16 10:52:00,500.2056
2020-01-16 10:53:00,500.2631
2020-01-16 10:54:00,500.2202
2020-01-16 10:55:00,500.2455
2020-01-16 10:56:00,500.1679
2020-01-16 10:57:00,500.0497
2020-01-16 10:58:00,499.8925
2020-01-16 10:59:00,499.7318
2020-01-16 11:00:00,499.5606
2020-01-16 11:01:00,499.3643
2020-01-16 11:02:00,499.1989
2020-01-16 11:03:00,499.0805
2020-01-16 11:04:00,499.0617
2020-01-16 11:05:00,499.0061
2020-01-16 11:06:00,498.9762
2020-01-16 11:07:00,499.0
2020-01-16 11:08:00,499.0862
2020-01-16 11:09:00,499.1958
2020-01-16 11:10:00,499.2806
2020-01-16 11:11:00,499.3538
2020-01-16 11:12:00,499.3075
2020-01-16 11:13:00,499.2197
2020-01-16 11:14:00,499.1684
2020-01-16 11:15:00,499.0759
2020-01-16 11:16:00,498.9085
2020-01-16 11:17:00,498.6603
2020-01-16 11:18:00,498.606
2020-01-16 11:19:00,498.5809
2020-01-16 11:20:00,498.7035
2020-01-16 11:21:00,498.7535
2020-01-16 11:22:00,498.8897
2020-01-16 11:23:00,498.8922
2020-01-16 11:24:00,498.9647
2020-01-16 11:25:00,499.2363
2020-01-16 11:26:00,499.367
2020-01-16 11:27:00,499.4507
2020-01-16 11:28:00,499.4794
2020-01-16 11:29:00,499.7644
2020-01-16 11:30:00,500.0116
2020-01-16 11:31:00,500.3766
2020-01-16 11:32:00,500.5666
2020-01-16 11:33:00,500.6922
2020-01-16 11:34:00,500.8635
2020-01-16 11:35:00,500.9298
2020-01-16 11:36:00,501.041
2020-01-16 11:37:00,501.0122
2020-01-16 11:38:00,500.9787
2020-01-16 11:39:00,501.0675
2020-01-16 11:40:00,501.285
2020-01-16 11:41:00,501.6513
2020-01-16 11:42:00,501.9575
2020-01-16 11:43:00,502.345
2020-01-16 11:44:00,502.7488
2020-01-16 11:45:00,503.1298
2020-01-16 11:46:00,503.5121
2020-01-16 11:47:00,503.651
2020-01-16 11:48:00,503.7726
2020-01-16 11:49:00,503.6782
2020-01-16 11:50:00,503.6016
2020-01-16 11:51:00,503.4979
2020-01-16 11:52:00,503.3154
2020-01-16 11:53:00,503.1344
2020-01-16 11:54:00,502.8971
2020-01-16 11:55:00,502.789
2020-01-16 11:56:00,502.6817
2020-01-16 11:57:00,502.5293
2020-01-16 11:58:00,502.4534
2020-01-16 11:59:00,502.3558
2020-01-16 12:00:00,502.2683
2020-01-16 12:01:00,502.254
2020-01-16 12:02:00,502.249
2020-01-16 12:03:00,502.1956
2020-01-16 12:04:00,502.1705
2020-01-16 12:05:00,502.3426
2020-01-16 12:06:00,502.3951
2020-01-16 12:07:00,502.4702
2020-01-16 12:08:00,502.4842
2020-01-16 12:09:00,502.4589
2020-01-16 12:10:00,502.4227
2020-01-16 12:11:00,502.3652
2020-01-16 12:12:00,502.2598
2020-01-16 12:13:00,502.0607
2020-01-16 12:14:00,501.8489
2020-01-16 12:15:00,501.6551
2020-01-16 12:16:00,501.5513
2020-01-16 12:17:00,501.4015
2020-01-16 12:18:00,501.2602
2020-01-16 12:19:00,501.1614
2020-01-16 12:20:00,501.0841
2020-01-16 12:21:00,500.9753
2020-01-16 12:22:00,500.936
2020-01-16 12:23:00,500.8037
2020-01-16 12:24:00,500.7347
2020-01-16 12:25:00,500.7108
2020-01-16 12:26:00,500.6632
2020-01-16 12:27:00,500.6282
2020-01-16 12:28:00,500.6193
2020-01-16 12:29:00,500.6632
2020-01-16 12:30:00,500.6682
2020-01-16 12:31:00,500.7983
2020-01-16 12:32:00,500.9108
2020-01-16 12:33:00,500.9682
2020-01-16 12:34:00,501.0126
2020-01-16 12:35:00,501.1238
2020-01-16 12:36:00,501.2001
2020-01-16 12:37:00,501.2543
2020-01-16 12:38:00,501.318
2020-01-16 12:39:00,501.3626
2020-01-16 12:40:00,501.3422
2020-01-16 12:41:00,501.3819
2020-01-16 12:42:00,501.409
2020-01-16 12:43:00,501.4125
2020-01-16 12:44:00,501.4933
2020-01-16 12:45:00,501.6151
2020-01-16 12:46:00,501.7712
2020-01-16 12:47:00,501.9339
2020-01-16 12:48:00,502.0939
2020-01-16 12:49:00,502.2013
2020-01-16 12:50:00,502.2775
2020-01-16 12:51:00,502.2778
2020-01-16 12:52:00,502.3151
2020-01-16 12:53:00,502.3026
2020-01-16 12:54:00,502.2522
2020-01-16 12:55:00,502.189
2020-01-16 12:56:00,502.1654
2020-01-16 12:57:00,502.1967
2020-01-16 12:58:00,502.3711
2020-01-16 12:59:00,502.5873
2020-01-16 13:00:00,502.7104
2020-01-16 13:01:00,502.8717
2020-01-16 13:02:00,503.1122
2020-01-16 13:03:00,503.3729
2020-01-16 13:04:00,503.6102
2020-01-16 13:05:00,503.8126
2020-01-16 13:06:00,503.8518
2020-01-16 13:07:00,503.9318
2020-01-16 13:08:00,503.9931
2020-01-16 13:09:00,504.0581
2020-01-16 13:10:00,504.0262
2020-01-16 13:11:00,503.9612
2020-01-16 13:12:00,503.929
2020-01-16 13:13:00,503.8417
2020-01-16 13:14:00,503.7543
2020-01-16 13:15:00,503.6405
2020-01-16 13:16:00,503.5755
2020-01-16 13:17:00,503.5049
2020-01-16 13:18:00,503.5206
2020-01-16 13:19:00,503.5628
2020-01-16 13:20:00,503.5805
2020-01-16 13:21:00,503.6418
2020-01-16 13:22:00,503.7908
2020-01-16 13:23:00,504.0034
2020-01-16 13:24:00,504.3271
2020-01-16 13:25:00,504.7184
2020-01-16 13:26:00,505.1247
2020-01-16 13:27:00,505.4508
2020-01-16 13:28:00,505.855
2020-01-16 13:29:00,506.2649
2020-01-16 13:30:00,506.7046
2020-01-16 13:31:00,506.9738
2020-01-16 13:32:00,507.1501
2020-01-16 13:33:00,507.3807
2020-01-16 13:34:00,507.6707
2020-01-16 13:35:00,508.0849
2020-01-16 13:36:00,508.3626
2020-01-16 13:37:00,508.8049
2020-01-16 13:38:00,509.3035
2020-01-16 13:39:00,509.783
2020-01-16 13:40:00,510.1717
2020-01-16 13:41:00,510.4367
2020-01-16 13:42:00,510.5444
2020-01-16 13:43:00,510.4782
2020-01-16 13:44:00,510.4699
2020-01-16 13:45:00,510.285
2020-01-16 13:46:00,509.9747
2020-01-16 13:47:00,509.843
2020-01-16 13:48:00,509.7649
2020-01-16 13:49:00,509.6638
2020-01-16 13:50:00,509.7424
2020-01-16 13:51:00,509.8986
2020-01-16 13:52:00,510.1449
2020-01-16 13:53:00,510.5317
2020-01-16 13:54:00,511.076
2020-01-16 13:55:00,511.6414
2020-01-16 13:56:00,512.0469
2020-01-16 13:57:00,512.4281
2020-01-16 13:58:00,512.8035
2020-01-16 13:59:00,513.1648
2020-01-16 14:00:00,513.2373
2020-01-16 14:01:00,513.2505
2020-01-16 14:02:00,513.0552
2020-01-16 14:03:00,512.8078
2020-01-16 14:04:00,512.7357
2020-01-16 14:05:00,512.6457
2020-01-16 14:06:00,512.4078
2020-01-16 14:07:00,512.3651
2020-01-16 14:08:00,512.5287
2020-01-16 14:09:00,512.6509
2020-01-16 14:10:00,512.9143
2020-01-16 14:11:00,513.1001
2020-01-16 14:12:00,513.1616
2020-01-16 14:13:00,513.2558
2020-01-16 14:14:00,513.367
2020-01-16 14:15:00,513.4334
2020-01-16 14:16:00,513.4247
2020-01-16 14:17:00,513.3216
2020-01-16 14:18:00,513.2333
2020-01-16 14:19:00,513.1026
2020-01-16 14:20:00,513.1039
2020-01-16 14:21:00,513.136
2020-01-16 14:22:00,513.2185
2020-01-16 14:23:00,513.1735
2020-01-16 14:24:00,513.1124
2020-01-16 14:25:00,513.1032
2020-01-16 14:26:00,513.0069
2020-01-16 14:27:00,513.0292
2020-01-16 14:28:00,513.0206
2020-01-16 14:29:00,512.8945
2020-01-16 14:30:00,512.7308
2020-01-16 14:31:00,512.5514
2020-01-16 14:32:00,512.3601
2020-01-16 14:33:00,512.115
2020-01-16 14:34:00,511.9977
2020-01-16 14:35:00,511.845
2020-01-16 14:36:00,511.5992
2020-01-16 14:37:00,511.4269
2020-01-16 14:38:00,511.3387
2020-01-16 14:39:00,511.2106
2020-01-16 14:40:00,511.2092
2020-01-16 14:41:00,511.3081
2020-01-16 14:42:00,511.1356
2020-01-16 14:43:00,510.9944
2020-01-16 14:44:00,510.8548
2020-01-16 14:45:00,510.6712
2020-01-16 14:46:00,510.3581
2020-01-16 14:47:00,509.9737
2020-01-16 14:48:00,509.6251
2020-01-16 14:49:00,509.2436
2020-01-16 14:50:00,509.0961
2020-01-16 14:51:00,508.939
2020-01-16 14:52:00,508.9307
2020-01-16 14:53:00,509.08
2020-01-16 14:54:00,509.2767
2020-01-16 14:55:00,509.5774
2020-01-16 14:56:00,509.7412
2020-01-16 14:57:00,509.9374
2020-01-16 14:58:00,510.0976
2020-01-16 14:59:00,510.1988
2020-01-16 15:00:00,510.193
2020-01-16 15:01:00,510.1515
2020-01-16 15:02:00,510.1355
2020-01-16 15:03:00,510.1105
2020-01-16 15:06:00,510.1142
2020-01-16 15:07:00,509.8869
2020-01-16 15:08:00,509.6071
2020-01-16 15:09:00,509.3363
2020-01-16 15:10:00,509.0969
2020-01-16 15:11:00,508.7385
2020-01-16 15:12:00,508.3004
2020-01-16 15:13:00,507.9729
2020-01-16 15:14:00,507.6301
2020-01-16 15:15:00,507.5251
2020-01-16 15:16:00,507.5457
2020-01-16 15:17:00,507.6226
2020-01-16 15:18:00,507.732
2020-01-16 15:19:00,507.9172
2020-01-16 15:20:00,508.22
2020-01-16 15:21:00,508.3688
2020-01-16 15:22:00,508.5566
2020-01-16 15:23:00,508.7341
2020-01-16 15:24:00,508.7756
2020-01-16 15:25:00,508.7812
2020-01-16 15:26:00,508.7812
2020-01-16 15:27:00,508.7398
2020-01-16 15:28:00,508.5044
2020-01-16 15:29:00,508.3631
2020-01-16 15:30:00,508.1739
2020-01-16 15:31:00,508.0452
2020-01-16 15:32:00,508.05
2020-01-16 15:33:00,508.0207
2020-01-16 15:34:00,508.0257
2020-01-16 15:35:00,508.0572
2020-01-16 15:36:00,508.291
2020-01-16 15:37:00,508.5647
2020-01-16 15:38:00,508.9008
2020-01-16 15:39:00,509.2225
2020-01-16 15:40:00,509.4325
2020-01-16 15:41:00,509.7574
2020-01-16 15:42:00,510.0983
2020-01-16 15:43:00,510.4855
2020-01-16 15:44:00,510.768
2020-01-16 15:45:00,511.1705
2020-01-16 15:46:00,511.6113
2020-01-16 15:47:00,512.0408
2020-01-16 15:48:00,512.436
2020-01-16 15:49:00,512.7111
2020-01-16 15:50:00,512.9775
2020-01-16 15:51:00,513.2525
2020-01-16 15:52:00,513.4485
2020-01-16 15:53:00,513.4981
2020-01-16 15:54:00,513.4317
2020-01-16 15:55:00,513.38
2020-01-16 15:56:00,513.335
2020-01-16 15:57:00,513.2787
2020-01-16 15:58:00,513.1976
2020-01-16 15:59:00,513.0575
2020-01-16 16:00:00,513.1064
2020-01-17 09:31:00,512.6556
2020-01-17 09:32:00,512.3245
2020-01-17 09:33:00,511.7675
2020-01-17 09:34:00,511.4371
2020-01-17 09:35:00,511.3634
2020-01-17 09:36:00,511.4698
2020-01-17 09:37:00,511.5329
2020-01-17 09:38:00,511.5879
2020-01-17 09:39:00,512.208
2020-01-17 09:40:00,512.6216
2020-01-17 09:41:00,513.0378
2020-01-17 09:42:00,512.9807
2020-01-17 09:43:00,512.9419
2020-01-17 09:44:00,512.6393
2020-01-17 09:45:00,512.3075
2020-01-17 09:46:00,511.8638
2020-01-17 09:47:00,511.3941
2020-01-17 09:48:00,511.0299
2020-01-17 09:49:00,510.7252
2020-01-17 09:50:00,510.7414
2020-01-17 09:51:00,510.4426
2020-01-17 09:52:00,510.0995
2020-01-17 09:53:00,509.8438
2020-01-17 09:54:00,509.7013
2020-01-17 09:55:00,509.596
2020-01-17 09:56:00,509.464
2020-01-17 09:57:00,509.4924
2020-01-17 09:58:00,509.4775
2020-01-17 09:59:00,509.5027
2020-01-17 10:00:00,509.6208
2020-01-17 10:01:00,509.824
2020-01-17 10:02:00,510.0865
2020-01-17 10:03:00,510.2398
2020-01-17 10:04:00,510.5735
2020-01-17 10:05:00,510.851
2020-01-17 10:06:00,511.0423
2020-01-17 10:07:00,511.2396
2020-01-17 10:08:00,511.5433
2020-01-17 10:09:00,511.8958
2020-01-17 10:10:00,512.2283
2020-01-17 10:11:00,512.5558
2020-01-17 10:12:00,512.6545
2020-01-17 10:13:00,512.6834
2020-01-17 10:14:00,512.7846
2020-01-17 10:15:00,512.8559
2020-01-17 10:16:00,512.8128
2020-01-17 10:17:00,512.719
2020-01-17 10:18:00,512.6091
2020-01-17 10:19:00,512.5173
2020-01-17 10:20:00,512.4798
2020-01-17 10:21:00,512.5365
2020-01-17 10:22:00,512.5466
2020-01-17 10:23:00,512.5799
2020-01-17 10:24:00,512.5843
2020-01-17 10:25:00,512.5771
2020-01-17 10:26:00,512.4496
2020-01-17 10:27:00,512.3103
2020-01-17 10:28:00,512.2583
2020-01-17 10:29:00,512.0839
2020-01-17 10:30:00,512.0157
2020-01-17 10:31:00,512.0596
2020-01-17 10:32:00,512.2515
2020-01-17 10:33:00,512.4568
2020-01-17 10:34:00,512.6181
2020-01-17 10:35:00,512.7471
2020-01-17 10:36:00,512.7814
2020-01-17 10:37:00,512.7764
2020-01-17 10:38:00,512.777
2020-01-17 10:39:00,512.7297
2020-01-17 10:40:00,512.6191
2020-01-17 10:41:00,512.3997
2020-01-17 10:42:00,512.2085
2020-01-17 10:43:00,512.0885
2020-01-17 10:44:00,512.0335
2020-01-17 10:45:00,512.0604
2020-01-17 10:46:00,512.0367
2020-01-17 10:47:00,512.0523
2020-01-17 10:48:00,511.9836
2020-01-17 10:49:00,511.9437
2020-01-17 10:50:00,512.0037
2020-01-17 10:51:00,511.9725
2020-01-17 10:52:00,511.9679
2020-01-17 10:53:00,511.9793
2020-01-17 10:54:00,512.0813
2020-01-17 10:55:00,512.1794
2020-01-17 10:57:00,512.2409
2020-01-17 10:58:00,512.312
2020-01-17 10:59:00,512.3495
2020-01-17 11:00:00,512.4782
2020-01-17 11:01:00,512.6618
2020-01-17 11:02:00,512.6622
2020-01-17 11:03:00,512.4553
2020-01-17 11:04:00,512.2953
2020-01-17 11:05:00,512.2151
2020-01-17 11:06:00,512.1488
2020-01-17 11:07:00,512.0767
2020-01-17 11:08:00,511.8482
2020-01-17 11:09:00,511.5207
2020-01-17 11:10:00,511.3732
2020-01-17 11:11:00,511.3346
2020-01-17 11:12:00,511.0947
2020-01-17 11:13:00,510.7839
2020-01-17 11:14:00,510.4357
2020-01-17 11:15:00,510.0691
2020-01-17 11:16:00,509.842
2020-01-17 11:17:00,509.7082
2020-01-17 11:18:00,509.5357
2020-01-17 11:19:00,509.2342
2020-01-17 11:20:00,509.0928
2020-01-17 11:21:00,508.9708
2020-01-17 11:22:00,508.8761
2020-01-17 11:25:00,508.8586
2020-01-17 11:26:00,508.8096
2020-01-17 11:27:00,508.8298
2020-01-17 11:28:00,508.9992
2020-01-17 11:29:00,509.3283
2020-01-17 11:30:00,509.6112
2020-01-17 11:31:00,509.8397
2020-01-17 11:32:00,510.0313
2020-01-17 11:33:00,510.1668
2020-01-17 11:34:00,510.4022
2020-01-17 11:35:00,510.482
2020-01-17 11:36:00,510.4558
2020-01-17 11:37:00,510.4258
2020-01-17 11:38:00,510.3921
2020-01-17 11:39:00,510.4288
2020-01-17 11:40:00,510.4474
2020-01-17 11:41:00,510.4707
2020-01-17 11:42:00,510.4434
2020-01-17 11:43:00,510.3621
2020-01-17 11:44:00,510.3398
2020-01-17 11:45:00,510.2956
2020-01-17 11:46:00,510.1741
2020-01-17 11:47:00,510.0397
2020-01-17 11:48:00,509.9871
2020-01-17 11:49:00,509.9187
2020-01-17 11:50:00,509.8016
2020-01-17 11:51:00,509.8103
2020-01-17 11:52:00,509.8227
2020-01-17 11:53:00,509.8459
2020-01-17 11:54:00,509.9537
2020-01-17 11:55:00,510.0706
2020-01-17 11:56:00,510.0773
2020-01-17 11:57:00,510.0394
2020-01-17 11:58:00,510.0756
2020-01-17 11:59:00,510.0421
2020-01-17 12:00:00,509.9465
2020-01-17 12:01:00,509.8607
2020-01-17 12:02:00,509.7866
2020-01-17 12:03:00,509.7304
2020-01-17 12:04:00,509.6817
2020-01-17 12:05:00,509.6592
2020-01-17 12:06:00,509.5692
2020-01-17 12:07:00,509.4933
2020-01-17 12:08:00,509.4182
2020-01-17 12:09:00,509.2907
2020-01-17 12:10:00,509.1274
2020-01-17 12:11:00,508.9944
2020-01-17 12:12:00,508.863
2020-01-17 12:13:00,508.7217
2020-01-17 12:14:00,508.4855
2020-01-17 12:15:00,508.1761
2020-01-17 12:16:00,508.0113
2020-01-17 12:17:00,507.9
2020-01-17 12:18:00,507.8458
2020-01-17 12:19:00,507.8018
2020-01-17 12:20:00,507.8188
2020-01-17 12:21:00,507.7701
2020-01-17 12:22:00,507.7488
2020-01-17 12:23:00,507.8194
2020-01-17 12:24:00,507.7443
2020-01-17 12:25:00,507.6593
2020-01-17 12:26:00,507.5208
2020-01-17 12:27:00,507.3454
2020-01-17 12:28:00,507.2369
2020-01-17 12:29:00,507.2509
2020-01-17 12:30:00,507.3323
2020-01-17 12:31:00,507.3167
2020-01-17 12:32:00,507.3369
2020-01-17 12:33:00,507.328
2020-01-17 12:34:00,507.3647
2020-01-17 12:35:00,507.456
2020-01-17 12:36:00,507.4526
2020-01-17 12:37:00,507.4305
2020-01-17 12:38:00,507.3697
2020-01-17 12:39:00,507.3534
2020-01-17 12:40:00,507.323
2020-01-17 12:41:00,507.2127
2020-01-17 12:42:00,506.9809
2020-01-17 12:43:00,506.6347
2020-01-17 12:44:00,506.3274
2020-01-17 12:45:00,506.0093
2020-01-17 12:46:00,505.7951
2020-01-17 12:47:00,505.5625
2020-01-17 12:48:00,505.2141
2020-01-17 12:49:00,505.0358
2020-01-17 12:50:00,504.9469
2020-01-17 12:51:00,504.9581
2020-01-17 12:52:00,504.9789
2020-01-17 12:53:00,504.9186
2020-01-17 12:54:00,504.7811
2020-01-17 12:55:00,504.7549
2020-01-17 12:56:00,504.7549
2020-01-17 12:57:00,504.7036
2020-01-17 12:58:00,504.7349
2020-01-17 12:59:00,504.6974
2020-01-17 13:00:00,504.6222
2020-01-17 13:01:00,504.5875
2020-01-17 13:02:00,504.5125
2020-01-17 13:03:00,504.38
2020-01-17 13:04:00,504.325
2020-01-17 13:05:00,504.1725
2020-01-17 13:06:00,504.035
2020-01-17 13:07:00,503.925
2020-01-17 13:08:00,503.8837
2020-01-17 13:09:00,503.9512
2020-01-17 13:10:00,504.0362
2020-01-17 13:11:00,504.1074
2020-01-17 13:12:00,504.2499
2020-01-17 13:13:00,504.4187
2020-01-17 13:14:00,504.556
2020-01-17 13:15:00,504.6781
2020-01-17 13:16:00,504.8077
2020-01-17 13:17:00,504.9222
2020-01-17 13:18:00,505.061
2020-01-17 13:19:00,505.2175
2020-01-17 13:20:00,505.2995
2020-01-17 13:21:00,505.492
2020-01-17 13:22:00,505.6233
2020-01-17 13:23:00,505.815
2020-01-17 13:24:00,505.9926
2020-01-17 13:25:00,506.1204
2020-01-17 13:26:00,506.2654
2020-01-17 13:27:00,506.3127
2020-01-17 13:28:00,506.4558
2020-01-17 13:29:00,506.5058
2020-01-17 13:30:00,506.5658
2020-01-17 13:31:00,506.5796
2020-01-17 13:32:00,506.5961
2020-01-17 13:33:00,506.5609
2020-01-17 13:34:00,506.4378
2020-01-17 13:35:00,506.439
2020-01-17 13:36:00,506.3713
2020-01-17 13:37:00,506.3452
2020-01-17 13:38:00,506.3106
2020-01-17 13:39:00,506.2083
2020-01-17 13:40:00,506.0759
2020-01-17 13:41:00,505.9969
2020-01-17 13:42:00,506.0038
2020-01-17 13:43:00,505.969
2020-01-17 13:44:00,505.9815
2020-01-17 13:45:00,506.0226
2020-01-17 13:46:00,506.1492
2020-01-17 13:47:00,506.3978
2020-01-17 13:48:00,506.644
2020-01-17 13:49:00,506.8172
2020-01-17 13:50:00,507.0785
2020-01-17 13:51:00,507.3087
2020-01-17 13:52:00,507.505
2020-01-17 13:53:00,507.7138
2020-01-17 13:54:00,507.8691
2020-01-17 13:55:00,508.0154
2020-01-17 13:56:00,508.2054
2020-01-17 13:57:00,508.4582
2020-01-17 13:58:00,508.5526
2020-01-17 13:59:00,508.7233
2020-01-17 14:00:00,508.9945
2020-01-17 14:01:00,509.1832
2020-01-17 14:02:00,509.4068
2020-01-17 14:03:00,509.5368
2020-01-17 14:04:00,509.5306
2020-01-17 14:05:00,509.5645
2020-01-17 14:06:00,509.6564
2020-01-17 14:07:00,509.7139
2020-01-17 14:08:00,509.6527
2020-01-17 14:09:00,509.6102
2020-01-17 14:10:00,509.4393
2020-01-17 14:11:00,509.3742
2020-01-17 14:12:00,509.2987
2020-01-17 14:13:00,509.2226
2020-01-17 14:14:00,509.1726
2020-01-17 14:15:00,509.1089
2020-01-17 14:16:00,509.1051
2020-01-17 14:17:00,509.1376
2020-01-17 14:18:00,509.2464
2020-01-17 14:19:00,509.2828
2020-01-17 14:20:00,509.3583
2020-01-17 14:21:00,509.4121
2020-01-17 14:22:00,509.4621
2020-01-17 14:23:00,509.4689
2020-01-17 14:24:00,509.3664
2020-01-17 14:25:00,509.2902
2020-01-17 14:26:00,509.1803
2020-01-17 14:27:00,509.1254
2020-01-17 14:28:00,509.1438
2020-01-17 14:29:00,509.1032
2020-01-17 14:30:00,509.072
2020-01-17 14:31:00,509.0458
2020-01-17 14:32:00,508.9883
2020-01-17 14:33:00,508.8683
2020-01-17 14:34:00,508.7544
2020-01-17 14:35:00,508.6844
2020-01-17 14:36:00,508.5533
2020-01-17 14:37:00,508.4702
2020-01-17 14:38:00,508.2981
2020-01-17 14:39:00,508.1924
2020-01-17 14:40:00,508.1312
2020-01-17 14:41:00,508.1191
2020-01-17 14:42:00,508.1756
2020-01-17 14:43:00,508.1612
2020-01-17 14:44:00,508.1692
2020-01-17 14:45:00,508.1494
2020-01-17 14:46:00,508.2727
2020-01-17 14:47:00,508.3639
2020-01-17 14:48:00,508.4277
2020-01-17 14:49:00,508.492
2020-01-17 14:50:00,508.5278
2020-01-17 14:51:00,508.5607
2020-01-17 14:52:00,508.5966
2020-01-17 14:53:00,508.6157
2020-01-17 14:54:00,508.5708
2020-01-17 14:55:00,508.5386
2020-01-17 14:56:00,508.5486
2020-01-17 14:57:00,508.6056
2020-01-17 14:58:00,508.6634
2020-01-17 14:59:00,508.74
2020-01-17 15:00:00,508.8713
2020-01-17 15:01:00,509.0415
2020-01-17 15:02:00,509.3127
2020-01-17 15:03:00,509.523
2020-01-17 15:04:00,509.7555
2020-01-17 15:05:00,509.8672
2020-01-17 15:06:00,509.9961
2020-01-17 15:07:00,510.0294
2020-01-17 15:08:00,510.0344
2020-01-17 15:09:00,510.0229
2020-01-17 15:10:00,509.8922
2020-01-17 15:11:00,509.7996
2020-01-17 15:12:00,509.6334
2020-01-17 15:13:00,509.5099
2020-01-17 15:14:00,509.3298
2020-01-17 15:15:00,509.2597
2020-01-17 15:16:00,509.216
2020-01-17 15:17:00,509.1555
2020-01-17 15:18:00,509.1287
2020-01-17 15:19:00,509.027
2020-01-17 15:20:00,509.052
2020-01-17 15:21:00,508.9713
2020-01-17 15:22:00,508.9344
2020-01-17 15:23:00,508.864
2020-01-17 15:24:00,508.734
2020-01-17 15:25:00,508.6682
2020-01-17 15:26:00,508.6228
2020-01-17 15:27:00,508.6541
2020-01-17 15:28:00,508.5653
2020-01-17 15:29:00,508.5698
2020-01-17 15:30:00,508.5992
2020-01-17 15:31:00,508.6134
2020-01-17 15:32:00,508.6596
2020-01-17 15:33:00,508.6296
2020-01-17 15:34:00,508.61
2020-01-17 15:35:00,508.57
2020-01-17 15:36:00,508.5911
2020-01-17 15:37:00,508.6274
2020-01-17 15:38:00,508.5824
2020-01-17 15:39:00,508.5736
2020-01-17 15:40:00,508.5336
2020-01-17 15:41:00,508.5599
2020-01-17 15:42:00,508.6061
2020-01-17 15:43:00,508.7066
2020-01-17 15:44:00,508.7717
2020-01-17 15:45:00,508.8229
2020-01-17 15:46:00,508.9477
2020-01-17 15:47:00,509.059
2020-01-17 15:48:00,509.1915
2020-01-17 15:49:00,509.2832
2020-01-17 15:50:00,509.3769
2020-01-17 15:51:00,509.4397
2020-01-17 15:52:00,509.4979
2020-01-17 15:53:00,509.6179
2020-01-17 15:54:00,509.6556
2020-01-17 15:55:00,509.6956
2020-01-17 15:56:00,509.7553
2020-01-17 15:57:00,509.8399
2020-01-17 15:58:00,509.8674
2020-01-17 15:59:00,509.8904
2020-01-17 16:00:00,509.9734
