date,Real Upper Band,Real Lower Band,Real Middle Band
2020-01-13 10:30:00,506.0016,497.1868,501.5942
2020-01-13 10:31:00,506.077,497.331,501.704
2020-01-13 10:32:00,506.0926,497.5689,501.8307
2020-01-13 10:33:00,506.1909,497.5724,501.8816
2020-01-13 10:34:00,506.2437,497.5659,501.9048
2020-01-13 10:35:00,506.3205,497.5925,501.9565
2020-01-13 10:36:00,506.4159,497.6195,502.0177
2020-01-13 10:37:00,506.4761,497.6815,502.0788
2020-01-13 10:38:00,506.5376,497.683,502.1103
2020-01-13 10:39:00,506.6238,497.6743,502.149
2020-01-13 10:40:00,506.7047,497.6928,502.1988
2020-01-13 10:41:00,506.7288,497.7653,502.247
2020-01-13 10:42:00,506.7163,497.9528,502.3346
2020-01-13 10:43:00,506.7163,498.1084,502.4123
2020-01-13 10:44:00,506.6888,498.2679,502.4784
2020-01-13 10:45:00,506.693,498.3055,502.4993
2020-01-13 10:46:00,506.6891,498.3632,502.5261
2020-01-13 10:47:00,506.6662,498.5046,502.5854
2020-01-13 10:48:00,506.6261,498.6806,502.6534
2020-01-13 10:49:00,506.6185,498.7914,502.7049
2020-01-13 10:50:00,506.5851,498.9428,502.7639
2020-01-13 10:51:00,506.4048,499.3379,502.8714
2020-01-13 10:52:00,506.3454,499.5594,502.9524
2020-01-13 10:53:00,506.2595,499.8093,503.0344
2020-01-13 10:54:00,506.1253,500.1198,503.1225
2020-01-13 10:55:00,505.894,500.5459,503.22
2020-01-13 10:56:00,505.6254,500.9997,503.3125
2020-01-13 10:57:00,505.4053,501.3823,503.3938
2020-01-13 10:58:00,505.3468,501.5219,503.4343
2020-01-13 10:59:00,505.2268,501.7265,503.4767
2020-01-13 11:01:00,505.1536,501.8987,503.5262
2020-01-13 11:02:00,505.0619,502.0746,503.5683
2020-01-13 11:03:00,505.0071,502.1858,503.5964
2020-01-13 11:04:00,504.929,502.3404,503.6347
2020-01-13 11:05:00,504.9339,502.3716,503.6527
2020-01-13 11:06:00,504.9355,502.4066,503.6711
2020-01-13 11:07:00,504.8846,502.4177,503.6511
2020-01-13 11:08:00,504.901,502.4133,503.6572
2020-01-13 11:09:00,504.925,502.4016,503.6633
2020-01-13 11:10:00,504.8799,502.4192,503.6496
2020-01-13 11:11:00,504.9111,502.4124,503.6617
2020-01-13 11:12:00,504.9539,502.3946,503.6742
2020-01-13 11:13:00,505.0046,502.3908,503.6977
2020-01-13 11:14:00,505.0189,502.3865,503.7027
2020-01-13 11:15:00,505.0211,502.3858,503.7035
2020-01-13 11:16:00,505.1756,502.3065,503.741
2020-01-13 11:17:00,505.2562,502.2659,503.761
2020-01-13 11:18:00,505.3687,502.2002,503.7844
2020-01-13 11:19:00,505.5398,502.11,503.8249
2020-01-13 11:20:00,505.7198,502.0467,503.8832
2020-01-13 11:21:00,505.9685,501.9439,503.9562
2020-01-13 11:22:00,506.1741,501.8783,504.0262
2020-01-13 11:23:00,506.3508,501.8679,504.1093
2020-01-13 11:24:00,506.5556,501.8011,504.1783
2020-01-13 11:25:00,506.8021,501.7078,504.255
2020-01-13 11:26:00,506.9968,501.6561,504.3264
2020-01-13 11:27:00,507.1542,501.6307,504.3925
2020-01-13 11:28:00,507.2905,501.6406,504.4655
2020-01-13 11:29:00,507.3444,501.6817,504.513
2020-01-13 11:30:00,507.4676,501.6595,504.5636
2020-01-13 11:31:00,507.6637,501.5842,504.624
2020-01-13 11:32:00,507.7943,501.5479,504.6711
2020-01-13 11:33:00,507.9539,501.4965,504.7252
2020-01-13 11:34:00,508.1279,501.4464,504.7872
2020-01-13 11:35:00,508.3159,501.4045,504.8602
2020-01-13 11:36:00,508.4909,501.3728,504.9319
2020-01-13 11:37:00,508.6791,501.3233,505.0012
2020-01-13 11:38:00,508.9222,501.263,505.0926
2020-01-13 11:39:00,509.1835,501.1887,505.1861
2020-01-13 11:40:00,509.3945,501.1326,505.2635
2020-01-13 11:41:00,509.5771,501.1058,505.3414
2020-01-13 11:42:00,509.7847,501.1156,505.4502
2020-01-13 11:43:00,509.966,501.1241,505.545
2020-01-13 11:44:00,510.1624,501.1297,505.646
2020-01-13 11:45:00,510.2553,501.2218,505.7386
2020-01-13 11:46:00,510.3479,501.3513,505.8496
2020-01-13 11:47:00,510.3838,501.5192,505.9515
2020-01-13 11:48:00,510.4975,501.6176,506.0575
2020-01-13 11:49:00,510.5986,501.7194,506.159
2020-01-13 11:50:00,510.686,501.8308,506.2584
2020-01-13 11:51:00,510.7419,501.9656,506.3537
2020-01-13 11:52:00,510.7964,502.0745,506.4354
2020-01-13 11:53:00,510.854,502.1733,506.5136
2020-01-13 11:54:00,510.9296,502.2739,506.6018
2020-01-13 11:55:00,510.977,502.3889,506.683
2020-01-13 11:56:00,511.0213,502.5126,506.7669
2020-01-13 11:57:00,511.0819,502.6404,506.8611
2020-01-13 11:58:00,511.1454,502.7626,506.954
2020-01-13 11:59:00,511.2117,502.9087,507.0602
2020-01-13 12:00:00,511.2391,503.106,507.1725
2020-01-13 12:01:00,511.3052,503.2365,507.2709
2020-01-13 12:02:00,511.4364,503.3586,507.3975
2020-01-13 12:03:00,511.6093,503.4735,507.5414
2020-01-13 12:04:00,512.0737,503.3762,507.725
2020-01-13 12:05:00,512.4964,503.3123,507.9043
2020-01-13 12:06:00,512.8353,503.3194,508.0773
2020-01-13 12:07:00,513.0652,503.4262,508.2457
2020-01-13 12:08:00,513.326,503.4817,508.4039
2020-01-13 12:09:00,513.6193,503.5068,508.5631
2020-01-13 12:10:00,513.916,503.5763,508.7461
2020-01-13 12:11:00,514.3463,503.5398,508.943
2020-01-13 12:12:00,514.8782,503.4309,509.1546
2020-01-13 12:13:00,515.4402,503.3171,509.3786
2020-01-13 12:14:00,515.8791,503.3165,509.5978
2020-01-13 12:15:00,516.233,503.3869,509.81
2020-01-13 12:16:00,516.6438,503.3637,510.0038
2020-01-13 12:17:00,516.9493,503.4363,510.1928
2020-01-13 12:18:00,517.2363,503.5072,510.3718
2020-01-13 12:19:00,517.6288,503.5061,510.5674
2020-01-13 12:20:00,518.0216,503.5075,510.7646
2020-01-13 12:21:00,518.4006,503.4972,510.9489
2020-01-13 12:22:00,518.7524,503.5191,511.1358
2020-01-13 12:23:00,519.0563,503.5739,511.3151
2020-01-13 12:24:00,519.3071,503.6577,511.4824
2020-01-13 12:25:00,519.5054,503.7514,511.6284
2020-01-13 12:26:00,519.6509,503.8866,511.7688
2020-01-13 12:27:00,519.7951,504.0418,511.9184
2020-01-13 12:28:00,519.9349,504.2085,512.0717
2020-01-13 12:29:00,520.0226,504.4665,512.2445
2020-01-13 12:30:00,520.0914,504.6801,512.3858
2020-01-13 12:31:00,520.1786,504.845,512.5118
2020-01-13 12:32:00,520.2518,505.0544,512.6531
2020-01-13 12:33:00,520.3766,505.2315,512.8041
2020-01-13 12:34:00,520.4895,505.4091,512.9493
2020-01-13 12:35:00,520.6041,505.5807,513.0924
2020-01-13 12:36:00,520.6839,505.7728,513.2283
2020-01-13 12:37:00,520.757,505.9587,513.3579
2020-01-13 12:38:00,520.857,506.1066,513.4818
2020-01-13 12:39:00,520.9851,506.2348,513.6099
2020-01-13 12:40:00,521.0941,506.3944,513.7443
2020-01-13 12:41:00,521.1453,506.5894,513.8674
2020-01-13 12:42:00,521.2095,506.7574,513.9834
2020-01-13 12:43:00,521.2581,506.9507,514.1044
2020-01-13 12:44:00,521.2808,507.134,514.2074
2020-01-13 12:45:00,521.2544,507.4048,514.3296
2020-01-13 12:46:00,521.2413,507.6543,514.4478
2020-01-13 12:47:00,521.2136,507.9675,514.5905
2020-01-13 12:48:00,521.2104,508.2177,514.714
2020-01-13 12:49:00,521.1893,508.4888,514.8391
2020-01-13 12:50:00,521.1594,508.7802,514.9698
2020-01-13 12:51:00,521.0983,509.1166,515.1074
2020-01-13 12:52:00,520.9962,509.495,515.2456
2020-01-13 12:53:00,520.8747,509.8922,515.3834
2020-01-13 12:54:00,520.7681,510.2642,515.5161
2020-01-13 12:55:00,520.5957,510.7067,515.6512
2020-01-13 12:56:00,520.3982,511.1727,515.7854
2020-01-13 12:57:00,520.2032,511.6159,515.9095
2020-01-13 12:58:00,519.9803,512.0879,516.0341
2020-01-13 12:59:00,519.8155,512.5364,516.176
2020-01-13 13:00:00,519.5552,513.0624,516.3088
2020-01-13 13:01:00,519.2777,513.6277,516.4527
2020-01-13 13:02:00,519.0558,514.0733,516.5646
2020-01-13 13:03:00,518.894,514.4431,516.6686
2020-01-13 13:04:00,518.9481,514.514,516.7311
2020-01-13 13:05:00,519.001,514.5911,516.796
2020-01-13 13:06:00,518.9852,514.7299,516.8575
2020-01-13 13:07:00,518.9258,514.9452,516.9355
2020-01-13 13:08:00,518.8757,515.15,517.0129
2020-01-13 13:09:00,518.8809,515.2992,517.09
2020-01-13 13:10:00,519.0035,515.3382,517.1709
2020-01-13 13:11:00,519.1203,515.3215,517.2209
2020-01-13 13:12:00,519.2553,515.2584,517.2569
2020-01-13 13:13:00,519.3568,515.2046,517.2807
2020-01-13 13:14:00,519.4786,515.1517,517.3151
2020-01-13 13:15:00,519.5771,515.1273,517.3522
2020-01-13 13:16:00,519.6143,515.1234,517.3689
2020-01-13 13:17:00,519.6676,515.1341,517.4009
2020-01-13 13:18:00,519.7507,515.1366,517.4436
2020-01-13 13:19:00,519.7926,515.1239,517.4583
2020-01-13 13:20:00,519.8336,515.1088,517.4712
2020-01-13 13:21:00,519.8821,515.0906,517.4864
2020-01-13 13:22:00,519.9513,515.0625,517.5069
2020-01-13 13:23:00,520.0211,515.0415,517.5313
2020-01-13 13:24:00,520.0934,515.0328,517.5631
2020-01-13 13:25:00,520.1687,515.0485,517.6086
2020-01-13 13:26:00,520.1984,515.1131,517.6558
2020-01-13 13:27:00,520.2024,515.1667,517.6845
2020-01-13 13:28:00,520.2049,515.2119,517.7084
2020-01-13 13:29:00,520.202,515.257,517.7295
2020-01-13 13:30:00,520.1887,515.3642,517.7765
2020-01-13 13:31:00,520.1555,515.4573,517.8064
2020-01-13 13:32:00,520.1339,515.5062,517.82
2020-01-13 13:33:00,520.1325,515.5169,517.8247
2020-01-13 13:34:00,520.1305,515.5418,517.8361
2020-01-13 13:35:00,520.1361,515.5235,517.8298
2020-01-13 13:36:00,520.1504,515.493,517.8217
2020-01-13 13:37:00,520.1608,515.4708,517.8158
2020-01-13 13:38:00,520.2173,515.36,517.7887
2020-01-13 13:39:00,520.3009,515.1845,517.7427
2020-01-13 13:40:00,520.3488,515.0619,517.7053
2020-01-13 13:41:00,520.3618,515.0295,517.6957
2020-01-13 13:42:00,520.3619,515.0292,517.6955
2020-01-13 13:43:00,520.3617,515.0581,517.7099
2020-01-13 13:44:00,520.3442,515.1075,517.7259
2020-01-13 13:45:00,520.3429,515.1103,517.7266
2020-01-13 13:46:00,520.3347,515.1309,517.7328
2020-01-13 13:47:00,520.3407,515.1094,517.7251
2020-01-13 13:48:00,520.3398,515.1142,517.727
2020-01-13 13:49:00,520.3375,515.1341,517.7358
2020-01-13 13:50:00,520.3413,515.1173,517.7293
2020-01-13 13:51:00,520.353,515.0766,517.7148
2020-01-13 13:52:00,520.3542,515.071,517.7126
2020-01-13 13:53:00,520.3547,515.0679,517.7113
2020-01-13 13:54:00,520.3586,515.0467,517.7027
2020-01-13 13:55:00,520.3635,515.0287,517.6961
2020-01-13 13:56:00,520.3677,515.0115,517.6896
2020-01-13 13:57:00,520.3712,514.9976,517.6844
2020-01-13 13:58:00,520.4029,514.9174,517.6601
2020-01-13 13:59:00,520.4101,514.8122,517.6112
2020-01-13 14:00:00,520.4363,514.703,517.5697
2020-01-13 14:01:00,520.4181,514.6307,517.5244
2020-01-13 14:02:00,520.4136,514.5683,517.4909
2020-01-13 14:03:00,520.3908,514.5262,517.4585
2020-01-13 14:04:00,520.356,514.4883,517.4221
2020-01-13 14:05:00,520.3152,514.4505,517.3828
2020-01-13 14:06:00,520.2976,514.4047,517.3512
2020-01-13 14:07:00,520.2715,514.3448,517.3082
2020-01-13 14:08:00,520.2301,514.3088,517.2694
2020-01-13 14:09:00,520.169,514.3119,517.2404
2020-01-13 14:10:00,520.0545,514.3484,517.2014
2020-01-13 14:11:00,519.9679,514.3687,517.1683
2020-01-13 14:12:00,519.8566,514.407,517.1318
2020-01-13 14:13:00,519.7426,514.4485,517.0955
2020-01-13 14:14:00,519.6341,514.4965,517.0653
2020-01-13 14:15:00,519.5311,514.5316,517.0314
2020-01-13 14:16:00,519.4895,514.5426,517.016
2020-01-13 14:17:00,519.4331,514.5589,516.996
2020-01-13 14:18:00,519.3406,514.5971,516.9688
2020-01-13 14:19:00,519.2794,514.6237,516.9515
2020-01-13 14:20:00,519.1957,514.6608,516.9283
2020-01-13 14:21:00,519.1028,514.7058,516.9043
2020-01-13 14:22:00,518.9659,514.7754,516.8707
2020-01-13 14:23:00,518.8134,514.8326,516.823
2020-01-13 14:24:00,518.6604,514.8809,516.7707
2020-01-13 14:25:00,518.4881,514.9443,516.7162
2020-01-13 14:26:00,518.3631,514.9847,516.6739
2020-01-13 14:27:00,518.3079,514.999,516.6534
2020-01-13 14:28:00,518.2572,515.0074,516.6323
2020-01-13 14:29:00,518.2248,515.0149,516.6199
2020-01-13 14:30:00,518.143,515.0548,516.5989
2020-01-13 14:31:00,518.1236,515.0592,516.5914
2020-01-13 14:32:00,518.1522,515.0555,516.6039
2020-01-13 14:33:00,518.1664,515.051,516.6087
2020-01-13 14:34:00,518.1763,515.0468,516.6115
2020-01-13 14:35:00,518.2278,515.0374,516.6326
2020-01-13 14:36:00,518.2766,515.0494,516.663
2020-01-13 14:37:00,518.3079,515.0684,516.6882
2020-01-13 14:38:00,518.3204,515.141,516.7307
2020-01-13 14:39:00,518.3023,515.2663,516.7843
2020-01-13 14:40:00,518.2949,515.3567,516.8258
2020-01-13 14:41:00,518.3314,515.3882,516.8598
2020-01-13 14:42:00,518.3517,515.3966,516.8741
2020-01-13 14:43:00,518.3413,515.3976,516.8695
2020-01-13 14:44:00,518.3491,515.4015,516.8753
2020-01-13 14:45:00,518.3446,515.445,516.8948
2020-01-13 14:46:00,518.3443,515.4516,516.8979
2020-01-13 14:47:00,518.3445,515.4659,516.9052
2020-01-13 14:48:00,518.351,515.4707,516.9109
2020-01-13 14:49:00,518.3458,515.4688,516.9073
2020-01-13 14:50:00,518.3673,515.481,516.9242
2020-01-13 14:51:00,518.4012,515.5065,516.9539
2020-01-13 14:52:00,518.4615,515.4993,516.9804
2020-01-13 14:53:00,518.5221,515.4902,517.0061
2020-01-13 14:54:00,518.6339,515.4595,517.0467
2020-01-13 14:55:00,518.6863,515.4718,517.079
2020-01-13 14:56:00,518.7744,515.4633,517.1188
2020-01-13 14:57:00,518.8173,515.4809,517.1491
2020-01-13 14:58:00,518.8247,515.5698,517.1973
2020-01-13 14:59:00,518.8162,515.67,517.2431
2020-01-13 15:00:00,518.7746,515.8006,517.2876
2020-01-13 15:01:00,518.7675,515.8817,517.3246
2020-01-13 15:02:00,518.7566,515.9588,517.3577
2020-01-13 15:03:00,518.7737,516.004,517.3888
2020-01-13 15:04:00,518.7975,516.0462,517.4219
2020-01-13 15:05:00,518.8084,516.0994,517.4539
2020-01-13 15:06:00,518.7951,516.1726,517.4838
2020-01-13 15:07:00,518.7609,516.2834,517.5222
2020-01-13 15:08:00,518.7388,516.3592,517.549
2020-01-13 15:09:00,518.7388,516.3629,517.5509
2020-01-13 15:10:00,518.7409,516.3429,517.5419
2020-01-13 15:11:00,518.7438,516.3256,517.5347
2020-01-13 15:12:00,518.7459,516.303,517.5245
2020-01-13 15:13:00,518.7808,516.22,517.5004
2020-01-13 15:14:00,518.7838,516.168,517.4759
2020-01-13 15:15:00,518.7967,516.1245,517.4606
2020-01-13 15:16:00,518.7946,516.0953,517.445
2020-01-13 15:17:00,518.7905,516.0834,517.437
2020-01-13 15:18:00,518.789,516.0828,517.4359
2020-01-13 15:19:00,518.7813,516.0834,517.4324
2020-01-13 15:20:00,518.7733,516.0799,517.4266
2020-01-13 15:21:00,518.7615,516.0738,517.4176
2020-01-13 15:22:00,518.77,516.075,517.4225
2020-01-13 15:23:00,518.7693,516.112,517.4407
2020-01-13 15:24:00,518.768,516.177,517.4725
2020-01-13 15:25:00,518.7693,516.2478,517.5086
2020-01-13 15:26:00,518.7806,516.3062,517.5434
2020-01-13 15:27:00,518.7973,516.3365,517.5669
2020-01-13 15:28:00,518.841,516.3643,517.6027
2020-01-13 15:29:00,518.8885,516.3766,517.6326
2020-01-13 15:30:00,518.985,516.3518,517.6684
2020-01-13 15:31:00,519.1363,516.2968,517.7165
2020-01-13 15:32:00,519.2692,516.2412,517.7552
2020-01-13 15:33:00,519.3672,516.2106,517.7889
2020-01-13 15:34:00,519.4665,516.176,517.8212
2020-01-13 15:35:00,519.5695,516.1365,517.853
2020-01-13 15:36:00,519.7779,516.0281,517.903
2020-01-13 15:37:00,519.9798,515.9379,517.9588
2020-01-13 15:38:00,520.2,515.8341,518.0171
2020-01-13 15:39:00,520.5739,515.6188,518.0963
2020-01-13 15:40:00,520.8595,515.486,518.1727
2020-01-13 15:41:00,521.0803,515.3958,518.2381
2020-01-13 15:42:00,521.2609,515.3506,518.3057
2020-01-13 15:43:00,521.4783,515.2955,518.3869
2020-01-13 15:44:00,521.7304,515.223,518.4767
2020-01-13 15:45:00,522.0071,515.1458,518.5764
2020-01-13 15:46:00,522.2833,515.0923,518.6878
2020-01-13 15:47:00,522.571,515.031,518.801
2020-01-13 15:48:00,522.8989,514.9358,518.9174
2020-01-13 15:49:00,523.2545,514.8359,519.0452
2020-01-13 15:50:00,523.5883,514.7388,519.1635
2020-01-13 15:51:00,523.892,514.6561,519.274
2020-01-13 15:52:00,524.0864,514.633,519.3597
2020-01-13 15:53:00,524.3246,514.5878,519.4562
2020-01-13 15:54:00,524.5979,514.5062,519.552
2020-01-13 15:55:00,524.8656,514.4538,519.6597
2020-01-13 15:56:00,525.1779,514.3637,519.7708
2020-01-13 15:57:00,525.4575,514.3184,519.888
2020-01-13 15:58:00,525.6564,514.3215,519.989
2020-01-13 15:59:00,525.8615,514.3312,520.0964
2020-01-13 16:00:00,526.0743,514.3515,520.2129
2020-01-14 09:31:00,529.4065,511.9411,520.6738
2020-01-14 09:32:00,531.7038,510.5247,521.1143
2020-01-14 09:33:00,533.3771,509.6547,521.5159
2020-01-14 09:34:00,534.9982,508.8646,521.9314
2020-01-14 09:35:00,536.1694,508.438,522.3037
2020-01-14 09:36:00,537.2371,508.1175,522.6773
2020-01-14 09:37:00,537.9323,508.0446,522.9884
2020-01-14 09:38:00,538.3728,508.1293,523.2511
2020-01-14 09:39:00,539.0949,508.095,523.595
2020-01-14 09:40:00,539.7371,508.1381,523.9376
2020-01-14 09:41:00,540.1853,508.2959,524.2406
2020-01-14 09:42:00,540.6601,508.4563,524.5582
2020-01-14 09:43:00,541.1373,508.6649,524.9011
2020-01-14 09:44:00,541.745,508.8065,525.2758
2020-01-14 09:45:00,542.4507,508.9114,525.6811
2020-01-14 09:46:00,543.2068,508.9947,526.1008
2020-01-14 09:47:00,543.9938,509.0664,526.5301
2020-01-14 09:48:00,544.7397,509.1609,526.9503
2020-01-14 09:49:00,545.19,509.4186,527.3043
2020-01-14 09:50:00,545.5237,509.7555,527.6396
2020-01-14 09:51:00,545.8872,510.1027,527.9949
2020-01-14 09:52:00,546.0506,510.5023,528.2764
2020-01-14 09:53:00,546.1138,510.9372,528.5255
2020-01-14 09:54:00,546.2108,511.3625,528.7867
2020-01-14 09:55:00,546.2563,511.7928,529.0246
2020-01-14 09:56:00,546.2415,512.2196,529.2306
2020-01-14 09:57:00,546.1507,512.5832,529.367
2020-01-14 09:58:00,546.0776,512.9584,529.518
2020-01-14 09:59:00,545.9853,513.2648,529.6251
2020-01-14 10:00:00,545.909,513.6128,529.7609
2020-01-14 10:01:00,545.8794,513.9955,529.9374
2020-01-14 10:02:00,545.8381,514.3944,530.1163
2020-01-14 10:03:00,545.8022,514.8376,530.3199
2020-01-14 10:04:00,545.738,515.2791,530.5086
2020-01-14 10:05:00,545.7351,515.7534,530.7442
2020-01-14 10:06:00,545.7703,516.1785,530.9744
2020-01-14 10:07:00,545.7506,516.6099,531.1803
2020-01-14 10:08:00,545.7257,517.0362,531.3809
2020-01-14 10:09:00,545.7601,517.3974,531.5788
2020-01-14 10:10:00,545.79,517.7981,531.794
2020-01-14 10:11:00,545.7443,518.2298,531.987
2020-01-14 10:12:00,545.6829,518.7014,532.1922
2020-01-14 10:13:00,545.5795,519.1149,532.3472
2020-01-14 10:14:00,545.4859,519.5135,532.4997
2020-01-14 10:15:00,545.4276,519.9259,532.6768
2020-01-14 10:16:00,545.3389,520.3089,532.8239
2020-01-14 10:17:00,545.2755,520.7117,532.9936
2020-01-14 10:18:00,545.2959,521.1072,533.2015
2020-01-14 10:19:00,545.3157,521.4846,533.4002
2020-01-14 10:20:00,545.4013,521.867,533.6342
2020-01-14 10:21:00,545.4215,522.2858,533.8537
2020-01-14 10:22:00,545.4603,522.7914,534.1258
2020-01-14 10:23:00,545.4904,523.2755,534.383
2020-01-14 10:24:00,545.4938,523.7468,534.6203
2020-01-14 10:25:00,545.6034,524.1959,534.8996
2020-01-14 10:26:00,545.7441,524.6073,535.1757
2020-01-14 10:27:00,545.7421,525.1041,535.4231
2020-01-14 10:28:00,545.7112,525.6958,535.7035
2020-01-14 10:29:00,545.698,526.2895,535.9937
2020-01-14 10:30:00,545.5887,526.9261,536.2574
2020-01-14 10:31:00,545.2535,527.0937,536.1736
2020-01-14 10:32:00,545.007,527.2087,536.1079
2020-01-14 10:33:00,544.842,527.2658,536.0539
2020-01-14 10:34:00,544.6093,527.3599,535.9846
2020-01-14 10:35:00,544.544,527.3782,535.9611
2020-01-14 10:36:00,544.5867,527.3622,535.9745
2020-01-14 10:37:00,544.6865,527.3612,536.0238
2020-01-14 10:38:00,544.7801,527.4444,536.1123
2020-01-14 10:39:00,544.7858,527.4447,536.1153
2020-01-14 10:40:00,544.7812,527.4435,536.1124
2020-01-14 10:41:00,544.8334,527.4825,536.158
2020-01-14 10:42:00,544.8697,527.5032,536.1865
2020-01-14 10:43:00,544.8705,527.5038,536.1872
2020-01-14 10:44:00,544.8146,527.4983,536.1564
2020-01-14 10:45:00,544.7212,527.5206,536.1209
2020-01-14 10:46:00,544.5367,527.5722,536.0545
2020-01-14 10:47:00,544.3062,527.6585,535.9824
2020-01-14 10:48:00,544.0073,527.7374,535.8723
2020-01-14 10:49:00,543.9111,527.7204,535.8158
2020-01-14 10:50:00,543.8635,527.695,535.7792
2020-01-14 10:51:00,543.7889,527.6855,535.7372
2020-01-14 10:52:00,543.7958,527.6999,535.7479
2020-01-14 10:53:00,543.7921,527.7201,535.7561
2020-01-14 10:54:00,543.7942,527.6943,535.7442
2020-01-14 10:55:00,543.7908,527.7654,535.7781
2020-01-14 10:56:00,543.7508,527.9101,535.8304
2020-01-14 10:57:00,543.5018,528.4285,535.9652
2020-01-14 10:58:00,543.3189,528.8404,536.0796
2020-01-14 10:59:00,542.9062,529.5475,536.2269
2020-01-14 11:00:00,542.6376,530.0442,536.3409
2020-01-14 11:01:00,542.5494,530.3335,536.4414
2020-01-14 11:02:00,542.4605,530.638,536.5492
2020-01-14 11:03:00,542.4139,530.8586,536.6362
2020-01-14 11:04:00,542.3139,531.1471,536.7305
2020-01-14 11:06:00,542.3361,531.2564,536.7963
2020-01-14 11:07:00,542.3767,531.3344,536.8555
2020-01-14 11:08:00,542.3553,531.4753,536.9153
2020-01-14 11:09:00,542.3453,531.6306,536.988
2020-01-14 11:10:00,542.3957,531.7239,537.0598
2020-01-14 11:11:00,542.4733,531.7875,537.1304
2020-01-14 11:12:00,542.5036,531.9492,537.2264
2020-01-14 11:13:00,542.4967,532.089,537.2928
2020-01-14 11:14:00,542.3937,532.4357,537.4147
2020-01-14 11:15:00,542.2819,532.7681,537.525
2020-01-14 11:16:00,542.231,532.9315,537.5812
2020-01-14 11:17:00,542.0923,533.2368,537.6646
2020-01-14 11:18:00,542.0509,533.4293,537.7401
2020-01-14 11:19:00,542.0655,533.4636,537.7646
2020-01-14 11:20:00,542.0705,533.4904,537.7804
2020-01-14 11:21:00,542.0488,533.4809,537.7648
2020-01-14 11:22:00,542.0517,533.405,537.7283
2020-01-14 11:23:00,541.9788,533.3692,537.674
2020-01-14 11:24:00,541.9144,533.3509,537.6326
2020-01-14 11:25:00,541.8716,533.326,537.5988
2020-01-14 11:26:00,541.6742,533.3568,537.5155
2020-01-14 11:27:00,541.4254,533.444,537.4347
2020-01-14 11:28:00,541.3119,533.4334,537.3727
2020-01-14 11:29:00,541.1223,533.4307,537.2765
2020-01-14 11:30:00,540.8356,533.5157,537.1757
2020-01-14 11:32:00,540.6541,533.5454,537.0997
2020-01-14 11:33:00,540.4721,533.5571,537.0146
2020-01-14 11:34:00,540.3028,533.6083,536.9555
2020-01-14 11:35:00,540.2203,533.576,536.8981
2020-01-14 11:36:00,540.1358,533.5296,536.8327
2020-01-14 11:37:00,540.0506,533.4714,536.761
2020-01-14 11:38:00,539.7708,533.5841,536.6774
2020-01-14 11:39:00,539.6133,533.6078,536.6105
2020-01-14 11:40:00,539.5169,533.5808,536.5489
2020-01-14 11:41:00,539.4555,533.5584,536.5069
2020-01-14 11:42:00,539.4866,533.3987,536.4427
2020-01-14 11:43:00,539.5279,533.1862,536.3571
2020-01-14 11:44:00,539.6439,532.8659,536.2549
2020-01-14 11:45:00,539.723,532.6389,536.181
2020-01-14 11:46:00,539.7499,532.4706,536.1103
2020-01-14 11:47:00,539.6789,532.3605,536.0197
2020-01-14 11:48:00,539.6617,532.2004,535.931
2020-01-14 11:49:00,539.5545,532.1723,535.8634
2020-01-14 11:50:00,539.5467,532.1115,535.8291
2020-01-14 11:51:00,539.5553,532.0401,535.7977
2020-01-14 11:52:00,539.5537,532.0194,535.7866
2020-01-14 11:53:00,539.5443,531.9651,535.7547
2020-01-14 11:54:00,539.5568,531.8899,535.7234
2020-01-14 11:55:00,539.5511,531.9023,535.7267
2020-01-14 11:56:00,539.5437,531.9186,535.7311
2020-01-14 11:57:00,539.5814,531.8172,535.6993
2020-01-14 11:58:00,539.6224,531.726,535.6742
2020-01-14 11:59:00,539.7013,531.5513,535.6263
2020-01-14 12:00:00,539.7658,531.3895,535.5776
2020-01-14 12:01:00,539.8009,531.3002,535.5506
2020-01-14 12:02:00,539.8653,531.1458,535.5056
2020-01-14 12:03:00,539.8729,530.9889,535.4309
2020-01-14 12:04:00,539.8242,530.918,535.3711
2020-01-14 12:05:00,539.7699,530.8668,535.3184
2020-01-14 12:06:00,539.7444,530.7598,535.2521
2020-01-14 12:07:00,539.6513,530.69,535.1706
2020-01-14 12:08:00,539.5293,530.6414,535.0854
2020-01-14 12:09:00,539.4699,530.5859,535.0279
2020-01-14 12:10:00,539.3717,530.5881,534.9799
2020-01-14 12:11:00,539.2141,530.6453,534.9297
2020-01-14 12:12:00,538.9995,530.7356,534.8675
2020-01-14 12:13:00,538.7874,530.8236,534.8055
2020-01-14 12:14:00,538.6672,530.8555,534.7613
2020-01-14 12:15:00,538.4802,530.9306,534.7054
2020-01-14 12:16:00,538.3202,530.9966,534.6584
2020-01-14 12:17:00,538.2351,531.0122,534.6236
2020-01-14 12:18:00,538.1615,531.0357,534.5986
2020-01-14 12:19:00,537.9944,531.1117,534.5531
2020-01-14 12:20:00,537.9093,531.1585,534.5339
2020-01-14 12:21:00,537.8889,531.1696,534.5293
2020-01-14 12:22:00,537.952,531.1308,534.5414
2020-01-14 12:23:00,538.1833,531.0145,534.5989
2020-01-14 12:24:00,538.29,530.9622,534.6261
2020-01-14 12:25:00,538.3459,530.934,534.64
2020-01-14 12:26:00,538.4703,530.8675,534.6689
2020-01-14 12:27:00,538.5493,530.8325,534.6909
2020-01-14 12:28:00,538.6044,530.8051,534.7047
2020-01-14 12:29:00,538.6545,530.7866,534.7205
2020-01-14 12:30:00,538.6601,530.7873,534.7237
2020-01-14 12:31:00,538.6855,530.782,534.7338
2020-01-14 12:32:00,538.7312,530.7682,534.7497
2020-01-14 12:33:00,538.8142,530.7475,534.7808
2020-01-14 12:34:00,538.8083,530.7494,534.7788
2020-01-14 12:35:00,538.887,530.7301,534.8086
2020-01-14 12:36:00,538.9385,530.7288,534.8337
2020-01-14 12:37:00,539.0733,530.7018,534.8876
2020-01-14 12:38:00,539.1957,530.6559,534.9258
2020-01-14 12:39:00,539.3107,530.6227,534.9667
2020-01-14 12:40:00,539.4485,530.5911,535.0198
2020-01-14 12:41:00,539.524,530.5791,535.0516
2020-01-14 12:42:00,539.6266,530.6194,535.123
2020-01-14 12:43:00,539.6644,530.7144,535.1894
2020-01-14 12:44:00,539.6716,530.8888,535.2802
2020-01-14 12:45:00,539.7113,531.0182,535.3648
2020-01-14 12:46:00,539.7454,531.1219,535.4337
2020-01-14 12:47:00,539.7828,531.21,535.4964
2020-01-14 12:48:00,539.8154,531.3336,535.5745
2020-01-14 12:49:00,539.8721,531.3708,535.6214
2020-01-14 12:50:00,539.9359,531.4195,535.6777
2020-01-14 12:51:00,539.9616,531.4941,535.7279
2020-01-14 12:52:00,540.0071,531.5301,535.7686
2020-01-14 12:53:00,540.0372,531.5874,535.8123
2020-01-14 12:54:00,540.0389,531.6762,535.8575
2020-01-14 12:55:00,540.0256,531.7717,535.8987
2020-01-14 12:56:00,540.0399,531.8806,535.9602
2020-01-14 12:57:00,540.0286,532.0365,536.0326
2020-01-14 12:58:00,540.0036,532.2234,536.1135
2020-01-14 12:59:00,539.9171,532.4935,536.2053
2020-01-14 13:00:00,539.8282,532.7635,536.2958
2020-01-14 13:01:00,539.7833,532.9894,536.3863
2020-01-14 13:02:00,539.7551,533.2763,536.5157
2020-01-14 13:03:00,539.9268,533.4154,536.6711
2020-01-14 13:04:00,540.2829,533.3592,536.8211
2020-01-14 13:05:00,540.645,533.2909,536.9679
2020-01-14 13:06:00,540.8432,533.405,537.1241
2020-01-14 13:07:00,541.0774,533.4862,537.2818
2020-01-14 13:08:00,541.3705,533.5288,537.4497
2020-01-14 13:09:00,541.6617,533.5663,537.614
2020-01-14 13:10:00,541.8738,533.6005,537.7371
2020-01-14 13:11:00,542.1334,533.567,537.8502
2020-01-14 13:12:00,542.3113,533.5944,537.9528
2020-01-14 13:13:00,542.5259,533.6135,538.0697
2020-01-14 13:14:00,542.6986,533.6745,538.1866
2020-01-14 13:15:00,542.8893,533.7245,538.3069
2020-01-14 13:16:00,543.0648,533.7795,538.4221
2020-01-14 13:17:00,543.2112,533.884,538.5476
2020-01-14 13:18:00,543.3239,533.9783,538.6511
2020-01-14 13:19:00,543.378,534.1033,538.7406
2020-01-14 13:20:00,543.4441,534.1648,538.8045
2020-01-14 13:21:00,543.5292,534.2103,538.8698
2020-01-14 13:22:00,543.6042,534.2218,538.913
2020-01-14 13:23:00,543.7047,534.2136,538.9592
2020-01-14 13:24:00,543.8112,534.2284,539.0198
2020-01-14 13:25:00,543.8981,534.2596,539.0789
2020-01-14 13:26:00,543.9654,534.2749,539.1202
2020-01-14 13:27:00,544.105,534.29,539.1975
2020-01-14 13:28:00,544.2508,534.2992,539.275
2020-01-14 13:29:00,544.4818,534.2921,539.3869
2020-01-14 13:30:00,544.6702,534.3897,539.53
2020-01-14 13:31:00,544.8894,534.4326,539.661
2020-01-14 13:32:00,545.1865,534.4135,539.8
2020-01-14 13:33:00,545.3727,534.4524,539.9125
2020-01-14 13:34:00,545.6337,534.4839,540.0588
2020-01-14 13:35:00,545.9932,534.4346,540.2139
2020-01-14 13:36:00,546.2763,534.47,540.3732
2020-01-14 13:37:00,546.3472,534.551,540.4491
2020-01-14 13:38:00,546.3914,534.6232,540.5073
2020-01-14 13:39:00,546.4889,534.6994,540.5942
2020-01-14 13:40:00,546.6239,534.7575,540.6907
2020-01-14 13:41:00,546.6748,534.8801,540.7775
2020-01-14 13:42:00,546.7047,534.9982,540.8515
2020-01-14 13:43:00,546.6979,535.1829,540.9404
2020-01-14 13:44:00,546.6674,535.2594,540.9634
2020-01-14 13:45:00,546.6376,535.3792,541.0084
2020-01-14 13:46:00,546.5962,535.49,541.0431
2020-01-14 13:47:00,546.5498,535.6231,541.0864
2020-01-14 13:48:00,546.5116,535.7491,541.1304
2020-01-14 13:49:00,546.4699,535.884,541.177
2020-01-14 13:50:00,546.4434,536.0339,541.2386
2020-01-14 13:51:00,546.3768,536.2366,541.3067
2020-01-14 13:52:00,546.3227,536.421,541.3718
2020-01-14 13:53:00,546.2453,536.6308,541.4381
2020-01-14 13:54:00,546.1264,536.8773,541.5019
2020-01-14 13:55:00,545.9653,537.1875,541.5764
2020-01-14 13:56:00,545.9018,537.3009,541.6013
2020-01-14 13:57:00,545.8073,537.4858,541.6465
2020-01-14 13:58:00,545.7197,537.6541,541.6869
2020-01-14 13:59:00,545.6086,537.8725,541.7405
2020-01-14 14:00:00,545.5035,538.061,541.7822
2020-01-14 14:01:00,545.4179,538.2298,541.8238
2020-01-14 14:02:00,545.3933,538.3084,541.8508
2020-01-14 14:03:00,545.4123,538.2267,541.8195
2020-01-14 14:04:00,545.469,538.0213,541.7452
2020-01-14 14:05:00,545.4724,537.8924,541.6824
2020-01-14 14:06:00,545.4956,537.7571,541.6264
2020-01-14 14:07:00,545.49,537.6517,541.5708
2020-01-14 14:08:00,545.4418,537.5832,541.5125
2020-01-14 14:09:00,545.4571,537.3731,541.4151
2020-01-14 14:10:00,545.4692,537.232,541.3506
2020-01-14 14:11:00,545.4541,537.111,541.2826
2020-01-14 14:12:00,545.485,536.9431,541.2141
2020-01-14 14:13:00,545.5675,536.6465,541.107
2020-01-14 14:14:00,545.6739,536.3168,540.9954
2020-01-14 14:15:00,545.6763,536.1289,540.9026
2020-01-14 14:16:00,545.6304,536.0503,540.8404
2020-01-14 14:17:00,545.5996,535.9225,540.761
2020-01-14 14:18:00,545.5947,535.7793,540.687
2020-01-14 14:19:00,545.5962,535.6758,540.636
2020-01-14 14:20:00,545.5948,535.5893,540.592
2020-01-14 14:21:00,545.5794,535.5094,540.5444
2020-01-14 14:22:00,545.5631,535.4374,540.5003
2020-01-14 14:23:00,545.5235,535.378,540.4507
2020-01-14 14:24:00,545.4811,535.3267,540.4039
2020-01-14 14:25:00,545.4474,535.2802,540.3638
2020-01-14 14:26:00,545.4207,535.2444,540.3325
2020-01-14 14:27:00,545.3676,535.2465,540.3071
2020-01-14 14:28:00,545.3035,535.2514,540.2775
2020-01-14 14:29:00,545.16,535.2923,540.2261
2020-01-14 14:30:00,545.0312,535.3421,540.1867
2020-01-14 14:31:00,544.8444,535.4032,540.1238
2020-01-14 14:32:00,544.5898,535.5276,540.0587
2020-01-14 14:33:00,544.4339,535.5926,540.0132
2020-01-14 14:34:00,544.1376,535.7424,539.94
2020-01-14 14:35:00,543.653,536.017,539.835
2020-01-14 14:36:00,543.1616,536.2829,539.7222
2020-01-14 14:37:00,543.0566,536.3233,539.69
2020-01-14 14:38:00,543.0321,536.3331,539.6826
2020-01-14 14:39:00,542.8843,536.41,539.6472
2020-01-14 14:40:00,542.6239,536.5566,539.5902
2020-01-14 14:41:00,542.5061,536.6161,539.5611
2020-01-14 14:42:00,542.475,536.6326,539.5538
2020-01-14 14:43:00,542.5118,536.6116,539.5617
2020-01-14 14:44:00,542.711,536.5725,539.6418
2020-01-14 14:45:00,542.9192,536.48,539.6996
2020-01-14 14:46:00,543.0376,536.4719,539.7548
2020-01-14 14:47:00,543.1914,536.4315,539.8114
2020-01-14 14:48:00,543.3056,536.4048,539.8552
2020-01-14 14:49:00,543.3992,536.3868,539.893
2020-01-14 14:50:00,543.4774,536.3566,539.917
2020-01-14 14:51:00,543.5618,536.3302,539.946
2020-01-14 14:52:00,543.6141,536.3157,539.9649
2020-01-14 14:53:00,543.6522,536.3097,539.9809
2020-01-14 14:54:00,543.7005,536.3133,540.0069
2020-01-14 14:55:00,543.7423,536.3151,540.0287
2020-01-14 14:56:00,543.7737,536.3709,540.0723
2020-01-14 14:57:00,543.824,536.3832,540.1036
2020-01-14 14:58:00,543.9106,536.3868,540.1487
2020-01-14 14:59:00,543.9189,536.3909,540.1549
2020-01-14 15:00:00,543.9335,536.4067,540.1701
2020-01-14 15:01:00,543.9358,536.4084,540.1721
2020-01-14 15:02:00,543.9256,536.4059,540.1658
2020-01-14 15:03:00,543.9769,536.4279,540.2024
2020-01-14 15:04:00,544.0312,536.5129,540.2721
2020-01-14 15:05:00,544.0719,536.5628,540.3174
2020-01-14 15:06:00,544.1182,536.6232,540.3707
2020-01-14 15:07:00,544.1638,536.6675,540.4157
2020-01-14 15:08:00,544.2193,536.6914,540.4553
2020-01-14 15:09:00,544.2129,536.8366,540.5248
2020-01-14 15:10:00,544.2221,536.9315,540.5768
2020-01-14 15:11:00,544.2294,537.0154,540.6224
2020-01-14 15:12:00,544.1972,537.1498,540.6735
2020-01-14 15:13:00,544.0601,537.443,540.7516
2020-01-14 15:14:00,543.8498,537.8314,540.8406
2020-01-14 15:15:00,543.7484,538.0772,540.9128
2020-01-14 15:16:00,543.7634,538.1775,540.9705
2020-01-14 15:17:00,543.7073,538.3728,541.0401
2020-01-14 15:18:00,543.5979,538.6162,541.107
2020-01-14 15:19:00,543.5127,538.8232,541.168
2020-01-14 15:20:00,543.4213,539.0133,541.2173
2020-01-14 15:21:00,543.3577,539.2023,541.28
2020-01-14 15:22:00,543.2693,539.3928,541.3311
2020-01-14 15:23:00,543.2022,539.5622,541.3822
2020-01-14 15:24:00,543.138,539.7264,541.4322
2020-01-14 15:25:00,543.0655,539.8954,541.4805
2020-01-14 15:26:00,543.0161,540.0465,541.5313
2020-01-14 15:27:00,543.0237,540.0254,541.5246
2020-01-14 15:28:00,543.0226,540.0415,541.532
2020-01-14 15:29:00,543.0425,539.996,541.5192
2020-01-14 15:30:00,543.0512,539.9344,541.4928
2020-01-14 15:31:00,543.0828,539.8745,541.4787
2020-01-14 15:32:00,543.0856,539.8384,541.462
2020-01-14 15:33:00,543.094,539.7938,541.4439
2020-01-14 15:34:00,543.1028,539.7616,541.4322
2020-01-14 15:35:00,543.1253,539.7192,541.4222
2020-01-14 15:36:00,543.1696,539.6542,541.4119
2020-01-14 15:37:00,543.3015,539.441,541.3712
2020-01-14 15:38:00,543.3607,539.2973,541.329
2020-01-14 15:39:00,543.4297,539.1433,541.2865
2020-01-14 15:40:00,543.4861,539.0232,541.2546
2020-01-14 15:41:00,543.5006,538.9644,541.2325
2020-01-14 15:42:00,543.5064,538.8809,541.1937
2020-01-14 15:43:00,543.4564,538.8604,541.1584
2020-01-14 15:44:00,543.3607,538.8714,541.116
2020-01-14 15:45:00,543.2369,538.8802,541.0586
2020-01-14 15:46:00,543.1918,538.8445,541.0182
2020-01-14 15:47:00,543.1011,538.84,540.9705
2020-01-14 15:48:00,543.0329,538.829,540.9309
2020-01-14 15:49:00,542.9797,538.8008,540.8902
2020-01-14 15:50:00,542.9018,538.7844,540.8431
2020-01-14 15:51:00,542.8683,538.6873,540.7778
2020-01-14 15:52:00,542.9312,538.4668,540.699
2020-01-14 15:53:00,543.0076,538.2424,540.625
2020-01-14 15:54:00,543.0808,538.0223,540.5516
2020-01-14 15:55:00,543.1008,537.879,540.4899
2020-01-14 15:56:00,543.124,537.7498,540.4369
2020-01-14 15:57:00,543.1202,537.6323,540.3763
2020-01-14 15:58:00,543.056,537.5608,540.3084
2020-01-14 15:59:00,543.056,537.4903,540.2731
2020-01-14 16:00:00,543.0718,537.3885,540.2301
2020-01-15 09:31:00,543.9347,536.1768,540.0557
2020-01-15 09:32:00,544.2869,535.5445,539.9157
2020-01-15 09:33:00,544.7165,534.737,539.7268
2020-01-15 09:34:00,545.0454,534.0098,539.5276
2020-01-15 09:35:00,545.3071,533.3762,539.3416
2020-01-15 09:36:00,545.3405,533.0487,539.1946
2020-01-15 09:37:00,545.4165,532.6439,539.0302
2020-01-15 09:38:00,545.4791,532.2303,538.8547
2020-01-15 09:39:00,545.6246,531.6997,538.6621
2020-01-15 09:40:00,545.6948,531.2785,538.4867
2020-01-15 09:41:00,545.8634,530.6978,538.2806
2020-01-15 09:42:00,546.0764,530.0554,538.0659
2020-01-15 09:43:00,546.5958,528.9584,537.7771
2020-01-15 09:44:00,546.8065,528.257,537.5318
2020-01-15 09:45:00,546.9264,527.6442,537.2853
2020-01-15 09:46:00,547.0086,527.0156,537.0121
2020-01-15 09:47:00,546.9661,526.5894,536.7777
2020-01-15 09:48:00,546.9029,526.2168,536.5598
2020-01-15 09:49:00,546.8012,525.8897,536.3455
2020-01-15 09:50:00,546.6895,525.6046,536.147
2020-01-15 09:51:00,546.4947,525.391,535.9428
2020-01-15 09:52:00,546.3338,525.1374,535.7356
2020-01-15 09:53:00,546.1401,524.9023,535.5212
2020-01-15 09:54:00,545.9024,524.7427,535.3226
2020-01-15 09:55:00,545.6367,524.6516,535.1441
2020-01-15 09:56:00,545.3379,524.5629,534.9504
2020-01-15 09:57:00,545.1414,524.3948,534.7681
2020-01-15 09:58:00,544.8933,524.2384,534.5658
2020-01-15 09:59:00,544.69,524.0862,534.3881
2020-01-15 10:00:00,544.4645,523.9811,534.2228
2020-01-15 10:01:00,544.2613,523.8369,534.0491
2020-01-15 10:02:00,543.9915,523.8024,533.8969
2020-01-15 10:03:00,543.7241,523.7895,533.7568
2020-01-15 10:04:00,543.4581,523.8217,533.6399
2020-01-15 10:05:00,543.2424,523.8607,533.5516
2020-01-15 10:06:00,543.097,523.888,533.4925
2020-01-15 10:07:00,542.9451,523.8931,533.4191
2020-01-15 10:08:00,542.7769,523.9245,533.3507
2020-01-15 10:09:00,542.6685,523.9546,533.3116
2020-01-15 10:10:00,542.5737,523.9851,533.2794
2020-01-15 10:11:00,542.4246,524.0396,533.2321
2020-01-15 10:12:00,542.2817,524.0903,533.186
2020-01-15 10:13:00,542.0457,524.1799,533.1128
2020-01-15 10:14:00,541.7607,524.2861,533.0234
2020-01-15 10:15:00,541.5174,524.3764,532.9469
2020-01-15 10:16:00,541.2476,524.4687,532.8582
2020-01-15 10:17:00,540.9714,524.5759,532.7736
2020-01-15 10:18:00,540.7393,524.6835,532.7114
2020-01-15 10:19:00,540.5142,524.7865,532.6503
2020-01-15 10:20:00,540.2249,524.9045,532.5647
2020-01-15 10:21:00,540.0051,524.981,532.493
2020-01-15 10:22:00,539.8593,525.023,532.4411
2020-01-15 10:23:00,539.6847,525.0583,532.3715
2020-01-15 10:24:00,539.5,525.0873,532.2936
2020-01-15 10:25:00,539.2703,525.1457,532.208
2020-01-15 10:26:00,539.0438,525.2208,532.1323
2020-01-15 10:27:00,538.7925,525.3001,532.0463
2020-01-15 10:28:00,538.5103,525.4036,531.957
2020-01-15 10:29:00,538.2102,525.5337,531.872
2020-01-15 10:30:00,537.9254,525.6456,531.7855
2020-01-15 10:31:00,538.0164,525.7041,531.8602
2020-01-15 10:32:00,538.104,525.7031,531.9036
2020-01-15 10:33:00,538.193,525.752,531.9725
2020-01-15 10:34:00,538.2598,525.8125,532.0362
2020-01-15 10:35:00,538.287,525.8639,532.0754
2020-01-15 10:36:00,538.2783,525.8608,532.0696
2020-01-15 10:37:00,538.327,525.8771,532.102
2020-01-15 10:38:00,538.4138,525.8979,532.1559
2020-01-15 10:39:00,538.4847,525.9713,532.228
2020-01-15 10:40:00,538.5539,526.0178,532.2859
2020-01-15 10:41:00,538.6304,526.1475,532.389
2020-01-15 10:42:00,538.6684,526.3459,532.5072
2020-01-15 10:43:00,538.3847,526.9907,532.6877
2020-01-15 10:44:00,538.2706,527.3791,532.8249
2020-01-15 10:45:00,538.1371,527.7497,532.9434
2020-01-15 10:46:00,537.9072,528.2162,533.0617
2020-01-15 10:47:00,537.7909,528.49,533.1404
2020-01-15 10:48:00,537.6904,528.7078,533.1991
2020-01-15 10:49:00,537.6073,528.8744,533.2408
2020-01-15 10:50:00,537.5404,529.0173,533.2789
2020-01-15 10:51:00,537.4962,529.1653,533.3308
2020-01-15 10:52:00,537.4087,529.3785,533.3936
2020-01-15 10:53:00,537.3079,529.5778,533.4428
2020-01-15 10:54:00,537.2548,529.6981,533.4764
2020-01-15 10:55:00,537.243,529.7308,533.4869
2020-01-15 10:56:00,537.2108,529.8175,533.5142
2020-01-15 10:57:00,537.1293,529.9813,533.5553
2020-01-15 10:58:00,537.015,530.1915,533.6032
2020-01-15 10:59:00,536.9133,530.3783,533.6458
2020-01-15 11:00:00,536.8638,530.4688,533.6663
2020-01-15 11:01:00,536.7924,530.5781,533.6853
2020-01-15 11:02:00,536.8686,530.4497,533.6591
2020-01-15 11:03:00,536.8678,530.4518,533.6598
2020-01-15 11:04:00,536.8849,530.3714,533.6282
2020-01-15 11:05:00,536.8771,530.2756,533.5764
2020-01-15 11:06:00,536.8507,530.15,533.5004
2020-01-15 11:07:00,536.8707,530.0291,533.4499
2020-01-15 11:08:00,536.8536,529.9117,533.3827
2020-01-15 11:09:00,536.7482,529.8233,533.2858
2020-01-15 11:10:00,536.6023,529.7432,533.1728
2020-01-15 11:11:00,536.4496,529.6696,533.0596
2020-01-15 11:12:00,536.3024,529.5931,532.9477
2020-01-15 11:13:00,536.2051,529.4816,532.8434
2020-01-15 11:14:00,536.1069,529.445,532.776
2020-01-15 11:15:00,535.9909,529.416,532.7034
2020-01-15 11:16:00,535.9183,529.3837,532.651
2020-01-15 11:17:00,535.8251,529.3378,532.5814
2020-01-15 11:18:00,535.6049,529.3727,532.4888
2020-01-15 11:19:00,535.3833,529.4442,532.4138
2020-01-15 11:20:00,535.2958,529.4687,532.3823
2020-01-15 11:21:00,535.2186,529.4776,532.3481
2020-01-15 11:22:00,535.1367,529.4831,532.3099
2020-01-15 11:23:00,535.1133,529.4734,532.2934
2020-01-15 11:24:00,535.1068,529.4669,532.2868
2020-01-15 11:25:00,535.0936,529.4542,532.2739
2020-01-15 11:26:00,535.0546,529.4382,532.2464
2020-01-15 11:27:00,535.0466,529.436,532.2413
2020-01-15 11:28:00,535.0641,529.4339,532.249
2020-01-15 11:29:00,535.0436,529.4368,532.2402
2020-01-15 11:30:00,535.0564,529.4363,532.2463
2020-01-15 11:31:00,534.9932,529.4609,532.2271
2020-01-15 11:32:00,534.8889,529.5034,532.1962
2020-01-15 11:33:00,534.7922,529.5345,532.1633
2020-01-15 11:34:00,534.7304,529.5522,532.1413
2020-01-15 11:35:00,534.7121,529.5425,532.1273
2020-01-15 11:36:00,534.7014,529.5388,532.1201
2020-01-15 11:37:00,534.6352,529.5502,532.0927
2020-01-15 11:38:00,534.5259,529.6022,532.0641
2020-01-15 11:39:00,534.4643,529.6328,532.0485
2020-01-15 11:40:00,534.4036,529.6633,532.0334
2020-01-15 11:41:00,534.2609,529.7438,532.0023
2020-01-15 11:42:00,534.1204,529.8252,531.9728
2020-01-15 11:43:00,534.0595,529.8586,531.9591
2020-01-15 11:44:00,533.9626,529.9102,531.9364
2020-01-15 11:45:00,533.9291,529.9262,531.9276
2020-01-15 11:46:00,533.9256,529.9272,531.9264
2020-01-15 11:47:00,533.9297,529.9266,531.9282
2020-01-15 11:48:00,533.9525,529.9319,531.9422
2020-01-15 11:49:00,533.9765,529.9589,531.9677
2020-01-15 11:50:00,534.0059,529.9755,531.9907
2020-01-15 11:51:00,533.9819,529.9776,531.9798
2020-01-15 11:52:00,533.9673,529.9793,531.9733
2020-01-15 11:53:00,533.9979,529.9821,531.99
2020-01-15 11:54:00,534.0262,529.9837,532.0049
2020-01-15 11:55:00,534.0428,529.9921,532.0175
2020-01-15 11:56:00,534.0498,529.9931,532.0214
2020-01-15 11:57:00,534.0482,529.9914,532.0198
2020-01-15 11:58:00,534.045,529.9872,532.0161
2020-01-15 11:59:00,534.0437,529.9528,531.9982
2020-01-15 12:00:00,534.044,529.9568,532.0004
2020-01-15 12:01:00,534.0496,530.0238,532.0367
2020-01-15 12:02:00,534.0254,530.1503,532.0879
2020-01-15 12:03:00,534.0335,530.1566,532.0951
2020-01-15 12:04:00,534.0533,530.1787,532.116
2020-01-15 12:05:00,534.0564,530.2023,532.1294
2020-01-15 12:06:00,534.0555,530.2656,532.1606
2020-01-15 12:07:00,534.0924,530.3171,532.2047
2020-01-15 12:08:00,534.1022,530.382,532.2421
2020-01-15 12:09:00,534.1053,530.4678,532.2866
2020-01-15 12:10:00,534.0705,530.5999,532.3352
2020-01-15 12:11:00,534.0207,530.7497,532.3852
2020-01-15 12:12:00,534.0107,530.8962,532.4534
2020-01-15 12:13:00,533.9659,531.0861,532.526
2020-01-15 12:14:00,533.9778,531.1496,532.5637
2020-01-15 12:15:00,533.9972,531.2188,532.608
2020-01-15 12:16:00,534.0446,531.2551,532.6498
2020-01-15 12:17:00,534.0374,531.3608,532.6991
2020-01-15 12:18:00,533.979,531.4817,532.7304
2020-01-15 12:19:00,533.9672,531.5296,532.7484
2020-01-15 12:20:00,533.9687,531.5306,532.7497
2020-01-15 12:21:00,533.9709,531.5467,532.7588
2020-01-15 12:22:00,533.9687,531.5767,532.7727
2020-01-15 12:23:00,533.979,531.6033,532.7912
2020-01-15 12:24:00,533.9851,531.6314,532.8082
2020-01-15 12:25:00,533.9805,531.6724,532.8265
2020-01-15 12:26:00,533.9645,531.7278,532.8461
2020-01-15 12:27:00,533.9725,531.7403,532.8564
2020-01-15 12:28:00,533.9576,531.716,532.8368
2020-01-15 12:29:00,533.957,531.6931,532.825
2020-01-15 12:30:00,533.946,531.6892,532.8176
2020-01-15 12:31:00,533.931,531.6813,532.8061
2020-01-15 12:32:00,533.9288,531.6612,532.795
2020-01-15 12:33:00,533.9314,531.6495,532.7904
2020-01-15 12:34:00,533.9346,531.6281,532.7814
2020-01-15 12:35:00,533.942,531.6143,532.7782
2020-01-15 12:36:00,533.992,531.5272,532.7596
2020-01-15 12:37:00,533.9956,531.5172,532.7564
2020-01-15 12:38:00,533.9937,531.485,532.7394
2020-01-15 12:39:00,533.9988,531.4105,532.7046
2020-01-15 12:40:00,533.9952,531.3477,532.6714
2020-01-15 12:41:00,533.9856,531.3109,532.6483
2020-01-15 12:42:00,533.9704,531.2844,532.6274
2020-01-15 12:43:00,533.9419,531.2687,532.6053
2020-01-15 12:44:00,533.9344,531.2383,532.5864
2020-01-15 12:45:00,533.9183,531.2179,532.5681
2020-01-15 12:46:00,533.9107,531.2058,532.5582
2020-01-15 12:47:00,533.9099,531.1801,532.545
2020-01-15 12:48:00,533.91,531.1479,532.529
2020-01-15 12:49:00,533.909,531.116,532.5125
2020-01-15 12:50:00,533.9117,531.0666,532.4891
2020-01-15 12:51:00,533.9213,531.0309,532.4761
2020-01-15 12:52:00,533.9295,530.99,532.4597
2020-01-15 12:53:00,533.9615,530.8813,532.4214
2020-01-15 12:54:00,533.9702,530.807,532.3886
2020-01-15 12:55:00,533.9695,530.7706,532.3701
2020-01-15 12:56:00,533.9728,530.7253,532.3491
2020-01-15 12:57:00,533.9911,530.6744,532.3327
2020-01-15 12:58:00,534.0074,530.6303,532.3188
2020-01-15 12:59:00,534.0057,530.6336,532.3196
2020-01-15 13:00:00,534.0047,530.6389,532.3218
2020-01-15 13:01:00,533.9966,530.6052,532.3009
2020-01-15 13:02:00,533.9784,530.5991,532.2887
2020-01-15 13:03:00,533.9883,530.6014,532.2949
2020-01-15 13:04:00,533.9881,530.6014,532.2948
2020-01-15 13:05:00,534.0161,530.6051,532.3106
2020-01-15 13:06:00,534.0529,530.5964,532.3247
2020-01-15 13:07:00,534.0494,530.5979,532.3237
2020-01-15 13:08:00,534.0628,530.5938,532.3283
2020-01-15 13:09:00,534.0424,530.5969,532.3197
2020-01-15 13:10:00,534.0318,530.5982,532.315
2020-01-15 13:11:00,534.0253,530.5994,532.3124
2020-01-15 13:12:00,533.9496,530.6321,532.2908
2020-01-15 13:13:00,533.8686,530.6705,532.2695
2020-01-15 13:14:00,533.8741,530.6677,532.2709
2020-01-15 13:15:00,533.8206,530.6908,532.2557
2020-01-15 13:16:00,533.7721,530.7178,532.245
2020-01-15 13:17:00,533.7422,530.7344,532.2383
2020-01-15 13:18:00,533.7499,530.7328,532.2413
2020-01-15 13:19:00,533.7394,530.7327,532.236
2020-01-15 13:20:00,533.728,530.7337,532.2308
2020-01-15 13:21:00,533.7088,530.7279,532.2184
2020-01-15 13:22:00,533.6872,530.7211,532.2041
2020-01-15 13:23:00,533.646,530.7261,532.186
2020-01-15 13:24:00,533.6076,530.7271,532.1674
2020-01-15 13:25:00,533.5746,530.7251,532.1499
2020-01-15 13:26:00,533.554,530.7288,532.1414
2020-01-15 13:27:00,533.5155,530.7347,532.1251
2020-01-15 13:28:00,533.5122,530.7304,532.1213
2020-01-15 13:29:00,533.5156,530.7316,532.1236
2020-01-15 13:30:00,533.4964,530.7306,532.1135
2020-01-15 13:31:00,533.4824,530.7253,532.1038
2020-01-15 13:32:00,533.4799,530.6991,532.0895
2020-01-15 13:33:00,533.478,530.6979,532.088
2020-01-15 13:34:00,533.4744,530.6897,532.0821
2020-01-15 13:35:00,533.4761,530.6797,532.0779
2020-01-15 13:36:00,533.4673,530.7039,532.0856
2020-01-15 13:37:00,533.466,530.6922,532.0791
2020-01-15 13:38:00,533.4648,530.6841,532.0744
2020-01-15 13:39:00,533.4661,530.6805,532.0733
2020-01-15 13:40:00,533.4636,530.6929,532.0782
2020-01-15 13:41:00,533.4636,530.6899,532.0767
2020-01-15 13:42:00,533.4648,530.6723,532.0685
2020-01-15 13:43:00,533.4673,530.6428,532.055
2020-01-15 13:44:00,533.4739,530.6137,532.0438
2020-01-15 13:45:00,533.5011,530.5378,532.0194
2020-01-15 13:46:00,533.5105,530.4814,531.9959
2020-01-15 13:47:00,533.5155,530.4512,531.9833
2020-01-15 13:48:00,533.5203,530.4263,531.9733
2020-01-15 13:49:00,533.5241,530.4038,531.964
2020-01-15 13:50:00,533.5376,530.3684,531.953
2020-01-15 13:51:00,533.5403,530.3564,531.9484
2020-01-15 13:52:00,533.5534,530.3204,531.9369
2020-01-15 13:53:00,533.55,530.3268,531.9384
2020-01-15 13:54:00,533.571,530.2866,531.9288
2020-01-15 13:55:00,533.5955,530.2273,531.9114
2020-01-15 13:56:00,533.6543,530.1167,531.8855
2020-01-15 13:57:00,533.745,529.9645,531.8548
2020-01-15 13:58:00,533.9004,529.7182,531.8093
2020-01-15 13:59:00,534.0845,529.4234,531.754
2020-01-15 14:00:00,534.173,529.2266,531.6998
2020-01-15 14:01:00,534.2671,529.0293,531.6482
2020-01-15 14:02:00,534.4069,528.7293,531.5681
2020-01-15 14:03:00,534.533,528.4088,531.4709
2020-01-15 14:04:00,534.6626,528.074,531.3683
2020-01-15 14:05:00,534.6828,527.867,531.2749
2020-01-15 14:06:00,534.65,527.716,531.183
2020-01-15 14:07:00,534.6174,527.5618,531.0896
2020-01-15 14:08:00,534.5403,527.4947,531.0175
2020-01-15 14:09:00,534.4848,527.4398,530.9623
2020-01-15 14:10:00,534.4212,527.3921,530.9066
2020-01-15 14:11:00,534.3491,527.3429,530.846
2020-01-15 14:12:00,534.3191,527.208,530.7636
2020-01-15 14:13:00,534.2675,527.1019,530.6847
2020-01-15 14:14:00,534.1534,527.044,530.5987
2020-01-15 14:15:00,534.083,526.9589,530.521
2020-01-15 14:16:00,533.975,526.895,530.435
2020-01-15 14:17:00,533.8844,526.7802,530.3323
2020-01-15 14:18:00,533.8606,526.5814,530.221
2020-01-15 14:19:00,533.8323,526.4144,530.1233
2020-01-15 14:20:00,533.7614,526.3105,530.036
2020-01-15 14:21:00,533.6922,526.2447,529.9684
2020-01-15 14:22:00,533.6285,526.165,529.8967
2020-01-15 14:23:00,533.5553,526.0844,529.8199
2020-01-15 14:24:00,533.4852,526.0014,529.7433
2020-01-15 14:25:00,533.4191,525.9065,529.6628
2020-01-15 14:26:00,533.336,525.794,529.565
2020-01-15 14:27:00,533.2449,525.7176,529.4812
2020-01-15 14:28:00,533.1588,525.6383,529.3985
2020-01-15 14:29:00,533.043,525.5706,529.3068
2020-01-15 14:30:00,532.9262,525.522,529.2241
2020-01-15 14:31:00,532.8094,525.4843,529.1469
2020-01-15 14:32:00,532.7178,525.4761,529.097
2020-01-15 14:33:00,532.5738,525.4741,529.0239
2020-01-15 14:34:00,532.4507,525.4538,528.9522
2020-01-15 14:35:00,532.3421,525.4677,528.9049
2020-01-15 14:36:00,532.2369,525.499,528.868
2020-01-15 14:37:00,532.1254,525.5351,528.8303
2020-01-15 14:38:00,532.0378,525.5743,528.806
2020-01-15 14:39:00,531.9497,525.6027,528.7762
2020-01-15 14:40:00,531.823,525.6519,528.7375
2020-01-15 14:41:00,531.7027,525.7046,528.7036
2020-01-15 14:42:00,531.5992,525.749,528.6741
2020-01-15 14:43:00,531.483,525.7861,528.6346
2020-01-15 14:44:00,531.3731,525.8247,528.5989
2020-01-15 14:45:00,531.3285,525.8415,528.585
2020-01-15 14:46:00,531.2528,525.8699,528.5614
2020-01-15 14:47:00,531.1487,525.9137,528.5312
2020-01-15 14:48:00,531.0417,525.9622,528.502
2020-01-15 14:49:00,530.9588,526.0066,528.4827
2020-01-15 14:50:00,530.895,526.0378,528.4664
2020-01-15 14:51:00,530.7858,526.0964,528.4411
2020-01-15 14:52:00,530.692,526.1391,528.4156
2020-01-15 14:53:00,530.5822,526.183,528.3826
2020-01-15 14:54:00,530.4904,526.2118,528.3511
2020-01-15 14:55:00,530.3946,526.2481,528.3213
2020-01-15 14:56:00,530.3416,526.2581,528.2998
2020-01-15 14:57:00,530.3192,526.2581,528.2887
2020-01-15 14:58:00,530.3184,526.2572,528.2878
2020-01-15 14:59:00,530.3222,526.2714,528.2968
2020-01-15 15:00:00,530.3172,526.268,528.2926
2020-01-15 15:01:00,530.3227,526.2709,528.2968
2020-01-15 15:02:00,530.3288,526.3061,528.3175
2020-01-15 15:03:00,530.3169,526.3608,528.3389
2020-01-15 15:04:00,530.2875,526.4307,528.3591
2020-01-15 15:05:00,530.2862,526.4356,528.3609
2020-01-15 15:06:00,530.2991,526.3921,528.3456
2020-01-15 15:07:00,530.3204,526.336,528.3282
2020-01-15 15:08:00,530.3247,526.2517,528.2882
2020-01-15 15:09:00,530.3141,526.1636,528.2389
2020-01-15 15:10:00,530.331,526.0231,528.177
2020-01-15 15:11:00,530.319,525.9362,528.1276
2020-01-15 15:12:00,530.3442,525.8604,528.1023
2020-01-15 15:13:00,530.362,525.7842,528.0731
2020-01-15 15:14:00,530.3589,525.7339,528.0464
2020-01-15 15:15:00,530.3536,525.7055,528.0296
2020-01-15 15:16:00,530.3474,525.6946,528.021
2020-01-15 15:17:00,530.3493,525.6861,528.0177
2020-01-15 15:18:00,530.3287,525.7397,528.0342
2020-01-15 15:19:00,530.3325,525.7311,528.0318
2020-01-15 15:20:00,530.3413,525.7012,528.0213
2020-01-15 15:21:00,530.3699,525.602,527.9859
2020-01-15 15:22:00,530.3877,525.535,527.9613
2020-01-15 15:23:00,530.4168,525.4509,527.9338
2020-01-15 15:24:00,530.4843,525.3035,527.8939
2020-01-15 15:25:00,530.5258,525.2051,527.8655
2020-01-15 15:26:00,530.5628,525.1281,527.8455
2020-01-15 15:27:00,530.6572,524.9412,527.7992
2020-01-15 15:28:00,530.7975,524.6843,527.7409
2020-01-15 15:29:00,530.9572,524.3971,527.6772
2020-01-15 15:30:00,531.0214,524.236,527.6287
2020-01-15 15:31:00,531.1154,524.0153,527.5654
2020-01-15 15:32:00,531.1543,523.8277,527.491
2020-01-15 15:33:00,531.2624,523.5553,527.4088
2020-01-15 15:34:00,531.4678,523.143,527.3054
2020-01-15 15:35:00,531.5568,522.8336,527.1952
2020-01-15 15:36:00,531.5631,522.602,527.0826
2020-01-15 15:37:00,531.5443,522.4037,526.974
2020-01-15 15:38:00,531.457,522.2488,526.8529
2020-01-15 15:39:00,531.3933,522.1057,526.7495
2020-01-15 15:40:00,531.3466,521.9285,526.6376
2020-01-15 15:41:00,531.2984,521.7226,526.5105
2020-01-15 15:42:00,531.2454,521.5138,526.3796
2020-01-15 15:43:00,531.2458,521.2607,526.2533
2020-01-15 15:44:00,531.2093,521.0502,526.1297
2020-01-15 15:45:00,531.1765,520.7724,525.9745
2020-01-15 15:46:00,531.1204,520.5454,525.8329
2020-01-15 15:47:00,531.1525,520.1715,525.662
2020-01-15 15:48:00,531.1404,519.846,525.4932
2020-01-15 15:49:00,531.0549,519.5769,525.3159
2020-01-15 15:50:00,530.9206,519.3942,525.1574
2020-01-15 15:51:00,530.7852,519.2083,524.9967
2020-01-15 15:52:00,530.699,518.9611,524.83
2020-01-15 15:53:00,530.6944,518.6038,524.6491
2020-01-15 15:54:00,530.6475,518.318,524.4828
2020-01-15 15:55:00,530.6153,517.9833,524.2993
2020-01-15 15:56:00,530.5395,517.7201,524.1298
2020-01-15 15:57:00,530.4339,517.4912,523.9626
2020-01-15 15:58:00,530.3611,517.2104,523.7857
2020-01-15 15:59:00,530.2494,516.9791,523.6142
2020-01-15 16:00:00,530.1007,516.8024,523.4516
2020-01-16 09:31:00,532.0736,513.8237,522.9487
2020-01-16 09:32:00,533.4663,511.4122,522.4393
2020-01-16 09:33:00,534.6349,509.2012,521.9181
2020-01-16 09:34:00,535.2255,507.6993,521.4624
2020-01-16 09:35:00,535.478,506.6415,521.0597
2020-01-16 09:36:00,535.6643,505.683,520.6736
2020-01-16 09:37:00,535.896,504.6347,520.2653
2020-01-16 09:38:00,536.0881,503.6202,519.8541
2020-01-16 09:39:00,536.1663,502.7643,519.4653
2020-01-16 09:40:00,536.1986,501.9991,519.0988
2020-01-16 09:41:00,536.0684,501.467,518.7677
2020-01-16 09:42:00,535.8809,501.0295,518.4552
2020-01-16 09:43:00,535.6611,500.6323,518.1467
2020-01-16 09:44:00,535.4546,500.1314,517.793
2020-01-16 09:45:00,535.1858,499.6957,517.4407
2020-01-16 09:46:00,534.8337,499.3702,517.1019
2020-01-16 09:47:00,534.5439,498.9253,516.7346
2020-01-16 09:48:00,534.2248,498.4854,516.3551
2020-01-16 09:49:00,533.9475,497.9938,515.9706
2020-01-16 09:50:00,533.6348,497.5198,515.5773
2020-01-16 09:51:00,533.3566,497.009,515.1828
2020-01-16 09:52:00,533.0589,496.4708,514.7649
2020-01-16 09:53:00,532.8389,495.7769,514.3079
2020-01-16 09:54:00,532.659,495.0388,513.8489
2020-01-16 09:55:00,532.3447,494.4793,513.412
2020-01-16 09:56:00,531.9984,493.9496,512.974
2020-01-16 09:57:00,531.6647,493.4501,512.5574
2020-01-16 09:58:00,531.3338,492.984,512.1589
2020-01-16 09:59:00,531.0557,492.4132,511.7344
2020-01-16 10:00:00,530.6856,491.8726,511.2791
2020-01-16 10:01:00,530.2601,491.4801,510.8701
2020-01-16 10:02:00,529.7729,491.1411,510.457
2020-01-16 10:03:00,529.3198,490.8054,510.0626
2020-01-16 10:04:00,528.8998,490.539,509.7194
2020-01-16 10:05:00,528.3896,490.4016,509.3956
2020-01-16 10:06:00,527.82,490.298,509.059
2020-01-16 10:07:00,527.2112,490.2039,508.7075
2020-01-16 10:08:00,526.5559,490.2026,508.3792
2020-01-16 10:09:00,525.8505,490.2191,508.0348
2020-01-16 10:10:00,525.1563,490.2365,507.6964
2020-01-16 10:11:00,524.489,490.1796,507.3343
2020-01-16 10:12:00,523.8085,490.1237,506.9661
2020-01-16 10:13:00,523.114,490.1662,506.6401
2020-01-16 10:14:00,522.3602,490.2964,506.3283
2020-01-16 10:15:00,521.6676,490.3497,506.0086
2020-01-16 10:16:00,520.8997,490.4581,505.6789
2020-01-16 10:17:00,520.2418,490.5115,505.3766
2020-01-16 10:18:00,519.536,490.5862,505.0611
2020-01-16 10:19:00,518.778,490.7496,504.7638
2020-01-16 10:20:00,517.8935,490.9998,504.4467
2020-01-16 10:21:00,516.9759,491.2661,504.121
2020-01-16 10:22:00,516.0792,491.5402,503.8097
2020-01-16 10:23:00,515.2604,491.7531,503.5068
2020-01-16 10:24:00,514.3262,492.0286,503.1774
2020-01-16 10:25:00,513.409,492.3492,502.8791
2020-01-16 10:26:00,512.3385,492.7976,502.568
2020-01-16 10:27:00,511.142,493.3325,502.2373
2020-01-16 10:28:00,509.9275,493.8984,501.9129
2020-01-16 10:29:00,508.4664,494.7255,501.5959
2020-01-16 10:30:00,506.5767,495.9656,501.2712
2020-01-16 10:31:00,506.575,495.9705,501.2728
2020-01-16 10:32:00,506.5633,496.0007,501.282
2020-01-16 10:33:00,506.511,496.1189,501.3149
2020-01-16 10:34:00,506.5102,496.1126,501.3114
2020-01-16 10:35:00,506.4342,496.0862,501.2602
2020-01-16 10:36:00,506.3361,496.0565,501.1963
2020-01-16 10:37:00,506.3012,496.019,501.1601
2020-01-16 10:38:00,506.2928,496.0157,501.1542
2020-01-16 10:39:00,506.2326,496.0019,501.1172
2020-01-16 10:40:00,506.1546,496.009,501.0818
2020-01-16 10:41:00,505.8864,496.1189,501.0027
2020-01-16 10:42:00,505.4825,496.317,500.8998
2020-01-16 10:43:00,505.0067,496.5709,500.7888
2020-01-16 10:44:00,504.7331,496.6528,500.693
2020-01-16 10:45:00,504.3917,496.7876,500.5897
2020-01-16 10:46:00,503.8493,497.0843,500.4668
2020-01-16 10:47:00,503.5576,497.1956,500.3766
2020-01-16 10:48:00,503.3014,497.2992,500.3003
2020-01-16 10:49:00,503.1476,497.3607,500.2542
2020-01-16 10:50:00,503.0157,497.4112,500.2134
2020-01-16 10:51:00,502.9424,497.431,500.1867
2020-01-16 10:52:00,502.9276,497.4313,500.1795
2020-01-16 10:53:00,502.9203,497.4992,500.2098
2020-01-16 10:54:00,502.8657,497.6237,500.2447
2020-01-16 10:55:00,502.864,497.6438,500.2539
2020-01-16 10:56:00,502.8618,497.6524,500.2571
2020-01-16 10:57:00,502.8608,497.665,500.2629
2020-01-16 10:58:00,502.8617,497.6561,500.2589
2020-01-16 10:59:00,502.8067,497.7699,500.2883
2020-01-16 11:00:00,502.7187,497.9152,500.317
2020-01-16 11:02:00,502.7414,497.8673,500.3043
2020-01-16 11:03:00,502.7479,497.8496,500.2988
2020-01-16 11:04:00,502.7486,497.8474,500.298
2020-01-16 11:05:00,502.7378,497.8099,500.2739
2020-01-16 11:06:00,502.6222,497.8096,500.2159
2020-01-16 11:07:00,502.5124,497.8231,500.1678
2020-01-16 11:08:00,502.4472,497.8304,500.1388
2020-01-16 11:09:00,502.2419,497.9125,500.0772
2020-01-16 11:10:00,502.0992,497.9329,500.0161
2020-01-16 11:11:00,501.9649,497.9686,499.9667
2020-01-16 11:12:00,501.9616,497.9196,499.9406
2020-01-16 11:13:00,501.9735,497.868,499.9208
2020-01-16 11:14:00,501.8913,497.8492,499.8703
2020-01-16 11:15:00,501.6827,497.9204,499.8016
2020-01-16 11:16:00,501.6267,497.8922,499.7594
2020-01-16 11:17:00,501.6175,497.7847,499.7011
2020-01-16 11:18:00,501.5773,497.745,499.6611
2020-01-16 11:19:00,501.5556,497.73,499.6428
2020-01-16 11:20:00,501.4627,497.7628,499.6128
2020-01-16 11:21:00,501.3835,497.7649,499.5742
2020-01-16 11:22:00,501.3571,497.7681,499.5626
2020-01-16 11:23:00,501.3207,497.7464,499.5335
2020-01-16 11:24:00,501.3145,497.7381,499.5263
2020-01-16 11:25:00,501.3203,497.7669,499.5436
2020-01-16 11:26:00,501.317,497.7645,499.5407
2020-01-16 11:27:00,501.3234,497.7672,499.5453
2020-01-16 11:28:00,501.3311,497.8045,499.5678
2020-01-16 11:29:00,501.3913,497.846,499.6186
2020-01-16 11:30:00,501.5128,497.8182,499.6655
2020-01-16 11:31:00,501.6222,497.7981,499.7102
2020-01-16 11:32:00,501.6526,497.8434,499.748
2020-01-16 11:33:00,501.6811,497.8882,499.7847
2020-01-16 11:34:00,501.7213,497.9149,499.8181
2020-01-16 11:35:00,501.7275,497.9148,499.8211
2020-01-16 11:36:00,501.7472,497.9101,499.8287
2020-01-16 11:37:00,501.7851,497.9045,499.8448
2020-01-16 11:38:00,501.8545,497.8835,499.869
2020-01-16 11:39:00,501.9313,497.8365,499.8839
2020-01-16 11:40:00,502.054,497.7697,499.9119
2020-01-16 11:41:00,502.261,497.6336,499.9473
2020-01-16 11:42:00,502.4111,497.5405,499.9758
2020-01-16 11:43:00,502.5862,497.4375,500.0118
2020-01-16 11:44:00,502.8223,497.299,500.0607
2020-01-16 11:45:00,503.0717,497.1908,500.1313
2020-01-16 11:46:00,503.3602,497.0609,500.2106
2020-01-16 11:47:00,503.532,497.0099,500.271
2020-01-16 11:48:00,503.6937,496.9793,500.3365
2020-01-16 11:49:00,503.8075,496.9677,500.3876
2020-01-16 11:50:00,503.895,496.9509,500.423
2020-01-16 11:51:00,503.976,496.9384,500.4572
2020-01-16 11:52:00,504.0517,496.9292,500.4904
2020-01-16 11:53:00,504.1224,496.9212,500.5218
2020-01-16 11:54:00,504.2029,496.9206,500.5618
2020-01-16 11:55:00,504.2845,496.9424,500.6135
2020-01-16 11:56:00,504.361,496.9617,500.6613
2020-01-16 11:57:00,504.3932,497.0116,500.7024
2020-01-16 11:58:00,504.4421,497.0448,500.7435
2020-01-16 11:59:00,504.4774,497.0939,500.7856
2020-01-16 12:00:00,504.5112,497.146,500.8286
2020-01-16 12:01:00,504.5536,497.2301,500.8919
2020-01-16 12:02:00,504.5867,497.343,500.9649
2020-01-16 12:03:00,504.6141,497.4301,501.0221
2020-01-16 12:04:00,504.6517,497.5033,501.0775
2020-01-16 12:05:00,504.7196,497.5644,501.142
2020-01-16 12:06:00,504.755,497.6436,501.1993
2020-01-16 12:07:00,504.7918,497.7059,501.2488
2020-01-16 12:08:00,504.8155,497.7489,501.2822
2020-01-16 12:09:00,504.8403,497.8137,501.327
2020-01-16 12:10:00,504.8495,497.9181,501.3838
2020-01-16 12:11:00,504.8515,497.9957,501.4236
2020-01-16 12:12:00,504.8266,498.1156,501.4711
2020-01-16 12:13:00,504.7871,498.2545,501.5208
2020-01-16 12:14:00,504.7446,498.3688,501.5567
2020-01-16 12:15:00,504.7017,498.4837,501.5927
2020-01-16 12:16:00,504.6513,498.6178,501.6346
2020-01-16 12:17:00,504.5235,498.8614,501.6925
2020-01-16 12:18:00,504.4464,499.029,501.7377
2020-01-16 12:19:00,504.4017,499.1337,501.7677
2020-01-16 12:20:00,504.3765,499.2006,501.7885
2020-01-16 12:21:00,504.3141,499.32,501.817
2020-01-16 12:22:00,504.2932,499.3659,501.8295
2020-01-16 12:23:00,504.2367,499.4585,501.8476
2020-01-16 12:24:00,504.1846,499.5565,501.8706
2020-01-16 12:25:00,504.1524,499.6258,501.8891
2020-01-16 12:26:00,504.1074,499.7137,501.9105
2020-01-16 12:27:00,504.079,499.7704,501.9247
2020-01-16 12:28:00,504.0497,499.8313,501.9405
2020-01-16 12:29:00,504.052,499.8218,501.9369
2020-01-16 12:30:00,504.0602,499.774,501.9171
2020-01-16 12:31:00,504.0617,499.7459,501.9038
2020-01-16 12:32:00,504.0564,499.7765,501.9165
2020-01-16 12:33:00,504.0503,499.8014,501.9259
2020-01-16 12:34:00,504.0472,499.8136,501.9304
2020-01-16 12:35:00,504.0311,499.8701,501.9506
2020-01-16 12:36:00,504.0252,499.8983,501.9617
2020-01-16 12:37:00,504.0214,499.9169,501.9692
2020-01-16 12:38:00,504.0235,499.9011,501.9623
2020-01-16 12:39:00,504.0084,499.8779,501.9431
2020-01-16 12:40:00,503.9891,499.859,501.9241
2020-01-16 12:41:00,503.9042,499.8757,501.8899
2020-01-16 12:42:00,503.8391,499.8755,501.8573
2020-01-16 12:43:00,503.7626,499.8899,501.8262
2020-01-16 12:44:00,503.6435,499.9452,501.7943
2020-01-16 12:45:00,503.5308,500.0036,501.7672
2020-01-16 12:46:00,503.3449,500.1155,501.7302
2020-01-16 12:47:00,503.2753,500.1531,501.7142
2020-01-16 12:48:00,503.2121,500.1884,501.7003
2020-01-16 12:49:00,503.1852,500.2008,501.693
2020-01-16 12:50:00,503.1503,500.2112,501.6807
2020-01-16 12:51:00,503.1108,500.2163,501.6636
2020-01-16 12:52:00,503.1021,500.2199,501.661
2020-01-16 12:53:00,503.0874,500.2252,501.6563
2020-01-16 12:54:00,503.0533,500.2352,501.6442
2020-01-16 12:55:00,503.0224,500.246,501.6342
2020-01-16 12:56:00,503.0123,500.2505,501.6314
2020-01-16 12:57:00,503.0589,500.2384,501.6487
2020-01-16 12:58:00,503.1445,500.195,501.6698
2020-01-16 12:59:00,503.2306,500.1582,501.6944
2020-01-16 13:00:00,503.3185,500.1214,501.7199
2020-01-16 13:01:00,503.3965,500.0808,501.7387
2020-01-16 13:02:00,503.4899,500.0288,501.7593
2020-01-16 13:03:00,503.6232,499.9591,501.7912
2020-01-16 13:04:00,503.7637,499.8831,501.8234
2020-01-16 13:05:00,503.8664,499.8229,501.8447
2020-01-16 13:06:00,503.9339,499.7941,501.864
2020-01-16 13:07:00,504.0249,499.7537,501.8893
2020-01-16 13:08:00,504.119,499.7233,501.9211
2020-01-16 13:09:00,504.2181,499.6856,501.9519
2020-01-16 13:10:00,504.2767,499.6695,501.9731
2020-01-16 13:11:00,504.3456,499.6623,502.004
2020-01-16 13:12:00,504.4454,499.6465,502.046
2020-01-16 13:13:00,504.5127,499.6515,502.0821
2020-01-16 13:14:00,504.5387,499.6973,502.118
2020-01-16 13:15:00,504.5672,499.7408,502.154
2020-01-16 13:16:00,504.6114,499.7706,502.191
2020-01-16 13:17:00,504.6584,499.8062,502.2323
2020-01-16 13:18:00,504.7153,499.8337,502.2745
2020-01-16 13:19:00,504.7795,499.8688,502.3241
2020-01-16 13:20:00,504.8563,499.9013,502.3788
2020-01-16 13:21:00,504.9139,499.9614,502.4376
2020-01-16 13:22:00,504.9654,500.032,502.4987
2020-01-16 13:23:00,505.0194,500.1419,502.5807
2020-01-16 13:24:00,505.2071,500.1329,502.67
2020-01-16 13:25:00,505.4585,500.0748,502.7667
2020-01-16 13:26:00,505.7215,500.0173,502.8694
2020-01-16 13:27:00,505.917,500.0173,502.9671
2020-01-16 13:28:00,506.1946,499.9591,503.0769
2020-01-16 13:29:00,506.448,499.9211,503.1845
2020-01-16 13:30:00,506.6966,499.9105,503.3035
2020-01-16 13:31:00,506.8645,499.9436,503.4041
2020-01-16 13:32:00,507.075,499.9288,503.5019
2020-01-16 13:33:00,507.372,499.8713,503.6217
2020-01-16 13:34:00,507.7247,499.7895,503.7571
2020-01-16 13:35:00,508.1217,499.6688,503.8953
2020-01-16 13:36:00,508.4646,499.5992,504.0319
2020-01-16 13:37:00,508.9144,499.4681,504.1913
2020-01-16 13:38:00,509.3991,499.3374,504.3683
2020-01-16 13:39:00,509.7526,499.301,504.5268
2020-01-16 13:40:00,510.0585,499.2999,504.6792
2020-01-16 13:41:00,510.3601,499.2979,504.829
2020-01-16 13:42:00,510.5979,499.3525,504.9752
2020-01-16 13:43:00,510.7682,499.4399,505.104
2020-01-16 13:44:00,510.9562,499.5014,505.2288
2020-01-16 13:45:00,511.1288,499.5657,505.3473
2020-01-16 13:46:00,511.2735,499.6506,505.4621
2020-01-16 13:47:00,511.444,499.7187,505.5813
2020-01-16 13:48:00,511.6158,499.7881,505.702
2020-01-16 13:49:00,511.7706,499.8774,505.824
2020-01-16 13:50:00,511.9659,499.9751,505.9705
2020-01-16 13:51:00,512.123,500.1173,506.1202
2020-01-16 13:52:00,512.359,500.1865,506.2727
2020-01-16 13:53:00,512.6519,500.2371,506.4445
2020-01-16 13:54:00,512.9963,500.2809,506.6386
2020-01-16 13:55:00,513.3779,500.3054,506.8416
2020-01-16 13:56:00,513.6491,500.39,507.0195
2020-01-16 13:57:00,513.8892,500.4871,507.1882
2020-01-16 13:58:00,514.1977,500.5253,507.3615
2020-01-16 13:59:00,514.4633,500.5977,507.5305
2020-01-16 14:00:00,514.6261,500.7266,507.6763
2020-01-16 14:01:00,514.8119,500.8447,507.8283
2020-01-16 14:02:00,514.9512,500.9774,507.9643
2020-01-16 14:03:00,515.1003,501.099,508.0996
2020-01-16 14:04:00,515.2593,501.2131,508.2362
2020-01-16 14:05:00,515.3859,501.3459,508.3659
2020-01-16 14:06:00,515.4728,501.5317,508.5023
2020-01-16 14:07:00,515.6255,501.6843,508.6549
2020-01-16 14:08:00,515.7822,501.8466,508.8144
2020-01-16 14:09:00,515.9414,502.0067,508.974
2020-01-16 14:10:00,516.0969,502.2019,509.1494
2020-01-16 14:11:00,516.2129,502.4234,509.3182
2020-01-16 14:12:00,516.2907,502.6438,509.4672
2020-01-16 14:13:00,516.3302,502.9121,509.6211
2020-01-16 14:14:00,516.3152,503.2527,509.784
2020-01-16 14:15:00,516.3295,503.5918,509.9606
2020-01-16 14:16:00,516.3226,503.9326,510.1276
2020-01-16 14:17:00,516.2729,504.293,510.2829
2020-01-16 14:18:00,516.2382,504.6506,510.4444
2020-01-16 14:19:00,516.1605,505.0198,510.5901
2020-01-16 14:20:00,516.0906,505.3835,510.737
2020-01-16 14:21:00,515.9938,505.7803,510.887
2020-01-16 14:22:00,515.8824,506.1995,511.041
2020-01-16 14:23:00,515.7771,506.5895,511.1833
2020-01-16 14:24:00,515.7097,506.8882,511.299
2020-01-16 14:25:00,515.6586,507.1432,511.4009
2020-01-16 14:26:00,515.6055,507.3853,511.4954
2020-01-16 14:27:00,515.5204,507.6808,511.6006
2020-01-16 14:28:00,515.4773,507.9076,511.6925
2020-01-16 14:29:00,515.3916,508.1504,511.771
2020-01-16 14:30:00,515.3088,508.3802,511.8445
2020-01-16 14:31:00,515.1478,508.7062,511.927
2020-01-16 14:32:00,514.995,508.9923,511.9937
2020-01-16 14:33:00,514.9106,509.1537,512.0321
2020-01-16 14:34:00,514.863,509.2816,512.0723
2020-01-16 14:35:00,514.8365,509.3673,512.1019
2020-01-16 14:36:00,514.8014,509.4466,512.124
2020-01-16 14:37:00,514.8043,509.4368,512.1206
2020-01-16 14:38:00,514.8035,509.4282,512.1158
2020-01-16 14:39:00,514.8021,509.4326,512.1173
2020-01-16 14:40:00,514.791,509.473,512.132
2020-01-16 14:41:00,514.7821,509.5145,512.1483
2020-01-16 14:42:00,514.7768,509.5255,512.1511
2020-01-16 14:43:00,514.7294,509.6121,512.1708
2020-01-16 14:44:00,514.7168,509.6339,512.1753
2020-01-16 14:45:00,514.7277,509.6164,512.1721
2020-01-16 14:46:00,514.7472,509.5868,512.167
2020-01-16 14:47:00,514.879,509.3906,512.1348
2020-01-16 14:48:00,514.9461,509.2806,512.1133
2020-01-16 14:49:00,515.0103,509.1742,512.0923
2020-01-16 14:50:00,515.061,509.0689,512.065
2020-01-16 14:51:00,515.1005,508.9851,512.0428
2020-01-16 14:52:00,515.1211,508.9058,512.0134
2020-01-16 14:53:00,515.1063,508.8507,511.9785
2020-01-16 14:54:00,515.0493,508.8048,511.9271
2020-01-16 14:55:00,514.953,508.7661,511.8596
2020-01-16 14:56:00,514.921,508.6908,511.8059
2020-01-16 14:57:00,514.8919,508.6285,511.7602
2020-01-16 14:58:00,514.8085,508.5998,511.7042
2020-01-16 14:59:00,514.7429,508.5518,511.6474
2020-01-16 15:00:00,514.736,508.4791,511.6075
2020-01-16 15:01:00,514.702,508.4286,511.5653
2020-01-16 15:02:00,514.6871,508.3885,511.5378
2020-01-16 15:03:00,514.6664,508.3365,511.5014
2020-01-16 15:04:00,514.6307,508.3007,511.4657
2020-01-16 15:05:00,514.6076,508.2688,511.4382
2020-01-16 15:06:00,514.5958,508.2155,511.4057
2020-01-16 15:07:00,514.5783,508.0714,511.3249
2020-01-16 15:08:00,514.5375,507.9358,511.2366
2020-01-16 15:09:00,514.4863,507.7952,511.1407
2020-01-16 15:10:00,514.3931,507.68,511.0366
2020-01-16 15:11:00,514.3433,507.5147,510.929
2020-01-16 15:12:00,514.3501,507.3017,510.8259
2020-01-16 15:13:00,514.3241,507.1436,510.7338
2020-01-16 15:14:00,514.3027,506.9788,510.6408
2020-01-16 15:15:00,514.2001,506.8741,510.5371
2020-01-16 15:16:00,514.0793,506.8262,510.4528
2020-01-16 15:17:00,513.9851,506.7766,510.3809
2020-01-16 15:18:00,513.8427,506.7634,510.3031
2020-01-16 15:19:00,513.7418,506.7334,510.2376
2020-01-16 15:20:00,513.6091,506.7403,510.1747
2020-01-16 15:21:00,513.467,506.7294,510.0982
2020-01-16 15:22:00,513.2918,506.7466,510.0192
2020-01-16 15:23:00,513.1141,506.7763,509.9452
2020-01-16 15:24:00,512.9621,506.7869,509.8745
2020-01-16 15:25:00,512.8149,506.7943,509.8046
2020-01-16 15:26:00,512.6688,506.8105,509.7396
2020-01-16 15:27:00,512.4954,506.8359,509.6656
2020-01-16 15:28:00,512.3257,506.8194,509.5725
2020-01-16 15:29:00,512.217,506.771,509.494
2020-01-16 15:30:00,512.1097,506.7136,509.4116
2020-01-16 15:31:00,511.9921,506.6966,509.3444
2020-01-16 15:32:00,511.8972,506.7025,509.2999
2020-01-16 15:33:00,511.8367,506.6807,509.2587
2020-01-16 15:34:00,511.7101,506.7099,509.21
2020-01-16 15:35:00,511.5803,506.7409,509.1606
2020-01-16 15:36:00,511.5025,506.7604,509.1314
2020-01-16 15:37:00,511.4485,506.7763,509.1124
2020-01-16 15:38:00,511.3531,506.8201,509.0866
2020-01-16 15:39:00,511.3256,506.833,509.0793
2020-01-16 15:40:00,511.2554,506.8705,509.063
2020-01-16 15:41:00,511.1993,506.9046,509.0519
2020-01-16 15:42:00,511.2867,506.8568,509.0717
2020-01-16 15:43:00,511.3856,506.7999,509.0928
2020-01-16 15:44:00,511.4877,506.7521,509.1199
2020-01-16 15:45:00,511.732,506.626,509.179
2020-01-16 15:46:00,512.0248,506.4825,509.2537
2020-01-16 15:47:00,512.3411,506.3688,509.3549
2020-01-16 15:48:00,512.6057,506.2698,509.4377
2020-01-16 15:49:00,512.8127,506.2158,509.5143
2020-01-16 15:50:00,513.0517,506.1268,509.5893
2020-01-16 15:51:00,513.3085,506.0273,509.6679
2020-01-16 15:52:00,513.4673,505.9773,509.7223
2020-01-16 15:53:00,513.6157,505.9204,509.768
2020-01-16 15:54:00,513.7325,505.8828,509.8077
2020-01-16 15:55:00,513.8955,505.8283,509.8619
2020-01-16 15:56:00,514.0406,505.7932,509.9169
2020-01-16 15:57:00,514.1444,505.7752,509.9598
2020-01-16 15:58:00,514.2576,505.7476,510.0026
2020-01-16 15:59:00,514.3673,505.7308,510.049
2020-01-16 16:00:00,514.5172,505.7042,510.1107
2020-01-17 09:31:00,514.5142,505.7011,510.1076
2020-01-17 09:32:00,514.5114,505.6991,510.1052
2020-01-17 09:33:00,514.5023,505.6718,510.0871
2020-01-17 09:34:00,514.5059,505.6735,510.0897
2020-01-17 09:35:00,514.5618,505.6712,510.1165
2020-01-17 09:36:00,514.7283,505.6351,510.1817
2020-01-17 09:37:00,514.859,505.6736,510.2663
2020-01-17 09:38:00,515.0164,505.7073,510.3619
2020-01-17 09:39:00,515.2078,505.7385,510.4731
2020-01-17 09:40:00,515.3165,505.8183,510.5674
2020-01-17 09:41:00,515.344,505.9585,510.6512
2020-01-17 09:42:00,515.2957,506.115,510.7054
2020-01-17 09:43:00,515.2927,506.2631,510.7779
2020-01-17 09:44:00,515.2686,506.4284,510.8485
2020-01-17 09:45:00,515.2347,506.5709,510.9028
2020-01-17 09:46:00,515.2199,506.6531,510.9365
2020-01-17 09:47:00,515.2127,506.7371,510.9749
2020-01-17 09:48:00,515.2053,506.8067,511.006
2020-01-17 09:49:00,515.1941,506.8549,511.0245
2020-01-17 09:50:00,515.1905,506.8903,511.0404
2020-01-17 09:51:00,515.1767,506.9322,511.0544
2020-01-17 09:52:00,515.177,506.9314,511.0542
2020-01-17 09:53:00,515.1811,506.9204,511.0508
2020-01-17 09:54:00,515.1717,506.9482,511.0599
2020-01-17 09:55:00,515.1542,507.0128,511.0835
2020-01-17 09:56:00,515.142,507.0521,511.097
2020-01-17 09:57:00,515.1192,507.1305,511.1249
2020-01-17 09:58:00,515.0547,507.2857,511.1702
2020-01-17 09:59:00,514.9903,507.4224,511.2064
2020-01-17 10:00:00,514.9077,507.5865,511.2471
2020-01-17 10:01:00,514.8498,507.7261,511.2879
2020-01-17 10:02:00,514.8298,507.8318,511.3308
2020-01-17 10:03:00,514.7908,507.9667,511.3788
2020-01-17 10:04:00,514.7873,508.0849,511.4361
2020-01-17 10:05:00,514.7788,508.2146,511.4967
2020-01-17 10:06:00,514.7665,508.3054,511.5359
2020-01-17 10:07:00,514.7556,508.3682,511.5619
2020-01-17 10:08:00,514.7639,508.4327,511.5983
2020-01-17 10:09:00,514.818,508.4685,511.6433
2020-01-17 10:10:00,514.9177,508.4886,511.7031
2020-01-17 10:11:00,515.006,508.4968,511.7514
2020-01-17 10:12:00,515.0465,508.5064,511.7764
2020-01-17 10:13:00,515.0657,508.5129,511.7893
2020-01-17 10:14:00,515.0849,508.5247,511.8048
2020-01-17 10:15:00,515.0555,508.5178,511.7866
2020-01-17 10:16:00,515.0003,508.5168,511.7585
2020-01-17 10:17:00,514.9329,508.5345,511.7337
2020-01-17 10:18:00,514.9102,508.5422,511.7262
2020-01-17 10:19:00,514.9085,508.5427,511.7256
2020-01-17 10:20:00,514.8643,508.5559,511.7101
2020-01-17 10:21:00,514.8105,508.5771,511.6938
2020-01-17 10:22:00,514.7877,508.5814,511.6845
2020-01-17 10:23:00,514.7421,508.5864,511.6642
2020-01-17 10:24:00,514.7075,508.5836,511.6455
2020-01-17 10:25:00,514.6575,508.5958,511.6267
2020-01-17 10:26:00,514.6135,508.6028,511.6082
2020-01-17 10:27:00,514.5902,508.6027,511.5965
2020-01-17 10:28:00,514.5621,508.6076,511.5848
2020-01-17 10:29:00,514.5222,508.6059,511.564
2020-01-17 10:30:00,514.4569,508.6213,511.5391
2020-01-17 10:31:00,514.476,508.6821,511.579
2020-01-17 10:32:00,514.5375,508.7227,511.6301
2020-01-17 10:33:00,514.5987,508.827,511.7129
2020-01-17 10:34:00,514.6615,508.8583,511.7599
2020-01-17 10:35:00,514.6937,508.8568,511.7752
2020-01-17 10:36:00,514.63,508.878,511.754
2020-01-17 10:37:00,514.5688,508.8794,511.7241
2020-01-17 10:38:00,514.4792,508.9047,511.6919
2020-01-17 10:39:00,514.3326,508.9646,511.6486
2020-01-17 10:40:00,514.2763,508.9832,511.6298
2020-01-17 10:41:00,514.2724,508.9832,511.6278
2020-01-17 10:42:00,514.2724,509.0415,511.6569
2020-01-17 10:43:00,514.2801,509.0451,511.6626
2020-01-17 10:44:00,514.294,509.0548,511.6744
2020-01-17 10:45:00,514.3005,509.0841,511.6923
2020-01-17 10:46:00,514.302,509.1303,511.7161
2020-01-17 10:47:00,514.3153,509.1597,511.7375
2020-01-17 10:48:00,514.3194,509.1967,511.7581
2020-01-17 10:49:00,514.3063,509.2764,511.7914
2020-01-17 10:50:00,514.3123,509.3405,511.8264
2020-01-17 10:51:00,514.2715,509.4616,511.8665
2020-01-17 10:52:00,514.1818,509.6652,511.9235
2020-01-17 10:53:00,514.072,509.882,511.977
2020-01-17 10:54:00,513.9923,510.0519,512.0221
2020-01-17 10:55:00,513.9768,510.1607,512.0688
2020-01-17 10:56:00,513.9067,510.3205,512.1136
2020-01-17 10:57:00,513.8677,510.4336,512.1506
2020-01-17 10:58:00,513.8248,510.5545,512.1896
2020-01-17 10:59:00,513.7348,510.7454,512.2401
2020-01-17 11:00:00,513.6328,510.9547,512.2938
2020-01-17 11:01:00,513.6239,511.0724,512.3481
2020-01-17 11:02:00,513.6101,511.106,512.3581
2020-01-17 11:03:00,513.6229,511.0847,512.3538
2020-01-17 11:04:00,513.626,511.0616,512.3438
2020-01-17 11:05:00,513.6259,511.0404,512.3331
2020-01-17 11:06:00,513.6221,511.0545,512.3383
2020-01-17 11:07:00,513.6036,511.1021,512.3528
2020-01-17 11:08:00,513.6308,511.0397,512.3353
2020-01-17 11:09:00,513.6252,510.9726,512.2989
2020-01-17 11:10:00,513.5559,510.9326,512.2443
2020-01-17 11:11:00,513.4969,510.8854,512.1912
2020-01-17 11:12:00,513.5704,510.7017,512.136
2020-01-17 11:13:00,513.693,510.4672,512.0801
2020-01-17 11:14:00,513.8008,510.2488,512.0248
2020-01-17 11:15:00,513.9046,510.0573,511.981
2020-01-17 11:16:00,513.9891,509.8892,511.9392
2020-01-17 11:17:00,514.0106,509.7844,511.8975
2020-01-17 11:18:00,514.0221,509.6469,511.8345
2020-01-17 11:19:00,514.1002,509.4067,511.7535
2020-01-17 11:20:00,514.1538,509.215,511.6844
2020-01-17 11:21:00,514.2017,509.0076,511.6046
2020-01-17 11:22:00,514.2359,508.8418,511.5388
2020-01-17 11:23:00,514.2528,508.7292,511.491
2020-01-17 11:24:00,514.2962,508.5812,511.4387
2020-01-17 11:25:00,514.2987,508.4675,511.3831
2020-01-17 11:26:00,514.3107,508.3459,511.3283
2020-01-17 11:27:00,514.2909,508.3006,511.2957
2020-01-17 11:28:00,514.2563,508.2815,511.2689
2020-01-17 11:29:00,514.244,508.269,511.2565
2020-01-17 11:30:00,514.2203,508.2542,511.2373
2020-01-17 11:31:00,514.1816,508.2159,511.1987
2020-01-17 11:32:00,514.0928,508.1925,511.1426
2020-01-17 11:33:00,513.9469,508.2086,511.0778
2020-01-17 11:34:00,513.8395,508.2262,511.0329
2020-01-17 11:35:00,513.753,508.2345,510.9937
2020-01-17 11:36:00,513.6899,508.2278,510.9588
2020-01-17 11:37:00,513.6703,508.2159,510.9431
2020-01-17 11:38:00,513.634,508.2045,510.9193
2020-01-17 11:39:00,513.5956,508.1882,510.8919
2020-01-17 11:40:00,513.5359,508.1703,510.8531
2020-01-17 11:41:00,513.484,508.1571,510.8206
2020-01-17 11:42:00,513.4485,508.1465,510.7975
2020-01-17 11:43:00,513.4007,508.1264,510.7635
2020-01-17 11:44:00,513.3481,508.1179,510.733
2020-01-17 11:45:00,513.3102,508.1053,510.7078
2020-01-17 11:46:00,513.2724,508.0694,510.6709
2020-01-17 11:47:00,513.2209,508.0263,510.6236
2020-01-17 11:48:00,513.1761,507.9977,510.5869
2020-01-17 11:49:00,513.1266,507.9745,510.5506
2020-01-17 11:50:00,513.0493,507.9608,510.5051
2020-01-17 11:52:00,513.0027,507.9603,510.4815
2020-01-17 11:53:00,512.9401,507.9687,510.4544
2020-01-17 11:54:00,512.8877,507.9734,510.4305
2020-01-17 11:55:00,512.8275,507.976,510.4017
2020-01-17 11:56:00,512.7002,508.0,510.3501
2020-01-17 11:57:00,512.6119,507.9936,510.3028
2020-01-17 11:58:00,512.511,508.0108,510.2609
2020-01-17 11:59:00,512.3954,508.0388,510.2171
2020-01-17 12:00:00,512.2566,508.0776,510.1671
2020-01-17 12:01:00,512.0872,508.145,510.1161
2020-01-17 12:02:00,511.809,508.2998,510.0544
2020-01-17 12:03:00,511.7077,508.3302,510.0189
2020-01-17 12:04:00,511.6711,508.3115,509.9913
2020-01-17 12:05:00,511.5868,508.3157,509.9513
2020-01-17 12:06:00,511.4927,508.3235,509.9081
2020-01-17 12:07:00,511.3668,508.3593,509.863
2020-01-17 12:08:00,511.2175,508.4078,509.8126
2020-01-17 12:09:00,511.1703,508.3805,509.7754
2020-01-17 12:10:00,511.1304,508.3408,509.7356
2020-01-17 12:11:00,511.0974,508.3067,509.702
2020-01-17 12:12:00,511.0824,508.2416,509.662
2020-01-17 12:13:00,511.1107,508.1596,509.6352
2020-01-17 12:14:00,511.1988,508.0051,509.6019
2020-01-17 12:15:00,511.3147,507.8094,509.562
2020-01-17 12:16:00,511.3505,507.7265,509.5385
2020-01-17 12:17:00,511.3758,507.6571,509.5164
2020-01-17 12:18:00,511.3776,507.597,509.4873
2020-01-17 12:19:00,511.383,507.5587,509.4708
2020-01-17 12:20:00,511.3796,507.567,509.4733
2020-01-17 12:21:00,511.4048,507.5128,509.4588
2020-01-17 12:22:00,511.4572,507.4209,509.439
2020-01-17 12:23:00,511.4972,507.3383,509.4177
2020-01-17 12:24:00,511.5442,507.2234,509.3838
2020-01-17 12:25:00,511.5836,507.137,509.3603
2020-01-17 12:26:00,511.6284,507.0266,509.3275
2020-01-17 12:27:00,511.6733,506.9196,509.2964
2020-01-17 12:28:00,511.6657,506.8435,509.2546
2020-01-17 12:29:00,511.6156,506.7978,509.2067
2020-01-17 12:30:00,511.5527,506.7546,509.1537
2020-01-17 12:31:00,511.5027,506.6829,509.0928
2020-01-17 12:32:00,511.4866,506.6061,509.0463
2020-01-17 12:33:00,511.4778,506.5219,508.9998
2020-01-17 12:34:00,511.4527,506.4551,508.9539
2020-01-17 12:35:00,511.3814,506.4258,508.9036
2020-01-17 12:36:00,511.3101,506.3912,508.8507
2020-01-17 12:37:00,511.2444,506.3623,508.8033
2020-01-17 12:38:00,511.1727,506.3196,508.7462
2020-01-17 12:39:00,511.1046,506.2706,508.6876
2020-01-17 12:40:00,511.0457,506.2188,508.6322
2020-01-17 12:41:00,511.0283,506.1088,508.5685
2020-01-17 12:42:00,511.0337,505.9435,508.4886
2020-01-17 12:43:00,511.0478,505.7438,508.3958
2020-01-17 12:44:00,511.0652,505.5602,508.3127
2020-01-17 12:45:00,511.0489,505.403,508.2259
2020-01-17 12:46:00,511.0018,505.2904,508.1461
2020-01-17 12:47:00,511.0004,505.1451,508.0728
2020-01-17 12:48:00,511.0579,504.9198,507.9888
2020-01-17 12:49:00,511.0515,504.7652,507.9084
2020-01-17 12:50:00,511.035,504.6163,507.8256
2020-01-17 12:51:00,511.004,504.4937,507.7488
2020-01-17 12:52:00,510.9065,504.418,507.6623
2020-01-17 12:53:00,510.8169,504.3124,507.5646
2020-01-17 12:54:00,510.7261,504.2011,507.4636
2020-01-17 12:55:00,510.6191,504.1337,507.3764
2020-01-17 12:56:00,510.5678,504.0033,507.2856
2020-01-17 12:57:00,510.5182,503.8862,507.2022
2020-01-17 12:58:00,510.413,503.8304,507.1217
2020-01-17 12:59:00,510.308,503.7644,507.0362
2020-01-17 13:00:00,510.2108,503.694,506.9524
2020-01-17 13:01:00,510.1023,503.6208,506.8615
2020-01-17 13:02:00,509.9981,503.5226,506.7604
2020-01-17 13:03:00,509.8841,503.442,506.663
2020-01-17 13:04:00,509.7988,503.3439,506.5713
2020-01-17 13:05:00,509.7367,503.2046,506.4707
2020-01-17 13:06:00,509.6416,503.1261,506.3838
2020-01-17 13:07:00,509.5311,503.0564,506.2938
2020-01-17 13:08:00,509.4118,503.017,506.2144
2020-01-17 13:09:00,509.2944,503.0048,506.1496
2020-01-17 13:10:00,509.191,502.9721,506.0815
2020-01-17 13:11:00,509.0703,502.9526,506.0114
2020-01-17 13:12:00,508.97,502.9426,505.9563
2020-01-17 13:13:00,508.8795,502.9144,505.8969
2020-01-17 13:14:00,508.831,502.8888,505.8599
2020-01-17 13:15:00,508.8015,502.8532,505.8273
2020-01-17 13:16:00,508.7229,502.8517,505.7873
2020-01-17 13:17:00,508.6372,502.868,505.7526
2020-01-17 13:18:00,508.5278,502.8927,505.7102
2020-01-17 13:19:00,508.3992,502.9345,505.6669
2020-01-17 13:20:00,508.2585,502.9821,505.6203
2020-01-17 13:21:00,508.1778,503.0086,505.5932
2020-01-17 13:22:00,508.1361,503.0169,505.5765
2020-01-17 13:23:00,508.0873,503.0329,505.5601
2020-01-17 13:24:00,508.0671,503.0404,505.5537
2020-01-17 13:25:00,508.0459,503.0488,505.5474
2020-01-17 13:26:00,508.0316,503.054,505.5428
2020-01-17 13:27:00,507.9958,503.0625,505.5292
2020-01-17 13:28:00,507.9485,503.0838,505.5162
2020-01-17 13:29:00,507.8649,503.1228,505.4938
2020-01-17 13:30:00,507.791,503.1576,505.4743
2020-01-17 13:31:00,507.7493,503.1743,505.4618
2020-01-17 13:32:00,507.723,503.1869,505.455
2020-01-17 13:33:00,507.6889,503.2013,505.4451
2020-01-17 13:34:00,507.6114,503.2271,505.4192
2020-01-17 13:35:00,507.5141,503.273,505.3936
2020-01-17 13:36:00,507.4318,503.3122,505.372
2020-01-17 13:37:00,507.3366,503.3616,505.3491
2020-01-17 13:38:00,507.2752,503.391,505.3331
2020-01-17 13:39:00,507.2002,503.4181,505.3091
2020-01-17 13:40:00,507.1304,503.4469,505.2887
2020-01-17 13:41:00,507.1149,503.451,505.283
2020-01-17 13:42:00,507.1255,503.4524,505.2889
2020-01-17 13:43:00,507.1445,503.4652,505.3048
2020-01-17 13:44:00,507.1821,503.4697,505.3259
2020-01-17 13:45:00,507.2344,503.4674,505.3509
2020-01-17 13:46:00,507.3264,503.4342,505.3803
2020-01-17 13:47:00,507.4478,503.3932,505.4205
2020-01-17 13:48:00,507.5712,503.3874,505.4793
2020-01-17 13:49:00,507.6556,503.3854,505.5205
2020-01-17 13:50:00,507.7842,503.3621,505.5732
2020-01-17 13:51:00,507.8901,503.3463,505.6182
2020-01-17 13:52:00,508.0044,503.321,505.6627
2020-01-17 13:53:00,508.1421,503.3051,505.7236
2020-01-17 13:54:00,508.2882,503.2959,505.7921
2020-01-17 13:55:00,508.4566,503.2539,505.8552
2020-01-17 13:56:00,508.652,503.2268,505.9394
2020-01-17 13:57:00,508.8379,503.2044,506.0211
2020-01-17 13:58:00,508.9659,503.1985,506.0822
2020-01-17 13:59:00,509.1151,503.1949,506.155
2020-01-17 14:00:00,509.3411,503.1503,506.2457
2020-01-17 14:01:00,509.5206,503.1521,506.3363
2020-01-17 14:02:00,509.7172,503.1721,506.4446
2020-01-17 14:03:00,509.8608,503.2248,506.5428
2020-01-17 14:04:00,509.9451,503.3219,506.6335
2020-01-17 14:05:00,510.0128,503.4672,506.74
2020-01-17 14:06:00,510.0892,503.5742,506.8317
2020-01-17 14:07:00,510.1604,503.6933,506.9269
2020-01-17 14:08:00,510.2429,503.7868,507.0149
2020-01-17 14:09:00,510.329,503.8528,507.0909
2020-01-17 14:10:00,510.3641,503.966,507.165
2020-01-17 14:11:00,510.4135,504.0766,507.245
2020-01-17 14:12:00,510.4377,504.1756,507.3066
2020-01-17 14:13:00,510.4558,504.3053,507.3806
2020-01-17 14:14:00,510.4863,504.4082,507.4472
2020-01-17 14:15:00,510.503,504.5323,507.5176
2020-01-17 14:16:00,510.5611,504.6147,507.5879
2020-01-17 14:17:00,510.6373,504.6686,507.6529
2020-01-17 14:18:00,510.7081,504.7381,507.7231
2020-01-17 14:19:00,510.7649,504.8093,507.7871
2020-01-17 14:20:00,510.7937,504.902,507.8478
2020-01-17 14:21:00,510.8391,504.9674,507.9032
2020-01-17 14:22:00,510.8792,505.039,507.9591
2020-01-17 14:23:00,510.9074,505.1023,508.0048
2020-01-17 14:24:00,510.9267,505.1487,508.0377
2020-01-17 14:25:00,510.9592,505.1919,508.0756
2020-01-17 14:26:00,510.9824,505.2411,508.1118
2020-01-17 14:27:00,510.9977,505.3265,508.1621
2020-01-17 14:28:00,511.035,505.3774,508.2062
2020-01-17 14:29:00,511.0508,505.4483,508.2496
2020-01-17 14:30:00,511.0674,505.519,508.2932
2020-01-17 14:31:00,511.0691,505.5982,508.3336
2020-01-17 14:32:00,511.0655,505.6478,508.3567
2020-01-17 14:33:00,511.0511,505.7153,508.3832
2020-01-17 14:34:00,511.0022,505.8391,508.4206
2020-01-17 14:35:00,510.974,505.949,508.4615
2020-01-17 14:36:00,510.9406,506.0537,508.4972
2020-01-17 14:37:00,510.9068,506.1589,508.5329
2020-01-17 14:38:00,510.8658,506.2506,508.5582
2020-01-17 14:39:00,510.7806,506.4157,508.5982
2020-01-17 14:40:00,510.7013,506.5601,508.6307
2020-01-17 14:41:00,510.6183,506.7141,508.6662
2020-01-17 14:42:00,510.5173,506.9031,508.7102
2020-01-17 14:43:00,510.4033,507.1043,508.7538
2020-01-17 14:44:00,510.3138,507.2639,508.7888
2020-01-17 14:45:00,510.2383,507.3946,508.8165
2020-01-17 14:46:00,510.2049,507.4778,508.8414
2020-01-17 14:47:00,510.186,507.5347,508.8604
2020-01-17 14:48:00,510.1733,507.5637,508.8685
2020-01-17 14:49:00,510.131,507.6479,508.8895
2020-01-17 14:50:00,510.1192,507.6877,508.9035
2020-01-17 14:51:00,510.0966,507.7448,508.9207
2020-01-17 14:52:00,510.0803,507.7885,508.9344
2020-01-17 14:53:00,510.0777,507.7957,508.9367
2020-01-17 14:54:00,510.079,507.7909,508.9349
2020-01-17 14:55:00,510.0791,507.7811,508.9301
2020-01-17 14:56:00,510.0686,507.7599,508.9143
2020-01-17 14:57:00,510.0591,507.7592,508.9091
2020-01-17 14:58:00,510.0689,507.7675,508.9182
2020-01-17 14:59:00,510.0784,507.7675,508.923
2020-01-17 15:00:00,510.0564,507.7796,508.918
2020-01-17 15:01:00,510.0558,507.7798,508.9178
2020-01-17 15:02:00,510.0843,507.7605,508.9224
2020-01-17 15:03:00,510.1118,507.7448,508.9283
2020-01-17 15:04:00,510.1699,507.7186,508.9443
2020-01-17 15:05:00,510.1887,507.7103,508.9495
2020-01-17 15:06:00,510.2412,507.6859,508.9635
2020-01-17 15:07:00,510.2455,507.6845,508.965
2020-01-17 15:08:00,510.2578,507.6799,508.9689
2020-01-17 15:09:00,510.2691,507.6766,508.9729
2020-01-17 15:10:00,510.2866,507.6789,508.9828
2020-01-17 15:11:00,510.2915,507.6785,508.985
2020-01-17 15:12:00,510.2927,507.6851,508.9889
2020-01-17 15:13:00,510.2918,507.6838,508.9878
2020-01-17 15:14:00,510.2893,507.6796,508.9845
2020-01-17 15:15:00,510.2901,507.6802,508.9851
2020-01-17 15:16:00,510.2863,507.681,508.9836
2020-01-17 15:17:00,510.2657,507.6847,508.9752
2020-01-17 15:18:00,510.2427,507.6914,508.9671
2020-01-17 15:19:00,510.2191,507.6827,508.9509
2020-01-17 15:20:00,510.2143,507.6818,508.9481
2020-01-17 15:21:00,510.2015,507.6566,508.929
2020-01-17 15:22:00,510.1851,507.6431,508.9141
2020-01-17 15:23:00,510.1792,507.6297,508.9045
2020-01-17 15:24:00,510.1797,507.6189,508.8993
2020-01-17 15:25:00,510.173,507.6116,508.8923
2020-01-17 15:26:00,510.1735,507.612,508.8927
2020-01-17 15:27:00,510.1671,507.609,508.888
2020-01-17 15:28:00,510.1497,507.5921,508.8709
2020-01-17 15:29:00,510.1438,507.5721,508.8579
2020-01-17 15:30:00,510.135,507.5672,508.8511
2020-01-17 15:31:00,510.1322,507.5614,508.8468
2020-01-17 15:32:00,510.1316,507.5793,508.8555
2020-01-17 15:33:00,510.1276,507.5934,508.8605
2020-01-17 15:34:00,510.1212,507.6257,508.8735
2020-01-17 15:35:00,510.1212,507.6244,508.8728
2020-01-17 15:36:00,510.12,507.6319,508.876
2020-01-17 15:37:00,510.1194,507.6383,508.8789
2020-01-17 15:38:00,510.1029,507.675,508.889
2020-01-17 15:39:00,510.094,507.7013,508.8976
2020-01-17 15:40:00,510.0744,507.7439,508.9091
2020-01-17 15:41:00,510.0643,507.7742,508.9193
2020-01-17 15:42:00,510.0712,507.7905,508.9309
2020-01-17 15:43:00,510.0847,507.8063,508.9455
2020-01-17 15:44:00,510.0873,507.8253,508.9563
2020-01-17 15:45:00,510.085,507.8524,508.9687
2020-01-17 15:46:00,510.0988,507.8592,508.979
2020-01-17 15:47:00,510.1144,507.8663,508.9903
2020-01-17 15:48:00,510.1269,507.8951,509.011
2020-01-17 15:49:00,510.1378,507.9117,509.0247
2020-01-17 15:50:00,510.1775,507.9107,509.0441
2020-01-17 15:51:00,510.212,507.9134,509.0627
2020-01-17 15:52:00,510.2278,507.9251,509.0765
2020-01-17 15:53:00,510.2622,507.9424,509.1023
2020-01-17 15:54:00,510.2782,507.9691,509.1236
2020-01-17 15:55:00,510.2982,507.991,509.1446
2020-01-17 15:56:00,510.3265,508.0173,509.1719
2020-01-17 15:57:00,510.3647,508.0139,509.1893
2020-01-17 15:58:00,510.4044,508.0048,509.2046
2020-01-17 15:59:00,510.4343,507.9979,509.2161
2020-01-17 16:00:00,510.4596,507.9873,509.2234
